family	target	source	file_path	column_name	file_content_sha256	n_values
decfix	representation.numeric.decimal_number	sample	/Users/hugh/datasets/gittables/id/enthalpy_of_mixing_binary_32.parquet	Reference EnthalpyOfMixing Value (kJ / mol)	df8cee97553ad5d3ff1dd67b4357f9d250b455ec4207d15f3d3682382fe1b865	32
decfix	representation.numeric.decimal_number	sample	/Users/hugh/datasets/gittables/half_life/2009_honda_ridgeline_modified.parquet	rating_value	bf3e4772dc55dfb9ebcc4917ce1eb1d32f5bd251864bec9db12c034ab36a8b87	32
ua	representation.text.plain_text	sample	/Users/hugh/datasets/gittables/then/australia_1.parquet	desc	4a4970d8fc767c8bbd27a33a4aa3928fa5f36948b465a6139cf4b58e8da7f0fd	32
ua	representation.text.plain_text	sample	/Users/hugh/datasets/gittables/half_life/14-15_144.parquet	Content	964814fb9d39114e90e9392a2ac0f547ed4b8e3521cae12d71346b8b9319879b	32
locale	representation.text.word	sample	/Users/hugh/datasets/gittables/id/TopoSurf.parquet	Action	2b893d16be7d0a97de388283c51bdbbe448dae1a714f3a21ea36e0021ba682e3	32
height	representation.text.word	sample	/Users/hugh/datasets/gittables/quick_time/jos_modules_14.parquet	'access'	eb8d5b33fd8da6265160b23f2819842c12ae5d82c687483969b850ab3b696b99	6
height	representation.text.word	sample	/Users/hugh/datasets/gittables/data_rate/A00-2018_780.parquet	Reference Offset	3d521ad593c65f832ae80f50fb44a9465d62b7c3c69568b4723678b1784c343d	16
npi	representation.numeric.integer_number	sample	/Users/hugh/datasets/gittables/id/203510_1.parquet	TEAM_ID	3401a3f2e5f39d78cb6fb570c130eb4ea536ddd5a0090c32828394d9e90c9f23	32
ua	representation.text.plain_text	sample	/Users/hugh/datasets/gittables/data_rate/A00-2018.annv3_42.parquet	Reference Text	1cc1b6b93ff69077bc29cb02eed1b6c85e34255f25baa6e56f20d0a144ef8d27	16
ua	representation.text.plain_text	sample	/Users/hugh/datasets/gittables/abstraction/Designite_OpenGlobe.Core_DesignSmells.parquet	Cause	0bc6b7ed0a941c5d4892cafbb8cd9f3672c1871e995baf1cc3081feb97605a41	32
ymdfix	datetime.date.compact_ymd	sample	/Users/hugh/datasets/gittables/object/2020-04-14-INCR_DATE_PRV_TAMP_RL_v2.parquet	DATA_RICEVIMENTO_TAMPONE	084db5b67eddef102e21e17f7f44f032dad6a6f63bb1fea68d81159a9d0ab847	32
ua	representation.text.plain_text	sample	/Users/hugh/datasets/gittables/lead_time/207IanC.parquet	text	f75533eaa08b679c5a95b7eac9a619254127c7228f7ef0dab5f632a60c1969e3	32
decfix	representation.numeric.decimal_number	sample	/Users/hugh/datasets/gittables/id/excess_molar_volume_binary_33.parquet	Estimated ExcessMolarVolume Value (cm ** 3 / mol)	6818742364e27c10c6df935d42b53cab4524ad693f3b8ea92dbd7124b3d1905d	32
ua	representation.text.plain_text	sample	/Users/hugh/datasets/gittables/abstraction/20-21_3.parquet	Content	c6b714cd3c69a1b65b8d97e5a9a0fbbf6ea1dc04cae15d69820dd3414a4bbd7b	29
weight	representation.numeric.integer_number	sample	/Users/hugh/datasets/gittables/time_interval/obstacles_40.parquet	RespawnWeight	ca7cfff6fb8f1b19bd384628da574998dbb4008e6966b3543e7b4485fe0cb957	32
ua	representation.text.plain_text	sample	/Users/hugh/datasets/gittables/lead_time/actions_9.parquet	actionDescription	9493c85f495af5ae728031d3a23fe8039e5ce51de83d8b9c183de0789b52cb1d	10
height	representation.text.word	sample	/Users/hugh/datasets/gittables/parent/jos_modules_42.parquet	'access'	859352f328d90f8223432f9df023e0b74105269f92e41cd637be56ed3a2fd843	6
decfix	representation.numeric.decimal_number	sample	/Users/hugh/datasets/gittables/id/WeightScaleMultiUser_11.parquet	Value 2	57935fdd91d2ad7b7a4fd03a7ed1a57d8aeaf920da2b161ca9fb63a8593343df	11
ua	representation.text.plain_text	sample	/Users/hugh/datasets/gittables/data_rate/2021-06-06_results.parquet	abstract	f1d5c60cf176ed9dd22b94261af3521297eb67a8fc0b4d630215de267e7ee8a7	13
ua	representation.text.plain_text	sample	/Users/hugh/datasets/gittables/data_rate/14-15_301.parquet	Content	c6a5fbaa8268a32deea7a31d6af9903a95b29c5696768baf2b107889b9eddf51	32
weight	representation.text.word	sample	/Users/hugh/datasets/gittables/object/User_10.parquet	weightsData	7edfa76eddeb239ca3a8e9349ab26ae5bda637b35f40b66ba7065ef847a42a23	10
decfix	representation.numeric.decimal_number	sample	/Users/hugh/datasets/gittables/id/excess_molar_volume_binary_32.parquet	Estimated ExcessMolarVolume Value (cm ** 3 / mol)	8ae0fb822a9ac9a708fef1b913b19765f40a1d0f066ebcb0efc1c1ab582e81ef	32
decfix	representation.numeric.decimal_number	sample	/Users/hugh/datasets/gittables/in_time/tradessummary_supertrend35wx4_25_trail_SL_in_system.parquet	Avg Profit	1c37379e2c2223633b3119b43cce7f68193fe4dbafa162dc09eaccccfc76cb47	6
ua	representation.text.plain_text	sample	/Users/hugh/datasets/gittables/half_life/TheDad50_1.parquet	text	62d301bbb6900dbe6fcbd6be17945071445ee2b90555c3f6528c697555df0f3f	32
decfix	representation.numeric.decimal_number	sample	/Users/hugh/datasets/gittables/id/density_binary_33.parquet	Reference Density Value (g / ml)	49831b85e8d243fd41044fce2f5c931819fffa66265399a36d9720585691625b	32
weight	representation.numeric.integer_number	sample	/Users/hugh/datasets/gittables/in_time/94110-r.parquet	Weight	08d4a21fef5d384f6c8a50abc8f2411c9c81e03f25ce264aeeaed97d63b3fb4f	20
ua	representation.text.plain_text	sample	/Users/hugh/datasets/gittables/bits_per_second/ietf-interfaces.all-keyed.parquet	description	aec038392f44aee6292a0d52aa4d38cff46ec97daad313c0137d9b00c28a4571	32
weight	representation.numeric.integer_number	sample	/Users/hugh/datasets/gittables/id/import-20180615065652-1_18_Laptop_1234.parquet	weight	b9781190561b85577e63551f73f0341fea52d66b3bb85bb508928b3da7b96831	9
decfix	representation.numeric.decimal_number	sample	/Users/hugh/datasets/gittables/shiva/053_6.parquet	FUNDAMENTALS OF FINANCIAL MANAGEMENT (B. COM )	8f084f8be1e2c505f373ae512221f5b0eb2d2a3cd99b71c99469995b470b6669	32
decfix	representation.numeric.decimal_number	sample	/Users/hugh/datasets/gittables/object/audit_246.parquet	Setting Value	640398acaa2fcab60c158b0d96dc7fdf57220c8e2103b12501385868d68b2449	32
ua	representation.text.plain_text	sample	/Users/hugh/datasets/gittables/half_life/peterpiperpickedapec.parquet	text	d023aedfd7b07c4b4361c6024fe885cca3e225d6b5395d5bb560e3a1f0106b1f	32
ymdfix	datetime.date.compact_ymd	sample	/Users/hugh/datasets/gittables/id/20150405PHINYK.parquet	date	d62053e656859857a2a0c56075bc4ed4a23d1ca9e42f583fa711b425246c739f	11
decfix	representation.numeric.decimal_number	sample	/Users/hugh/datasets/gittables/id/excess_molar_volume_binary_4.parquet	Estimated ExcessMolarVolume Value (cm ** 3 / mol)	a69813eaf16243a665dca6a0f4df1278ab21a18a86e7de23313c25b9c50ac3ad	24
decfix	representation.numeric.decimal_number	sample	/Users/hugh/datasets/gittables/object/trendwatcher-RIOT_trades.parquet	profitPct	a88b8d6480124ade99ff6301570009862ee0c15d85f9ed1a6a2d8b5eebfa8f17	19
npi	representation.numeric.integer_number	sample	/Users/hugh/datasets/gittables/id/0022000046_6.parquet	TEAM_ID	8ed97d6a09cab7499e6c5cfc6e171407a52bbd845bf23586e94c45df3e9ebb45	24
decfix	representation.numeric.decimal_number	sample	/Users/hugh/datasets/gittables/object/ema-DNLI_trades_1.parquet	profitPct	a7481e49ab14409e9a9c2ca990b7a762489a727c6976bfcaffd260a435090d67	9
decfix	representation.numeric.decimal_number	sample	/Users/hugh/datasets/gittables/object/h3ka-QS_trades.parquet	profitPct	3ccc6d6dc69714098a347cccc8e31bc1ac700971d9b74e91cc2c2c0e58825c2d	7
decfix	representation.numeric.decimal_number	sample	/Users/hugh/datasets/gittables/id/ship_data_7.parquet	base value	f425633d1352e8bae994ddc88ee61f066add8aee5cdd69e914708eb5b4cbc669	7
ymdfix	datetime.date.compact_ymd	sample	/Users/hugh/datasets/gittables/then/20150318MINTOR.parquet	date	c7ddb5217f039bbc2ec587ef408632054af05da1cc5f6629c79b116099aef285	5
decfix	representation.numeric.decimal_number	sample	/Users/hugh/datasets/gittables/seek_time/WD-WMC4N1499284.parquet	Smart 7: Seek_Error_Rate (Raw Value)	4a346c5bc093dfb7ab44a819d3504475cb4b57f32c99b03a7ee284b329aa7ef3	32
decfix	representation.numeric.decimal_number	sample	/Users/hugh/datasets/gittables/object/test-DIS_trades.parquet	profit	05774a98e4189657831d3b48963283bc207e3ae9d7097729b2eae1960fe9af69	14
ua	representation.text.plain_text	sample	/Users/hugh/datasets/gittables/bits_per_second/08-09_44.parquet	Content	4fc94f4feaa416d3615c8b02e8dc4c0bfa50ee5c1e776203620c71697920934f	32
ua	representation.text.plain_text	sample	/Users/hugh/datasets/gittables/cease/01-02_13.parquet	Content	1d7978e52d0b88e8e3d0f66f611bd90103d25702c9079a061bff46746de8f441	32
ua	representation.text.plain_text	sample	/Users/hugh/datasets/gittables/running_time/jos_ucm_content_60.parquet	'core_body'	383b60b7653cd533cb878228d166baecc2d5520daba3bb63632baeb03dbe6f1f	32
decfix	representation.numeric.decimal_number	sample	/Users/hugh/datasets/gittables/object/raw_58.parquet	sample_measured_value	f82f25815b963c1c0cb219c072e25308560cdf1612a1688e2ce4891f07024f35	32
ua	representation.text.plain_text	sample	/Users/hugh/datasets/gittables/quick_time/jos_ucm_content_20.parquet	'core_state'	54685c66bc6f70ab6de6e41b1b8c4253ebb4ba0e61af374f737d83c22134a191	32
decfix	representation.numeric.decimal_number	sample	/Users/hugh/datasets/gittables/inflation_rate/somalia.parquet	Industry (including construction), value added (current LCU)	b801a93684265234a990d63740097f2b1810db4153bb1a993db95418c71c3009	27
ua	representation.text.plain_text	sample	/Users/hugh/datasets/gittables/abstraction/Designite_Akka.Remote.Tests.MultiNode(net461)_DesignSmells_1.parquet	Cause	943f7b27abd18d3e458ca75f53af4a16e9cd6786991a596f4f7ddd6b2b869725	32
decfix	representation.numeric.decimal_number	sample	/Users/hugh/datasets/gittables/id/excess_molar_volume_binary_37.parquet	Estimated ExcessMolarVolume Value (cm ** 3 / mol)	f4c259b496e361b44b52600e21b01468b6a5f34361de7ebcfcfed19085740037	32
height	representation.text.plain_text	sample	/Users/hugh/datasets/gittables/half_life/NCA_single_dose.parquet	vz_f_pred	2428f4de982400d39d5ab6c95df3991fa3df2f09f2690769f0b0c05dcae44245	32
decfix	representation.numeric.decimal_number	sample	/Users/hugh/datasets/gittables/id/enthalpy_of_mixing_binary_49.parquet	Reference EnthalpyOfMixing Value (kJ / mol)	d40d4ffc59780a2b0fb3a5990128d1a5e638c4a43447067ae88c0b5558819e33	21
ua	representation.text.plain_text	sample	/Users/hugh/datasets/gittables/safe_period/2021-07-06-2021-07-06-firefox-creator-answers-desktop-all-locales.parquet	content	b06ac336b551aaf8635de54b85f3fcbb32117f87e45431d18956dbbd32013197	32
weight	representation.numeric.integer_number	sample	/Users/hugh/datasets/gittables/organism/testInputCredits.parquet	Product application rate for amendment n. 2 (Enter a numeric value for dry weight in kg/ha)	52050899bafcfbe05f73cb09e4e2a17497904b99dc7f6605051f159046b857b5	5
decfix	representation.numeric.decimal_number	sample	/Users/hugh/datasets/gittables/seek_time/PL2331LAGPJ89J.parquet	Smart 198: Offline_Uncorrectable (Raw Value)	8152d4e2765b16ab02e0a687c3a4b6b32e7429166bb512247648d58df278b34b	32
decfix	representation.numeric.decimal_number	sample	/Users/hugh/datasets/gittables/object/201102JD002AAB_201031_174004_B02_T0001F001L01A03Z01C01O00040_PROPS_MIP_1.parquet	feature_value	b15ebf9bae173e6a7f350822a91facab8a13a0577c6af0f48b10332cb9b8ab4b	32
ua	representation.text.plain_text	sample	/Users/hugh/datasets/gittables/half_life/%20baclofen_pubmed.parquet	Abstract	ad22413c45b9ba730d85a718a364811433f7e5b755deea61f8680261953f6021	12
decfix	representation.numeric.decimal_number	sample	/Users/hugh/datasets/gittables/object/raw_71.parquet	sample_measured_value	f2a0843f21a8dfac07105dd725f78fae394a606a381d304511a3e5dfbc608a15	32
decfix	representation.numeric.decimal_number	sample	/Users/hugh/datasets/gittables/metabolic_rate/andrew@acooke.org_25542112328.parquet	Value 2	c503c78964ec62fff023a6ae6426663cd23c5248f7d486c23f9d6a0341772a2d	32
decfix	representation.numeric.decimal_number	sample	/Users/hugh/datasets/gittables/real_time/log-0.parquet	value	22b75bd4b966a1360780b91a581154c26b63d6b3794fef672ef6806d11052a33	10
ua	representation.text.plain_text	sample	/Users/hugh/datasets/gittables/real_time/jos_ucm_content_29.parquet	'core_state'	4171a84e9e36f060c6abf9d3fc0ece054dccddead4d280815c06545d4bd8b2d3	32
weight	representation.numeric.decimal_number	sample	/Users/hugh/datasets/gittables/id/176_gene_table.parquet	gene_weight	c3caf93037134bd98d24c5d247f0701961202d96778fef13df9f571292cf27df	9
ua	representation.text.plain_text	sample	/Users/hugh/datasets/gittables/object/Designite_AWSUtils.Tests_ImpSmells.parquet	Description	732f6b8cef1a4dfc1264638452123c67cb6b4afcaf3c461b8abbddcb035f996d	32
height	representation.text.word	sample	/Users/hugh/datasets/gittables/parent/jos_modules_37.parquet	'access'	74a97e5360a0e85502df105b99c287dd44c2ba20a06c4be4047d056d6f368e13	6
decfix	representation.numeric.decimal_number	sample	/Users/hugh/datasets/gittables/growth_rate/summary_stats.parquet	Free Cash Flow margin	cfa0231130efc5df1d5fb36abcfeeda8eb1d8661e2ae0714fa8725464b09762d	11
ua	representation.text.plain_text	sample	/Users/hugh/datasets/gittables/data_rate/A00-2018.annv3_92.parquet	Reference Text	9d229ac9a80220bfd148685fa23fcbe04fbf3dc6f95aeed9c42798c8f6d9e707	16
decfix	representation.numeric.decimal_number	sample	/Users/hugh/datasets/gittables/id/enthalpy_of_vaporization_pure_107.parquet	Estimated EnthalpyOfVaporization Value (kJ / mol)	8cd5ed91748a3288ffbde1502ae5acf5d6d60319ba16f6a88adc9967dfa4e50f	12
ymdfix	datetime.date.compact_ymd	sample	/Users/hugh/datasets/gittables/id/20180203UTASAS.parquet	date	4549adfbfcaf7703b0baf91dd6a5a40a3c9b1087fe77dac23c47c6ff68326499	17
ymdfix	datetime.date.compact_ymd	sample	/Users/hugh/datasets/gittables/id/20151209HOUWAS_1.parquet	date	9b022145f04f76b6c17c9eae64bbfd0296a0a8a35508ac23da5670b693919c17	9
weight	representation.text.word	sample	/Users/hugh/datasets/gittables/id/study_28.parquet	group_name	c21db7a7b76583861bcdf9c4a6d30506b7cd2c1f03e6024cc50a9942743fbc39	32
decfix	representation.numeric.decimal_number	sample	/Users/hugh/datasets/gittables/time_slot/2009_bmw_5_series_modified.parquet	rating_value	72091107b492d44440064d669d76b96fdad20878b1d7d5616d53604b2b1e78cb	32
locale	representation.text.word	sample	/Users/hugh/datasets/gittables/thing/sw_0663_3225.utt_11.parquet	act_tag	8f8d6b8b3f59c1a507019ae9b2fce7cbabd2cba67f4ccef1f33eb60f16f1575f	32
ua	representation.text.plain_text	sample	/Users/hugh/datasets/gittables/half_life/EileenmikeLondon.parquet	text	7a927b5b00c2e93d13f5d4f2c34eb6c79474dbaa7e3eb7c8bf0c103fe10af195	32
ua	representation.text.plain_text	sample	/Users/hugh/datasets/gittables/then/Bug_Version1.4.parquet	Description	65e4e49b6207ff62175e9e5da0f34ef7c3b71bf7d9df54f57193b583b665f999	17
ymdfix	datetime.date.compact_ymd	sample	/Users/hugh/datasets/gittables/id/20170208LACNYK.parquet	date	48fd7f52073c61b89b5dcc5cf29c74477b6addbff06fc2a6ad80a941b0024f87	14
ua	representation.text.plain_text	sample	/Users/hugh/datasets/gittables/parent/08-09_1634.parquet	Content	b7c2b20f7f97c7a6861aa906cf66749888698997e2a0f937e4178a3c8c950c55	32
decfix	representation.numeric.decimal_number	sample	/Users/hugh/datasets/gittables/growth_rate/summary_stats.parquet	Short-term debt	cfa0231130efc5df1d5fb36abcfeeda8eb1d8661e2ae0714fa8725464b09762d	11
ua	representation.text.plain_text	sample	/Users/hugh/datasets/gittables/running_time/jos_ucm_content_95.parquet	'core_body'	600cc9264533752d3b62f33cf1d3626270794ac2620464ca5e73e1fcc0fb915b	32
decfix	representation.numeric.decimal_number	sample	/Users/hugh/datasets/gittables/object/test-RUN_trades.parquet	profit	b4fe2270a304a4a813dd07333a9c42b9a2d7f4dbd7b11b305b7bba9b52171b63	11
decfix	representation.numeric.decimal_number	sample	/Users/hugh/datasets/gittables/running_time/2009_ford_escape_hybrid_modified.parquet	Value_2	94714b720b590d874c424801fd5c2c79b4c190b28efe989bf6175e61317b1ce9	32
decfix	representation.numeric.decimal_number	sample	/Users/hugh/datasets/gittables/then/2009_nissan_sentra_modified.parquet	Value_2	4820f27aae55cdcdfa1708f5b6463e050c0e6966ad9e86ab88e42fed1a8438af	20
ua	representation.text.plain_text	sample	/Users/hugh/datasets/gittables/half_life/Siterra_1.parquet	text	2c4f35c169caaf263bb0d2d1bcf37f5032db24a5da089722d46646d46587f2ef	32
weight	representation.text.plain_text	sample	/Users/hugh/datasets/gittables/parent/quality-70.parquet	monitor_type	42baa34fc674a9d7736381865bf6f132cdfc032b08f6de02acddafe6b802c721	32
ua	representation.text.plain_text	sample	/Users/hugh/datasets/gittables/data_rate/sandi_braband_enron_com.parquet	Text	a24d62800fbed9abc4fc84d9af303e4586203daebe4cf402f04232597df375c1	32
ua	representation.text.plain_text	sample	/Users/hugh/datasets/gittables/thing/01-02_776.parquet	Content	51ac0d1254d3fa153910d97aa32c978499cd9e702bad9fe86ba96d3cd45a017f	32
ymdfix	datetime.date.compact_ymd	sample	/Users/hugh/datasets/gittables/id/204002.parquet	GAME_DATE	dc08dcd514c78212f231ee5cace64265289721219e2c2edd4e25370f701c0b49	5
ua	representation.text.plain_text	sample	/Users/hugh/datasets/gittables/data_rate/arfan_aziz_enron_com.parquet	Text	370bca18b6d852b37adcf180e5ad7c14c8df8d218222a48ec4ea9bc6b73581d7	11
ua	representation.text.plain_text	sample	/Users/hugh/datasets/gittables/show_time/2021-01-07-2021-01-07-firefox-creator-answers-desktop-all-locales.parquet	content	6f1e6086ea7616f5d4cb16daf3fb15759f248762a92eb6f84160eac20f111fb7	32
weight	representation.numeric.integer_number	sample	/Users/hugh/datasets/gittables/id/1_24304.parquet	weight	96187f135811cc4ed1bef74813e6403e6f8093ca9cbd6af5eec0c57af8ec92e1	32
decfix	representation.numeric.decimal_number	sample	/Users/hugh/datasets/gittables/object/trendwatcher-JD_trades.parquet	profitPct	e040e0b46cd64ddc223da2bb5764615b747035a9eb7c3a80cb4da546ec82bee9	20
decfix	representation.numeric.decimal_number	sample	/Users/hugh/datasets/gittables/parent/NSW_LGA_NEXIS_201212_45.parquet	TOTAL CONTENTS VALUE	f50c10c0a3ede490cc914696ec5373a599573bc4a924d5a2ae643b0cc6a1c39d	32
ymdfix	datetime.date.compact_ymd	sample	/Users/hugh/datasets/gittables/id/20151128BKNCLE_1.parquet	date	74acd503eea9e409e61b290f381ccb128e86070e803229c9742b97adff5fb7a1	15
decfix	representation.numeric.decimal_number	sample	/Users/hugh/datasets/gittables/seek_time/PL2331LAGSU5RJ.parquet	Smart 9: Power_On_Hours (Raw Value)	a345641e93a9a0b574cdfc7afe0aa7cb7797d1ebd1f024eb41ff27485c654445	32
ymdfix	datetime.date.compact_ymd	sample	/Users/hugh/datasets/gittables/id/1627866.parquet	GAME_DATE	c45fd3913754795b655631296428f69e0413430eee37a663cfbb454531360423	12
decfix	representation.numeric.decimal_number	sample	/Users/hugh/datasets/gittables/data_rate/WorkoutCustomTargetValues_11.parquet	Value 5	a5a8286d0c12b3ff77dd44b586d87a696d9ef524d6ee0be576658624852a63c7	7
ua	representation.text.plain_text	sample	/Users/hugh/datasets/gittables/abstraction/Designite_Zip%20Reduced_DesignSmells.parquet	Cause	b38cb875d3e66e643ddef77201e000f8bfb9565a23bdc25f644f559dae97a39b	32
ua	representation.text.plain_text	sample	/Users/hugh/datasets/gittables/growth_rate/nextstrain_measles_metadata_18.parquet	Labels	53f9f1a69e70bbde3cb90cba89073c847c143593c2662d945be90d8d2f082e07	32
decfix	representation.numeric.decimal_number	sample	/Users/hugh/datasets/gittables/object/sma-FB_trades.parquet	profitPct	00a92aad31983b79292b411ba3e013eedc432744c079b19c1d24e78a5835566d	15
weight	representation.numeric.decimal_number	sample	/Users/hugh/datasets/gittables/id/frog_tongue_101.parquet	adhesive force / body weight	c6a143d5af172f3f286103ee63c3543399de1ad946c445dc912ed152fce45fdf	32
ymdfix	datetime.date.compact_ymd	sample	/Users/hugh/datasets/gittables/show_time/20150405CHICLE.parquet	date	f4f6397854e80672feb70c21e7411981da7a6e2cd12c6c483ee389e16723b709	13
ymdfix	datetime.date.compact_ymd	sample	/Users/hugh/datasets/gittables/lead_time/2021-07-18_results.parquet	date	4790d8bad97c9202b3de554395aad920ac78f3c87fce7b25d407118833b89205	11
decfix	representation.numeric.decimal_number	sample	/Users/hugh/datasets/gittables/then/2009_bmw_x5_modified.parquet	rating_value	a18e31965ed1026cb1fc5a3a6af0a92ed1a7093bb98045a70d94b98db0bbf27f	32
ua	representation.text.plain_text	sample	/Users/hugh/datasets/gittables/abstraction/Designite_Castle.MonoRail.Views.AspView.Tests_DesignSmells.parquet	Cause	ee51adc396bc803bb53dee33e1a090d558c31d0a63085c7e98f4e4b84563a953	32
ua	representation.text.plain_text	sample	/Users/hugh/datasets/gittables/running_time/jos_ucm_content_36.parquet	'core_body'	ad2a6e03e2e18cdabdaaca6e08dd1d36f8e02acf3afc235fb8e346927b303449	32
decfix	representation.numeric.decimal_number	sample	/Users/hugh/datasets/gittables/id/density_pure_90.parquet	Estimated Density Value (g / ml)	106beda4133a8e378fd9ce399a1a9d35844f23abdee456314f1cfd5a7728f1df	6
ymdfix	datetime.date.compact_ymd	sample	/Users/hugh/datasets/gittables/data_rate/2021-08-26_results.parquet	date	6338afe4cfca95a875051e918bc37fada1e8e4cf6166569563a8a227a063ef51	17
weight	representation.numeric.integer_number	sample	/Users/hugh/datasets/gittables/id/equip_item_attr_modifiers.parquet	int_weight	f5e3a510c2e6233eda9404ebbbf45af51afa2debb83c37e6abf86c7eedcc766f	32
decfix	representation.numeric.decimal_number	sample	/Users/hugh/datasets/gittables/whole/Alphabet.parquet	rating_balance	62aabf937a8fa82b31002dff1688960be74f2dbc5a17a121a363649d1a80469b	17
ua	representation.text.plain_text	sample	/Users/hugh/datasets/gittables/relaxation_time/double_check_DRKS_results_IRR2%2B3.parquet	intervention.value0	b3ef097e33455f7633c04e15f6246030962219432e26616f06fbd9aa8859f32d	26
decfix	representation.numeric.decimal_number	sample	/Users/hugh/datasets/gittables/object/sma-RKT_trades.parquet	profit	7485942a3d37d4ae58c043f753735998608a3d4932eb50e12c02e06d7711e2d5	9
decfix	representation.numeric.decimal_number	sample	/Users/hugh/datasets/gittables/object/ema-JNJ_trades.parquet	profitPct	2fa612b8b654f079798cb9c6ee9de77963186a0d68c64caaa7aaa9e85c2f5439	11
decfix	representation.numeric.decimal_number	sample	/Users/hugh/datasets/gittables/id/density_pure_157.parquet	Reference Density Value (g / ml)	7581cdca7800b839580920394a0de57b94207e3f2c3e2af265fe60fed4ee3c4f	32
ua	representation.text.plain_text	sample	/Users/hugh/datasets/gittables/real_time/jos_ucm_content_31.parquet	'core_body'	2a2da09e1a1c259c327eef82568a7985316efa0376079a8550f09bd27e91eac3	32
ymdfix	datetime.date.compact_ymd	sample	/Users/hugh/datasets/gittables/id/20150311CHIPHI.parquet	date	63336a31581e96b7ad8012c4fff42c116295c9589007bd7110dfb176dec54f5d	17
decfix	representation.numeric.decimal_number	sample	/Users/hugh/datasets/gittables/lead_time/2009_acura_rdx_modified.parquet	Value_2	9a75ac1c800a56f1314c5bf3af2a8865e808754633e4e97b817ce8e2f3c69c7b	32
decfix	representation.numeric.decimal_number	sample	/Users/hugh/datasets/gittables/id/enthalpy_of_vaporization_pure_27.parquet	Reference EnthalpyOfVaporization Value (kJ / mol)	0cddafd54678d9d1c3bd545ec3e709f385e7a43e73bdd6585ef3f19f75bf168d	24
decfix	representation.numeric.decimal_number	sample	/Users/hugh/datasets/gittables/id/density_binary_11.parquet	Estimated Density Value (g / ml)	a31c38d649c48b9b5cbecf6f343a2f7060a9033b9f681163615c8b497e558ee9	28
decfix	representation.numeric.decimal_number	sample	/Users/hugh/datasets/gittables/id/enthalpy_of_vaporization_pure_58.parquet	Reference EnthalpyOfVaporization Value (kJ / mol)	80286af993561b82dc4c3c11d6dc62e58bc54f630297f968f8aeaacf58edf0c7	6
decfix	representation.numeric.decimal_number	sample	/Users/hugh/datasets/gittables/object/trendwatcher-SBUX_trades.parquet	profitPct	e2ded1755be65d840d56eced2506f4c316addcfa096db49693a2f9f88efa2f8f	15
ua	representation.text.plain_text	sample	/Users/hugh/datasets/gittables/data_rate/Designite_Firespitter_DesignSmells.parquet	Cause	0408e670364c3c6e516200ffa97a783e5e37cabfcae8921690871991ef4ac2f5	32
height	representation.numeric.decimal_number	sample	/Users/hugh/datasets/gittables/id/1596112497example.parquet	height	43e0c6953aef42369ae1d509b9be4f355daba3af59263a17e1599948110708a9	20
ua	representation.text.plain_text	sample	/Users/hugh/datasets/gittables/data_rate/A00-2018_971.parquet	Reference Text	bcb1b65803beeb3e22c5231274e1fb86905e8a06c0787cadeb8a82aa21b9bc45	16
ua	representation.text.plain_text	sample	/Users/hugh/datasets/gittables/show_time/jos_ucm_content_20.parquet	'core_state'	2718f7ea748bdc36e2f1ab97aff8d233293d32040f4ef5b48b0f262e6d4b49d3	32
height	representation.numeric.decimal_number	sample	/Users/hugh/datasets/gittables/id/1597403190csv-data-import-format.parquet	height	1d39c725ee278791c173edf7e26003bea2bae4f7975b1542f6d7082889a9d661	20
ymdfix	datetime.date.compact_ymd	sample	/Users/hugh/datasets/gittables/time-out/20160120MINDAL.parquet	date	3fbc1ac6350ae4805e25a762e019d5f27f794fedf725deb75c9e59ec5c3749c1	20
ua	representation.text.plain_text	sample	/Users/hugh/datasets/gittables/attrition_rate/%20capsaicin_wos.parquet	Abstract	f9dfd3832d903ca03e001fc38bbe5d70c49c7e9a1e44b5221c0e75148f248c2d	26
decfix	representation.numeric.decimal_number	sample	/Users/hugh/datasets/gittables/growth_rate/summary_stats.parquet	returnOnEquity	cfa0231130efc5df1d5fb36abcfeeda8eb1d8661e2ae0714fa8725464b09762d	11
ua	representation.text.plain_text	sample	/Users/hugh/datasets/gittables/show_time/videoinfo_F47RIF_0reA_2021_03_17-13_02_56_comments_comments_139.parquet	text	044d406613019d5bd3f73f2ca7d5c4ab094528dc487cbf2a8cc7458a18a2455d	32
ua	representation.text.plain_text	sample	/Users/hugh/datasets/gittables/id/799e967d314e2c240209d1599e411d3ffd2cb64d32303b5b9eca4ae5e3cb173d_4.parquet	Notes	7caf0054ea54f72ac36b7c1e06e7738a71a83f97177aba6f305f4324bdb9e80b	12
locale	representation.text.word	sample	/Users/hugh/datasets/gittables/show_time/869599__20160429_002831.parquet	handedness	92c4b3c19362d43f3be12e245a114ed475f482323c5acce836f6484991b82319	32
ua	representation.text.plain_text	sample	/Users/hugh/datasets/gittables/bits_per_second/09-10_35.parquet	Content	6abb24710695f5dd00ca0029af226f372cd0fec855cab1834697431869003c41	32
ymdfix	datetime.date.compact_ymd	sample	/Users/hugh/datasets/gittables/id/20170320UTAIND.parquet	date	eb6a61b23e2e99f4b815a4db3b28dc636b38d538f2be0541b8ba7b9f98d50e49	18
weight	representation.numeric.decimal_number	sample	/Users/hugh/datasets/gittables/dwarf/periodic-table-data.parquet	atomic_weight	fae2510bad3ea3d4e328bc6ed4f452689feacbd2960a4b408883a49927be7179	32
decfix	representation.numeric.decimal_number	sample	/Users/hugh/datasets/gittables/id/ScheduleE_3.parquet	LoanBalance	427e33eb0f3f72498ecd5a7dc8d7c0301030989ee1f0696772b13c06bd145d27	9
ua	representation.text.plain_text	sample	/Users/hugh/datasets/gittables/bits_per_second/08-09_48.parquet	Content	5c6acec3ca16ed6b63e29c4ecbd65e31040e702ae017860e4cdf9eb920353ce7	32
ua	representation.text.plain_text	sample	/Users/hugh/datasets/gittables/then/data_sources.parquet	640	417f1ecdcaaa5cbd8cddb56b13cf8324c92376cda1a14a9a40ac308e042842db	32
weight	representation.text.plain_text	sample	/Users/hugh/datasets/gittables/half_life/NCA_single_dose.parquet	cmax	2428f4de982400d39d5ab6c95df3991fa3df2f09f2690769f0b0c05dcae44245	32
ua	representation.text.plain_text	sample	/Users/hugh/datasets/gittables/metabolic_rate/meta_2020-06-22_aw.parquet	comments	8d80d401fe6f28f6e8c2b37c08b73e7269a5ce5fe456842ddf31cdfd4f005891	20
ua	representation.text.plain_text	sample	/Users/hugh/datasets/gittables/abstraction/08-09_83.parquet	Content	9a3a08ebc974cf537b1f8a5d067308b960afe784c395b1f0eeb2857cf695b315	32
decfix	representation.numeric.decimal_number	sample	/Users/hugh/datasets/gittables/parent/2007.parquet	Capital Projects (per pupil)	c83489fee8bb4d8cfef0b5a973e4f0e84ecebe5070c62da4788cec307e6b067d	32
decfix	representation.numeric.decimal_number	sample	/Users/hugh/datasets/gittables/growth_rate/indicator_8-9-1_1.parquet	Value	5e647b47d57e86e39a89952d4e9b46a8da71ddf08f8ed82c8cfdd5e6175f291f	12
decfix	representation.numeric.decimal_number	sample	/Users/hugh/datasets/gittables/object/sma-CRM_trades.parquet	profit	4c07c62b8b338402be534c03bc0cf8a016d5d68834eac0ff50f4d33b199d8875	17
ua	representation.text.plain_text	sample	/Users/hugh/datasets/gittables/running_time/jos_ucm_content_62.parquet	'core_state'	c2898ea5250377baffb70452743f88720b1696f4f5c2e37d267e1ce66af065bd	32
ua	representation.text.plain_text	sample	/Users/hugh/datasets/gittables/thing/2021-01-27-2021-01-27-firefox-creator-answers-desktop-all-locales.parquet	content	7fe26d23f15ffe4255457e0a4c19dee206ac637b51e9eb8e4b8d74cfdc2a7e57	32
ua	representation.text.plain_text	sample	/Users/hugh/datasets/gittables/physical_entity/Advices.parquet	Background	b0bf65b7dadccf2d2516ca8e23c303fd968f63968c645d0212da20b8de6d684d	18
ua	representation.text.plain_text	sample	/Users/hugh/datasets/gittables/dose_rate/03-04_21.parquet	Content	c8a8f591b865eb6b300edbd87c2200ce93d6a6bbf81938b6c9e9c59120b025f3	32
ua	representation.text.plain_text	sample	/Users/hugh/datasets/gittables/abstraction/Designite_Akka.Cluster.Sharding.Tests.MultiNode(net461)_DesignSmells.parquet	Cause	a14fe1dceb3eeac8bf0f4c8374f435e14e5ca12f22f812499ba19e792d16ec67	32
decfix	representation.numeric.decimal_number	sample	/Users/hugh/datasets/gittables/object/h3ka-GAL_trades.parquet	profit	a30195e973583dfd6bc382dab899de52f2253bb35edf1eb177cccc86fbd87c3d	13
ua	representation.text.plain_text	sample	/Users/hugh/datasets/gittables/abstraction/12-13_84.parquet	Content	92e73dae0b24c3534fb7f6b912ac9715438acf2b027790e2f6463729b8a4077f	32
decfix	representation.numeric.decimal_number	sample	/Users/hugh/datasets/gittables/id/25_284.parquet	store_sales_profit	2c1d10cc34a503f8c22711b8fcfbfc575846f4ab80ba8f437979891ae16f4eab	17
ymdfix	datetime.date.compact_ymd	sample	/Users/hugh/datasets/gittables/id/concept_165.parquet	valid_end_date	e059dd6ba469affb2613c9afc0cdd07696629f2c8597a1b768753df1978309c9	32
locale	representation.text.word	sample	/Users/hugh/datasets/gittables/living_thing/sw_0663_3225.utt_11.parquet	act_tag	ffcc59417678426c42322c3a67199b00fb9866bf503df2dbc7708aa6a20756fd	32
decfix	representation.numeric.decimal_number	sample	/Users/hugh/datasets/gittables/id/AMAT.parquet	announced_total_value	19dd9a473ae4620c1a066137b90ede315ec3465b50350e75c0007574d01816d7	32
ua	representation.text.plain_text	sample	/Users/hugh/datasets/gittables/real_time/australia_3.parquet	desc	c62897c240f4519644dfbfe02ec94969391c7e0943f35a9e8047be2d91ca91c1	32
decfix	representation.numeric.decimal_number	sample	/Users/hugh/datasets/gittables/time_interval/flags_numbers_1.parquet	maxvalue	6a06d354a4855ffad6ce42bc0e08b5aed51580a0d9815c102cf9e142283e1451	32
ua	representation.text.plain_text	sample	/Users/hugh/datasets/gittables/lapse/537dd02ce4058fca02a6cd071b7e7f40d6ee09f868c6867bf8f5063c11e0fc98.parquet	notes	0382ba14398faf0113529fa9d6ca089b2a7ac6e988835f42d2c0600884a0aa5f	21
ua	representation.text.plain_text	sample	/Users/hugh/datasets/gittables/whole/5b49dcaf1be010a126e9ef9a03723aa9e2aca5df2e1ef5a527c6d2655b967fe3_5.parquet	Notes	15c7aad0c375f4da49c60939ee29e326724b82c26f129cbb9fcfd6e5ce2b2b9f	32
locale	representation.text.word	sample	/Users/hugh/datasets/gittables/processing_time/population5_2017-06-26-111041.parquet	response time:defaultUsageScenario	0aca882e39d8e2298088d7cd8f6c5ffb1f67cc3f93b6c495ca80244b9fa4d2bd	32
decfix	representation.numeric.decimal_number	sample	/Users/hugh/datasets/gittables/organism/UnderBP_enrich.parquet	Pvalue	60422c687d3b5be5c1f8fa4a8b74e8ffcdb55ecdd3f00956fcf783d6264d1d15	9
ua	representation.text.plain_text	sample	/Users/hugh/datasets/gittables/running_time/Scrapy_AmazonReviews_AllPrdcts_2020-08-03T10-47.parquet	body	4e501aed0b8bbc0729b1428e5f154a162ad0871cbe3c1ebb1200c3d4c24087a9	31
ua	representation.text.plain_text	sample	/Users/hugh/datasets/gittables/half_life/tj_haas_berkeley_edu.parquet	Text	8069e5e598abd4a57c1d1fa60d3692df555f4bb0628fea9ea99fb51ff2b4f02d	32
ymdfix	datetime.date.compact_ymd	sample	/Users/hugh/datasets/gittables/id/1627762_3.parquet	GAME_DATE	81689c7022f5f1bf33f2c7e9599928c5c6b09fbcff2587523f473e152afe7d93	16
ua	representation.text.plain_text	sample	/Users/hugh/datasets/gittables/quick_time/2020-11-04-2020-11-04-firefox-creator-answers-desktop-all-locales.parquet	content	6d49ee1ddcb386125e7d381adedaa770414863666c840accc17cb959d915eb8f	32
ua	representation.text.plain_text	sample	/Users/hugh/datasets/gittables/show_time/Bug_Version1.4.parquet	Comment	34307707fe87e0cff816f1731b0c2cfd10dd84600f18632b77e90b9774e96ba1	10
ua	representation.text.plain_text	sample	/Users/hugh/datasets/gittables/lead_time/2012-06-data.parquet	Request Description	2709fc5022bb13e2859b88283fbe4f19c47476d78c9f7b38deda3237bcec41dd	32
ua	representation.text.plain_text	sample	/Users/hugh/datasets/gittables/object/export2021.03.29-05.53.35.parquet	Author Affiliations	db0a4afd6fa39a075a1d85cfbbe12963f3d2219e4fec7423613eecbb4eeb98b1	17
decfix	representation.numeric.decimal_number	sample	/Users/hugh/datasets/gittables/then/WGCNA.voom5.signedhybrid.MLselected.modules.GOseq.parquet	over_represented_pvalue	d8f86d1e9b5cada31d9c5b1c62b8c342f9a3318e012761495af9be67256edb6f	32
decfix	representation.numeric.decimal_number	sample	/Users/hugh/datasets/gittables/object/rsi-CPA_trades.parquet	profit	1a9fe9de530e0371772bc955e9e371e76f8ce8451f80df9152b3c73d98675875	10
upc	representation.numeric.integer_number	sample	/Users/hugh/datasets/gittables/id/halo_85004351841_particle_ID.parquet	particleId	331032834b42fab7b063cbee47a9798809ec3673a3b98502217158581b80c1a1	32
upc	representation.numeric.integer_number	sample	/Users/hugh/datasets/gittables/id/halo_85007387765_particle_ID.parquet	particleId	e2c3fb005853f87f4c0dd39128ff29370da4917ce7c2d1582136431192f5405d	32
ua	representation.text.plain_text	sample	/Users/hugh/datasets/gittables/real_time/1005_15.parquet	pos	ff0dd383d9c5ce35394ed1dba998e2732a7e610ee20bdc380e3e6c4a041bc9eb	32
ua	representation.text.plain_text	sample	/Users/hugh/datasets/gittables/fertile_period/04-05_2.parquet	Content	b2b9198e93ade8527132949fdd85cc195db76b97873f1699b0a791669ea893d5	32
ua	representation.text.plain_text	sample	/Users/hugh/datasets/gittables/reaction_time/2014-09.parquet	Request Description	b255509b7262d4a8f8dff7a0d82b7c28db051797ec6a71b55af9706637cc77c5	32
decfix	representation.numeric.decimal_number	sample	/Users/hugh/datasets/gittables/parent/Bid_5.parquet	lotValues	998e0892624f27360229a0d89a2c20574e9aa2211f6a1121e8d108cbb9418fe5	13
locale	representation.text.word	sample	/Users/hugh/datasets/gittables/command_processing_overhead_time/grafit_public_article.parquet	a.5	58d2f183bb3ab30addb1c41c50c3a12a58be20176d4e515e58c54e516189df05	17
ymdfix	datetime.date.compact_ymd	sample	/Users/hugh/datasets/gittables/then/2021-07-11_results.parquet	date	49b920a7803ce09e642a5a99aaf347daba06188976aeb5000e9d322c43ac1f8f	17
ua	representation.text.plain_text	sample	/Users/hugh/datasets/gittables/data_rate/ext-pending-properties_24.parquet	comment	f0527489b1e542d692cef54b009c4902293336c0cd5f53b8e5751718f998cc85	32
decfix	representation.numeric.decimal_number	sample	/Users/hugh/datasets/gittables/parent/feature.parquet	RR/OE Value	f07bf7c7827acea6277b34d8c06db339abfd2bff4d590b769eb8a515e05a448b	13
weight	representation.numeric.decimal_number	sample	/Users/hugh/datasets/gittables/id/tag_releases.parquet	weight	b526df294f4544a8524b4656d57d0d20efd30902e28194c0ff0511ee8ad8acd9	32
decfix	representation.numeric.decimal_number	sample	/Users/hugh/datasets/gittables/whole/TiffanyCo_glassdoor_ratings_3.parquet	rating_balance	26533a310ab3fa950d2efc05fb36edb0cd81d3c68015b77bfaf1754a6b7d75c3	26
ua	representation.text.plain_text	sample	/Users/hugh/datasets/gittables/crime_rate/03-04_62.parquet	Content	28cc79c58a0753cdfd97a86c9994b7260fb8ff39aff2997b11a3089382ba7d83	32
ua	representation.text.plain_text	sample	/Users/hugh/datasets/gittables/crime_rate/01-02_75.parquet	Content	2ffa37b0e9626183107e4de205f6dcc66cdff7137929a12c94c956e5c543cdc5	32
ua	representation.text.plain_text	sample	/Users/hugh/datasets/gittables/growth_rate/05-06_34.parquet	Content	8599850b541daf40222282a17799ab2b53f23baeedfb02ed94b69bcfbb678271	32
ua	representation.text.plain_text	sample	/Users/hugh/datasets/gittables/living_thing/0882_6.parquet	pos	f171713a0328bf85ce7b6721353f4a31758e0e64a8ffdd13700700aa232b8fd1	32
weight	representation.numeric.decimal_number	sample	/Users/hugh/datasets/gittables/speed_of_light/Dark%20Souls%202%20Armor%20-%20Chest.parquet	Weight	f07ea96324a0e170aeb97aa4d446ffd0db2489e09be2d2ff361c49d04df8aa31	32
decfix	representation.numeric.decimal_number	sample	/Users/hugh/datasets/gittables/in_time/tradessummary_supertrend14wx5_9_trail_SL_in_system_percentSL1_0.parquet	Profit Points	1a19f67af8c1859efe56d369f28dc8fc2b7a3b098d26976fdf3148b64114372b	6
ua	representation.text.plain_text	sample	/Users/hugh/datasets/gittables/half_life/08-09_476.parquet	Content	d96ed94f4a870be34aa4dc1b1a6c0fbbdda86c9ca6cfdb5ef17e55d204265d65	32
decfix	representation.numeric.decimal_number	sample	/Users/hugh/datasets/gittables/data_rate/tw_WriteLatency_10min.parquet	rt5_value	e1e8138d25ab429f61370c849278881edac1055ee8dd9c02ca5c2d4a01ec5889	32
ua	representation.text.plain_text	sample	/Users/hugh/datasets/gittables/processing_time/updated-2020-07-21-2020-07-21-ff-desktop-creator-answers-desktop-all-locales.parquet	content	625f5a28f31256aca24afdbe9d280b881402c58e70899e7541690e6f068db3a9	32
decfix	representation.numeric.decimal_number	sample	/Users/hugh/datasets/gittables/id/excess_molar_volume_binary_19.parquet	Estimated ExcessMolarVolume Value (cm ** 3 / mol)	ac670e670cdf1446799ad836972fb7177558758ffc944cc12dacefca3a68944b	30
decfix	representation.numeric.decimal_number	sample	/Users/hugh/datasets/gittables/metabolic_rate/Globtherm2_within_species_SO.parquet	parameter_value	a42006a4accd691442d87b35705f0db914d0db59eade856c24426c0fafd7bdff	32
ua	representation.text.plain_text	sample	/Users/hugh/datasets/gittables/data_rate/DEC_20190925-120225.parquet	Body	42a06333f324ad278f021eee2e9fb0bb5e6b834fdd4eab0e65ebef702e3409f5	30
ymdfix	datetime.date.compact_ymd	sample	/Users/hugh/datasets/gittables/id/203962.parquet	GAME_DATE	5a716d71b942c00d608badc659a4ab9962eb61b1b12addd7374bdd0fae7ee7c9	11
ua	representation.text.plain_text	sample	/Users/hugh/datasets/gittables/dwarf/isoflurane_wos.parquet	Abstract	72cbbee14903a11b3fba7d7bc766852b3c9344f288b9720b4ab8cc23bb5a9833	22
decfix	representation.numeric.decimal_number	sample	/Users/hugh/datasets/gittables/shiva/053_7.parquet	Fundamentals of Financial Management (B. Com )	c92a5d9412ac4823e62058b99dbfcb59a86bc13d6945beafe606ceaebaf778c7	32
decfix	representation.numeric.decimal_number	sample	/Users/hugh/datasets/gittables/object/ema-AMZN_trades.parquet	profitPct	3f0fe1d6dec63a0df9a24c557e1682dac81962b7aa34cceb4f7f4960a6836d69	10
ymdfix	datetime.date.compact_ymd	sample	/Users/hugh/datasets/gittables/speed_of_light/Internet-IPOs.parquet	Offer date	a1c49ccfa4274f827735246312f2864d01439f4e9093bd3edbf939d02d0d063b	32
decfix	representation.numeric.decimal_number	sample	/Users/hugh/datasets/gittables/rainy_day/2009_mazda_cx-7_modified.parquet	Value_2	0beb2c7c1834beae750f7f286513310308daa705a92b945113be6a5f0894d151	22
height	representation.numeric.integer_number	sample	/Users/hugh/datasets/gittables/id/rap-sheet.parquet	height	21932e6a3637371aceb92413bedd4706af5a5375da8e8042b47a2438b2c2afc7	10
decfix	representation.numeric.decimal_number	sample	/Users/hugh/datasets/gittables/id/enthalpy_of_vaporization_pure_21.parquet	Reference EnthalpyOfVaporization Value (kJ / mol)	915fba3c04dd8396d0d58d842f81cc711db66daa1cf8be8daa44cea6415bea27	7
ua	representation.text.plain_text	sample	/Users/hugh/datasets/gittables/count_per_minute/05-06_41.parquet	Content	cded0b9c1d0c79be0a20e2a0f63ff1357971d084619a8d71f8272a984f36905b	32
ua	representation.text.plain_text	sample	/Users/hugh/datasets/gittables/quick_time/2021-03-13-2021-03-13-firefox-creator-answers-desktop-all-locales.parquet	content	524651267df7a349f381024303323a784594874be54b965a82aeb20f8e298b59	32
locale	representation.text.word	sample	/Users/hugh/datasets/gittables/quick_time/population4_2017-06-26-111035.parquet	response time:defaultUsageScenario	1b0d9d902b06a791365e70be13d81ae35a830ec0ef2023a3a88d4bc99610e61b	32
decfix	representation.numeric.decimal_number	sample	/Users/hugh/datasets/gittables/seek_time/PL2331LAGSU5RJ.parquet	Smart 197: Current_Pending_Sector (Raw Value)	a345641e93a9a0b574cdfc7afe0aa7cb7797d1ebd1f024eb41ff27485c654445	32
decfix	representation.numeric.decimal_number	sample	/Users/hugh/datasets/gittables/seek_time/PL2331LAGSU5RJ.parquet	Smart 2: Throughput_Performance (Raw Value)	a345641e93a9a0b574cdfc7afe0aa7cb7797d1ebd1f024eb41ff27485c654445	32
weight	representation.text.plain_text	sample	/Users/hugh/datasets/gittables/quick_time/offers_corpus_english_v2_1000_parsed.parquet	weight_unit_text	2d045490487ea99f7cc75414e72065e7fbd2cc2d635ca7d880eff29bdd476369	32
weight	representation.numeric.decimal_number	sample	/Users/hugh/datasets/gittables/id/frog_tongue_33.parquet	impact force / body weight	14464b52dec0e4ac2f1509017d2483f67372de7971340c521590b0ff337e5c7d	32
ymdfix	datetime.date.compact_ymd	sample	/Users/hugh/datasets/gittables/cease/79cdc3e1c43097bd770fcf43fbd54109178ef6c6e8ed0aa7903914919bb3094e_7.parquet	LastUpdatedDate	95972febbc38d2c3a21a638338c0312ff4ca1d233bd866e28cd8bc195c176f77	32
ymdfix	datetime.date.compact_ymd	sample	/Users/hugh/datasets/gittables/in_time/20160209BOSMIL_1.parquet	date	10561f641d706c04fe758b3cebfba99cdb3ffe172c80ef2640eb227e0dab1941	7
ua	representation.text.plain_text	sample	/Users/hugh/datasets/gittables/show_time/jos_ucm_content_70.parquet	'core_state'	b76978b90aed56753944c2f4151b45239599fa00f0e7d4db679fb19bed4f822b	32
ua	representation.text.plain_text	sample	/Users/hugh/datasets/gittables/quick_time/jos_ucm_content_29.parquet	'core_state'	319c761fe1a0aa0e0df240d9b89324db35d4b3d64537666adbe2de3bf3a60ae5	32
ua	representation.text.plain_text	sample	/Users/hugh/datasets/gittables/parent/jos_ucm_content_12.parquet	'core_body'	f6cfe99fb2c532287d312188d8d012d808864fbfbf130c930a2e4dc8308aa4ff	32
ua	representation.text.plain_text	sample	/Users/hugh/datasets/gittables/rate_of_return/zzh8829__yolov3-tf2.parquet	code	055548111b46f29800de52407f8a40d1c59c5180753e5b838f8d6c2f8b183385	13
ua	representation.text.plain_text	sample	/Users/hugh/datasets/gittables/running_time/ISMIR%20music%20program%20_%20Streaming%20ready%20submission%20(Responses)%20-%20Form%20Responses%201%20for%20site.parquet	Abstract of the piece. This abstract is going to be displayed on the ISMIR music program page. (150-250 words)	9863a5be4f3458377f3fa84ad9e1bd3eebf90a5187f7ce15881feb6147dc3f47	16
ymdfix	datetime.date.compact_ymd	sample	/Users/hugh/datasets/gittables/object/2020-05-22-INCR_DATE_PRV_TAMP_RL_v2.parquet	DATA_RICEVIMENTO_TAMPONE	b07b2c025695264a65ad81394d76c9cfefc194980affbfa830b30a8dafeeb635	32
ua	representation.text.plain_text	sample	/Users/hugh/datasets/gittables/then/videoinfo_nAs4ai-ZAC0_2021_03_17-11_09_28_comments_comments_117.parquet	text	f264beb1058ed9975b7b7c431b0035d0703ac9f4fe14d822f5f9bd8432e71d95	32
decfix	representation.numeric.decimal_number	sample	/Users/hugh/datasets/gittables/object/ema-GOLD_trades.parquet	profitPct	677e2f9a9aa6b62d17746affead29341363fc4ae3c61b930e6b79e53c98c0681	13
ua	representation.text.plain_text	sample	/Users/hugh/datasets/gittables/quick_time/jos_ucm_content_39.parquet	'core_state'	c2f369dce6454654863489a8d6ffc99de21a0b51d6d3bc6e9f4f9e390a5f853f	32
ua	representation.text.plain_text	sample	/Users/hugh/datasets/gittables/then/tickets_3.parquet	description	db85d42a61a08fcf135ef90051a6570941214fc3452bbc6fe678a4bb5408b93d	24
ymdfix	datetime.date.compact_ymd	sample	/Users/hugh/datasets/gittables/show_time/20160425MIACHA.parquet	date	2eaf81f3ac43fd622b5d0d28cc3dd0d14929a2add607ef7ffa233bdb775256b3	17
height	representation.text.plain_text	sample	/Users/hugh/datasets/gittables/show_time/906104__20160429_024435.parquet	screenHeight	0ae807c803930f484f08d2870a54e2f4df4cf127ed79272bcd9b4ea7d8d53827	32
decfix	representation.numeric.decimal_number	sample	/Users/hugh/datasets/gittables/object/rsi-RDFN_trades.parquet	profit	e6bf89850acdd2914b5879b5031fc0f74edb5f490576199c4408d08bdc91af91	7
ua	representation.text.plain_text	sample	/Users/hugh/datasets/gittables/half_life/05-06_664.parquet	Content	802b7613ac6192fc535f5fa55574d0ca6eb9064593bccfcd9ff67fef247dd645	32
ua	representation.text.plain_text	sample	/Users/hugh/datasets/gittables/thing/13-14_940.parquet	Content	ec31397a82d6765bacec4fbf1104b1ed628465ffc1c1cc674128b2aa4340c0f5	32
ua	representation.text.plain_text	sample	/Users/hugh/datasets/gittables/real_time/data_1540.parquet	description	8ea45ce2667089923014981b42e8a56061c1bc7fceabc988e9e45da7cc4517b7	32
decfix	representation.numeric.decimal_number	sample	/Users/hugh/datasets/gittables/growth_rate/jdg_nrm_1.parquet	Potential trade/ strategic sales to corporates	18f32afaa73710eafbea4bd4708391465632ddbcf40fca5eb67f4712d35e8fe5	32
ua	representation.text.plain_text	sample	/Users/hugh/datasets/gittables/real_time/jos_ucm_content_83.parquet	'core_body'	c3aad9ed624ae27e73f64203bf949d368958733ef9fb804cc1f9e5f4ed62b6c9	32
ua	representation.text.plain_text	sample	/Users/hugh/datasets/gittables/real_time/2021-01-10-2021-01-10-firefox-creator-answers-desktop-all-locales.parquet	content	a22beed675eef5db9b61d6bbdc7f3cde84a1e1fdb87d0da63a97f9092d91038b	32
decfix	representation.numeric.decimal_number	sample	/Users/hugh/datasets/gittables/id/enthalpy_of_mixing_binary_53.parquet	Reference EnthalpyOfMixing Value (kJ / mol)	a672c9cb466b9a5a8acf3013b64db3965f48dfbac8f15ac76b0a45097ffdab91	21
ua	representation.text.plain_text	sample	/Users/hugh/datasets/gittables/data_rate/A00-2018_akanksha_28.parquet	Reference Text	69d1a9281e01deefa45dd53f5d57a6a59cacc3e4f55345afd0dfd48fd0d8b3b3	15
ymdfix	datetime.date.compact_ymd	sample	/Users/hugh/datasets/gittables/id/20180120GSWHOU.parquet	date	01a41c9ef9857cfae110c536cd0a8e3772714dd5de055605b09503bfa35e423d	18
ua	representation.text.plain_text	sample	/Users/hugh/datasets/gittables/growth_rate/10-11_77.parquet	Content	be89b3cb9c7adee2811c210379007fb32279d4097d78790fe05a6320caa0414f	32
ua	representation.text.plain_text	sample	/Users/hugh/datasets/gittables/processing_time/E03-1005_321.parquet	Reference Text	11ea7a89d625dbd9b6fbe91ce4ecff0fc797c2028d7e06dd643f6b569c9d9f11	15
ua	representation.text.plain_text	sample	/Users/hugh/datasets/gittables/abstraction/Designite_Microsoft.Http2.Protocol_DesignSmells.parquet	Cause	127dbc6a0cd21c032fe26e0c1a46c7e70982b1a2a2b01b36a6f97d8cec33f77d	32
ua	representation.text.plain_text	sample	/Users/hugh/datasets/gittables/channel_capacity/REMI_20190925-123104.parquet	Body	cd7cc39ea3c6aee6a2913b479e194fa02847711efb9017fc79f56bf97410aef7	32
ua	representation.text.plain_text	sample	/Users/hugh/datasets/gittables/real_time/abstracts.parquet	Abstract	b868b597cacc058380dd676123080b256c4d3a9cb0a66c4e3d5cc0c21939c235	5
ua	representation.text.plain_text	sample	/Users/hugh/datasets/gittables/abstraction/Designite_Effort.Test.Data.EF6_DesignSmells.parquet	Cause	201adb705d03100f4954bf3f4f2af278be2b1e7e7bcf25216cda4875e5afdbcf	32
ua	representation.text.plain_text	sample	/Users/hugh/datasets/gittables/lead_time/sw_0109_4342.utt_7.parquet	trees	72bd45143860b59054ce45d09ad82c868b58cb7550cd26d10494e8671b3eb1f1	32
decfix	representation.numeric.decimal_number	sample	/Users/hugh/datasets/gittables/running_time/dice_adult_dt_result.parquet	origin_cf_capital-gain	64ec8746779c271760120c492a4d6ddd194f53e8c57801dee57a192b3effdd07	5
ymdfix	datetime.date.compact_ymd	sample	/Users/hugh/datasets/gittables/id/20160209BOSMIL_1.parquet	date	70db9256dac3f03ff1bf0636b02c80c55d00fa9d14079cabc2c6c3905dee7e39	7
decfix	representation.numeric.decimal_number	sample	/Users/hugh/datasets/gittables/id/WeightScaleMultiUser_6.parquet	Value 3	0025bde9647a447521b023c12ccfbf2f86a9c8ec0b869527aaa90e511f113489	11
ua	representation.text.plain_text	sample	/Users/hugh/datasets/gittables/dead_air/2012-12-data.parquet	Request Description	9ef936f4cf7f136ec283b6fcfdf91da6a232791990a10d895d93ccea88fa8ddf	32
decfix	representation.numeric.decimal_number	sample	/Users/hugh/datasets/gittables/speed_of_light/A54.tranSubsector_VOTT_ssp1_9.parquet	time.value.multiplier	cfa0413f1e4805f07ac74299ec61d5979641ead852d96ffd5433a079dace4379	29
ua	representation.text.plain_text	sample	/Users/hugh/datasets/gittables/rate_of_return/18-19_43.parquet	Content	585c7f1f8ebbc371207e2a6c315adb4e101e61da0aa583af3a760de98e4a8df3	32
decfix	representation.numeric.decimal_number	sample	/Users/hugh/datasets/gittables/object/rsi-GME_trades.parquet	profit	75dc15ff4e0cfee9b2cf3fcedd2cfa438fa7cf11fa39ce823a3edd5a6ed7aca7	6
ua	representation.text.plain_text	sample	/Users/hugh/datasets/gittables/whole/sw_0039_4628.utt_8.parquet	trees	fcfad47da2996655d2b84bb240118ff14d9affdc6fbebdabc558ed3fc63b7e13	32
ua	representation.text.plain_text	sample	/Users/hugh/datasets/gittables/data_rate/02-03_92.parquet	Content	d57af5f16f8079b795f7d27a20805da50179ac6ea4a4c2a145151d90a24c73cb	32
decfix	representation.numeric.decimal_number	sample	/Users/hugh/datasets/gittables/object/Monthly_Demand_Se_Preston_Irr.parquet	SeasonNumericValue	abe7d923d9dd97830479c9a76e9b3f417844d7df40395e4e5984eb9390329e3d	12
locale	representation.text.word	sample	/Users/hugh/datasets/gittables/running_time/train_69.parquet	__index_level_84__	e6307b0052967c7996687ee47e571aab07cf8096d8e7c83b858a243639b148ab	7
ua	representation.text.plain_text	sample	/Users/hugh/datasets/gittables/respiratory_rate/meta_2020-08-03_aw.parquet	comments	907712b684de86d9cf604376174df129fb12017da88cf710a5600cbd7653a9e7	17
decfix	representation.numeric.decimal_number	sample	/Users/hugh/datasets/gittables/running_time/dice_adult_dt_result_1.parquet	scaled_cf_capital-gain	143d5ca3f2c53bcde0c2afd9d71118e4c9624e9a1189e0d11d4b500a762213e3	5
decfix	representation.numeric.decimal_number	sample	/Users/hugh/datasets/gittables/object/trendwatcher-DM_trades.parquet	profit	ab7b11c2924834a68df3c559fbd4c09cf708bdf3133065fc3d3d817633ab11d1	13
decfix	representation.numeric.decimal_number	sample	/Users/hugh/datasets/gittables/id/enthalpy_of_mixing_binary_8.parquet	Estimated EnthalpyOfMixing Value (kJ / mol)	e33513a7d51cf07cdf2e4d03fff2178cdff3ce63731a6a0d7701c2cd82fbc78d	27
ua	representation.text.plain_text	sample	/Users/hugh/datasets/gittables/running_time/Designite_InterversionTests_ImpSmells.parquet	Description	64bb744447498b6c3a7a5f70a30b969b7d22d3df2654272af5dff94a220601f9	32
decfix	representation.numeric.decimal_number	sample	/Users/hugh/datasets/gittables/growth_rate/summary_stats.parquet	debtEquityRatio	cfa0231130efc5df1d5fb36abcfeeda8eb1d8661e2ae0714fa8725464b09762d	11
height	representation.text.plain_text	sample	/Users/hugh/datasets/gittables/data_rate/quality-50_1.parquet	last_emulator	d035ddb9598b584e8db9629e272adb1cd77c790401da6dacd8e0a098e4a28397	32
ymdfix	datetime.date.compact_ymd	sample	/Users/hugh/datasets/gittables/id/20161229MIACHA.parquet	date	b8dce453043c08a1a152b5f39261a3d94e4a01ddeca284de5aa335ae299b27e9	10
decfix	representation.numeric.decimal_number	sample	/Users/hugh/datasets/gittables/id/WorkoutRepeatGreaterThanStep.parquet	Value 4	bc22c9352b801f34f45a40a571a90ca17980145ed55d588ca1183c22af306333	8
ua	representation.text.plain_text	sample	/Users/hugh/datasets/gittables/data_rate/example_data_file.parquet	Q384_11	b9379e7be407131adadd495f060f499ae0eee6789fa7a7ebdea3d12d6f1c4fa7	5
ua	representation.text.plain_text	sample	/Users/hugh/datasets/gittables/quick_time/2k_log_events.parquet	EventTemplate	74e5ae86f5a6d4d1af31874d706a93880a51e35f01261d2c40a3f11762ddcd73	32
decfix	representation.numeric.decimal_number	sample	/Users/hugh/datasets/gittables/object/201102JD002AAB_201031_174004_B02_T0001F001L01A03Z01C01O00024_PROPS_MIP_1.parquet	feature_value	c95feca8801962be586604aa9bfa646851b81cfbe60ffc7b92dcd3d462c351cb	32
height	representation.text.plain_text	sample	/Users/hugh/datasets/gittables/whole/1991-02-19.parquet	permit_number	067d5b403934e5178b3ed6ff8e99a2a79e1a19de24ef36b63f7f568e6b159ac1	32
ymdfix	datetime.date.compact_ymd	sample	/Users/hugh/datasets/gittables/parent/20180920161500.gkg.parquet	sqldate	d096c7c3ff64c6f0efa2e3904a4b15c30bc0509e4c61cfdf7f13842bac0bc117	32
weight	representation.numeric.integer_number	sample	/Users/hugh/datasets/gittables/in_time/94112-r.parquet	Weight	f97809502efb0b6ee6315d7b53c942c53a9e253fa2608c3b6846ae529f853595	9
decfix	representation.numeric.decimal_number	sample	/Users/hugh/datasets/gittables/object/DirectionLinearAxis.parquet	maximumValue	be2d2375e3774fa154b35a188fd3d6595af15beee5204554138c68b067fcd6df	25
ua	representation.text.plain_text	sample	/Users/hugh/datasets/gittables/quick_time/2021-04-01-2021-04-01-firefox-creator-answers-desktop-all-locales.parquet	content	22854cbb1d0999d1ef911d3557cab592b5f08d0924c448e2dbf0ee777510614b	32
decfix	representation.numeric.decimal_number	sample	/Users/hugh/datasets/gittables/running_time/eval_dice_adult_dt_result.parquet	scaled_cf_capital-gain	8a5e808ed9c8d57bcdd3e731cfa473df2bc68d1dc9df5db56a1e64b86e0094b7	5
upc	representation.numeric.integer_number	sample	/Users/hugh/datasets/gittables/running_time/test1.parquet	Project	932efc87245b81b9353b1e170edaa20a1158a6d70ccc8dbac7581ba384122f8f	32
npi	representation.numeric.integer_number	sample	/Users/hugh/datasets/gittables/id/0022001022_3.parquet	TEAM_ID	ef5af52045ea0258a908b1b1aa6debf7b4b00b33d0997cc977652dc77ff1edef	19
ua	representation.text.plain_text	sample	/Users/hugh/datasets/gittables/abstraction/Designite_OOXML.Testcases%20vs2010_DesignSmells.parquet	Cause	0970c6fade2079dfedb370f71e084bf9f3dd90c01b097576aff8b33bbd004ee3	32
height	representation.numeric.decimal_number	sample	/Users/hugh/datasets/gittables/id/1596112497example_1.parquet	height	32323e7b0f862e56b10fc49b86340d7aa08e05c92b5c7b87c2ccf4938a12b079	20
ua	representation.text.plain_text	sample	/Users/hugh/datasets/gittables/interim/2014-10.parquet	Request Description	91ffff5f4df2b9da1f6a5b928fe1d4ac28e334601503e23d11653833aadf5027	32
ua	representation.text.plain_text	sample	/Users/hugh/datasets/gittables/parent/jos_ucm_content_22.parquet	'core_state'	930770c9e464f99b69b07b31c624367a7176eb6b671631522c91beca90d9eac1	32
decfix	representation.numeric.decimal_number	sample	/Users/hugh/datasets/gittables/whole/2009_lexus_is_250_modified.parquet	rating_value	0bdae80774b2ec7bc8ebed4534ad84638557bee23ad4f152d732198a135c4ebd	18
ua	representation.text.plain_text	sample	/Users/hugh/datasets/gittables/dead_air/test_sample_1.parquet	comment_text	36f18839c10d31dffd8457c65455a6f145c2aa06842d3cb3d74f3fddbae995bd	32
decfix	representation.numeric.decimal_number	sample	/Users/hugh/datasets/gittables/rainy_day/2009_dodge_avenger_modified.parquet	rating_value	805b24932eac8c1b94d60dac8b5790bd248b8c0bb9bcedcd69ffeaf1ee385cf1	32
decfix	representation.numeric.decimal_number	sample	/Users/hugh/datasets/gittables/seek_time/PL2331LAGPJ89J.parquet	Smart 7: Seek_Error_Rate (Raw Value)	8152d4e2765b16ab02e0a687c3a4b6b32e7429166bb512247648d58df278b34b	32
decfix	representation.numeric.decimal_number	sample	/Users/hugh/datasets/gittables/running_time/eval_dice_adult_dt_result.parquet	scaled_cf_capital-loss	8a5e808ed9c8d57bcdd3e731cfa473df2bc68d1dc9df5db56a1e64b86e0094b7	5
ua	representation.text.plain_text	sample	/Users/hugh/datasets/gittables/half_life/sw_0239_3367.utt_14.parquet	trees	bc55db441406d65b7ab3c019dbdfd320b7937d948201a7024933e584c2b66ab3	32
height	representation.numeric.integer_number	sample	/Users/hugh/datasets/gittables/object/block_silhouette_survey_Exp2Pilot3_all.parquet	discreteEnvHeight	31b3ed2c553485c34efe5ee4ec4ec91b53c94c358e266d8be71bf1ae70bce569	32
decfix	representation.numeric.decimal_number	sample	/Users/hugh/datasets/gittables/object/ema-RIG_trades.parquet	profitPct	203556fdf82b35fbbd20df998666cf60b20fcf60d7f29a07862d56f8db3df04d	22
decfix	representation.numeric.decimal_number	sample	/Users/hugh/datasets/gittables/id/paid_brazil_transfer_change.parquet	value	dce6169b3e529f79937043b4bc80745f85f976ce43807fae07a7531f54821a93	32
ua	representation.text.plain_text	sample	/Users/hugh/datasets/gittables/living_thing/videoinfo_F47RIF_0reA_2021_03_17-13_02_56_comments_comments_139.parquet	text	a6451d1cc9e078ed34e90403bbb5b140921d383cb0b1c501d34cccbfc09088e7	32
ua	representation.text.plain_text	sample	/Users/hugh/datasets/gittables/question_time/2021-04-01-2021-04-01-firefox-creator-answers-desktop-all-locales.parquet	content	11da82cb8aae1415d446b96795dedeeadf4226c2cff621351729c04533ee0907	32
ua	representation.text.plain_text	sample	/Users/hugh/datasets/gittables/object/01-02_276.parquet	Content	f83a3f23759c55f951a1f98122a0232df26c9a6e0031ee7b487dcd643642e5b1	32
decfix	representation.numeric.decimal_number	sample	/Users/hugh/datasets/gittables/object/trendwatcher-AAPL_trades.parquet	profitPct	420a685a0f54721af431ccf68102201bbfba9700d4adcf682b83410d5b115d5b	12
ua	representation.text.plain_text	sample	/Users/hugh/datasets/gittables/real_time/jos_ucm_content_19.parquet	'core_state'	4153c27f043201e13b37e11d78d5183b47328a602e175f323b1627b59ccd7097	32
ymdfix	datetime.date.compact_ymd	sample	/Users/hugh/datasets/gittables/data_rate/2021-07-22_results.parquet	date	168dfd7b4238c8fd873517bb1ba805a14d49665156316c7b31f8c961d8f54e11	18
decfix	representation.numeric.decimal_number	sample	/Users/hugh/datasets/gittables/id/excess_molar_volume_binary_37.parquet	Reference ExcessMolarVolume Value (cm ** 3 / mol)	f4c259b496e361b44b52600e21b01468b6a5f34361de7ebcfcfed19085740037	32
locale	representation.text.word	sample	/Users/hugh/datasets/gittables/processing_time/grafit_public_article.parquet	and.5	539431f7f073c72e9adee5d9297be73d2e924e6ca5daadb8845cb15c99f1cdb7	15
ua	representation.text.plain_text	sample	/Users/hugh/datasets/gittables/show_time/jos_ucm_content_85.parquet	'core_body'	fa9aa0326587cfe1b12c86413a2da622ed9b9f0e2a553ecb6f2c9bcbcfad27c1	32
ua	representation.text.plain_text	sample	/Users/hugh/datasets/gittables/data_rate/DAXT_20190923-120153.parquet	Body	5979e693912609a121cf0b699b38ceb69283d4b0b10b43a5956099c70810465d	32
weight	representation.numeric.integer_number	sample	/Users/hugh/datasets/gittables/data_rate/afg0national.parquet	DenominatorUnweighted	026893ff63c78eaa11924f206ecbc974bf026cebe19e3bf7a3b2c18b9e2dc215	16
ymdfix	datetime.date.compact_ymd	sample	/Users/hugh/datasets/gittables/dead_air/20191021.parquet	Day	7840eb6f93944ab00b7d238ee6513e51610fac6bfbff2b12936235b3780d1cbd	32
weight	representation.numeric.decimal_number	sample	/Users/hugh/datasets/gittables/whole/abalone-17_vs_7-8-9-10-5-1tst.parquet	Viscera_weight	1aa278e00000b869e9be0912289f85c47a8cf5107709b158956883376103c6bd	32
ua	representation.text.plain_text	sample	/Users/hugh/datasets/gittables/cardiac_output/pentobarbital_pubmed.parquet	Abstract	9d4e6f0259e5217a97257f87df029f4d46dd3e4bf18e78effeef30f06f3f0f01	8
locale	representation.text.word	sample	/Users/hugh/datasets/gittables/show_time/JMGPDSMFREWG.parquet	V25	8bfdbc25f22a860cb0aa0ea2de7cdcb919ee3b222f1d63de11d1b9b227866871	32
decfix	representation.numeric.decimal_number	sample	/Users/hugh/datasets/gittables/id/excess_molar_volume_binary_16.parquet	Reference ExcessMolarVolume Value (cm ** 3 / mol)	aa4d0ea91e6b11dec37ba2a37955a7b7bb1d15754d826829f907fce211315e09	30
ua	representation.text.plain_text	sample	/Users/hugh/datasets/gittables/thing/Scrapy_AmazonReviews_TrckedPrdctsCX_2020-08-03T10-09.parquet	body	847866d0156c7d0b7234f5fa1c43103363cbcd5b7b29f4409eeae9f8dd8f5d77	10
weight	representation.text.plain_text	sample	/Users/hugh/datasets/gittables/show_time/dwbfpricesusawin01032013.parquet	EVENT_NAME	20551f64fa62a1b4a704b5656d788a90d7bf4f09cb806bfa61912f61a3a04977	32
ua	representation.text.plain_text	sample	/Users/hugh/datasets/gittables/data_rate/meta_2020-06-05_aw.parquet	comments	1c429dbe7bc6d92c8bb9fc6df582aa801a58ce4c6e85fde4ea09b3bf6edbb00f	19
height	representation.text.word	sample	/Users/hugh/datasets/gittables/parent/jos_modules_100.parquet	'access'	74dafb3164876d0fa4c1847a800fc9b012ea649a2341b4b0cf8f1a8b3e1ac8c7	6
ymdfix	datetime.date.compact_ymd	sample	/Users/hugh/datasets/gittables/object/2020-06-16-INCR_DATE_TAMP_RL_v2.parquet	DATA_RICEVIMENTO_TAMPONE	f0864d1c09f3666d720cb2ab8856f91708bb053ccf2a8db3d3d10d8946646cd1	32
ua	representation.text.plain_text	sample	/Users/hugh/datasets/gittables/question_time/0346_10.parquet	text	0b044cd02799b6b5a82999ed66ef47721dc754cd989f8832ab6df0da9aea9b8b	32
ua	representation.text.plain_text	sample	/Users/hugh/datasets/gittables/real_time/sw_0734_2019.utt_15.parquet	parse_tree	5ad2c9381b45d319b30e0cd3b8b42c2e69769002c77ef30f43d6e072e90158db	32
decfix	representation.numeric.decimal_number	sample	/Users/hugh/datasets/gittables/real_time/vid3_new_moment_all2.parquet	good balance	e5afe4a5c1fa325b34488204f0a10e6afb434eb74648aa94f343cf14b1482681	32
ua	representation.text.plain_text	sample	/Users/hugh/datasets/gittables/data_rate/PDS4_INSIGHT_1F00_1900_2.parquet	Description	6be94f5ccee405c2b84dec5552c2be27f3317ac6097c70256008c587f284a07f	32
ua	representation.text.plain_text	sample	/Users/hugh/datasets/gittables/half_life/07-08_399.parquet	Content	c60c61f51e8f70e147686e93175b3192fd6fe8b4d87481c933ab7c46a18f969f	32
decfix	representation.numeric.decimal_number	sample	/Users/hugh/datasets/gittables/object/audit_257.parquet	Setting Value	8bf4f15219e16db577120ee8ef45e8d0b812c29e8b34bbb66b0cd2421d952db7	32
ymdfix	datetime.date.compact_ymd	sample	/Users/hugh/datasets/gittables/object/2020-06-26-INCR_DATE_TAMP_RL_v2_1.parquet	DATA_RICEVIMENTO_TAMPONE	722fa43917e511d60e14e104bd491a2ebdb7c42aea79b7ddeec488064c099699	32
npi	representation.numeric.integer_number	sample	/Users/hugh/datasets/gittables/id/0022000168_1.parquet	TEAM_ID	9275848cf596ff73bfddf633d3905c5f51c2f8306c1d73ccba972fa208549c93	17
weight	representation.numeric.decimal_number	sample	/Users/hugh/datasets/gittables/organism/inputFileCroazia.parquet	Above ground green residue dry weight treatment 1 (tons/ha). If not known write -9999	a0e567a6ca3e01ab365b8a3a9fe454f63fcee25bd43c5304b058bca4a06083cb	16
ua	representation.text.plain_text	sample	/Users/hugh/datasets/gittables/real_time/2021-03-08-2021-03-08-firefox-creator-answers-desktop-all-locales.parquet	content	180a3a5baba7d0bd1b589bfdb808dfddbb043ede175f6c49e6f17b10ac6df409	32
ymdfix	datetime.date.compact_ymd	sample	/Users/hugh/datasets/gittables/id/20170201TORBOS.parquet	date	ed43f5d3539cc889f53d5ea1b647bf7d283a5233b647c9f4e921fed8025df609	19
ua	representation.text.plain_text	sample	/Users/hugh/datasets/gittables/count_per_minute/01-02_39.parquet	Content	eec2ccaeca4a537c03db1429c8a570122547315b393c97f5db424b4eda7cfd3b	32
ua	representation.text.plain_text	sample	/Users/hugh/datasets/gittables/data_rate/14-15_145.parquet	Content	a2946804f17deab10416e1db0f8bcc3c9397cbe6364de24cc9f2ea680f34be4b	32
decfix	representation.numeric.decimal_number	sample	/Users/hugh/datasets/gittables/data_rate/covid19_case_summary_2020-04-09.parquet	value	cab0e2d3e958a2cb1aa940fff830e1432222e0f72a81f1f22df6f01b884c0aef	32
decfix	representation.numeric.decimal_number	sample	/Users/hugh/datasets/gittables/id/xdamTargetViolation_1.parquet	value	495f9f01ff4f7da4e641b5b4da9d63db012d64fcd912918526b788b71efb5ebb	32
ua	representation.text.plain_text	sample	/Users/hugh/datasets/gittables/lead_time/rm_survey_2017_r_tt.parquet	tt_detail_topics_other	902aed997f3ad66907e4bc80370cb3c1c823c8cb74e6179790987626972cfd67	9
ua	representation.text.plain_text	sample	/Users/hugh/datasets/gittables/dose_rate/pentobarbital_wos.parquet	Abstract	d538048fb3b9c91e260bf53b759f703fb9f026443bdc94714a94baae7741d3fb	6
ua	representation.text.plain_text	sample	/Users/hugh/datasets/gittables/whole/2021-01-28-2021-01-28-firefox-creator-answers-desktop-all-locales.parquet	content	9fcdf647e9d875a2b71b966466e2499736bbaf9bc1d32a92d3d867550ddbf249	32
ua	representation.text.plain_text	sample	/Users/hugh/datasets/gittables/data_rate/MON_20190924-155400.parquet	Body	db1483d4096bc1c4897bf1b4da581cd4385fc004523ca049f94d05bc37f3c14d	24
ua	representation.text.plain_text	sample	/Users/hugh/datasets/gittables/parent/10-11_1888.parquet	Content	ce2c7c4ca33293238511b4c5eca55f4b872100f318a37c6561efd101015da5ed	32
ua	representation.text.plain_text	sample	/Users/hugh/datasets/gittables/show_time/jos_ucm_content_75.parquet	'core_state'	f9e89f4387f913ba7d1cf24679286e40548e4c0199ec496929d6883fb28f4727	32
ua	representation.text.plain_text	sample	/Users/hugh/datasets/gittables/data_rate/A00-2018.annv3_44.parquet	Reference Text	3bfe7e5891a0085c920fd1e9b64fcb3f4567a96b147f1af94f2e4b50e47e2263	16
decfix	representation.numeric.decimal_number	sample	/Users/hugh/datasets/gittables/object/sma-ECON_trades_1.parquet	profit	d20308255f14e55f552a0557b7dd8a0374d76dbd5a72edb385043e38d989c50f	9
ymdfix	datetime.date.compact_ymd	sample	/Users/hugh/datasets/gittables/id/20170409MINLAL.parquet	date	97618ca94fadd3c0a1b8d39f035b972960b8d81943a9a5529f546fb7421ebefd	16
ua	representation.text.plain_text	sample	/Users/hugh/datasets/gittables/whole/myanno-fullxref.hg19_multianno.parquet	Disease_description.refGene	6bddd26b34785e65f2a97b2eff6d9c851477a1a42f393edee7f6eea02f1970eb	21
decfix	representation.numeric.decimal_number	sample	/Users/hugh/datasets/gittables/id/density_binary_34.parquet	Estimated Density Value (g / ml)	0e208a4917c9558a144a8d4d949f2ad75979c39d01bfd27838248e1b51b994f7	32
ua	representation.text.plain_text	sample	/Users/hugh/datasets/gittables/dwarf/data_libreoffice_201606_201705.parquet	authors_alt1	c97e52b54de3f18a92e9df82a824844220dd38dd202aee468e9175431d9d319f	16
ua	representation.text.plain_text	sample	/Users/hugh/datasets/gittables/growth_rate/milnthorp_enron_com.parquet	Text	cb880e9b1192cb79ea628291589ff0b8a8cd8df663d6fd900e31ed9591a2713d	10
ua	representation.text.plain_text	sample	/Users/hugh/datasets/gittables/show_time/jos_ucm_content_33.parquet	'core_body'	1898c554a742efd2bdd409485e9b45ad0b2821cd2faf9f2c5cee226429563a8f	32
npi	representation.numeric.integer_number	sample	/Users/hugh/datasets/gittables/id/20210322.parquet	HOME_TEAM_ID	a4574f24d089ac11d3ed25a79c454a9030cb411d50197a37e72eefedafcadc11	8
decfix	representation.numeric.decimal_number	sample	/Users/hugh/datasets/gittables/id/GOLD.parquet	announced_total_value	0648628c7f8219f824eeadb3ccd21a38dc2b7fe2cc5ed914fdba150f3eb53dfb	32
ua	representation.text.plain_text	sample	/Users/hugh/datasets/gittables/half_life/ganteney.parquet	text	dfb9f45014761b9a2f658aa7cda64abb08e8fa51b914da66761cf818bfd1e0c1	32
ua	representation.text.plain_text	sample	/Users/hugh/datasets/gittables/living_thing/videoinfo_JBPMJMAWl5E_2021_03_17-12_50_43_comments_comments_145.parquet	text	a6fa791de27dfa459dfaa363d87d99dddbfbe8fc2dfd57d13edfc2020782dd9b	32
ua	representation.text.plain_text	sample	/Users/hugh/datasets/gittables/channel_capacity/mark_tawney_enron_com.parquet	Text	067d6499bf5a4a2dafc348f7da694085732ede9c5122111b403be475a69a74d9	32
weight	representation.text.word	sample	/Users/hugh/datasets/gittables/id/study_31.parquet	group_name	99066ff06f47ea65f5fce6a0e9f060a19655e6c31c08de45ae7ae1d1753b647b	32
ua	representation.text.plain_text	sample	/Users/hugh/datasets/gittables/show_time/jos_ucm_content_47.parquet	'core_body'	f3bac82801058ad91ee50cd5139ed570c85c357376582569ea7418f9d11a59d9	32
locale	representation.text.word	sample	/Users/hugh/datasets/gittables/quick_time/grafit_public_article.parquet	forgot	37d1fadc79121a9b307c02821c6aa6addec465f40cea4fbd67dc94835f985437	7
ua	representation.text.plain_text	sample	/Users/hugh/datasets/gittables/thing/03-04_749.parquet	Content	5bad6b19334f7ff24999f7d2a52f5326d69560ee0ba358d4eac02ad02cb099fb	32
ua	representation.text.plain_text	sample	/Users/hugh/datasets/gittables/thing/2020-12-15-2020-12-15-firefox-creator-answers-desktop-all-locales.parquet	content	1a89a65b82da8c94b63e5f17939a94892e503e6bea85addba1803df7cb41e9bf	32
ymdfix	datetime.date.compact_ymd	sample	/Users/hugh/datasets/gittables/show_time/ningaloo_metadata_fixed.parquet	Maxn.complete.yyyymmdd	a4882fb06b86125845ae5607b407a45611372cfeaae6adbd18e98e5197a3cf1f	32
upc	representation.numeric.integer_number	sample	/Users/hugh/datasets/gittables/id/halo_85004308040_particle_ID.parquet	particleId	5fe100a7f9593e43607618dce4505082824f29ae85df4b7ca1d9d5796c0f3051	32
ua	representation.text.plain_text	sample	/Users/hugh/datasets/gittables/safe_period/train_44.parquet	Detailed_Description	13afd1f17aa0409d0675b652e6259eaa65f465e768529a1bdbd710f70eeb2b09	32
weight	representation.numeric.integer_number	sample	/Users/hugh/datasets/gittables/id/afg0national.parquet	DenominatorUnweighted	87cdfe9f768f8e862df001af987d2dafc7d2224334b4ba6cbb2e0dad8141c8f9	16
ymdfix	datetime.date.compact_ymd	sample	/Users/hugh/datasets/gittables/id/1626259_5.parquet	GAME_DATE	65dd9fe166ae2aa9b7126e2f89f41ba403b3d9668cc31225f83ec2d6b2a5169d	28
ymdfix	datetime.date.compact_ymd	sample	/Users/hugh/datasets/gittables/id/1629061_3.parquet	GAME_DATE	fd2cc3075c0b0acadf658c1f5f9938aced58f55dea92923d73dceef7073b2003	32
decfix	representation.numeric.decimal_number	sample	/Users/hugh/datasets/gittables/id/enthalpy_of_vaporization_pure_116.parquet	Estimated EnthalpyOfVaporization Value (kJ / mol)	be6d1841adf73d7c4fde5868b248ddfdb200134794a2968370017d6d0dc8013b	12
height	representation.text.word	sample	/Users/hugh/datasets/gittables/quick_time/jos_modules_88.parquet	'access'	790dde89ec21650dda0931beb3fa5bc959a323c1cfda54e347d37c348526e483	6
height	representation.text.word	sample	/Users/hugh/datasets/gittables/quick_time/jos_modules_92.parquet	'access'	d0f673e87970cb9cbc62af2b3422b72ed057ad788d6b9c2c7aea25f5ca0f3207	6
ua	representation.text.plain_text	sample	/Users/hugh/datasets/gittables/growth_rate/BMK_20190925-005859.parquet	Body	814fd0dfc0815c18e581965daa4cd7fa6abae6bb1e697b49d74c91f9d4a0adb1	32
decfix	representation.numeric.decimal_number	sample	/Users/hugh/datasets/gittables/object/trendwatcher-PFE_trades.parquet	profitPct	21a0be951a36b631cb252fc88a2448f6fb5798fedc4bfc41636cb724ab9d553f	15
weight	representation.numeric.integer_number	sample	/Users/hugh/datasets/gittables/data_rate/afg77national.parquet	DenominatorWeighted	fd588a2428cda586692a4d24b554fc8dfd265ecd9579fadcabf55cace742272d	32
ua	representation.text.plain_text	sample	/Users/hugh/datasets/gittables/show_time/2020-12-30-2020-12-30-firefox-creator-answers-desktop-all-locales.parquet	content	696cafa22a4a33265a9793ad89574253a3bf7919538647d34a8e32107176f289	32
ua	representation.text.plain_text	sample	/Users/hugh/datasets/gittables/abstraction/Designite_ReactiveProperty.Tests_DesignSmells.parquet	Cause	f8c935c58f17d19cb2eaa139f0637ce0e7641a823ced75e2e13f8b07b0710ff3	32
ua	representation.text.plain_text	sample	/Users/hugh/datasets/gittables/lead_time/2016_january.parquet	Description	fa99f7f2efffef369a450270c33d2ecd9ad9639ca01b9f2e2b9249c50d7a6eb3	32
ua	representation.text.plain_text	sample	/Users/hugh/datasets/gittables/growth_rate/00-01_115.parquet	Content	4a76fff6aacade86008bc7b730e81e8a83438bc2525e34865e6d300f09e33adf	32
ua	representation.text.plain_text	sample	/Users/hugh/datasets/gittables/quick_time/jos_ucm_content_35.parquet	'core_body'	f2b5b3ac36b78680fc57f75b196ddc2d86866a0215eb972ab5d679c587f4d5fb	32
decfix	representation.numeric.decimal_number	sample	/Users/hugh/datasets/gittables/speed_of_light/civil01244.parquet	Balance Due	7e28edf2f887f3bc2dab73a96be54af9ebbf671ee829b8e5dfa10e4398a32179	32
decfix	representation.numeric.decimal_number	sample	/Users/hugh/datasets/gittables/data_rate/tdata_var.parquet	variance_value	394bace9e1dee45a27cbfd46268ff06d35e92d5719597bd275f89a91a77a4d4b	32
decfix	representation.numeric.decimal_number	sample	/Users/hugh/datasets/gittables/id/UNdata_Export_china.parquet	Value Footnotes	53a332d11407f3d58551af677bdfd9e1fa9c2faa5b400e78b24221af3c0ce577	32
ua	representation.text.plain_text	sample	/Users/hugh/datasets/gittables/parent/sw_0620_3408.utt_4.parquet	trees	2b7495adacb857de321ced32bc0528398b4cde500ce2111622a723590a96c6b5	32
weight	representation.numeric.integer_number	sample	/Users/hugh/datasets/gittables/organism/testInputCredits.parquet	Product application rate for amendment n. 4 (Enter a numeric value for dry weight in kg/ha)	52050899bafcfbe05f73cb09e4e2a17497904b99dc7f6605051f159046b857b5	5
upc	representation.numeric.integer_number	sample	/Users/hugh/datasets/gittables/id/halo_85006524227_particle_ID.parquet	particleId	ff57b83e83bba7cdb314d331eb70fe57123de32f7d52cf3b11f67eae54ef4277	32
decfix	representation.numeric.decimal_number	sample	/Users/hugh/datasets/gittables/in_time/proto_adult_nn_result.parquet	scaled_input_capital-gain	fc2f8a559cdb37f6c563e214f1eaccf8b5d904b3fe191c29da441da8adc04633	5
decfix	representation.numeric.decimal_number	sample	/Users/hugh/datasets/gittables/organism/overBP_enrich_2.parquet	Pvalue	57cf90e41f697ac46bf505b964478ef70fd3716bda7bd4873f046b878af51407	32
decfix	representation.numeric.decimal_number	sample	/Users/hugh/datasets/gittables/object/h3ka-IPOC_trades.parquet	profitPct	ba1ad532e70cb9fabbaac541fd843c0031daa1c724c03e038b37a14304b360b5	6
ua	representation.text.plain_text	sample	/Users/hugh/datasets/gittables/abstraction/Designite_Package_DesignSmells_1.parquet	Cause	0f5e2ec7f8bb7d3ae7faa344810f466785ac48b16d4eb71530086ab82716c01b	31
decfix	representation.numeric.decimal_number	sample	/Users/hugh/datasets/gittables/data_rate/formatted_run_1.parquet	value	89f3a3699a421eb085179198f6dadcf0d913d535b686ab344df04c382dce4189	32
ua	representation.text.plain_text	sample	/Users/hugh/datasets/gittables/whole/nextstrain_measles_metadata_10.parquet	Labels	f2e773fb20e3801732cc84c74015500a3c66ed8b8191165710ec887c0571dd73	32
ua	representation.text.plain_text	sample	/Users/hugh/datasets/gittables/data_rate/A00-2018.annv3_38.parquet	Reference Text	65a53d50d2748c3f6739e446d48c1a2cb9b6d992dc5ac34db91eae47b945d34d	16
decfix	representation.numeric.decimal_number	sample	/Users/hugh/datasets/gittables/data_rate/WorkoutCustomTargetValues_7.parquet	Value 4	29eb077eeaffe45f8f87f4693c80796b1999cb8803024939d28a0bf30848c423	7
decfix	representation.numeric.decimal_number	sample	/Users/hugh/datasets/gittables/in_time/dice_nn_result.parquet	scaled_input_capital-loss	b8a885f8d5647fb21381000c297840ec55e39d893594e3fada00235c309c7281	5
decfix	representation.numeric.decimal_number	sample	/Users/hugh/datasets/gittables/id/civil00028.parquet	Balance Due	1c706b141f685324cd0de5102e0714d256c3c3a65423bcbe553d72cc7f100925	6
locale	representation.text.word	sample	/Users/hugh/datasets/gittables/show_time/342643__20160428_160507.parquet	other4	5108999d935e62f02633a80b400c78de552630d6fa5e8c7570d6370396fc8737	32
weight	representation.text.word	sample	/Users/hugh/datasets/gittables/data_rate/EDCD.d06b_3.parquet	an..3	448f0ee2529f6818df19a996c453e688c4d9df8b04d9b4a68743d452cdbf325b	32
ymdfix	datetime.date.compact_ymd	sample	/Users/hugh/datasets/gittables/id/20160210SASORL.parquet	date	beb808750d88d955c238b1dcafa54551282e0cd621178563bcde180418db1059	9
ua	representation.text.plain_text	sample	/Users/hugh/datasets/gittables/whole/videoinfo_wyrpV5msbZk_2021_03_17-12_02_46_comments_comments_145_1.parquet	text	004b61731e70bd195376662197a3e666679412f953c5290a4f87c8b80f1d6a01	32
ua	representation.text.plain_text	sample	/Users/hugh/datasets/gittables/data_rate/MrGemy95__Tensorflow-Project-Template.parquet	code	dcafa49d128b88b5b793b736055d24a5151e2aa4e5374e12ebb8a815f9352b1d	13
ua	representation.text.plain_text	sample	/Users/hugh/datasets/gittables/living_thing/19-20_278.parquet	Content	78ccafe4fabbc412af1a5a575351760d01d9f0462b0281b80148d51c289186e3	32
ua	representation.text.plain_text	sample	/Users/hugh/datasets/gittables/then/Bug_Version1.4.parquet	Comment	65e4e49b6207ff62175e9e5da0f34ef7c3b71bf7d9df54f57193b583b665f999	10
ua	representation.text.plain_text	sample	/Users/hugh/datasets/gittables/object/Designite_Glimpse.Core_ImpSmells.parquet	Description	8dbf0e659f2f4a8247e621b30ca9741e0a3593318038261d907cda071c736513	32
ua	representation.text.plain_text	sample	/Users/hugh/datasets/gittables/data_rate/21-22_211.parquet	Content	5c7a745ec9ab4aaa7941195a9d8c1ee914b4bb3f17e17c5247cefefb7e018743	32
ua	representation.text.plain_text	sample	/Users/hugh/datasets/gittables/parent/jos_ucm_content_30.parquet	'core_body'	caa22170129a514bba1420b386f6d8363cbc4291ae3da66ea194e52cb409ced3	32
locale	representation.text.word	sample	/Users/hugh/datasets/gittables/show_time/BXUORGLYFRKT_2.parquet	V8	b03a52ab359b7468858c263d62febc473efa7cadc40f782a360402c17d0701f5	32
npi	representation.numeric.integer_number	sample	/Users/hugh/datasets/gittables/id/7vs8work_agr.parquet	_id	e73fcb81ef3cee95571efb8c2a9a0ee12f7c18c021489557a9b94073dd6bbd69	32
ymdfix	datetime.date.compact_ymd	sample	/Users/hugh/datasets/gittables/whole/79cdc3e1c43097bd770fcf43fbd54109178ef6c6e8ed0aa7903914919bb3094e_9.parquet	LastUpdatedDate	023d3bc8e89577f3dac7e9516a0b0bf8dc7820211d9e14f1f8ed06d7deb57d01	32
decfix	representation.numeric.decimal_number	sample	/Users/hugh/datasets/gittables/whole/2009_dodge_avenger_modified.parquet	Value_2	900616b016d6b96cbeff3c359f95f90d163e4cb67e0c55fe23db57711357bc53	32
height	representation.numeric.decimal_number	sample	/Users/hugh/datasets/gittables/id/1596112051example.parquet	height	fbe760a884c96695e6636639bc1653f329ce0ccfbaff05339f3a6730662e0293	20
npi	representation.numeric.integer_number	sample	/Users/hugh/datasets/gittables/id/20210516.parquet	VISITOR_TEAM_ID	a480c28ae58dd63195fbd18619b02f6468e8981bc00850d7d1c542eb80fff2bb	15
ua	representation.text.plain_text	sample	/Users/hugh/datasets/gittables/rainy_day/videoinfo_wyrpV5msbZk_2021_03_17-12_02_46_comments_comments_145.parquet	text	656eb8bdaecbc9a6441897e7bcc8e22700c67901ae37a9fb1db4070428d7e85b	32
ua	representation.text.plain_text	sample	/Users/hugh/datasets/gittables/quick_time/jos_ucm_content_27.parquet	'core_state'	99c68b5451ee76ca6e67f5cd7ccb09d36ebb73e4abb379031be972aac549934f	32
ymdfix	datetime.date.compact_ymd	sample	/Users/hugh/datasets/gittables/id/20161128ATLGSW.parquet	date	ad4bdc971ae50374351b4a3eef50f458f9aa7de5e209c9393a725d51a5be708f	17
locale	representation.text.word	sample	/Users/hugh/datasets/gittables/show_time/IZQGXOWZAKCH_2.parquet	V15	72bc511742d8a272a0ad95809b85a63057197f8646c18ef6f8526ba8a797fba5	32
ua	representation.text.plain_text	sample	/Users/hugh/datasets/gittables/data_rate/A00-2018_927.parquet	Reference Text	796552a5245f01648ee8e78119a6cd514cd90d8ffa913aecd7c385fc35da5c43	16
ua	representation.text.plain_text	sample	/Users/hugh/datasets/gittables/half_life/Maria_Paph85_1.parquet	text	aaa698c9382be35b0dad1c8f0ee84079576a4286b0aba4a129167d6506c74a0d	32
ymdfix	datetime.date.compact_ymd	sample	/Users/hugh/datasets/gittables/id/20161210MILWAS.parquet	date	8573a95771dc60e056bbcaefe136547fa25b60ca24b3d134dd7ed41219665361	16
ua	representation.text.plain_text	sample	/Users/hugh/datasets/gittables/cease/CJTGlasgow.parquet	text	d01fa4c9a7e1d682a38ee0e8301ee6838773540f8bbf1880ecfcd28a63f51105	32
upc	representation.numeric.integer_number	sample	/Users/hugh/datasets/gittables/id/halo_85004067175_particle_ID.parquet	particleId	0b718eabb396c45995a41a8d2d9ec3cec15ae7c561f4e1db6fa85827ba0ce927	32
ua	representation.text.plain_text	sample	/Users/hugh/datasets/gittables/running_time/2021-05-18-2021-05-18-firefox-creator-answers-desktop-all-locales.parquet	content	ea1302782937647742eb68198d8f84d860b1aa1177c75c6205288623d3be5863	32
decfix	representation.numeric.decimal_number	sample	/Users/hugh/datasets/gittables/rate_of_return/manual_input.parquet	value	180a1a83234cf0dbc25a1d1fcb51fd48f008ca8a81d70e0a3ae0d4aaacc86825	32
decfix	representation.numeric.decimal_number	sample	/Users/hugh/datasets/gittables/growth_rate/Account1_PV_AssetAlloc_Donut_1.parquet	topAssetsByValue__portfolioValuations__foreignExchangeRate	38d1c2543b514b6534272b5dfe303e318dc390eac67a5768e5b77640f905a589	5
ymdfix	datetime.date.compact_ymd	sample	/Users/hugh/datasets/gittables/id/1629735.parquet	GAME_DATE	0bc5507e0aa383294b9c46034c4fb56af6a09dd1ebb1468bf76ee41344a71629	16
decfix	representation.numeric.decimal_number	sample	/Users/hugh/datasets/gittables/object/03%20Levels%20Test_1.parquet	Value01	f4745bfc63a81391e766e80df8e0d636c4786bfb9446891dd36d5517b243da99	10
ua	representation.text.plain_text	sample	/Users/hugh/datasets/gittables/fertile_period/00-01_2.parquet	Content	dce1ac642cf7b1b9aa6ff17e443440e67e2fd4281f19c30aca2ad27c06fe4a61	32
ymdfix	datetime.date.compact_ymd	sample	/Users/hugh/datasets/gittables/id/1629094_1.parquet	GAME_DATE	7e22ee670c4e71e1693af4353bf73e11f1620ac249a847004db2ebe2d05b2413	32
decfix	representation.numeric.decimal_number	sample	/Users/hugh/datasets/gittables/id/ScheduleE_4.parquet	LoanBalance	632ac9788805ba2b158af66183553a79caa37804f304d0ff7ecb7b4f33735727	10
decfix	representation.numeric.decimal_number	sample	/Users/hugh/datasets/gittables/object/sma-DM_trades.parquet	profitPct	b619b50a5845d6b967e9df5528e66f6eb7f7d264cd5aef4ea46e208781400d81	10
ua	representation.text.plain_text	sample	/Users/hugh/datasets/gittables/abstraction/Designite_Potato.Net.Shared.Test_DesignSmells_1.parquet	Cause	ab32cef415ee2efefbc7a42eb511238fd4dac9ecc75d19c1c0b8f832086ca4ad	32
weight	representation.text.plain_text	sample	/Users/hugh/datasets/gittables/parent/classics-mame2003.parquet	monitor_type	2212b9fbcbed4ec951f88fed428ad22b08d021c12a5e89893288d869dc1f63f3	32
decfix	representation.numeric.decimal_number	sample	/Users/hugh/datasets/gittables/in_time/proto_adult_rfc_result_1.parquet	origin_input_capital-loss	6b487bbe3a64b74c24f0dbf474e62df9b08c78b4065375abcc866da58ef8b349	5
locale	representation.text.word	sample	/Users/hugh/datasets/gittables/id/locality_21.parquet	external_identifier_type	30cb23474e0b3b07cd6888cd1baa1d1eddf8e2a2bbb1b7ba3b64579edb743a1b	32
height	representation.numeric.decimal_number	sample	/Users/hugh/datasets/gittables/id/NEON.D04.GUAN.DP1.10098.001.vst_apparentindividual.2016-02.basic.20190806T151351Z_1.parquet	height	7d103a43876ab18c16f346aa6e859aec1a411db191544be17cb8bafe1ae64a91	15
ua	representation.text.plain_text	sample	/Users/hugh/datasets/gittables/growth_rate/ethanol_pubmed.parquet	Abstract	30bf19cadb856753d4409e38781af34941c4c7130bd69abb69151f257671a0c1	13
upc	representation.numeric.integer_number	sample	/Users/hugh/datasets/gittables/id/halo_85004198131_particle_ID.parquet	particleId	f727ff7536f9d3aaaf2760912bec138dc20930bfa11699809eefb5e43c256a75	32
decfix	representation.numeric.decimal_number	sample	/Users/hugh/datasets/gittables/id/enthalpy_of_vaporization_pure_89.parquet	Reference EnthalpyOfVaporization Value (kJ / mol)	8386e0140a320ee3a395546ca31d6a92f70772977244c9e070364d1449105ea9	32
ua	representation.text.plain_text	sample	/Users/hugh/datasets/gittables/running_time/2021-01-30-2021-01-30-firefox-creator-answers-desktop-all-locales.parquet	content	12517869815d64b5e52ab17728572324600d2b742b7b1ff7e6758865281b74dd	32
ua	representation.text.plain_text	sample	/Users/hugh/datasets/gittables/show_time/rforge_description.parquet	Type	3f169f6df2f96b3bdf1872ad389c726401ee21ccaa9d154e5f18e426d0b4f9c1	7
decfix	representation.numeric.decimal_number	sample	/Users/hugh/datasets/gittables/id/excess_molar_volume_binary_32.parquet	Reference ExcessMolarVolume Value (cm ** 3 / mol)	8ae0fb822a9ac9a708fef1b913b19765f40a1d0f066ebcb0efc1c1ab582e81ef	32
ua	representation.text.plain_text	sample	/Users/hugh/datasets/gittables/reaction_time/2012-12-data.parquet	Request Description	3615bace7787c08385783877bbf67576d638581068716d949349541b2733134f	32
decfix	representation.numeric.decimal_number	sample	/Users/hugh/datasets/gittables/id/enthalpy_of_vaporization_pure_71.parquet	Reference EnthalpyOfVaporization Value (kJ / mol)	f2522e191bc8e89e2c90e9bc5a379174c064551de4c46ac82840bdef492857d3	6
ua	representation.text.plain_text	sample	/Users/hugh/datasets/gittables/miles_per_hour/03-04_62.parquet	Content	d0fb920005fadca12d49dc1d1d88dac2d4a6441d30eefb61ad2666396c89b5ef	32
ua	representation.text.plain_text	sample	/Users/hugh/datasets/gittables/then/export%20(Plain%20CSV%20file).parquet	Body (HTML)	54c908810e1ab29f4a984d51b13d99467f44ad64881f3ad3e5ceb13d52ba729d	13
decfix	representation.numeric.decimal_number	sample	/Users/hugh/datasets/gittables/growth_rate/unity_reviews.parquet	rating_balance	21fab09f8439b5c89e063e4b85ca3da53fc2c7d28a81522adfe5045db1d26e53	17
decfix	representation.numeric.decimal_number	sample	/Users/hugh/datasets/gittables/object/h3ka-CRWD_trades.parquet	profitPct	255c2305e8f3414848d481a7870f9cbfdb17b1005d5235ae2caf0ad4d9f1b711	15
decfix	representation.numeric.decimal_number	sample	/Users/hugh/datasets/gittables/object/rsi-GAL_trades.parquet	profitPct	2a9c834bd82ba3d90fcf3ec3b5f5da5206e2ecabc475c49a7b249146a13bd837	6
decfix	representation.numeric.decimal_number	sample	/Users/hugh/datasets/gittables/thing/2009_volkswagen_eos_modified.parquet	Value_2	1046853f91dc1df42e89f5c9594e7217bf3456169ccc4940914d0812cb8e8527	32
ua	representation.text.plain_text	sample	/Users/hugh/datasets/gittables/half_life/ajeetn2015.parquet	text	cb5622186c948f802ddcf68fb9db48671db7b133845f6cc721a25cc0269ac807	32
ua	representation.text.plain_text	sample	/Users/hugh/datasets/gittables/show_time/jos_ucm_content_81.parquet	'core_body'	37552bd6f03ce920391fcbe37aca2f98996414ec1de60c361672080deb7aac87	32
decfix	representation.numeric.decimal_number	sample	/Users/hugh/datasets/gittables/whole/fortune500-2017.parquet	profit ($ millions)	d99bab33b4564c715620bfc5e2c4e2a898af66661178e975bfbe77e0d5a31c41	32
ua	representation.text.plain_text	sample	/Users/hugh/datasets/gittables/show_time/jos_ucm_content_75.parquet	'core_body'	f9e89f4387f913ba7d1cf24679286e40548e4c0199ec496929d6883fb28f4727	32
ua	representation.text.plain_text	sample	/Users/hugh/datasets/gittables/half_life/rick_counihan_greenmountain_com.parquet	Text	3dca1982665c21ab2cac74ab93f2307f9591af0dd04d0c783f9f41a33a628321	10
locale	representation.text.word	sample	/Users/hugh/datasets/gittables/parent/babylab-lancaster-8mo-participants.parquet	hearing_vision_info	05ccaf3691fe513da29b0d809d7361b4aac3bc99d9629a28ac46483bf2b740fd	24
ua	representation.text.plain_text	sample	/Users/hugh/datasets/gittables/id/5ed8308908d09-ofrecimiento.parquet	Descripción detallada	8ae84f83592ea4e388f614a58330495bcd8cf8a118a6dc2c519afba9a621cf95	7
ua	representation.text.plain_text	sample	/Users/hugh/datasets/gittables/sampling_frequency/GROA-ForC%20variable%20mapping.parquet	ForC Description	4d52391f524a20af8571be678af52786259c7071b888910f2dc25cc878d1827d	32
decfix	representation.numeric.decimal_number	sample	/Users/hugh/datasets/gittables/speed_of_light/civil00008.parquet	Balance Due	9696f00fd2766e6b65ef7f0ef9c724cde8eeebefc73f88e5281510dab28c596d	32
ua	representation.text.plain_text	sample	/Users/hugh/datasets/gittables/real_time/jos_ucm_content_93.parquet	'core_body'	519e8b0a7d427b2ede4518274ac8e63c480d8448b86e8d603a30341a252fc591	32
decfix	representation.numeric.decimal_number	sample	/Users/hugh/datasets/gittables/id/density_binary_50.parquet	Reference Density Value (g / ml)	f70f00a6d222683bf10712c0cfcc8ba34fc01975c167ef7473e8364067919d69	32
decfix	representation.numeric.decimal_number	sample	/Users/hugh/datasets/gittables/in_time/PathRelinking-2optb-alpha=0.1.parquet	Objective value	8359a919e2d45eef4911d5c16ef152247a5c129173fec18a0a993eab07ec72f7	20
decfix	representation.numeric.decimal_number	sample	/Users/hugh/datasets/gittables/id/density_binary.parquet	Reference Density Value (g / ml)	7649126a47fc7fba67c07b697f4b98227f406570f09d9b6f86b54c46aaf22541	15
decfix	representation.numeric.decimal_number	sample	/Users/hugh/datasets/gittables/object/test-SPY_trades.parquet	profitPct	7c0b5ffa06af92cc789d6ce058764c44d1430dec203cbf9d90d6ce54c2b79423	13
ua	representation.text.plain_text	sample	/Users/hugh/datasets/gittables/living_thing/MattDugal.parquet	Message	8faf9c37c2367b304af5e175bd227d496dcbc4017ff1d44628a3ca6058308ebd	32
ua	representation.text.plain_text	sample	/Users/hugh/datasets/gittables/id/audit-log-instance-wide-all-details.parquet	sql_log	9980d26f05d09c053d21dbea7ad02ffeef9fc2fbd7ee784f066a7c73b7e4bae1	11
weight	representation.text.plain_text	sample	/Users/hugh/datasets/gittables/time_slot/dwbfpricesusawin24022016.parquet	EVENT_NAME	c35fb9f8d86ba6a262044a47f67329674c0c917cc841094e23b10300ed1fe3cd	32
decfix	representation.numeric.decimal_number	sample	/Users/hugh/datasets/gittables/object/raw_33.parquet	sample_measured_value	72bbf63caa09303b2e6902702578a1556c3eadf2ece3fa036d7abef746e01397	32
decfix	representation.numeric.decimal_number	sample	/Users/hugh/datasets/gittables/rate_of_return/summary_stats.parquet	eBTperEBIT_1	55cd066c93d09750544be68d96276688a4858e39b2098bea37455bd2afdc18bf	11
decfix	representation.numeric.decimal_number	sample	/Users/hugh/datasets/gittables/in_time/tradessummary_supertrend35wx4_25_trail_SL_in_system_rsi30_85_25_1.parquet	Profit Points	eaaf9111cedfe8139266035a1a4bf90343b5eca93a1eb9f9f58950eec5303d47	6
ua	representation.text.plain_text	sample	/Users/hugh/datasets/gittables/show_time/164.parquet	text	b7ef3cf9199c2b855de009c691a3fe4705ff163f2a3bd9fdb205297130f000a1	12
decfix	representation.numeric.decimal_number	sample	/Users/hugh/datasets/gittables/id/enthalpy_of_vaporization_pure_62.parquet	Estimated EnthalpyOfVaporization Value (kJ / mol)	3ce1deddec2ceae6b231f444d82a68884d7c867132c1726c2455ce87807f47e7	6
decfix	representation.numeric.decimal_number	sample	/Users/hugh/datasets/gittables/id/ScheduleG_3.parquet	BeginningLoanBalance	5cdafae5350ffb84ba4679ec5c7dc96ea87c75314b4b3cb14ad37c4a6125c0cd	28
decfix	representation.numeric.decimal_number	sample	/Users/hugh/datasets/gittables/channel_capacity/2009_nissan_frontier_modified.parquet	Value_2	907b9ccfff157be9a2b52c2082e4ad1bbba68453a66dc30ac72ae4900a3e874b	32
ua	representation.text.plain_text	sample	/Users/hugh/datasets/gittables/then/Scrapy_AmazonReviews_TrckedPrdctsCX_2020-08-03T10-34.parquet	body	3e632102933d6ee1a99c54fb1ddc057ef3e53bf3b6859b890df31cf769fd2637	31
ymdfix	datetime.date.compact_ymd	sample	/Users/hugh/datasets/gittables/object/2020-09-30-INCR_DATE_TAMP_RL.parquet	DATA_RICEVIMENTO_TAMPONE	7d4367c42e4ba1cfb24bc153d3394c5749002063e0743bde455d1ed40f8e07ef	32
locale	representation.text.word	sample	/Users/hugh/datasets/gittables/show_time/HLRYSERGOHVT_1.parquet	V25	cf7506813cd23e1ec286f11d7a94c54cac696a6c9dd230addcd4107664795681	32
decfix	representation.numeric.decimal_number	sample	/Users/hugh/datasets/gittables/object/trendwatcher-CPA_trades.parquet	profitPct	e0cbb5ce36192b5ec4a208308675011abe51a2148f34945804d6e47520037caf	23
ua	representation.text.plain_text	sample	/Users/hugh/datasets/gittables/real_time/jos_ucm_content_44.parquet	'core_body'	f430e9bcd17d3df1eb7093b6da6e02d721ba90f3c4b9539e00a6625ed6d7c059	32
locale	representation.text.word	sample	/Users/hugh/datasets/gittables/then/grafit_public_article.parquet	find	ee372f395e619b93b45e59123a66c593c69ddc42dfc1be3f29e5bb88d8dc36c7	11
ymdfix	datetime.date.compact_ymd	sample	/Users/hugh/datasets/gittables/id/1629346_1.parquet	GAME_DATE	fdd213b005bb101e245a1e84a3d23cb10cdc7bb18d2e7b8aa42a96b7174b6841	27
height	representation.numeric.integer_number	sample	/Users/hugh/datasets/gittables/question_time/data2.parquet	screen height	44c56251440585a14e450ee4eadd2c8cfcc2527b41c44810ecc61d78c1f2aa57	16
height	representation.text.plain_text	sample	/Users/hugh/datasets/gittables/speed_of_light/civil00079.parquet	Court Statute	7e0617aa9b5c26ce20af372bf5928b96f4ca1dedecbea677881dfa330b6421c5	32
decfix	representation.numeric.decimal_number	sample	/Users/hugh/datasets/gittables/id/hr_analytics_validation.parquet	fl.value	50b861e966fb11d9d11e3fade1eee9c355fccdc289f0ba9af26a0a98b8ed4ae3	11
decfix	representation.numeric.decimal_number	sample	/Users/hugh/datasets/gittables/speed_of_light/civil01196.parquet	Balance Due	2b125747472ef4ed9e5d87a51d35f1f05992453596001c3be9bcb5656e3df1ff	32
height	representation.numeric.integer_number	sample	/Users/hugh/datasets/gittables/object/block_silhouette_survey_Exp2Pilot3.parquet	discreteEnvHeight	23bb99c8a7acb0ae2570c2790818b44e834ce4741a069d9a090502d8a8f000fb	32
ua	representation.text.plain_text	sample	/Users/hugh/datasets/gittables/thing/Scrapy_AmazonReviews_AllPrdcts_2020-08-03T07-19.parquet	body	a2cb6597d583ea15914ca45413eecec7d6bfc4ccac9c64b250b9099e69219717	10
ua	representation.text.plain_text	sample	/Users/hugh/datasets/gittables/running_time/videoinfo_bvutiLuch_E_2021_03_17-11_01_59_comments_comments_130.parquet	text	f47813cf2b5b48f434495e9c7d16b38091eb5a1b3a61c3e07b292e3354f874f9	32
decfix	representation.numeric.decimal_number	sample	/Users/hugh/datasets/gittables/id/CloseFrameworkAgreementUA_1.parquet	value	ba286ff5a817af787578283ed782c5192ea890d8c6a29418afe033e60088f0eb	19
weight	representation.numeric.decimal_number	sample	/Users/hugh/datasets/gittables/id/frog_tongue_13.parquet	impact force / body weight	75404ef55e95a2ed0fe9f57462f254ea5d36a4d7b9ae325d9d139ef791fc8e6b	32
ua	representation.text.plain_text	sample	/Users/hugh/datasets/gittables/lead_time/news_temp_1.parquet	summary	277e2c7d80405e8e4050c6c0f4a8413447f0bc6dd6da4e87f01c09754a561bc9	32
ua	representation.text.plain_text	sample	/Users/hugh/datasets/gittables/then/sw_0361_3398.utt_5.parquet	trees	72e8f040508764a675c358d67b40c725ee4990d9fccc4fbe100746cc163f9423	32
decfix	representation.numeric.decimal_number	sample	/Users/hugh/datasets/gittables/question_time/2009_chrysler_town_and_country_modified.parquet	rating_value	09c8037f5a08f499d75a27f3df49134d9371734d255bc7e5efcdac6ac8283e0b	32
weight	representation.numeric.decimal_number	sample	/Users/hugh/datasets/gittables/data_rate/resnet34_Tesla%20P100-PCIE-16GB_17.parquet	weight_decay	2f9c78de2f76edaac452f7e345c819a678733ba49a088fa817c3c74f4a970cf1	32
decfix	representation.numeric.decimal_number	sample	/Users/hugh/datasets/gittables/rate_of_return/summary_stats.parquet	Free Cash Flow per Share	55cd066c93d09750544be68d96276688a4858e39b2098bea37455bd2afdc18bf	11
ua	representation.text.plain_text	sample	/Users/hugh/datasets/gittables/processing_time/sw_0768_3626.utt_11.parquet	pos	5d298218fb7162b2cae4bb8ac2ae91deb81729edd53752c82aba4726668e641d	32
decfix	representation.numeric.decimal_number	sample	/Users/hugh/datasets/gittables/id/density_pure_107.parquet	Reference Density Value (g / ml)	e53f9967d6a9fbde53f1048094b6eddd9916918f1bf53579d5b66a226d8e58f3	24
height	representation.text.plain_text	sample	/Users/hugh/datasets/gittables/show_time/342643__20160428_172436.parquet	screenHeight	87b8947746531b863010ed5ffc04de00ff590ce5f05383d78bad76352291604b	32
decfix	representation.numeric.decimal_number	sample	/Users/hugh/datasets/gittables/id/Nutrient_1.parquet	VALUE	ba198a7341f26b99387e34cfd9f568e2987e439129181e86a8fd88d1e2b3d1b5	30
ymdfix	datetime.date.compact_ymd	sample	/Users/hugh/datasets/gittables/id/1628444_2.parquet	GAME_DATE	86cb908381fd1794a71adf6f737a7d050bdc3f286e5fc5bac0ec1ed651009063	26
decfix	representation.numeric.decimal_number	sample	/Users/hugh/datasets/gittables/id/WeightScaleMultiUser_4.parquet	Value 4	8a5fadd832338a208a9834813d2b0f9d380812ebbc9243bf862e9c6d64852233	8
decfix	representation.numeric.decimal_number	sample	/Users/hugh/datasets/gittables/parent/2009_611.parquet	Capital Projects	5d26a779152cc5e501219f77f7b4b18181312fa2521be67593fb63dae2287c29	32
decfix	representation.numeric.decimal_number	sample	/Users/hugh/datasets/gittables/growth_rate/clean_data.parquet	Gross_capital_formation_growth	141f4ae8b3c556d202ad1502ea7a105727f75654237c763ce0f7d5a1ee3f77d3	32
ua	representation.text.plain_text	sample	/Users/hugh/datasets/gittables/meno_mosso/pazienti_1.parquet	descrizione malattia	e9c670240a9c987ececde8a5e840d892d9d2df4e64ff6d65009ec2a451de86e1	32
decfix	representation.numeric.decimal_number	sample	/Users/hugh/datasets/gittables/inflation_rate/puerto%20rico.parquet	Industry (including construction), value added (current LCU)	faaa5ef71b0403f6f1af769a89bbcb0a8cb33db5e4ca9dfaccf26118b2ff311d	32
height	representation.text.word	sample	/Users/hugh/datasets/gittables/data_rate/A00-2018_762.parquet	Reference Offset	481accfaeb945d128ab09dc6ac6988a58aa0416fcfe47ec16cd0120c2ddda651	16
ua	representation.text.plain_text	sample	/Users/hugh/datasets/gittables/then/steps_dichotomised.parquet	explanation	0658efc61846b73ffb0c334657b6893787058d6249e8dfc92012b8bd2e4c02d3	25
decfix	representation.numeric.decimal_number	sample	/Users/hugh/datasets/gittables/object/ema-DM_trades.parquet	profitPct	90a7eeefbf60d87f178241c13c12fa15311b260ad16aeb4bd8abf7c42de57435	6
decfix	representation.numeric.decimal_number	sample	/Users/hugh/datasets/gittables/id/enthalpy_of_vaporization_pure_26.parquet	Estimated EnthalpyOfVaporization Value (kJ / mol)	fb6a7a9b150de3a49b88167ed5b6d59d7558b9fc785549e871acfadd8607b01d	24
ua	representation.text.plain_text	sample	/Users/hugh/datasets/gittables/whole/P08-1028_922.parquet	Reference Text	45db617e66b610c85b5025294ceb9789fad11ad34fc06fee9fbe7bc7074aed49	17
decfix	representation.numeric.decimal_number	sample	/Users/hugh/datasets/gittables/object/luco_listSwitching_num_single_2.parquet	stimulusValue2	c3148b8491303a793fddf808f485946431f90012cffde044f103f1209ab0dd0d	32
decfix	representation.numeric.decimal_number	sample	/Users/hugh/datasets/gittables/id/xwellOutFlow_5.parquet	value	c8067ebbf4002dd336d0045c374d3c96dcc0a6c331c129eadcd86ef8040ce979	32
decfix	representation.numeric.decimal_number	sample	/Users/hugh/datasets/gittables/id/WeightScaleMultiUser_6.parquet	Value 4	0025bde9647a447521b023c12ccfbf2f86a9c8ec0b869527aaa90e511f113489	8
decfix	representation.numeric.decimal_number	sample	/Users/hugh/datasets/gittables/rate_of_return/summary_stats.parquet	Short-term debt	55cd066c93d09750544be68d96276688a4858e39b2098bea37455bd2afdc18bf	11
ua	representation.text.plain_text	sample	/Users/hugh/datasets/gittables/processing_time/2015-07.parquet	Request Description	3a84418c98588661b081bfce81e73eaf00077592ecb976139d2de5e179309efd	32
decfix	representation.numeric.decimal_number	sample	/Users/hugh/datasets/gittables/in_time/tradessummary_supertrend29wx5_5_trail_SL_in_system.parquet	Profit Points	8cc975e71e09ecf1c089db6f1500f8f11077baf26f895efbf9159ef51d28cd33	6
ymdfix	datetime.date.compact_ymd	sample	/Users/hugh/datasets/gittables/object/2020-08-09-INCR_DATE_TAMP_RL.parquet	DATA_RICEVIMENTO_TAMPONE	c28efdf8ae381fc8d3542b3cde74cb282166e78ae973775c6c9d8987a77af871	32
decfix	representation.numeric.decimal_number	sample	/Users/hugh/datasets/gittables/then/2009_saturn_vue_hybrid_modified.parquet	rating_value	678f570676330643c6bc247278e163495d1ce2806bd79b33ec238215cce4faf7	17
ua	representation.text.plain_text	sample	/Users/hugh/datasets/gittables/running_time/jos_ucm_content_58.parquet	'core_state'	5fc955a8c863c789a165822addc27a36630feb79b1f7802d12d77578598d39bf	32
ua	representation.text.plain_text	sample	/Users/hugh/datasets/gittables/half_life/zinc_pubmed.parquet	Abstract	1ea97040d625e0692a6efc4eb0257cb8ac3553eae58bddde59540fbd57b94d87	17
ua	representation.text.plain_text	sample	/Users/hugh/datasets/gittables/thing/HCA-Healthcare.parquet	advice_to_mgmt	55e692bcd39e192652e38a1ad671d8604544174cda4a4a75b86942a02c80271f	23
ua	representation.text.plain_text	sample	/Users/hugh/datasets/gittables/abstraction/Designite_VVVV.CV.Nodes_DesignSmells.parquet	Cause	9c4dd3d5425d77a681c0ba561c869a13493cd6107f07042d0fab1a5efa02ed47	32
ua	representation.text.plain_text	sample	/Users/hugh/datasets/gittables/whole/sw_0627_3651.utt.parquet	trees	e66cf327008707beac403122c2b779f3b39400fef14658f4600ced4072380649	32
ua	representation.text.plain_text	sample	/Users/hugh/datasets/gittables/data_rate/meta_2020-07-20_aw.parquet	comments	5bfdf6bc9bb0d833b6ad216db6c4e91083b8c573a934697cfc7842d329e1e99d	17
decfix	representation.numeric.decimal_number	sample	/Users/hugh/datasets/gittables/object/h3ka-ROKU_trades.parquet	profitPct	cc5e726a5e3f7a39d13a18c1f02b7b160debec58f25c4a2a838ec08d9a94d005	19
ua	representation.text.plain_text	sample	/Users/hugh/datasets/gittables/dose_rate/ieee_6.parquet	Author Affiliations	2839bc8f0365daf2d04f53ba09e01bf18276f960390ecaf809a7f40efcb5cd17	6
ua	representation.text.plain_text	sample	/Users/hugh/datasets/gittables/safe_period/bugs.parquet	Signs	27a8190589394782bcffa897c0657a7eefc5d05321864c36dbef6d099ee84ecd	32
ymdfix	datetime.date.compact_ymd	sample	/Users/hugh/datasets/gittables/id/20150404ORLMIL.parquet	date	283687a483eb7abe382950bd374a63b731cae08a00bef8633132195f0d948d29	11
ua	representation.text.plain_text	sample	/Users/hugh/datasets/gittables/lead_time/rm_survey_2017_r_tt.parquet	g_tt_detail-tt_detail_info	902aed997f3ad66907e4bc80370cb3c1c823c8cb74e6179790987626972cfd67	32
decfix	representation.numeric.decimal_number	sample	/Users/hugh/datasets/gittables/object/rsi-UBER_trades.parquet	profitPct	f9a2b73dd088e4399e4d5c45e74cac121a40999428143f8ad2b1235407ca3a43	6
ymdfix	datetime.date.compact_ymd	sample	/Users/hugh/datasets/gittables/multistage/reports.parquet	20180302	bb853081ecdae1d7d835e3c17679aceb1461b279a9a8c0a8e16209f3e8c0faf9	32
ua	representation.text.plain_text	sample	/Users/hugh/datasets/gittables/abstraction/Designite_PostfixTemplates.R91_DesignSmells.parquet	Cause	10dbe307608a4b2541f6eeffa89cdd73b8d6603d73e325b81ea764546fc61641	32
decfix	representation.numeric.decimal_number	sample	/Users/hugh/datasets/gittables/object/trendwatcher-GAL_trades.parquet	profit	ffbfc6eed5138d193702bacb1a1782f4f523357700817431363c85d0b444b76f	13
ua	representation.text.plain_text	sample	/Users/hugh/datasets/gittables/abstraction/Designite_Appccelerate.IO.Test_DesignSmells.parquet	Cause	3ff26216a099bf043c8d8d6b7fce612815b5f747c32968db4227d784abbfc3cf	22
decfix	representation.numeric.decimal_number	sample	/Users/hugh/datasets/gittables/id/xwellOutFlow_6.parquet	value	e2882b6dc6385f37d067d9716dbf7f99f5a8263830668c24223934eca860cf87	32
ua	representation.text.plain_text	sample	/Users/hugh/datasets/gittables/count_per_minute/%20lipids_wos.parquet	Abstract	96b42679341ec020b2f9d322da11f124edf36bd703c2d104d550927bf09a45e1	21
ua	representation.text.plain_text	sample	/Users/hugh/datasets/gittables/safe_period/StructureDefinition-ProfilePractitionerRole.parquet	Comments	b00352e4bd147c8cf367b92fa0364343541ba8d5adc0f6b769c1d7fa5435cec1	26
decfix	representation.numeric.decimal_number	sample	/Users/hugh/datasets/gittables/object/trendwatcher-MGNI_trades.parquet	profitPct	51414768dd5253f91c07b7a1506037b84d2ed8644bf6fb0e113885bd5be54957	19
ua	representation.text.plain_text	sample	/Users/hugh/datasets/gittables/running_time/jos_ucm_content_1.parquet	'core_state'	3ce5317d1857dd9c6a0480fbf9d2cec963d92319287e3fa5b065968bd7908955	32
decfix	representation.numeric.decimal_number	sample	/Users/hugh/datasets/gittables/object/ema-MSFT_trades.parquet	profitPct	83a1939e660241fc6ab32e674c50e9bb502d2cef1f249fa26d53e5da5774d8c7	11
ua	representation.text.plain_text	sample	/Users/hugh/datasets/gittables/data_rate/MND_20190925-050719.parquet	Body	93e500b7e9666b55eb434f42a3f901631b026bd9eae9b7ce39cff3ecaa26ca17	32
ua	representation.text.plain_text	sample	/Users/hugh/datasets/gittables/attrition_rate/capsaicin_wos.parquet	Abstract	b055b6c297d488cb6b2f6d86a54d7664b50e0c1c07340db3f27b975d10c65dc3	26
height	representation.numeric.decimal_number	sample	/Users/hugh/datasets/gittables/id/1596112116example.parquet	height	1b7c9938df3e9170fba2baaaafa0cd9ef05b7a8e3302366119e884387a8a6c2b	20
decfix	representation.numeric.decimal_number	sample	/Users/hugh/datasets/gittables/id/dim_fact_table.parquet	values	257ca42b8e1b2939c82168f57b574fef16b93de953e0884b30da0481fe21db8b	32
ua	representation.text.plain_text	sample	/Users/hugh/datasets/gittables/miles_per_hour/MIcheleJH1964_1.parquet	text	5633b7408dd12a9aaa4473df172429607ecc2a94fefb97d3617b9690ca4d37f1	32
height	representation.text.word	sample	/Users/hugh/datasets/gittables/data_rate/A00-2018_34.parquet	Reference Offset	6f550c66e0ed80fbb14a6caa7cacd38a3fafc65b53470a1f41a104ff3f096ed7	16
ymdfix	datetime.date.compact_ymd	sample	/Users/hugh/datasets/gittables/lead_time/news_20180608_4.parquet	20180608	45343fbcca68ebf17902567e1e65ad0537e9200d2c6f353d92b8a9ddffcaadc7	32
decfix	representation.numeric.decimal_number	sample	/Users/hugh/datasets/gittables/data_rate/Zurich_glassdoor_ratings_1.parquet	rating_balance	c39b05cc22327d9f1ed6caf65eb2136500627ea2da46897dc00be844f43a2053	28
weight	representation.text.word	sample	/Users/hugh/datasets/gittables/physical_entity/EDCD.d03a_5.parquet	an..3	93ed7ab2102d143573cba45e479169d1b32efac875dc515427815d111857f0fd	32
decfix	representation.numeric.decimal_number	sample	/Users/hugh/datasets/gittables/object/h3ka-TQQQ_trades.parquet	profitPct	792dcc5521f399803c394572d0c401119848f76b5ac33c235baa9630580ddacb	21
ymdfix	datetime.date.compact_ymd	sample	/Users/hugh/datasets/gittables/id/1629649_3.parquet	GAME_DATE	5e5af430de3e18fced9af9603344e3160dea5341d4c8749eac93d90cf6f1d08d	22
ymdfix	datetime.date.compact_ymd	sample	/Users/hugh/datasets/gittables/id/20161030GSWPHO.parquet	date	cae672275ad533a1a4226dab4f7d4c0211d8896fbc6fa0056ed397b2cc195553	12
ua	representation.text.plain_text	sample	/Users/hugh/datasets/gittables/quick_time/16Bonnie.parquet	text	668aa51e1b3dd2745928a5ae9d3b5124ea2500011c07f28f2c4a1a2d202a64a9	32
decfix	representation.numeric.decimal_number	sample	/Users/hugh/datasets/gittables/id/enthalpy_of_mixing_binary_51.parquet	Reference EnthalpyOfMixing Value (kJ / mol)	ac89baf265000e3956d6115230d104a4a550f3751f977fe89216cea0fb8908bb	21
decfix	representation.numeric.decimal_number	sample	/Users/hugh/datasets/gittables/growth_rate/clean_data.parquet	Gross_capital	141f4ae8b3c556d202ad1502ea7a105727f75654237c763ce0f7d5a1ee3f77d3	32
decfix	representation.numeric.decimal_number	sample	/Users/hugh/datasets/gittables/id/density_binary_5.parquet	Reference Density Value (g / ml)	8bd09b072265b8f6afad847525b83024bdd283a35fe50a262324fdbb2723a2f5	27
decfix	representation.numeric.decimal_number	sample	/Users/hugh/datasets/gittables/speed_of_light/civil00095.parquet	Balance Due	f1f832274e303bf017b786eee470cda76746599c3d9692fce03b6dccb008b10f	32
weight	representation.numeric.decimal_number	sample	/Users/hugh/datasets/gittables/organism/inputFileCroazia.parquet	Above ground woody residue dry weight treatment 2 (tons/ha). If not known write -9999. If no second choice is needed please put 0.	a0e567a6ca3e01ab365b8a3a9fe454f63fcee25bd43c5304b058bca4a06083cb	16
ua	representation.text.plain_text	sample	/Users/hugh/datasets/gittables/dose_rate/998anishab.parquet	text	380fa0f733e37341363776efeb435e28fa048c191b6861dcecbf91e13617cb85	32
decfix	representation.numeric.decimal_number	sample	/Users/hugh/datasets/gittables/miles_per_hour/2009_chrysler_aspen_modified.parquet	rating_value	964f45f0380d5e8a5514a6a91658bd7ad809d0fa68f9f496e10a47dc62b63cc9	26
ua	representation.text.plain_text	sample	/Users/hugh/datasets/gittables/id/E09000018.parquet	DevelopmentDescription	416829bbce073235a7d6b9239b3d18b83e8c23b01f54bd71ba3d3776ff05ea4f	7
ua	representation.text.plain_text	sample	/Users/hugh/datasets/gittables/growth_rate/yunjey__show-attend-and-tell.parquet	code	1bb4242cef2413ddb3967bc95888c909a2248e1a4f22a201d2042cfba2ea65bf	9
ua	representation.text.plain_text	sample	/Users/hugh/datasets/gittables/running_time/jos_ucm_content_29.parquet	'core_body'	842ec34a12c9556f35622a6e0ba376f80764f1b80aaa84415e8b08252f86e6c3	32
locale	representation.text.word	sample	/Users/hugh/datasets/gittables/show_time/MACWXENZPSBN.parquet	V5	705c1ee0a6ffcc5b16a481c5421f17bce1829c858927377a8c6b96e33cb39bf3	32
ua	representation.text.plain_text	sample	/Users/hugh/datasets/gittables/data_rate/E03-1005_128.parquet	Reference Text	652bb23e501db17283e22786a08a16e957305246e7635c41d44ec35f7c717d13	15
ymdfix	datetime.date.compact_ymd	sample	/Users/hugh/datasets/gittables/in_time/20150410SASHOU_1.parquet	date	d2c6af16a90858f3c578239f50df97394b388e4659021cefb3c2c7e62f14a015	7
decfix	representation.numeric.decimal_number	sample	/Users/hugh/datasets/gittables/id/je_load_kilo.parquet	journal_debit	1da40d6fb9e3cecaf781af528ef962d73d2721e35d83828ca439f4b3fad04dd7	12
weight	representation.text.word	sample	/Users/hugh/datasets/gittables/data_rate/EDCD.d06a_3.parquet	an..3	b83a3322f8a0d9a8a507d161bab89313c3aee564ac96fc33ec204f573f0c266b	32
decfix	representation.numeric.decimal_number	sample	/Users/hugh/datasets/gittables/object/raw_11.parquet	sample_measured_value	353d62cdf8d8c0e7f24ddc594b2d679571875071262a0dcbd729cf81716ca0a9	32
ymdfix	datetime.date.compact_ymd	sample	/Users/hugh/datasets/gittables/dead_air/40844462_1_6230938203735169234_6.parquet	reviewed	9ba3210099c387234d788184ab6bcf4ef2d08f5ba9c33be6f6a1c23412cf91b5	32
npi	representation.numeric.integer_number	sample	/Users/hugh/datasets/gittables/id/20210331.parquet	VISITOR_TEAM_ID	8f19cfbe6faacca92b5fd692f88b938c6359d5c27501974269f1ceb7d0bb9a0b	10
height	representation.numeric.integer_number	sample	/Users/hugh/datasets/gittables/id/hcc_Product.parquet	ShippingHeight	ad336c6c186fbd28823a1e6c5945a5bdae34cd1cb02123e7b7f38b9ad4d4d52f	6
ua	representation.text.plain_text	sample	/Users/hugh/datasets/gittables/abstraction/Designite_Microsoft.Scripting.Silverlight-net_3_0_DesignSmells.parquet	Cause	ca32d2537b107373dae908cd55e5169adbd631bbdb4c60a8c025ed06e391fb3f	12
ua	representation.text.plain_text	sample	/Users/hugh/datasets/gittables/then/NHF_metadata.parquet	__index_level_6__	8443f7762a12e667435b14b21b384fbd22f7a86b636f4a59be4c881efd5b2e85	32
ua	representation.text.plain_text	sample	/Users/hugh/datasets/gittables/then/sw_0933_2662.utt_7.parquet	parse_tree	5c301361504cf056b6731ce391e8f75feb6938fd0ec4bd39272bd8ca7edcfd5d	32
ua	representation.text.plain_text	sample	/Users/hugh/datasets/gittables/quick_time/vysper-jira-bug-fix-dataset.parquet	DescriptionTopWords	f8d6a62cdc63e9cf9e72f22c5cd8f1bb8a702285001eb02a1aa96fe7dc43b3d1	32
decfix	representation.numeric.decimal_number	sample	/Users/hugh/datasets/gittables/rate_of_return/summary_stats.parquet	Total assets	55cd066c93d09750544be68d96276688a4858e39b2098bea37455bd2afdc18bf	11
decfix	representation.numeric.decimal_number	sample	/Users/hugh/datasets/gittables/growth_rate/summary_stats.parquet	enterpriseValueMultiple	cfa0231130efc5df1d5fb36abcfeeda8eb1d8661e2ae0714fa8725464b09762d	11
decfix	representation.numeric.decimal_number	sample	/Users/hugh/datasets/gittables/then/fields.parquet	Min Characters or Value	c16a5eaa981cb44a97380225658e5bf391d4b33c69c79f95d544457a81adb9dd	32
decfix	representation.numeric.decimal_number	sample	/Users/hugh/datasets/gittables/speed_of_light/civil00205.parquet	Balance Due	3efa70aa31369d82dcd4bd317f635666069ded1a6ddf5176d6eb2e0582409da1	32
ua	representation.text.plain_text	sample	/Users/hugh/datasets/gittables/half_life/movies_180.parquet	Description	4a2ef71a3bb68eed21b59cd802b134bc9bf40f0c46a79842645a85ac9d26b1fb	32
decfix	representation.numeric.decimal_number	sample	/Users/hugh/datasets/gittables/object/bollinger-FDX_trades.parquet	profit	2ec35f8036ab950b7784d133ddfdde93ce579ec31681ba4667522dd2eead27a7	6
decfix	representation.numeric.decimal_number	sample	/Users/hugh/datasets/gittables/running_time/cluster-28_1.parquet	funding	e54fcb2656f614e63da85ebbc141df2c03d21e37aec847e26d133cf27de49e39	10
locale	representation.text.word	sample	/Users/hugh/datasets/gittables/then/sw_1103_2915.utt_13.parquet	act_tag	958fda9ae0453293f701a73613c99bb96d4592dc527f2623b0e748a1d3cc062f	32
ua	representation.text.plain_text	sample	/Users/hugh/datasets/gittables/metabolic_rate/meta_2020-05-29_aw.parquet	comments	79041ec3aba4101609f0b27bbecf37625ae1c9df97be3dfec72ed88fad57f613	21
upc	representation.numeric.integer_number	sample	/Users/hugh/datasets/gittables/id/halo_85004791378_particle_ID.parquet	particleId	b8224b72cfa4373d5958b64089e17461a0e307e69eec0b263e77306b5b300125	32
ua	representation.text.plain_text	sample	/Users/hugh/datasets/gittables/data_rate/meta_2020-06-09_aw.parquet	comments	4cf9af15372a4cb6d8d87206e915ffa5bf8c7f977e0f3e3a93b7dbcdbd6a2373	19
weight	representation.numeric.decimal_number	sample	/Users/hugh/datasets/gittables/id/trajectory-HMC_2nd-hidden.parquet	weight4	39636049efd712aa536466856c3d233d56185d19b6bdc17406649f9ae30bad63	15
decfix	representation.numeric.decimal_number	sample	/Users/hugh/datasets/gittables/object/sma-NVAX_trades.parquet	profitPct	d5d6e2e242aa7020a9a581e2dc9beb3a7cc5fe0ea76befb2745a6552d206f9fd	15
decfix	representation.numeric.decimal_number	sample	/Users/hugh/datasets/gittables/speed_of_light/civil00818.parquet	Balance Due	d99a1ec390f8f1be5e640ccc82273eb1cd1dfe15df361215e466426e89494461	32
decfix	representation.numeric.decimal_number	sample	/Users/hugh/datasets/gittables/object/test-CAN_trades.parquet	profitPct	4941c55bd5c59ffb24442aaad44929a173693a4c62a21d865a1441e6a29abf0d	8
ua	representation.text.plain_text	sample	/Users/hugh/datasets/gittables/half_life/entrezpubmed-student_suicide.parquet	AbstractText	ad926108854b4404d21f15ac232a858f561d7b45f0b37365fb8bb5ce22f2c683	30
ua	representation.text.plain_text	sample	/Users/hugh/datasets/gittables/lead_time/sw_0109_4342.utt_11.parquet	trees	2fb3fd0fc1f934159be62037e124fba5446c73920ddc6c8ceef30eef8b09b701	32
ua	representation.text.plain_text	sample	/Users/hugh/datasets/gittables/rate_of_return/J01-2004_180.parquet	Reference Text	6037ddbf6dcfcf5a142aba8348973d03d03fa4841f37a84cc3978437f31c229d	17
ymdfix	datetime.date.compact_ymd	sample	/Users/hugh/datasets/gittables/object/2020-05-02-INCR_DATE_PRV_TAMP_RL_v2.parquet	DATA_RICEVIMENTO_TAMPONE	1c944fe6b901b1f2767f0fe6a9c710c08373142078bcc1a912cdaed425d38e05	32
ua	representation.text.plain_text	sample	/Users/hugh/datasets/gittables/abstraction/Designite_Akka.Cluster.Tools.Tests.MultiNode(net461)_DesignSmells.parquet	Cause	b83af12dcc1685390281328d71913929944a66aaefe0e8dbd23f65dcb3b7bc2f	21
decfix	representation.numeric.decimal_number	sample	/Users/hugh/datasets/gittables/processing_time/fortune500-2008.parquet	profit ($ millions)	50989691a511cf3208a8541eebfce1246d4900d14b22b6cf80ce0d10eb52a8a3	32
locale	representation.text.word	sample	/Users/hugh/datasets/gittables/then/grafit_public_article.parquet	and.5	ee372f395e619b93b45e59123a66c593c69ddc42dfc1be3f29e5bb88d8dc36c7	15
ua	representation.text.plain_text	sample	/Users/hugh/datasets/gittables/data_rate/W99-0613_2.parquet	Reference Text	1179e9279bae28bc5a9d623d9cb4f367a3c56e33cea8f66a862036643f720d29	13
ymdfix	datetime.date.compact_ymd	sample	/Users/hugh/datasets/gittables/id/generic-cities_2.parquet	20150707	8e9aff2ef86ec048f74da7472d099ea534fc0960879db4abae99d4ecc6941f39	24
ua	representation.text.plain_text	sample	/Users/hugh/datasets/gittables/data_rate/meta_2020-05-25_aw.parquet	comments	0cd59259f3d8a207f698897b62c0ddcfa7ee3ae366676a895103137600d34057	19
decfix	representation.numeric.decimal_number	sample	/Users/hugh/datasets/gittables/id/enthalpy_of_vaporization_pure_17.parquet	Reference EnthalpyOfVaporization Value (kJ / mol)	c60244fe568ce2ab16bc2cdcff51da844ad87b074307eb3beb7336540c312945	7
ua	representation.text.plain_text	sample	/Users/hugh/datasets/gittables/half_life/Woolf.parquet	text	f478cbc1a56f4abea5dbff42a714bc525e6589af01d3c26bfdf357f41111a89b	32
decfix	representation.numeric.decimal_number	sample	/Users/hugh/datasets/gittables/object/dbo.WebObjDimensionsSplit_view.parquet	value	a250356699d06848180e3ab4a558c587f3f4e01af39188dbbe47d87d892f90b7	10
ua	representation.text.plain_text	sample	/Users/hugh/datasets/gittables/parent/jos_ucm_content_76.parquet	'core_body'	185bdd5f22954a21e309d3126d9097d82e1bca2326788f5b370d8f4f6b861e11	32
ymdfix	datetime.date.compact_ymd	sample	/Users/hugh/datasets/gittables/data_rate/2021-06-23_results.parquet	date	4ddde2fd13b59c7955096d727dbce934ebfc704911e648657dee87ecc79668db	21
decfix	representation.numeric.decimal_number	sample	/Users/hugh/datasets/gittables/speed_of_light/civil01713.parquet	Balance Due	66fc7c227999cd22147aaa861930f63b6ba7c89f79e14639c0debc359cbe7841	32
decfix	representation.numeric.decimal_number	sample	/Users/hugh/datasets/gittables/object/rsi-F_trades.parquet	profit	4da18dfe96f691b4b2c766f745a7a05900dc4cf77c4080f7ee51c5f1baae7bbf	9
decfix	representation.numeric.decimal_number	sample	/Users/hugh/datasets/gittables/growth_rate/summary_stats.parquet	Debt to Equity	cfa0231130efc5df1d5fb36abcfeeda8eb1d8661e2ae0714fa8725464b09762d	11
decfix	representation.numeric.decimal_number	sample	/Users/hugh/datasets/gittables/growth_rate/parameters_5.parquet	Value	2cd7c846e5ff6d06b09b9c535b43a6cb44f7ad665c8938ec12d034ae2506721f	32
decfix	representation.numeric.decimal_number	sample	/Users/hugh/datasets/gittables/object/ema-MRNA_trades.parquet	profitPct	17ee589c0186f86f70b198153403d3fea4bbef23dbebb66502abe1c49b35de83	5
ua	representation.text.plain_text	sample	/Users/hugh/datasets/gittables/whole/P08-1028_914.parquet	Reference Text	e1930332f4ac58d9bfb72632952906eee2ff341f552a93b6f994fde5adefac87	17
npi	representation.numeric.integer_number	sample	/Users/hugh/datasets/gittables/id/1629738_2.parquet	TEAM_ID	e156de2595dee6a7ceaebd90d5c1d8952501bbafd3adf4b5250a4d4ce2b65039	32
ymdfix	datetime.date.compact_ymd	sample	/Users/hugh/datasets/gittables/id/20160206OKCGSW.parquet	date	72483dae8c0cab6e7eeb096f6f548234096da8bfe92665989d017c8b2cdaf4af	9
npi	representation.numeric.integer_number	sample	/Users/hugh/datasets/gittables/id/9work_outlier.parquet	_id	16b9fb4c14d03c91fa626a5965e5331d80ddfac17a9cb8baf007ca6d7e535369	9
ymdfix	datetime.date.compact_ymd	sample	/Users/hugh/datasets/gittables/then/20151102PORMIN.parquet	date	12f0da8b08caf371c4099b6555f873301dfd2df81fc2aeb190736a458a299c3f	13
decfix	representation.numeric.decimal_number	sample	/Users/hugh/datasets/gittables/real_time/Finance_BalanceSheet_2.parquet	trad_asset	6378d625a7ef12f3d48019de8a64b63c7d8818403fda6b738301a2808998f285	32
decfix	representation.numeric.decimal_number	sample	/Users/hugh/datasets/gittables/id/WeightScaleMultiUser_11.parquet	Value 5	57935fdd91d2ad7b7a4fd03a7ed1a57d8aeaf920da2b161ca9fb63a8593343df	5
locale	representation.text.word	sample	/Users/hugh/datasets/gittables/show_time/IZQGXOWZAKCH_2.parquet	V8	72bc511742d8a272a0ad95809b85a63057197f8646c18ef6f8526ba8a797fba5	32
decfix	representation.numeric.decimal_number	sample	/Users/hugh/datasets/gittables/interim/Alphabet.parquet	rating_balance	8ebc9f29c3a07b6ba5476698c4276375f29f153d898bbc24192d3d4813128ceb	17
decfix	representation.numeric.decimal_number	sample	/Users/hugh/datasets/gittables/then/2009_scion_xd_modified.parquet	Value_2	22a9fce98d038cab3cb6403576d58f649a5995656bb4841a52edea671676cfd7	32
ua	representation.text.plain_text	sample	/Users/hugh/datasets/gittables/real_time/sw_0499_3420.utt.parquet	parse_tree	8bf3cd52a20dc7333590d996774b3933485400f9027ca0b95127fbc5ede639f3	32
ua	representation.text.plain_text	sample	/Users/hugh/datasets/gittables/lead_time/datasets.parquet	long_desc	498dea89b0e53bebc33381bf3c32390ef900f5465db5c775d5507d6e8791cf6f	20
ua	representation.text.plain_text	sample	/Users/hugh/datasets/gittables/data_rate/fan_network_dump_3.parquet	__index_level_19__	b20a0c0313a058a8bb441e8e5cfce5b4a23b3ea4eafa63a3d7182b87df1cbf6b	32
ua	representation.text.plain_text	sample	/Users/hugh/datasets/gittables/data_rate/fan_network_dump_17.parquet	__index_level_19__	8be62efedebc2e3f16911a7005feb2feeb01c1073ccf76b378744e9669d51bb7	32
ua	representation.text.plain_text	sample	/Users/hugh/datasets/gittables/data_rate/d-li14__mobilenetv2.pytorch.parquet	code	0adae07f65f083a19850a0c18860b3aece9cf3cc9c70e07a98470c26a29d9c93	9
ymdfix	datetime.date.compact_ymd	sample	/Users/hugh/datasets/gittables/object/2020-05-27-INCR_DATE_PRV_TAMP_RL_v2.parquet	DATA_RICEVIMENTO_TAMPONE	1164ae0f1460bcba0895cf3b87db5468612458ebd5bcbec376be09037891d21b	32
decfix	representation.numeric.decimal_number	sample	/Users/hugh/datasets/gittables/speed_of_light/2009_pontiac_g5_modified.parquet	rating_value	8021e5bcb31a2b917417695c37b42b8ed901e496b39b30cf49271f312280d183	29
decfix	representation.numeric.decimal_number	sample	/Users/hugh/datasets/gittables/object/test-DEF_trades.parquet	profitPct	5139e09c2839b8836e2649686901fb6bb89f64c40b7e1620fe56650af53690fb	14
ua	representation.text.plain_text	sample	/Users/hugh/datasets/gittables/object/Mac_2k.log_templates_5.parquet	EventTemplate	fe7217ad76e3992316f3e9d83eff78c77909a2bca0e5454c9e97d884db382bd9	32
weight	representation.numeric.decimal_number	sample	/Users/hugh/datasets/gittables/then/Test_SetCULocationClimateStationWeightsFromHydroBase_out_ClimateStations.parquet	PRECIPITATION STATION WEIGHT (FRACTION)	4085ff929c75cdfc7badb0c6ff4b1bf3c100cde1238fec7f3b1da2201ecc17a1	6
decfix	representation.numeric.decimal_number	sample	/Users/hugh/datasets/gittables/growth_rate/summary_stats.parquet	Capital Expenditure	cfa0231130efc5df1d5fb36abcfeeda8eb1d8661e2ae0714fa8725464b09762d	11
decfix	representation.numeric.decimal_number	sample	/Users/hugh/datasets/gittables/id/xwellOutFlow.parquet	value	ab623d5f41f5aeb4476889b08cee2341a704332ef86dceeeb4089d2f21ac3283	32
decfix	representation.numeric.decimal_number	sample	/Users/hugh/datasets/gittables/id/enthalpy_of_vaporization_pure_87.parquet	Reference EnthalpyOfVaporization Value (kJ / mol)	6061a082bbcaac18020875dfa9f561822c1031b4882d73a7eb4c04ffe9e0b97d	28
ua	representation.text.plain_text	sample	/Users/hugh/datasets/gittables/bits_per_second/Woolf.parquet	text	81455d280d89a4b7127be405f9e5acdb4d32a4c4d9a8bd0f60dec03301426c7f	32
locale	representation.text.word	sample	/Users/hugh/datasets/gittables/show_time/UZXSXFIMFPMO_1.parquet	V8	36b7042dddb3408acc00151859445eeb6db8d596c8a448aa274773cb31ba7e95	32
ua	representation.text.plain_text	sample	/Users/hugh/datasets/gittables/then/test2-input1.parquet	PY	0c5b1ef405324de9fe74078e735098cf4d405695c266d8fe896a0bf790de585f	10
decfix	representation.numeric.decimal_number	sample	/Users/hugh/datasets/gittables/id/density_binary_17.parquet	Reference Density Value (g / ml)	73d3126a2d84150c409eeff3b158cc6178d1af9084945817a6701f41a34dabc1	30
decfix	representation.numeric.decimal_number	sample	/Users/hugh/datasets/gittables/question_time/log_int_1.parquet	value	89b199a27de76b03f839e7cedc47622573d782206b888886e3e86764a9cff999	15
ua	representation.text.plain_text	sample	/Users/hugh/datasets/gittables/show_time/jos_ucm_content_114.parquet	'core_body'	3963821f3b5120b2e3e352e00f1020171a018539b8ffd52069336933a9d6be71	32
ua	representation.text.plain_text	sample	/Users/hugh/datasets/gittables/question_time/sw_0288_2828.utt.parquet	clean_text	b5e74b7b6c4b3fba09f7909d628bc0cb3e2c1d8921945b2e55a6cef609edeee9	32
decfix	representation.numeric.decimal_number	sample	/Users/hugh/datasets/gittables/id/enthalpy_of_vaporization_pure_47.parquet	Estimated EnthalpyOfVaporization Value (kJ / mol)	61317acf846a477701b6bfd2c8b43c55fb0461a122a0fb2f48600910319a23dd	6
decfix	representation.numeric.decimal_number	sample	/Users/hugh/datasets/gittables/id/civil00986.parquet	Balance Due	4c8393492e67f968eaefabd2d756189ed99a23ec45081709b9ad6ef66ecb4299	5
decfix	representation.numeric.decimal_number	sample	/Users/hugh/datasets/gittables/id/enthalpy_of_vaporization_pure_80.parquet	Estimated EnthalpyOfVaporization Value (kJ / mol)	56bb4341402cf9b2fb0705599eb7f8905364bcacaff68aa98d37cb90012d1c3d	6
decfix	representation.numeric.decimal_number	sample	/Users/hugh/datasets/gittables/data_rate/evaluations_metrics.parquet	p_value	818eeb72774d472ec36f94480102b68bc48b802c9ceae6042ade3ab8f660f5e5	32
ua	representation.text.plain_text	sample	/Users/hugh/datasets/gittables/channel_capacity/%20indomethacin_pubmed.parquet	Abstract	ca3d91acd7278c4529b2421787ce89eca139881b6a0c43ead2db0ef48e38887d	8
ua	representation.text.plain_text	sample	/Users/hugh/datasets/gittables/real_time/jos_ucm_content_36.parquet	'core_body'	5a290dced457335e753a6a2ab2e7b17532a002ba951d9bd70e201b77fee7512f	32
ua	representation.text.plain_text	sample	/Users/hugh/datasets/gittables/then/sw_0011_4358.utt_15.parquet	trees	75bdfdd2918891537a1c16be7d1fd9aed6f7d248a1db3c1f160a0b5318d14d55	32
decfix	representation.numeric.decimal_number	sample	/Users/hugh/datasets/gittables/rate_of_return/summary_stats.parquet	debtEquityRatio	55cd066c93d09750544be68d96276688a4858e39b2098bea37455bd2afdc18bf	11
decfix	representation.numeric.decimal_number	sample	/Users/hugh/datasets/gittables/id/density_binary_48.parquet	Reference Density Value (g / ml)	db6fed6c82b4220a547601314eab1510b5ddf5f03a85352ede0a11b8459bd983	32
decfix	representation.numeric.decimal_number	sample	/Users/hugh/datasets/gittables/then/2009_dodge_charger_modified.parquet	rating_value	6630d1d21a35b3ffd88badc3a56be8f78b6ea1cdc02c71e95e8975b289e7aa0b	31
ua	representation.text.plain_text	sample	/Users/hugh/datasets/gittables/data_rate/W11-2123_938.parquet	Reference Text	e23b30d1ae183db393c8ea69c3b0d36f964b5cefff3aec53e22609212023c1eb	20
ua	representation.text.plain_text	sample	/Users/hugh/datasets/gittables/running_time/jos_ucm_content_75.parquet	'core_body'	a8f59f1b5bec1a2bcd354581a13d4a13b8aed5b54d2e4bf382cef31e423aa12f	32
npi	datetime.epoch.unix_seconds	sample	/Users/hugh/datasets/gittables/in_time/2020-09-08_106.parquet	sunsetTime	280f0e1e777556370493932d5254e6000b04a6ca4e5917404dc647e60786d491	8
decfix	representation.numeric.decimal_number	sample	/Users/hugh/datasets/gittables/id/density_binary_42.parquet	Reference Density Value (g / ml)	6bc5398db0b4e0443e0bc40370985712c21a3e2eec04f25f33ab3eb7e599b159	32
decfix	representation.numeric.decimal_number	sample	/Users/hugh/datasets/gittables/rate_of_return/summary_stats.parquet	Receivables growth	55cd066c93d09750544be68d96276688a4858e39b2098bea37455bd2afdc18bf	11
ua	representation.text.plain_text	sample	/Users/hugh/datasets/gittables/data_rate/meta_2021-01-05_aw.parquet	comments	e04edd9e7b1b5e7be9d7f167d68f4bc2fb6384e45c8bbc3bb8145ee9b923ceab	12
ymdfix	datetime.date.compact_ymd	sample	/Users/hugh/datasets/gittables/id/20161118ATLCHA.parquet	date	2389ae0ff43864fbb070a948edf3829e61ec9ad3a3d164c45d4ef7be87fd35eb	18
decfix	representation.numeric.decimal_number	sample	/Users/hugh/datasets/gittables/id/Building_22.parquet	ProfitCoefficient	e3e9e506dffccd92884b745b7006f2fac3519138451e69936522c0364799d755	32
decfix	representation.numeric.decimal_number	sample	/Users/hugh/datasets/gittables/id/felony2020-02-12%20at%2012.15.46%20PM%2087.parquet	Balance Due	10020b9a76fbbbae780c55421e106f1f42b19e509c424da28746ea462ba715fd	8
decfix	representation.numeric.decimal_number	sample	/Users/hugh/datasets/gittables/id/enthalpy_of_vaporization_pure_35.parquet	Reference EnthalpyOfVaporization Value (kJ / mol)	77342f7ef2e23e63d30db4ee6be3749b40bc56100260dc372f5a9e06310fbc53	7
ua	representation.text.plain_text	sample	/Users/hugh/datasets/gittables/growth_rate/OCTO_20190925-045733.parquet	Body	23db9e6291f265f2b387ccf7bc40b8bb390ec34115a246f047ebe59e357fccbd	32
ymdfix	datetime.date.compact_ymd	sample	/Users/hugh/datasets/gittables/data_rate/news_20180605_4.parquet	20180605	083d2499d77f799f45aa266f83a14bc1fbe8023bab6b57934eed5d8b88f626b5	32
ua	representation.text.plain_text	sample	/Users/hugh/datasets/gittables/abstraction/Designite_Chapter09_DesignSmells.parquet	Cause	aac03a860e4314e0d350234614edd0e415ddaada1f645a1e954b6e05cb84737b	20
decfix	representation.numeric.decimal_number	sample	/Users/hugh/datasets/gittables/parent/NSW_LGA_NEXIS_201212_38.parquet	TOTAL STRUCTURAL VALUE	e95e702bcb795ea38b88601e98824555b20c63afb6774fdf6c29e108bb69beb7	32
ua	representation.text.plain_text	sample	/Users/hugh/datasets/gittables/metabolic_rate/meta_2020-11-24_aw.parquet	comments	42e61b6d55257d272dfdcdf884fe3661bab5e2480276d717a5114c623c87a653	12
ua	representation.text.plain_text	sample	/Users/hugh/datasets/gittables/processing_time/rforge_description.parquet	__index_level_2__	4031d3ad52d9f1c528ec13f69dfa16252d12e37339444a8048798eb05adf5287	32
ua	representation.text.plain_text	sample	/Users/hugh/datasets/gittables/quick_time/imdb_enola_holmes_sampled_reviews.parquet	review_text	cd472b2720548bcddae066c83a21ae11374c3fb1cf64554a4909807142778243	30
ua	representation.text.plain_text	sample	/Users/hugh/datasets/gittables/id/bb950dd278c885e7437f1643f7dbcd67e72e29e872062afa264e880f67eedf5b_2.parquet	DevelopmentDescription	b5f8a592f2a5907a33be7052093d89aa7552e50231a074535ed0b9441aced5ef	8
ymdfix	datetime.date.compact_ymd	sample	/Users/hugh/datasets/gittables/cease/8652da2117d959f3e0b90b743ae39b4f6a1c53079ff3660b6a5b5790bc8c9cd5_4.parquet	LastUpdatedDate	e3839562ff3923eab26f2ddb485d447b42f3b96c15402f908743590e530e2a35	32
ua	representation.text.plain_text	sample	/Users/hugh/datasets/gittables/then/scopus(1)_5.parquet	Abstract	472fe21b0c4cc06f54e09d260bab7c568134b14af0f9532cab8b2a46fab3478b	32
ua	representation.text.plain_text	sample	/Users/hugh/datasets/gittables/data_rate/Designite_Core_DesignSmells_1.parquet	Cause	f343297f0d2a6bbaaadacbfcf1be8436a4833d593cac0fad0677a629b7b831d9	32
decfix	representation.numeric.decimal_number	sample	/Users/hugh/datasets/gittables/bits_per_second/2009_nissan_gt-r_modified.parquet	rating_value	f93f8939ebaab371c38b529bfa3945e1376fafd29f2b4b1f4ee9558118258b2b	17
decfix	representation.numeric.decimal_number	sample	/Users/hugh/datasets/gittables/object/test-JNJ_trades.parquet	profitPct	27db02c98247b9e8e72a15b0d28d8c365b8a37b7822568a204f10c29e885ef67	9
decfix	representation.numeric.decimal_number	sample	/Users/hugh/datasets/gittables/half_life/parameters_transpose.parquet	Value	ca93c2ee9957ab8dfb0426b8df7bcc3296a1e422db3da0533b2c09105b9d6db1	32
decfix	representation.numeric.decimal_number	sample	/Users/hugh/datasets/gittables/id/enthalpy_of_vaporization_pure_65.parquet	Estimated EnthalpyOfVaporization Value (kJ / mol)	61a13b29f4792d851d2c1a012d09f3642ecd0a21fd09e5c8e43eaba3248251b3	6
ua	representation.text.plain_text	sample	/Users/hugh/datasets/gittables/processing_time/rforge_description.parquet	Type	4031d3ad52d9f1c528ec13f69dfa16252d12e37339444a8048798eb05adf5287	7
ymdfix	datetime.date.compact_ymd	sample	/Users/hugh/datasets/gittables/data_rate/20160710_dgoR_MG1655_M9galactonate_na_mut3_4bins_summary.parquet	date	91fc7c16e14dd272fac5db465497bc8809346a5c9f7f1274235a46130311f137	32
decfix	representation.numeric.decimal_number	sample	/Users/hugh/datasets/gittables/parent/NSW_LGA_NEXIS_201212_15.parquet	TOTAL STRUCTURAL VALUE	98ff5cc6760dcda628247a262c07238d7a3bab8c5f20ed9e4b694d882dacc1ef	32
locale	representation.text.word	sample	/Users/hugh/datasets/gittables/parent/study_test_en_mk2_1.parquet	arrangement	ab26d8cad97bda649a53fdb2ab97e49e2717ffcb41fd0650e3911e445d679a51	11
ua	representation.text.plain_text	sample	/Users/hugh/datasets/gittables/abstraction/Designite_NotificationHubs_DesignSmells_1.parquet	Cause	2136a0f210738072258463cb59533b760ee91d6c3fa063ca87a95fc7720a4177	19
height	representation.numeric.decimal_number	sample	/Users/hugh/datasets/gittables/show_time/CamSites.parquet	height	0c758c9cb9612bfb22c8138bb1e192990ba2096523250542276a3fc4d1bd93a5	32
ua	representation.text.plain_text	sample	/Users/hugh/datasets/gittables/data_rate/A00-2018_829.parquet	Reference Text	93a373d87b70eebec300c26f582d02a2224f7a925b72b31fc45b54a7668e1d83	16
decfix	representation.numeric.decimal_number	sample	/Users/hugh/datasets/gittables/growth_rate/Account2_PV_AssetAlloc_Donut_1.parquet	assetAllocations__portfolioValuations__dollarValue	84a61e408715cc9caae102b05275c2ab28c7790ed60f7fc14c3249e6b7d93aa5	28
locale	representation.text.word	sample	/Users/hugh/datasets/gittables/show_time/GDNOCIPZVPUZ_1.parquet	V5	8c19546f30d1422bf758563c0db7e08d686e298c0e99ac0da2a3aa23aea4701d	32
decfix	representation.numeric.decimal_number	sample	/Users/hugh/datasets/gittables/id/WeightScaleMultiUser_14.parquet	Value 2	171459dbee1e86e0cbb8cee860b9cc4575720fb41a94b2bf5d465e659d21c587	11
ua	representation.text.plain_text	sample	/Users/hugh/datasets/gittables/real_time/jos_ucm_content_43.parquet	'core_body'	38a1d8e3c48eaff4e459484e92336c9b45b33f57d86afe74cf213826bb1af935	32
ua	representation.text.plain_text	sample	/Users/hugh/datasets/gittables/data_rate/jirasoftware_2.parquet	description	d13b82188c35648c5f9b4d296a6b8a84e02928c77cc49662aab0e0c8f2209f2d	32
decfix	representation.numeric.decimal_number	sample	/Users/hugh/datasets/gittables/data_rate/construction_top_6_europe_2020.parquet	equity_to_owner_31_dec	baf943131a616c41b0be49819e87995a9ec5f5e215e3337bf8d4f6e13b972309	32
ua	representation.text.plain_text	sample	/Users/hugh/datasets/gittables/whole/Covid_SourceRelevancev1-Task-2055-DataHunt.parquet	target_text	e4a0f42037c174229dbcbfd66cb64995670044386f333d6612b0a9e47c442753	12
ymdfix	datetime.date.compact_ymd	sample	/Users/hugh/datasets/gittables/seek_time/2021-02-17_results.parquet	date	14818c28e2ca39c4322565fa92db3176e42986e7964e11a8aa289eba6f8ccdcd	24
decfix	representation.numeric.decimal_number	sample	/Users/hugh/datasets/gittables/object/sorted_mycsv_8_1.parquet	object_value	09edfb266b1328868cfc7e68c170e401a1b533ac2c604f1831ffaae5dad1a72f	32
height	representation.text.word	sample	/Users/hugh/datasets/gittables/parent/jos_modules_2.parquet	'access'	81d92710c7e9c99cff1be99b5b93a92cca5f1995e2074dcfcc0f68bffd9dd00b	6
ua	representation.text.plain_text	sample	/Users/hugh/datasets/gittables/abstraction/Designite_WebEPGImport_DesignSmells.parquet	Cause	1b7518c92acf293d26fcd9ceb1d1dcf05f9b2c2054e131884eba8dd3e8c5442b	21
locale	representation.text.word	sample	/Users/hugh/datasets/gittables/show_time/SYJTBDTDKDEK_1.parquet	V25	83a5d4feb3883ae47ad6b06818f497966d085f41c256a44752b2859699cc7617	32
ymdfix	datetime.date.compact_ymd	sample	/Users/hugh/datasets/gittables/id/1628393.parquet	GAME_DATE	ed9eac5eb98b33519215e1cb344c192c40cafac6b43e09fcb8a62227e5b9a041	14
locale	representation.text.word	sample	/Users/hugh/datasets/gittables/show_time/WKMHVTRKKNKZ_1.parquet	V5	cd7cddcad080ee38752dfe2c66f982b8fb99d887b6b92a0197eaeee2e28ad02f	32
decfix	representation.numeric.decimal_number	sample	/Users/hugh/datasets/gittables/whole/Forbes_Global_2000_3.parquet	Market Value	b825eb8b6801638e9eb5b24b21b003f4d87a9c78d7f7ddc5bd8a97690928e405	32
decfix	representation.numeric.decimal_number	sample	/Users/hugh/datasets/gittables/sampling_rate/timeVaringBeta_randFitEffects_params.parquet	value	222a026b4233eb8ba8521227c1325b5e5062cab357b4d92442218ccdb53fd287	17
decfix	representation.numeric.decimal_number	sample	/Users/hugh/datasets/gittables/in_time/tradessummary_supertrend35wx4_3_trail_SL_in_system_rsi30_85_25.parquet	Profit Points	8a9539bbbab234b589d3cdccb665c9865ac07bf66771182587eab372b325b5f9	6
ua	representation.text.plain_text	sample	/Users/hugh/datasets/gittables/quick_time/page3.parquet	reviews__review	c58219e22c926dbd77ce091a49d0be23f481c1388afd3dfe76b1ea9d39e29d61	10
decfix	representation.numeric.decimal_number	sample	/Users/hugh/datasets/gittables/growth_rate/summary_stats.parquet	Receivables Turnover	cfa0231130efc5df1d5fb36abcfeeda8eb1d8661e2ae0714fa8725464b09762d	11
ymdfix	datetime.date.compact_ymd	sample	/Users/hugh/datasets/gittables/id/20151212LACBKN.parquet	date	c4b367c98e3cc1baaeef0b2448b8dd25b104d462e28745eda8d5084c8b03434b	10
weight	representation.numeric.integer_number	sample	/Users/hugh/datasets/gittables/data_rate/configurations_60.parquet	regressor:extra_trees:min_weight_fraction_leaf	ddfbe5522fbf77f9dbcd8c2fcd1a9b3b9abd3d64ede9c5ceb0b75188516e048d	14
locale	representation.text.word	sample	/Users/hugh/datasets/gittables/living_thing/testdata_2.parquet	Herkunftsort TexterIn	c13ada7ebed19baa36f35fd249d13b82b66c3298af8eceda89348dd9503514cf	32
decfix	representation.numeric.decimal_number	sample	/Users/hugh/datasets/gittables/growth_rate/summary_stats.parquet	Debt Growth	cfa0231130efc5df1d5fb36abcfeeda8eb1d8661e2ae0714fa8725464b09762d	11
ymdfix	datetime.date.compact_ymd	sample	/Users/hugh/datasets/gittables/id/20151028SASOKC_1.parquet	date	2933afcd4739daac1ace28fb48161ea0753ffcf04c9a50bac5e23e1dd83dfcbb	7
decfix	representation.numeric.decimal_number	sample	/Users/hugh/datasets/gittables/id/xdamTargetViolation.parquet	value	f00d423a94d633df26bee47fe3058e369e8615e47e778a56bd1fde861841db8f	32
decfix	representation.numeric.decimal_number	sample	/Users/hugh/datasets/gittables/whole/Forbes_Global_2000_2.parquet	Profits	7a500420ccc4e773a7b5ea1ee0598562e12cec053281f4392418c0409154e3fd	32
decfix	representation.numeric.decimal_number	sample	/Users/hugh/datasets/gittables/speed_of_light/2009_saturn_vue_hybrid_modified.parquet	rating_value	2b653073b07287e3ccf371939a4e8b79cecc544a98b7641036d5bca572e69e83	17
ymdfix	datetime.date.compact_ymd	sample	/Users/hugh/datasets/gittables/object/2020-06-05-INCR_DATE_TAMP_RL_v2.parquet	DATA_RICEVIMENTO_TAMPONE	b9d605540addc4c1dd38237167c5e8dcbb376979c9d691e26c40f82c9133070d	32
height	representation.text.plain_text	sample	/Users/hugh/datasets/gittables/speed_of_light/civil01196.parquet	Initial Statute	2b125747472ef4ed9e5d87a51d35f1f05992453596001c3be9bcb5656e3df1ff	32
decfix	representation.numeric.decimal_number	sample	/Users/hugh/datasets/gittables/object/test-AHT_trades_1.parquet	profitPct	b5cce2af66895a9ee586532a767dccd9d1c3596b4084ed5b2f699e4b95c6e845	5
ymdfix	datetime.date.compact_ymd	sample	/Users/hugh/datasets/gittables/id/1628413_2.parquet	GAME_DATE	27c2ca069aa6814b99aec590df3cecacc342b7cfb80e857dcf5615dd2ee34b61	11
decfix	representation.numeric.decimal_number	sample	/Users/hugh/datasets/gittables/object/h3ka-QQQ_trades.parquet	profit	3f7bf3ca4b9a14b37a33cfc9f2cc7d6a74e5bb5f8cc7f183a2f70dc113a8e059	14
decfix	representation.numeric.decimal_number	sample	/Users/hugh/datasets/gittables/object/h3ka-JD_trades.parquet	profitPct	cca24ee28dff617e5da06e69b01ee286620095cf47b09d755dd4cd632abe6e5d	18
ua	representation.text.plain_text	sample	/Users/hugh/datasets/gittables/whole/nextstrain_measles_metadata_12.parquet	Labels	54623bf195cdfd034f7d6e8a7a48f78b2e517e2b4aa4eb60835f820a0b9ee4ff	32
weight	representation.numeric.decimal_number	sample	/Users/hugh/datasets/gittables/id/frog_tongue_110.parquet	adhesive force / body weight	d0cad31e3e279cacaf91154012749e050d3f029eab4c01b04ef8e3fe7b61c261	32
decfix	representation.numeric.decimal_number	sample	/Users/hugh/datasets/gittables/id/seed1_data.parquet	X_value	bdd9fdd28e15e51178e32b674928e870f8bc8e4f6f150b2190b134a81dd3a10b	32
decfix	representation.numeric.decimal_number	sample	/Users/hugh/datasets/gittables/data_rate/assumptions.parquet	value	ad1c04aa1a585aacb40e0a7a604c1f13461d268ccd1bd01bbb36b08b81fee1ab	32
ua	representation.text.plain_text	sample	/Users/hugh/datasets/gittables/data_rate/A00-2018_akanksha_23.parquet	Reference Text	e323d7f75e5b8a05992f035936e79ad315b8d4faae3164d32a52733c964927c7	15
ymdfix	datetime.date.compact_ymd	sample	/Users/hugh/datasets/gittables/id/damid_sample_info.parquet	date	ece7552b3ebfeb5100426573ee966ff940ad4e7471de8d7ff53da3628d0d0a91	32
ua	representation.text.plain_text	sample	/Users/hugh/datasets/gittables/half_life/LloydMacklin.parquet	text	2ba76972037c51a8f08e0bd78ca1f4776c07715d1107deac5fe9c5d8c8e58fed	32
decfix	representation.numeric.decimal_number	sample	/Users/hugh/datasets/gittables/thing/2009_chrysler_aspen_modified.parquet	Value_2	2308c429743595af443ca125de8c02f430a627bdcf470706af0389ea04f43221	24
height	representation.text.word	sample	/Users/hugh/datasets/gittables/quick_time/jos_modules_64.parquet	'access'	7f8f2d3c96cb9c1c4ff2cb20267997d2c6b7d6baf58907bd760124463b85f455	6
decfix	representation.numeric.decimal_number	sample	/Users/hugh/datasets/gittables/object/ema-KO_trades.parquet	profit	13cabe0ddf6edfc8f7a06fffe5f8ff0f3648f597bb260b35cb3881ffe8a1cfcb	10
ua	representation.text.plain_text	sample	/Users/hugh/datasets/gittables/lead_time/PBF-Energy.parquet	cons	11f59e4a47448e4bf45247694ae497df6f364ec47ae2b49d0ca695384f52faf3	32
ymdfix	datetime.date.compact_ymd	sample	/Users/hugh/datasets/gittables/processing_time/test_result.parquet	version	4db9180d873fc40c47d65543921ca1630729dda5b52c3f8e167247a7b333085f	32
ua	representation.text.plain_text	sample	/Users/hugh/datasets/gittables/growth_rate/sentiment_59.parquet	values	4a9a10172e95d2e60c09eb35e7dcd7b2b70abd6525ce866655e7c0e620bb9447	32
decfix	representation.numeric.decimal_number	sample	/Users/hugh/datasets/gittables/id/WeightScaleMultiUser_4.parquet	Value 3	8a5fadd832338a208a9834813d2b0f9d380812ebbc9243bf862e9c6d64852233	11
ua	representation.text.plain_text	sample	/Users/hugh/datasets/gittables/half_life/sw_0817_2379.utt_12.parquet	pos	4c2e452c4a2f089fdb13ee1947d10e6b6ff1f2c4b45397d61a523b602d6a862f	32
ua	representation.text.plain_text	sample	/Users/hugh/datasets/gittables/dead_air/2012-01.parquet	Request Description	6bb84d940c5caaac6d9c710c8dfcad36e34296a301145c33259365a7e29f2b33	32
decfix	representation.numeric.decimal_number	sample	/Users/hugh/datasets/gittables/seek_time/WD-WMC4N1498267.parquet	Smart 3: Spin_Up_Time (Raw Value)	de8fd6d654c0175784be3d56e43d7c0b0a9230b98f97ce89a82c6bc12afb1993	32
ua	representation.text.plain_text	sample	/Users/hugh/datasets/gittables/safe_period/2011-10.parquet	Request Description	fbdf14a8fa4e2a22b0feba60e5d906b68bafd0948c35a25d157db0fc575bb0cf	32
npi	representation.numeric.integer_number	sample	/Users/hugh/datasets/gittables/id/20210506_1.parquet	HOME_TEAM_ID	61e5517ee427b559655244757c5e5be6054964388103c3b8fd42afa1a7ade449	7
ua	representation.text.plain_text	sample	/Users/hugh/datasets/gittables/processing_time/Advices.parquet	Terms Definitions	93b9bf4844c54769854fb6935b1478b717efe7b420e82415c5bdaca9a61aec6f	8
decfix	representation.numeric.decimal_number	sample	/Users/hugh/datasets/gittables/object/ema-DKNG_trades.parquet	profit	09aae86306370ad34aebf56dc04f4ff039d8d43a0dd854d0862da3bfc2110239	14
decfix	representation.numeric.decimal_number	sample	/Users/hugh/datasets/gittables/id/transfer_between_datasets.parquet	balanced_accuracy	cea99a9c81247775c6bf1d4ee9668b780b759ea8715d41a69f730fe39ce0c299	32
ua	representation.text.plain_text	sample	/Users/hugh/datasets/gittables/real_time/videoinfo_5fdFTGEhkxs_2021_03_17-14_18_40_comments_comments_103.parquet	text	ab486b6335eaf6e279c4f08d8c33389aca1a93b03252a0d94abc69d70b569519	32
decfix	representation.numeric.decimal_number	sample	/Users/hugh/datasets/gittables/lead_time/movies_21.parquet	Profitability	28f185c1ba42c7e7a290bc16a2303827f1de38cd72c09f5757288576e2af33b1	32
decfix	representation.numeric.decimal_number	sample	/Users/hugh/datasets/gittables/parent/felony2020-02-12%20at%2012.15.43%20PM%209.parquet	Balance Due	8d9c69b7f2ce011209fa74b964a841e60d18be14fc3f874f641f41751f02f509	26
decfix	representation.numeric.decimal_number	sample	/Users/hugh/datasets/gittables/object/h3ka-NVDA_trades.parquet	profitPct	04733e578e07006b943dd6b8ca41e04d3075f532d2b20263052e9a57b74a7103	18
ua	representation.text.plain_text	sample	/Users/hugh/datasets/gittables/question_time/data_534.parquet	Description	2a6c8937ec70ebf679867a8614af9ceb0cef463bfc2b32846fbf565460814795	32
decfix	representation.numeric.decimal_number	sample	/Users/hugh/datasets/gittables/id/ScheduleE_2.parquet	LoanBalance	52987d1fff4ab0f6ec7bef9533ac865a3c22188e9cab2299ef9f232cc81fdeab	9
decfix	representation.numeric.decimal_number	sample	/Users/hugh/datasets/gittables/id/enthalpy_of_vaporization_pure_48.parquet	Reference EnthalpyOfVaporization Value (kJ / mol)	d470a8f24ef62fdb7a96e8cbe1d8da479f4fd06d042dcb2d04b95de5d8fd7b19	6
ua	representation.text.plain_text	sample	/Users/hugh/datasets/gittables/running_time/mileycyrus_facebook_statuses_2.parquet	status_message	8bbcc3fa524f7002f12a6c7083af321b30d9078a92649552f9465bf7ef3b08c5	32
decfix	representation.numeric.decimal_number	sample	/Users/hugh/datasets/gittables/object/rsi-SBUX_trades.parquet	profit	2e75bfd7983f3875dd8a0940a3de77f72b461f85b2a7fac36c4e20933c339177	6
decfix	representation.numeric.decimal_number	sample	/Users/hugh/datasets/gittables/id/observation_1483.parquet	value_as_number	5a09b16d3420f7068abbeb6fd53ce7cedee8e54b0422fe438fef96ddb6c5c0f3	5
decfix	representation.numeric.decimal_number	sample	/Users/hugh/datasets/gittables/id/WorkoutRepeatGreaterThanStep_11.parquet	Value 5	846c8e9f6edbd716e695924cbc14c2c5ff7a06e64ee14c648aff667c534dc2c1	8
ua	representation.text.plain_text	sample	/Users/hugh/datasets/gittables/quick_time/MS_4717000_4717999.parquet	postcontent	b83ed2c347fabe8662bf224d1b9e6e8d5662edea04fe40d821316b8d9d5ca7e3	32
ua	representation.text.plain_text	sample	/Users/hugh/datasets/gittables/data_rate/ANN_20190925-120310.parquet	Body	48cb15c47bb10f2d3d9f24146ae91eb9d011257bcec6fa8845ce7db6d82c4161	31
weight	representation.text.word	sample	/Users/hugh/datasets/gittables/object/EDCD.d04a_2.parquet	an..3	8bcd306a5c7dfaafc959a4a19b64e57f77db3c1070ca0ae30923c8d2750f0071	32
decfix	representation.numeric.decimal_number	sample	/Users/hugh/datasets/gittables/parent/PDS4_MSN_SURFACE_1D00_1200.parquet	Minimum Value	268585fd3155f7dc93a391e5f8123e4998c0f0760c8d61ad08865f80c6215c31	30
ua	representation.text.plain_text	sample	/Users/hugh/datasets/gittables/question_time/sw_0487_3206.utt_12.parquet	trees	639b558752b4523e0d4f74011a01ec34f1879a6f48e48c6c8cd7ef55d3035e2d	32
decfix	representation.numeric.decimal_number	sample	/Users/hugh/datasets/gittables/rate_of_return/summary_stats.parquet	Days of Inventory on Hand	55cd066c93d09750544be68d96276688a4858e39b2098bea37455bd2afdc18bf	11
decfix	representation.numeric.decimal_number	sample	/Users/hugh/datasets/gittables/miles_per_hour/2009_dodge_charger_modified.parquet	Value_2	761bdb631b93dfaa6b8e6f63af9a6b51a553a5a1ab274087a2c298fb60aed063	30
decfix	representation.numeric.decimal_number	sample	/Users/hugh/datasets/gittables/inflation_rate/RISKFACTOR.parquet	value_baseNMBR	efa58f916025449a4505a05947365829f1cdd1be020808847b280daced7b6b49	27
decfix	representation.numeric.decimal_number	sample	/Users/hugh/datasets/gittables/object/ema-ICLN_trades.parquet	profit	25acbdb4147be8c59b7f348181e77a271f91de6f0fbff63ad4aaf35928ad2b55	6
ua	representation.text.plain_text	sample	/Users/hugh/datasets/gittables/data_rate/SMT_20190925-183413.parquet	Body	d1f026f2ea55cd0c6f56be92c2af47ac73c5acf8544fdb0c319390f7db47997f	32
decfix	representation.numeric.decimal_number	sample	/Users/hugh/datasets/gittables/object/201102JD002AAB_201031_174004_B02_T0001F001L01A03Z01C01O00015_PROPS_MIP_1.parquet	feature_value	8b076bd3be59f470c8205e6ad87b5fbd0c3af88dbc95ef0d3b4fd2403cfe51d1	32
decfix	representation.numeric.decimal_number	sample	/Users/hugh/datasets/gittables/id/MAR.parquet	announced_total_value	637827d71fda671a381115b6964a953ec3e8b9bfded6200d59c7ba7d7a00c0fb	32
ymdfix	datetime.date.compact_ymd	sample	/Users/hugh/datasets/gittables/time_slot/20160118HOULAC.parquet	date	48486385d5c468af55811b6c47248000adbe30f909d6df331d6f261c5250b3af	23
ua	representation.text.plain_text	sample	/Users/hugh/datasets/gittables/abstraction/Designite_Core_DesignSmells_10.parquet	Cause	cd47248be40d408e534f33cf289c20e01ce36173868497e9d22609ef6367682d	16
decfix	representation.numeric.decimal_number	sample	/Users/hugh/datasets/gittables/id/enthalpy_of_vaporization_pure_92.parquet	Reference EnthalpyOfVaporization Value (kJ / mol)	b3bddb9ddec7b3ae2edc55f9284a8168f8b7f95ef5f8f60def60482b218107c1	32
weight	representation.numeric.decimal_number	sample	/Users/hugh/datasets/gittables/id/trajectory-HMC_2nd-hidden.parquet	weight9	39636049efd712aa536466856c3d233d56185d19b6bdc17406649f9ae30bad63	15
ymdfix	datetime.date.compact_ymd	sample	/Users/hugh/datasets/gittables/id/20150412OKCIND.parquet	date	cdd0d1771cfe15b09cd881e79b9e9ba30d6ae8f1400b2e25d790f5990b2fbdef	14
ua	representation.text.plain_text	sample	/Users/hugh/datasets/gittables/thing/sw_0320_4720.utt_7.parquet	trees	7a838297a6cc3759f607c8bee0d3dbdce8c1939bf9f2504d8b5596f399fd6683	32
ua	representation.text.plain_text	sample	/Users/hugh/datasets/gittables/parent/output_65.parquet	Writer	a4da97848a6bec7fcaa1a17f27735f0c8b1596cba7d868665174d16e4008ddd7	32
height	representation.numeric.integer_number	sample	/Users/hugh/datasets/gittables/growth_rate/usdaplants_small.parquet	MatureHeight	0b2fa261ac8c5c6a10783739fcb0441e2b90461c8f73560100780f29090549cb	18
upc	representation.numeric.integer_number	sample	/Users/hugh/datasets/gittables/id/halo_85009752472_particle_ID.parquet	particleId	b46ee941f74856bfbbcf3fd777d978687bc7a86f984b369101c711b7e1551675	32
ua	representation.text.plain_text	sample	/Users/hugh/datasets/gittables/rate_of_return/Rubric.parquet	proposed	658431a5bb546082ebc6ac420f7846c5d495e0bc64428aded4bc5bf5159923d1	32
ua	representation.text.plain_text	sample	/Users/hugh/datasets/gittables/id/msd_dic.parquet	nombre	f845426e8b52fe0a11a3c0ccb7f233e1908860e576fbb9ea7cb338c0559998db	21
ymdfix	datetime.date.compact_ymd	sample	/Users/hugh/datasets/gittables/object/2020-06-21-INCR_DATE_TAMP_RL_v2.parquet	DATA_RICEVIMENTO_TAMPONE	dbeca21ef8927adab65554ec0ddd60115dec9b2bc0ce4bb3fb40be49cbca23a1	32
locale	representation.text.word	sample	/Users/hugh/datasets/gittables/show_time/DIUHAQYOFWJC_1.parquet	V8	053c5fd5344d399f6da5ac96d242c304e8caf904e790a38fbc4c5220ce9685fd	32
decfix	representation.numeric.decimal_number	sample	/Users/hugh/datasets/gittables/thing/2009_hyundai_accent_modified.parquet	rating_value	8b8c3261e5cdafa0b0446137adf14146a3ec4eefd0d3f6c89ac69c8b7cc678b1	32
decfix	representation.numeric.decimal_number	sample	/Users/hugh/datasets/gittables/speed_of_light/2009_audi_q5_modified.parquet	rating_value	cec0aa3c5d982461a86ad07464dc378227ff268828153d816e968954165f7835	32
ua	representation.text.plain_text	sample	/Users/hugh/datasets/gittables/abstraction/Designite_Facebook.Client-Universal.Windows_DesignSmells.parquet	Cause	ba386b750cdc40a584ba50d7890a984e45639ae8b057c83dd37efc58d0eb1545	32
ua	representation.text.plain_text	sample	/Users/hugh/datasets/gittables/data_rate/PESA_20190925-094146.parquet	Body	cacbd06c7c91c71fee70fcc39b9efd24ae7f25257c81d85287c8ef5acdb8f779	32
ua	representation.text.plain_text	sample	/Users/hugh/datasets/gittables/show_time/P87-1015_768.parquet	Reference Text	ea2833c5fa165cd3c442efcbb2e6dc383193721829dd1935d602f37e80197b0f	16
ua	representation.text.plain_text	sample	/Users/hugh/datasets/gittables/then/sw_0234_3195.utt_9.parquet	trees	7e58bc660cf057c4d3b8e3c04e58266459bb7a585ba358ab0ecb732dafb062d9	32
ua	representation.text.plain_text	sample	/Users/hugh/datasets/gittables/running_time/jos_ucm_content_11.parquet	'core_state'	905d25a0fb2609811bcbda414e66676d3d41b5ea40bfdc099204f3f234717d15	32
ua	representation.text.plain_text	sample	/Users/hugh/datasets/gittables/data_rate/A00-2018.annv3_102.parquet	Reference Text	03368e52e79e63abe14fef53e647f3aa3629af76038b3e639722e5ba1a02f61d	16
ua	representation.text.plain_text	sample	/Users/hugh/datasets/gittables/metabolic_rate/meta_2020-11-10_aw.parquet	comments	a7dbd75aa55a946ad2268adc7d363f02e098eec21a7b9b6b13ceb1d156b86367	13
upc	representation.numeric.integer_number	sample	/Users/hugh/datasets/gittables/id/halo_85004690878_particle_ID.parquet	particleId	8e74081425f52a4af0da8bdd90a41a2b86fa01111f61f2351dad1d30c24bf02f	32
ua	representation.text.plain_text	sample	/Users/hugh/datasets/gittables/lead_time/Prez_Canada_1.parquet	text	2ffb30e1cd0b73243b2fee1c6f45d578bc1dfbfa16b39c548947299437e5a359	32
decfix	representation.numeric.decimal_number	sample	/Users/hugh/datasets/gittables/id/excess_molar_volume_binary_36.parquet	Estimated ExcessMolarVolume Value (cm ** 3 / mol)	d9e5f558d7fa32d2fc1791e84aeb5064ed5877fb861a00848743940bc45e941d	32
decfix	representation.numeric.decimal_number	sample	/Users/hugh/datasets/gittables/half_life/2009_nissan_sentra_modified.parquet	Value_2	16fa1f87478cc17728d339d641629b9d6e08d94bc4f461f8646d3adf55d460cf	20
decfix	representation.numeric.decimal_number	sample	/Users/hugh/datasets/gittables/object/ema-GLD_trades.parquet	profit	88d965f78125bc0aa138266ef98991ba507c0cabb63edaf0bc4102d29adf7a3f	5
ua	representation.text.plain_text	sample	/Users/hugh/datasets/gittables/object/Designite_Chapter19_ImpSmells.parquet	Description	dbef9ac5498d6d6ed78ac1d1dc05fe72ddb5c7f8160ec4252efe5a607dee8f43	32
decfix	representation.numeric.decimal_number	sample	/Users/hugh/datasets/gittables/id/isRSNP_result.parquet	Adjusted_P-value	a49426836dec8ee8c55bc075e747fdc1b86815a37da99e4dd74156e09fb1b5df	14
ua	representation.text.plain_text	sample	/Users/hugh/datasets/gittables/whole/videoinfo_bvutiLuch_E_2021_03_17-11_01_59_comments_comments_130_1.parquet	text	55560b3cfd8589e81e7d1f529123042c379c43e560a462e02b0ebcf5ffa44f2b	32
ymdfix	datetime.date.compact_ymd	sample	/Users/hugh/datasets/gittables/seek_time/2021-03-19_results.parquet	date	621ea6f030bc12305305924f269e4867c644e8f626b24c525e4bb9a3a7ddedd7	23
locale	representation.text.word	sample	/Users/hugh/datasets/gittables/growth_rate/Gambia_1.parquet	countryCode	370925c6fb0b2f5f13bd695130634829063681dc05ac299d90327b6c280d0e41	32
decfix	representation.numeric.decimal_number	sample	/Users/hugh/datasets/gittables/physical_entity/data_16.parquet	Value Position	6e2cc2f4f9fec66827510054b22c1f39785ea88c300d0d56d38efd4dd53aef49	32
ua	representation.text.plain_text	sample	/Users/hugh/datasets/gittables/whole/tnris_training.parquet	description	1e28b27969c839a84c6b5663f6a668c83d1de510219468bda3528ac7d06a5717	19
ua	representation.text.plain_text	sample	/Users/hugh/datasets/gittables/object/Designite_ExpressionCompiler_ImpSmells.parquet	Description	7b484c32190079774dff90e873b4f0a29e83965489f1a1f46872613cb5e92801	32
decfix	representation.numeric.decimal_number	sample	/Users/hugh/datasets/gittables/real_time/Finance_BalanceSheet_2.parquet	oth_assets	6378d625a7ef12f3d48019de8a64b63c7d8818403fda6b738301a2808998f285	32
locale	representation.text.word	sample	/Users/hugh/datasets/gittables/question_time/sw_0660_3190.utt.parquet	act_tag	e2d2441fd83e9456ec76b6f6036f13fa9f2a78461d480cbcb0cc75c5af401e89	32
decfix	representation.numeric.decimal_number	sample	/Users/hugh/datasets/gittables/id/cotton_parameter_values_1.parquet	value	519077c0b28247d041295eb300212f47a6cc8e7f734dbe7e1749388c561a2f87	32
ua	representation.text.plain_text	sample	/Users/hugh/datasets/gittables/half_life/2021-03-19_results.parquet	abstract	31ace2ae59e713e81a24e780f189a5ce3902ecbcfe53bb5f0513d9af2066740b	22
decfix	representation.numeric.decimal_number	sample	/Users/hugh/datasets/gittables/object/trendwatcher-ARKQ_trades.parquet	profitPct	359ec23bfec98dd1009c8943c5450e48578a4262f6234a404f76af32c67386f7	21
decfix	representation.numeric.decimal_number	sample	/Users/hugh/datasets/gittables/inflation_rate/econFreedomCovMatrix_3.parquet	Public Debt (% of GDP)	98973ff440bbd301dc3942e28fab45936bab4bfcd4c54267c5cf00525cc18f69	29
ua	representation.text.plain_text	sample	/Users/hugh/datasets/gittables/object/tickets_9.parquet	description	97ed22b0c05c01b6ff48157a093a8dd531cf9cea1a69a4ea05c45c2a719aabd9	24
npi	representation.numeric.integer_number	sample	/Users/hugh/datasets/gittables/id/20210425.parquet	HOME_TEAM_ID	6e5dae8871bc90d7bc0252f4043af39e08dfa280365fb556ae00ac953c91d8e9	7
decfix	representation.numeric.decimal_number	sample	/Users/hugh/datasets/gittables/id/dummy_inspect_metadata.parquet	source_orf1ab_ct_value	9cbae9aea64f3c00f582bd08cb56959e6adb7258431c2d1ba3b0a72e1d37ae9f	22
ua	representation.text.plain_text	sample	/Users/hugh/datasets/gittables/data_rate/example_data_file.parquet	Q384_3	b9379e7be407131adadd495f060f499ae0eee6789fa7a7ebdea3d12d6f1c4fa7	5
decfix	representation.numeric.decimal_number	sample	/Users/hugh/datasets/gittables/object/bollinger-CRM_trades.parquet	profit	ecd78ad332a56f9ff5fb5f890e9fdc49fce75b143e8fd854489ec5ed9be6fb95	6
locale	representation.text.word	sample	/Users/hugh/datasets/gittables/show_time/FOEIMLVBQSTQ_1.parquet	V8	96d6e745adbfc4095892878821fcb6b25418c85f5478db18639baf2081687041	32
height	representation.text.word	sample	/Users/hugh/datasets/gittables/quick_time/jos_modules_6.parquet	'access'	1975d80c4617bf5facbe08856e5285db572270f753c813447c380f4afd930a53	6
ymdfix	datetime.date.compact_ymd	sample	/Users/hugh/datasets/gittables/id/1629724.parquet	GAME_DATE	a456114c6433800016f40e87393ae2649f59b28f2a5e1e213ae83cac412f5fab	18
decfix	representation.numeric.decimal_number	sample	/Users/hugh/datasets/gittables/in_time/nn_result.parquet	origin_input_capital-loss	3ce6a459d1906513585cc6efbbf094b66241d0d578929829eae0d2957276c79d	5
height	representation.text.word	sample	/Users/hugh/datasets/gittables/object/activityAll.parquet	ActivityBottomDepthHeightMeasure/MeasureValue	d942b4c439ab0451e0215c41ecbcab52843d2c4e14b6c91ae79986e32130990f	17
ua	representation.text.plain_text	sample	/Users/hugh/datasets/gittables/abstraction/Designite_AspNet.Security.OpenIdConnect.Primitives_DesignSmells.parquet	Cause	68c4fa14d46f472876cbbb403f27b3e38292905fdd5d7aedc18afc5024a0dd4b	32
ymdfix	datetime.date.compact_ymd	sample	/Users/hugh/datasets/gittables/then/20151218MILGSW.parquet	date	4567746396577167706d54fadfedf68b4412b6b2f55aed91c2d60ed07d452563	17
ua	representation.text.plain_text	sample	/Users/hugh/datasets/gittables/crime_rate/sw_0033_4336.utt_9.parquet	trees	1a2b3728c63a780cf415ed1fa1a5b57e40025ced0744e1b8eb1b0537ce13cafd	32
ua	representation.text.plain_text	sample	/Users/hugh/datasets/gittables/thing/Scrapy_AmazonReviews_AllPrdcts_2020-08-03T07-16.parquet	body	df531f5cf6b745a8c7464786170003a0ac9f5595700f0cc72af394095b3ab841	10
ua	representation.text.plain_text	sample	/Users/hugh/datasets/gittables/thing/sw_0416_3205.utt_12.parquet	trees	031e4dc583910ba4aa37f43a37d33e38579d3c180b0949c3ac89ee09b6ad78bd	32
decfix	representation.numeric.decimal_number	sample	/Users/hugh/datasets/gittables/miles_per_hour/exportdefaults.parquet	Value	5b3e0515660dade6e3c5e7a2044d426cde2c2e212b5a53e808edf9d65d29b145	32
decfix	representation.numeric.decimal_number	sample	/Users/hugh/datasets/gittables/growth_rate/summary_stats.parquet	fixedAssetTurnover	cfa0231130efc5df1d5fb36abcfeeda8eb1d8661e2ae0714fa8725464b09762d	11
npi	representation.numeric.integer_number	sample	/Users/hugh/datasets/gittables/heterotroph/082919_dabs_in_genomes_wo_ca.parquet	gene_oid	0b5ce9d6126ff62e1a7b5100b02f63a1438817ecef360e23ff0a25b6eee9f62b	32
decfix	representation.numeric.decimal_number	sample	/Users/hugh/datasets/gittables/object/test-UVXY_trades.parquet	profit	4d8261852869bd25cb81f6168629739543fd35fe2e1736b6c0b6840bf5087367	7
decfix	representation.numeric.decimal_number	sample	/Users/hugh/datasets/gittables/object/ema-BILI_trades.parquet	profitPct	d03e304666ee578109a68073c21bb8971ad612fe299be9505031aef28ddcdb67	16
decfix	representation.numeric.decimal_number	sample	/Users/hugh/datasets/gittables/parent/NSW_LGA_NEXIS_201212_32.parquet	TOTAL CONTENTS VALUE	8f3a402e05521253a3da1bb65a004e310b8a777f481b9360fdedabbe7958bfcb	32
ymdfix	datetime.date.compact_ymd	sample	/Users/hugh/datasets/gittables/growth_rate/news_20180626_4.parquet	20180626	984fc7c5dd0cddb759c6126d5d3b17e47b56ba087b7f279b308c9d7da7851ffd	32
ymdfix	datetime.date.compact_ymd	sample	/Users/hugh/datasets/gittables/id/nfl_20181021_spread.parquet	Date	f12582eea0f731a8107075306f28f86155a1fcb3139bba2adb2149deb96916b9	12
decfix	representation.numeric.decimal_number	sample	/Users/hugh/datasets/gittables/in_time/proto_adult_rfc_result_1.parquet	scaled_input_capital-gain	6b487bbe3a64b74c24f0dbf474e62df9b08c78b4065375abcc866da58ef8b349	5
decfix	representation.numeric.decimal_number	sample	/Users/hugh/datasets/gittables/id/80_463.parquet	profit	6ff91fe2ed23d0284c5ea48bea1e8e4736888f23e77b9079033652e79b412355	32
ua	representation.text.plain_text	sample	/Users/hugh/datasets/gittables/half_life/movies_179.parquet	Description	57427dcff50b677b6687719abba4b66658cd53510fa3779457bd291124d5df9f	32
ua	representation.text.plain_text	sample	/Users/hugh/datasets/gittables/processing_time/2013-01.parquet	Request Description	67e546594f316269a7aa3ccd11135dfd58dd43bd00e064b2af70545dea5fdb79	32
ua	representation.text.plain_text	sample	/Users/hugh/datasets/gittables/then/videoinfo_wyrpV5msbZk_2021_03_17-12_02_46_comments_comments_145.parquet	text	5799c4a8e377848253ec6b470ea12caa9a9135f04723da2587a5ef1f47b58c77	32
ua	representation.text.plain_text	sample	/Users/hugh/datasets/gittables/data_rate/W11-2123.annv3_114.parquet	Reference Text	f0c8905c2644f6968fce34fb8c5b044a1bd4fef4ea9ee5e8506804f581d95455	20
decfix	representation.numeric.decimal_number	sample	/Users/hugh/datasets/gittables/in_time/joint_tour_composition_coeffs_5.parquet	value	65145d22d8ea65b24ef8be3fde301d65d3844be683ebd2db0b780562c223cddd	31
ua	representation.text.plain_text	sample	/Users/hugh/datasets/gittables/real_time/jos_ucm_content_92.parquet	'core_body'	94a94d29d79a16fa4ff84146f7485087d412ed0a8ba522dd5af97e7e16542443	32
decfix	representation.numeric.decimal_number	sample	/Users/hugh/datasets/gittables/rate_of_return/summary_stats.parquet	Issuance (repayment) of debt	55cd066c93d09750544be68d96276688a4858e39b2098bea37455bd2afdc18bf	11
decfix	representation.numeric.decimal_number	sample	/Users/hugh/datasets/gittables/object/h3ka-LI_trades.parquet	profitPct	47c83178a3a3c5db96a2236c6e281d18673c1110fe97d146ddbe6eb7e578c569	6
decfix	representation.numeric.decimal_number	sample	/Users/hugh/datasets/gittables/id/ScheduleE_17.parquet	LoanBalance	691cf1b6cda02867df64e3bf4bae91e6751c5e0993c4093aeb4e96703033b90b	21
decfix	representation.numeric.decimal_number	sample	/Users/hugh/datasets/gittables/id/dummy_inspect_metadata.parquet	excite_s_ct_value	9cbae9aea64f3c00f582bd08cb56959e6adb7258431c2d1ba3b0a72e1d37ae9f	22
decfix	representation.numeric.decimal_number	sample	/Users/hugh/datasets/gittables/id/density_pure_84.parquet	Reference Density Value (g / ml)	d6354a8c847f1afab05b0e623918e54c395ecaf3744c3380fa417414b4630997	23
ua	representation.text.plain_text	sample	/Users/hugh/datasets/gittables/lead_time/0594_10.parquet	text	a1404aaded26570775dcbc208216432004b9d66a1b918eaecb5a7fe6b75fcee7	32
weight	representation.numeric.decimal_number	sample	/Users/hugh/datasets/gittables/whole/x_valid_2.parquet	viscera_weight_g	980de984a04fc4214d973606fce715475dea0cc27e00bb12e968ffea938077b3	32
decfix	representation.numeric.decimal_number	sample	/Users/hugh/datasets/gittables/whole/Staight_Line_COVID_Prediction_Table_world.parquet	Ratio of VaLue Then to Plateau	b3fcce2f7c8bc4cda561e57ee7530a74ba8470092a2a4b9587c23daf115848d7	32
weight	representation.numeric.integer_number	sample	/Users/hugh/datasets/gittables/data_rate/configurations_16.parquet	regressor:extra_trees:min_weight_fraction_leaf	a654b889c0df983b3f4b55f63ea243dbc8173811f391071bb4dcd041593420b5	11
decfix	representation.numeric.decimal_number	sample	/Users/hugh/datasets/gittables/id/andrew@acooke.org_25505915679.parquet	Value 1	7e10618f5aa678d3deb2c8a0ad2ccc9132d958236b27191eac4a4ee8c909e6fd	24
decfix	representation.numeric.decimal_number	sample	/Users/hugh/datasets/gittables/growth_rate/summary_stats.parquet	Inventory Growth	cfa0231130efc5df1d5fb36abcfeeda8eb1d8661e2ae0714fa8725464b09762d	11
ua	representation.text.plain_text	sample	/Users/hugh/datasets/gittables/question_time/sw_0347_3052.utt.parquet	parse_tree	9fc168801ebfc678592349b8609ed0d5eda6128615b8d9def3a0f45a9c92e423	32
ymdfix	datetime.date.compact_ymd	sample	/Users/hugh/datasets/gittables/id/nba_20191118_spread.parquet	Date	fabd5d6e91460aae5a11a85343960292b1e8c403316b075cd8cb2cbdf99e0ed1	9
ua	representation.text.plain_text	sample	/Users/hugh/datasets/gittables/show_time/2016-07.parquet	Request Description	1eab4fa83aee4c5f475018924b8145df9d9a19eb20394e5f93f77c804799bb59	32
height	representation.numeric.decimal_number	sample	/Users/hugh/datasets/gittables/id/1596111654example.parquet	height	9a75677e9b89c1b2b733983a20a125e65e2b55cbff96635c9894b26169e677fd	20
decfix	representation.numeric.decimal_number	sample	/Users/hugh/datasets/gittables/data_rate/WorkoutCustomTargetValues_12.parquet	Value 3	ed86a7d4ad41bff02a15adbbbb74818f81e89b33a22278907960269bde458de9	7
decfix	representation.numeric.decimal_number	sample	/Users/hugh/datasets/gittables/in_time/tradessummary_supertrend35wx4_3_trail_SL_in_system_percentSL1_0.parquet	Profit Points	07ecd93ea50d7841b890ea059fb0f9847f4edd6d623cef6c3dcc503c9fc8e53f	6
decfix	representation.numeric.decimal_number	sample	/Users/hugh/datasets/gittables/object/h3ka-FSLY_trades.parquet	profitPct	49392bca41c1a963ddb59bc92f1da0c171096a43ed69edc83637fb8011da6a07	14
ymdfix	datetime.date.compact_ymd	sample	/Users/hugh/datasets/gittables/object/2020-06-14-INCR_DATE_TAMP_RL_v2.parquet	DATA_RICEVIMENTO_TAMPONE	97154617a7c1d10a6353d7d9a23e7c621174026605477b0b602be141849ce7bd	32
ymdfix	datetime.date.compact_ymd	sample	/Users/hugh/datasets/gittables/id/20150403TORBKN.parquet	date	698ee6e094c9d689ef735282a5dec23d47086f863e5732c642e49e35f6dae7ab	10
decfix	representation.numeric.decimal_number	sample	/Users/hugh/datasets/gittables/id/09.parquet	Values	8331e5ebf40b3310c90edf9853a0375822b703af3733b0e6f3d3359d24616da3	32
decfix	representation.numeric.decimal_number	sample	/Users/hugh/datasets/gittables/growth_rate/sorted_percent_need_and_funding_pop.parquet	Total Reported Funding	98be59ee6ff8b372cf2c25536fa648fa21c10261dea1cebcf45feed6f2b6205f	11
decfix	representation.numeric.decimal_number	sample	/Users/hugh/datasets/gittables/then/2009_audi_q5_modified.parquet	Value_2	3065aaa8bf47af11ea2ae93dadf9b6a034a16db44a57afc19ad90ed25de3a55d	32
upc	representation.numeric.integer_number	sample	/Users/hugh/datasets/gittables/id/halo_85004590207_particle_ID.parquet	particleId	071b39cab5a79a13b821bc7b9a20dec6decb2a94b377b46bb12e84ea16fbd499	32
ua	representation.text.plain_text	sample	/Users/hugh/datasets/gittables/parent/jos_ucm_content_44.parquet	'core_state'	206564b0cc9ce7169ba5fbf7f28c0acb93c159e8cf2c9729c004512bc97385d3	32
ua	representation.text.plain_text	sample	/Users/hugh/datasets/gittables/episcopate/test1.parquet	edition1	15389624b8736b6e1a8552748e2db6e5ffada4fccb7e27065282a2da28f7a2e9	32
decfix	representation.numeric.decimal_number	sample	/Users/hugh/datasets/gittables/object/ema-F_trades.parquet	profitPct	8f15d68bfb7e39bbbdd1b0ff66e1f783db59bea0f8aeac31835ab55f68ea2cf7	14
ua	representation.text.plain_text	sample	/Users/hugh/datasets/gittables/abstraction/Designite_GitVersionCore_DesignSmells_1.parquet	Cause	0c842861fdadd52d0d0493549ad94d0b52a5cbec0d3f29465837fe5fb2999681	32
decfix	representation.numeric.decimal_number	sample	/Users/hugh/datasets/gittables/speed_of_light/2009_chevrolet_corvette_modified.parquet	rating_value	4e5cc268622a73e21818343e225e2a8dcbb40b4bc7ba5b68580ffad01eae716f	32
decfix	representation.numeric.decimal_number	sample	/Users/hugh/datasets/gittables/object/sma-PRPL_trades.parquet	profit	b165b670fccbfe7babd6abbd5561133f325df7db5d9afda498e712c192db41af	17
ua	representation.text.plain_text	sample	/Users/hugh/datasets/gittables/show_time/fc-jira-bug-fix-dataset.parquet	DescriptionTopWords	94c66154809c3bbd6e5f466981045ced8605fa0d4cfa3e5656099e8b4f1ca1b9	32
decfix	representation.numeric.decimal_number	sample	/Users/hugh/datasets/gittables/id/enthalpy_of_mixing_binary_17.parquet	Estimated EnthalpyOfMixing Value (kJ / mol)	7e41f374b6b19f5348f1c8994a90f17e77503fed392cb95074945f06419c7e9f	30
decfix	representation.numeric.decimal_number	sample	/Users/hugh/datasets/gittables/growth_rate/summary_stats.parquet	Days Sales Outstanding	cfa0231130efc5df1d5fb36abcfeeda8eb1d8661e2ae0714fa8725464b09762d	11
ua	representation.text.plain_text	sample	/Users/hugh/datasets/gittables/then/sw_0004_4327.utt_9.parquet	trees	ce065e1880d6309143e9e632d7e147bbc1df4014815767098ad223d7fc884a55	32
ua	representation.text.plain_text	sample	/Users/hugh/datasets/gittables/question_time/Advices.parquet	Terms Definitions	9d44e1af940161b045ae088a5ad281b56bd582fdd7459030be37d5b110f048ab	8
npi	representation.numeric.integer_number	sample	/Users/hugh/datasets/gittables/id/20210525.parquet	HOME_TEAM_ID	33079f410d16393adffb3dcbb02de1e7b9e40a08c7789ba34c3eb4ee3b3662e1	5
ua	representation.text.plain_text	sample	/Users/hugh/datasets/gittables/then/members_4.parquet	Service_Offering	e65df19e4ef7df5d5fc2600bba84f9dc35d551d230f29bdac4bd35d3030f84f3	32
weight	representation.numeric.decimal_number	sample	/Users/hugh/datasets/gittables/id/import-20180331185456-1_openb2.parquet	weight	a9b86754a2df22f3abb7447c85f7041045009ebbf02a8dd31dd259b7f598ac2b	6
ua	representation.text.plain_text	sample	/Users/hugh/datasets/gittables/thing/sw_0443_4679.utt_13.parquet	trees	ecfd680e5bf12da372b998191675b04f6c9df5a639a6d29d2749a2c7ae89c711	32
decfix	representation.numeric.decimal_number	sample	/Users/hugh/datasets/gittables/crime_rate/housing_data.parquet	Median home value	db90101dc8bb7aad6c20e3d05d1ad723ec240ef28beca546f2f3174dcc650557	32
decfix	representation.numeric.decimal_number	sample	/Users/hugh/datasets/gittables/object/bollinger-FDX_trades.parquet	profitPct	2ec35f8036ab950b7784d133ddfdde93ce579ec31681ba4667522dd2eead27a7	6
decfix	representation.numeric.decimal_number	sample	/Users/hugh/datasets/gittables/object/test-DEF_trades.parquet	profit	5139e09c2839b8836e2649686901fb6bb89f64c40b7e1620fe56650af53690fb	14
decfix	representation.numeric.decimal_number	sample	/Users/hugh/datasets/gittables/thing/2009_bmw_1_series_modified.parquet	rating_value	281182d3c6133287984f3edbc642704206aed52c37f4d52bbbe5148b15bb497b	32
decfix	representation.numeric.decimal_number	sample	/Users/hugh/datasets/gittables/growth_rate/Account2_PV_AssetAlloc_Donut_1.parquet	topAssetsByValue__portfolioValuations__foreignExchangeRate	84a61e408715cc9caae102b05275c2ab28c7790ed60f7fc14c3249e6b7d93aa5	5
ua	representation.text.plain_text	sample	/Users/hugh/datasets/gittables/object/zzh8829__yolov3-tf2.parquet	code	a35912e28f6d261a7914c0c8049dfee1046fed7763d48dddd5e9e88bc5bcdeb7	13
decfix	representation.numeric.decimal_number	sample	/Users/hugh/datasets/gittables/organism/inputFileCroazia.parquet	Soil pH (enter a numeric value)	a0e567a6ca3e01ab365b8a3a9fe454f63fcee25bd43c5304b058bca4a06083cb	16
ua	representation.text.plain_text	sample	/Users/hugh/datasets/gittables/data_rate/%20ethanol_pubmed.parquet	Abstract	b384a01cf4fb353f492d85dafde2150fd7b825be772ae476825d17cea82afe9d	13
decfix	representation.numeric.decimal_number	sample	/Users/hugh/datasets/gittables/growth_rate/Account2_PV_AssetAlloc_Donut_1.parquet	assetAllocations__portfolioValuations__percentageValue	84a61e408715cc9caae102b05275c2ab28c7790ed60f7fc14c3249e6b7d93aa5	28
weight	representation.text.plain_text	sample	/Users/hugh/datasets/gittables/running_time/dwbfpricesusawin02012014.parquet	EVENT_NAME	07a6b1555fafc61479d94cfdb81bf76ea1e1dc1ae58d9653406d6ab13dd4fb67	32
ymdfix	datetime.date.compact_ymd	sample	/Users/hugh/datasets/gittables/id/1629597.parquet	GAME_DATE	b57cabc86a98c994652b4904a2f158dd7acd8940d22b96576264f9521770dc99	9
ua	representation.text.plain_text	sample	/Users/hugh/datasets/gittables/data_rate/A00-2018_akanksha_167.parquet	Reference Text	24db5e57d48a2448778332091c9a7d90378ce5e2d9e7b1feecb47b39e687e279	15
decfix	representation.numeric.decimal_number	sample	/Users/hugh/datasets/gittables/parent/dummy-products_909.parquet	meta:total_sales	7517ccf94214ab0a84cd4a3165a722713cef3586a9e8b3a1999745aabc606333	17
weight	representation.numeric.integer_number	sample	/Users/hugh/datasets/gittables/id/dbo.WebObjDimensions_view-sample.parquet	WeightIN	ea7aa70afd790a417f925cc839b54e4154e66fe7596ea3483eb2af1a4f703b87	32
ymdfix	datetime.date.compact_ymd	sample	/Users/hugh/datasets/gittables/id/20161230MIABOS.parquet	date	7227305753e6179b288e2eacc696b3162ae0c52a8e6dddba455951fa6f4b318d	16
ua	representation.text.plain_text	sample	/Users/hugh/datasets/gittables/parent/jos_ucm_content_42.parquet	'core_state'	803e1df9e3c7fa7ac03cf1a5bc65b3335c172f4ef796d5664ead1b61ddb2c005	32
decfix	representation.numeric.decimal_number	sample	/Users/hugh/datasets/gittables/speed_of_light/civil01562.parquet	Balance Due	0f5adbe5c24d1f9efc01c576f38bfdc899e1acb8c6d7593295b2665cfb4cefaf	32
decfix	representation.numeric.decimal_number	sample	/Users/hugh/datasets/gittables/object/h3ka-AMZN_trades.parquet	profit	dee131944e2274e2dd2870c1053c0db368db5c2baebaad74abc7b30249f03479	15
ua	representation.text.plain_text	sample	/Users/hugh/datasets/gittables/parent/bad_obj_type.parquet	Description.note	5fde8f8554e16e1db4404a3aa65fca3b9dafd569466eedc18b6792f46ec5d991	17
ua	representation.text.plain_text	sample	/Users/hugh/datasets/gittables/parent/jos_ucm_content_22.parquet	'core_body'	930770c9e464f99b69b07b31c624367a7176eb6b671631522c91beca90d9eac1	32
decfix	representation.numeric.decimal_number	sample	/Users/hugh/datasets/gittables/running_time/proto_dt_result.parquet	scaled_input_capital-loss	cad0f7498b98bb60f8963ed113368e295003ecd9ff168feb4f9890e948b94b5d	5
npi	representation.numeric.integer_number	sample	/Users/hugh/datasets/gittables/id/trades_14.parquet	exec_id	cf7dbc148e95df57a4a2529e72f3ec293d652dbd17a23e4a8836eb340bf14e77	32
decfix	representation.numeric.decimal_number	sample	/Users/hugh/datasets/gittables/parent/lov_BehaviorsTypes.parquet	category_value	03aa4505b9816a5b44b275cd044ebea61976b92f332a2e04b15a985d1288b577	32
ua	representation.text.plain_text	sample	/Users/hugh/datasets/gittables/quick_time/jos_ucm_content_43.parquet	'core_body'	db4cfda7b8d98e9c33b90e94831691851343576efb7ca1585d44eb046253906d	32
ua	representation.text.plain_text	sample	/Users/hugh/datasets/gittables/half_life/robertaX5059FE.parquet	text	629bd477e1c6fae0345f06299be4366423dbf9f5bcddcd315fcdbf65fbb7f1d1	13
ua	representation.text.plain_text	sample	/Users/hugh/datasets/gittables/abstraction/Designite_ServiceBus_DesignSmells_1.parquet	Cause	5518292b69dc2832b21ec8d60ccf5756427515ceab4fb26c3f9f9aaf33af089d	32
ymdfix	datetime.date.compact_ymd	sample	/Users/hugh/datasets/gittables/growth_rate/candidates.parquet	Date	c99925a3f751987a5d6e9e7b16b4d68c0d4cc4e59d41c5582943d3f17301ad17	19
ua	representation.text.plain_text	sample	/Users/hugh/datasets/gittables/parent/DCTM_ContentTypes_PROD_old.parquet	IncludedSiteColumns	01daf5c5fedc62debba253c1eae462a96cc3c4262cb24803ae9463adbb1ffabb	32
ua	representation.text.plain_text	sample	/Users/hugh/datasets/gittables/data_rate/A00-2018_akanksha_179.parquet	Reference Text	1c307c37ba572380f3a7bb84e2d78378adc20197c12851ffdfa75a0940cfb0d5	15
decfix	representation.numeric.decimal_number	sample	/Users/hugh/datasets/gittables/then/2009_chrysler_town_and_country_modified.parquet	rating_value	f67503a907eb3ed357d03ba9c4ae50ff6d392783ea103adcab6e011fbea01987	32
decfix	representation.numeric.decimal_number	sample	/Users/hugh/datasets/gittables/organism/gProfiler_boleracea_9-9-2019%2021-58-35__intersections.parquet	negative_log10_of_adjusted_p_value	c1a6094827db7da8a07e1c881bea3aa195ae780c9646fb2c01e20f3780f2e569	32
ua	representation.text.plain_text	sample	/Users/hugh/datasets/gittables/parent/jos_ucm_content_4.parquet	'core_state'	c1ed56101066dbc898017c18b32206e136e0cbef2024adc3366beb4a35500571	32
ua	representation.text.plain_text	sample	/Users/hugh/datasets/gittables/question_time/August.parquet	Request Description	6233173fe5b725003a606c3f07d1db94a556515bb7dfd2c753815fd70ba65fa9	32
ua	representation.text.plain_text	sample	/Users/hugh/datasets/gittables/speed_of_light/Designite_Craft.Net.Networking_DesignSmells.parquet	Cause	a2a22ad6911aef3a0874b0689810b9a1b61ec37bc4f7d431fe9873489a1fa7a3	32
decfix	representation.numeric.decimal_number	sample	/Users/hugh/datasets/gittables/object/objectMaxResultsBriand_1.parquet	HasLazyValues	ff0ebb4da1f911f84ab470e9ff9701531f43af6c7058ce12b0c4e4db38bb6cfd	32
decfix	representation.numeric.decimal_number	sample	/Users/hugh/datasets/gittables/id/felony2020-02-12%20at%2012.15.40%20PM%2086.parquet	Balance Due	caf29444f90e8e99ef9c42cdc23aa959aa8d6751db165d44a3fabc87cb788c05	6
ua	representation.text.plain_text	sample	/Users/hugh/datasets/gittables/real_time/jos_ucm_content_109.parquet	'core_body'	5e0494a636400e5bf6d30323bb7d9a7993753d05ed8068007e2220d28c8f4f17	32
ymdfix	datetime.date.compact_ymd	sample	/Users/hugh/datasets/gittables/id/101106_5.parquet	GAME_DATE	5dc90e76b68840c27db272c8bb48c27488512dce0d11d62d26966507e4853f23	32
npi	representation.numeric.integer_number	sample	/Users/hugh/datasets/gittables/id/20210408.parquet	VISITOR_TEAM_ID	3a2e2b099634e8d4a77a4ded3dab43ac773e374bdf73eed10ce163242d9f477f	7
ua	representation.text.plain_text	sample	/Users/hugh/datasets/gittables/data_rate/meta_2020-09-15_aw.parquet	comments	855d2fbfadb442723b939b11ee1f5a0109f14e34ce449633b173714add438145	15
ua	representation.text.plain_text	sample	/Users/hugh/datasets/gittables/then/Scrapy_AmazonReviews_AllPrdcts_2020-08-03T10-47.parquet	body	74fcbb18bc8271cefc536e78a2eebd47f61b60a091ff3a7f55a8b0ec9738270f	31
decfix	representation.numeric.decimal_number	sample	/Users/hugh/datasets/gittables/real_time/final_data.parquet	Citations per $1mil funding	8d5eca4955aa06609205c84cf6ad97a4ac9952f07cedf1ff1e549e0933067165	30
decfix	representation.numeric.decimal_number	sample	/Users/hugh/datasets/gittables/running_time/rfc_result.parquet	scaled_input_capital-gain	6ee8c0af7144ad1ad3c898e637a93628921b54e01208b30c962f12575b584881	5
ymdfix	datetime.date.compact_ymd	sample	/Users/hugh/datasets/gittables/id/nba_20210221_total.parquet	Date	18ab06acad870d27161c80e8cc124f3f1a4e170a5c5b68e9042f36d7b1797017	8
decfix	representation.numeric.decimal_number	sample	/Users/hugh/datasets/gittables/object/Monthly_Demand_Se_North_Cache_Irr.parquet	SeasonNumericValue	fb77a3516a8e781c7102d2df9c20a2204e874dde4923c5508a7d3827d7727d87	12
ua	representation.text.plain_text	sample	/Users/hugh/datasets/gittables/show_time/page3.parquet	reviews__review	9ef55f916d0c6c276e7e77ae81779f13c3eefb5fffff5d3b4c0df9478d9afed1	10
height	representation.text.word	sample	/Users/hugh/datasets/gittables/parent/jos_modules_26.parquet	'access'	946ef95f9bf1c5054aa0f4c1d4974aac0af3c4e3be8df56f2ef4328b3331597b	6
weight	representation.text.plain_text	sample	/Users/hugh/datasets/gittables/half_life/NCA_single_dose_2.parquet	clast	03935e75c6d71d624765230691053e6dc6cf46b34f3d23d0ae3d723a83aaadc1	32
ymdfix	datetime.date.compact_ymd	sample	/Users/hugh/datasets/gittables/id/1629719_2.parquet	GAME_DATE	e8ff1a5855de3b278d7b28c776e5c8082d84307ab5b00cdc38b7fbc743932abd	29
decfix	representation.numeric.decimal_number	sample	/Users/hugh/datasets/gittables/object/rsi-GS_trades.parquet	profitPct	b700fd64d0228061bce510455ead89c55cf5b119b3f382b0c6cc6cb651876947	7
height	representation.text.word	sample	/Users/hugh/datasets/gittables/parent/jos_modules_17.parquet	'access'	858f253de99ee45960646212117779cd20deaa67b30f521aeaff993ba95f510d	6
weight	representation.text.plain_text	sample	/Users/hugh/datasets/gittables/thing/dwbfpricesrsawin08102014.parquet	EVENT_NAME	00f1c5c0734402002658034918867d965edc3634674f9ba11d864a4845840d99	32
decfix	representation.numeric.decimal_number	sample	/Users/hugh/datasets/gittables/object/rsi-GAL_trades.parquet	profit	2a9c834bd82ba3d90fcf3ec3b5f5da5206e2ecabc475c49a7b249146a13bd837	6
ua	representation.text.plain_text	sample	/Users/hugh/datasets/gittables/respiratory_rate/meta_2020-07-20_aw.parquet	total.tested	5ece2e47eab7263e6a61f9d24c848e4264d26a98211c3cad9deefd92ef778963	26
locale	representation.text.word	sample	/Users/hugh/datasets/gittables/show_time/906104__20160428_234432.parquet	handedness	fa05166cfb027e4efa0043b4ee4b44585c9dded57c89cc3a1440b3771dd5af35	32
decfix	representation.numeric.decimal_number	sample	/Users/hugh/datasets/gittables/channel_capacity/2009_nissan_frontier_modified.parquet	rating_value	907b9ccfff157be9a2b52c2082e4ad1bbba68453a66dc30ac72ae4900a3e874b	32
ua	representation.text.plain_text	sample	/Users/hugh/datasets/gittables/relaxation_time/double_check_DRKS_original_results_IRR2%2B3.parquet	intervention.value0	be3a25a06f31bb60d5d06a14c4d1a09bc5ac5312598164fa768c8019b412dacd	26
upc	representation.numeric.integer_number	sample	/Users/hugh/datasets/gittables/id/halo_85007837699_particle_ID.parquet	particleId	bc65f52963b8d713f1aa98331d4422636afc4fb09cb6265ca5b97b0e1cd3e049	32
decfix	representation.numeric.decimal_number	sample	/Users/hugh/datasets/gittables/object/trendwatcher-DNLI_trades.parquet	profitPct	2d5e00771655fa263b9b7cc79f270dd502b2fe2f60eaaf9d0da6a5c3617fa1bf	22
ua	representation.text.plain_text	sample	/Users/hugh/datasets/gittables/living_thing/0882_7.parquet	pos	b08f3cdab6b7d4d988b35e38ffd42886cc1c80d759ab68af299d23ca5159f99d	32
locale	representation.text.word	sample	/Users/hugh/datasets/gittables/real_time/sw_0663_3225.utt_13.parquet	act_tag	ecc847b1dc376cda11edaa4ddfa5ed13fa6a0113f48b8944befc4d930216a771	32
decfix	representation.numeric.decimal_number	sample	/Users/hugh/datasets/gittables/id/excess_molar_volume_binary_14.parquet	Estimated ExcessMolarVolume Value (cm ** 3 / mol)	140ebd64cc2a9a44ecdf53c649e59b8cf4a84bae17a21c58b79bb599a23c1491	30
ymdfix	datetime.date.compact_ymd	sample	/Users/hugh/datasets/gittables/id/20170323LACDAL.parquet	date	db1614e62cfd2c2ecdd6a8d6a64451cce08b7a1cbd5a5eb58a11303bc89b1253	16
ua	representation.text.plain_text	sample	/Users/hugh/datasets/gittables/quick_time/jos_ucm_content_40.parquet	'core_state'	21d4ffb17ea8b73ef01b597eb5d48a6d0205165aa205c06fed032e28dae1df71	32
ua	representation.text.plain_text	sample	/Users/hugh/datasets/gittables/question_time/mamaluvs2travel.parquet	text	e64e4261734e6289186db403f2d25481431baf8ac42142d8bffa5369f236a11b	32
decfix	representation.numeric.decimal_number	sample	/Users/hugh/datasets/gittables/object/trendwatcher-ARKQ_trades.parquet	profit	359ec23bfec98dd1009c8943c5450e48578a4262f6234a404f76af32c67386f7	21
decfix	representation.numeric.decimal_number	sample	/Users/hugh/datasets/gittables/real_time/2009_bmw_5_series_modified.parquet	rating_value	f471febd4296ac3af9ed49ceb8aaf5955cf40ee7c05a20f2d88e400516465f6b	32
ua	representation.text.plain_text	sample	/Users/hugh/datasets/gittables/processing_time/E03-1005.annv3_28.parquet	Reference Text	897c7597d3b2a409fc28718830166b01a390893879a9cf9eb73a2a8393a935e3	15
ua	representation.text.plain_text	sample	/Users/hugh/datasets/gittables/half_life/lynnmano.parquet	text	6202123042813e765809b113504fb3b0101ffa56c44665c8ca1391f9fc200b37	32
height	representation.numeric.decimal_number	sample	/Users/hugh/datasets/gittables/id/dbo.WebObjDimensions_view-sample.parquet	HeightIN	ea7aa70afd790a417f925cc839b54e4154e66fe7596ea3483eb2af1a4f703b87	32
weight	representation.text.plain_text	sample	/Users/hugh/datasets/gittables/half_life/NCA_single_dose_1.parquet	doseamt	e232e46c0c3b30963241a3f7a18c98d5b50c4623f6816347b5f6e373ee5dd09d	32
npi	representation.numeric.integer_number	sample	/Users/hugh/datasets/gittables/id/whs_SPINOFFS_spinoffs_2021-05-03.parquet	parent_company_id	3022cfa2b200ec43204c7262f0432dc03ae06c74089ce2d1e341d1e154ef5ffb	22
decfix	representation.numeric.decimal_number	sample	/Users/hugh/datasets/gittables/object/rsi-INTC_trades.parquet	profit	e8d4420bc254f4a0334880006745f44d04c8e7a700542456e495c128fdb730b5	8
decfix	representation.numeric.decimal_number	sample	/Users/hugh/datasets/gittables/thing/2009_chrysler_town_and_country_modified.parquet	Value_2	0e24fa00b98efbed7c6b2149796602b7a77761e05aee3f1ded2daf1cda705a0f	32
decfix	representation.numeric.decimal_number	sample	/Users/hugh/datasets/gittables/id/enthalpy_of_vaporization_pure_85.parquet	Reference EnthalpyOfVaporization Value (kJ / mol)	370c481b69a2a0ebe5ae1e663361701fbb2a6b0f380792e645f3a02d82c401e9	28
ymdfix	datetime.date.compact_ymd	sample	/Users/hugh/datasets/gittables/parent/2021-03-28_results.parquet	date	35562707c32a602f4dbbbc10cf1474e2c244089e4e437c7d57c648cda54f1c6d	15
ua	representation.text.plain_text	sample	/Users/hugh/datasets/gittables/show_time/jos_ucm_content_22.parquet	'core_body'	b09786fd29f258d16f2e64f043395878ef54998e75d52f79b45839be3b79d0b9	32
ymdfix	datetime.date.compact_ymd	sample	/Users/hugh/datasets/gittables/id/1627743_3.parquet	GAME_DATE	486ec1815b6270aee1870b32fe97ba8bd9cd13373321e248c0aaa092b6014e6b	18
ua	representation.text.plain_text	sample	/Users/hugh/datasets/gittables/data_rate/ankeshanand__neural-cryptography-tensorflow.parquet	code	836dbb21dd10606d4ace4f8bc53a46da4a987cb3c717e06ad8708e9e767c26f9	6
npi	datetime.epoch.unix_seconds	sample	/Users/hugh/datasets/gittables/in_time/2020-09-08_139.parquet	sunriseTime	98935f05c4666da4f2acd766cc723488e5e3269cf2d3355557c26a6eb846efbd	8
ua	representation.text.plain_text	sample	/Users/hugh/datasets/gittables/data_rate/W11-2123_852.parquet	Reference Text	d04c57b266a53ce4ce083f5d758a570b081b44ccef43d4eee5bb0416f3209935	20
ua	representation.text.plain_text	sample	/Users/hugh/datasets/gittables/real_time/jos_ucm_content_90.parquet	'core_body'	bbc03f153799385d5c0d17c9f8c43fc3ada9aec1b0d71fe60030da3dd5ceaf01	32
weight	representation.numeric.integer_number	sample	/Users/hugh/datasets/gittables/data_rate/afg77national.parquet	DenominatorUnweighted	fd588a2428cda586692a4d24b554fc8dfd265ecd9579fadcabf55cace742272d	32
ua	representation.text.plain_text	sample	/Users/hugh/datasets/gittables/thing/Play_2017-08-09_23-37.parquet	Review Comment	14bdf29b1efda5fa058c3a384853e23ae7d10c2d3ebd59e0465c5907ae577f8d	32
ymdfix	datetime.date.compact_ymd	sample	/Users/hugh/datasets/gittables/id/20150304MEMHOU.parquet	date	311d247435a19571e4f74e8a3f07e885480c635e39c6b85efd1219058216fa6b	10
locale	representation.text.word	sample	/Users/hugh/datasets/gittables/real_time/sw_0032_4333.utt_2.parquet	act_tag	9d1789867b596b2ece45df9e307d2205cb4b8d38ea1916c7e91de87b8815b58b	32
ua	representation.text.plain_text	sample	/Users/hugh/datasets/gittables/data_rate/HUS_20190925-043817.parquet	Body	33e03aa73c66238a4a0ba67bb9406504a9b6ece4067bd5cb4f1194f637a0c021	31
weight	representation.text.plain_text	sample	/Users/hugh/datasets/gittables/half_life/NCA_single_dose.parquet	half_life	2428f4de982400d39d5ab6c95df3991fa3df2f09f2690769f0b0c05dcae44245	32
ua	representation.text.plain_text	sample	/Users/hugh/datasets/gittables/abstraction/Designite_Spring.Web.Tests_DesignSmells.parquet	Cause	0ecae7224cd7b4d684529fb10553390b297497c1ecc29cec3296fb620a51453d	32
ua	representation.text.plain_text	sample	/Users/hugh/datasets/gittables/parent/jos_ucm_content_9.parquet	'core_state'	d9f86bf13ab63ca96d3021ae016de3f9de391689542e33c86398b0531b965aa5	32
decfix	representation.numeric.decimal_number	sample	/Users/hugh/datasets/gittables/speed_of_light/civil01494.parquet	Balance Due	994cc410fca88726d97331cdce1eaffd0aa102014b7955553c786fc5f6dc9aa5	32
decfix	representation.numeric.decimal_number	sample	/Users/hugh/datasets/gittables/whole/2009_nissan_sentra_modified.parquet	Value_2	c7408b814bbe5fb0f7ef273e4c28977b89144567b258a6907e91acd73f1a115b	20
ua	representation.text.plain_text	sample	/Users/hugh/datasets/gittables/growth_rate/METTA_20190923-091706.parquet	Body	268d381637348e3758a3995b51e1ea3a359218ee9ec836c7fd9b32e6aadf0e73	32
decfix	representation.numeric.decimal_number	sample	/Users/hugh/datasets/gittables/dead_air/2009_chevrolet_corvette_modified.parquet	Value_2	16fd72247205e613a5d2be5e551d6c02d6a8635bcad630e23af620cd8f48be2b	30
decfix	representation.numeric.decimal_number	sample	/Users/hugh/datasets/gittables/object/test-CPA_trades.parquet	profitPct	82c72aff466b23e896b8a95beefb478497ec8938ba16d53b6494827bbec3ec5f	17
height	representation.text.word	sample	/Users/hugh/datasets/gittables/show_time/jos_modules_28.parquet	'access'	bd8d217a83882cb70597e443c8ff4941122752b0bfe232df3bf240a50e9924b9	6
locale	representation.text.word	sample	/Users/hugh/datasets/gittables/dead_air/train_23.parquet	__index_level_84__	c993a208dff7949879a49ebf674a8aeb2f8edd37e7fd039ea327986ff619c579	7
upc	representation.numeric.integer_number	sample	/Users/hugh/datasets/gittables/id/halo_85004157316_particle_ID.parquet	particleId	d83d1f3db92604afe2998e38556767cf3751c406d2b71ef1ed59ca4717c819eb	32
decfix	representation.numeric.decimal_number	sample	/Users/hugh/datasets/gittables/object/raw_19.parquet	sample_measured_value	f2bbbb7a99e0a84cab11ca1ab53ebf315b256211cdf971b647dceb1cafe886cf	32
decfix	representation.numeric.decimal_number	sample	/Users/hugh/datasets/gittables/speed_of_light/A54.tranSubsector_VOTT_revised_1.parquet	time.value.multiplier	8c3dfa259a9f34c249e0da710e9d5184ec535f4a2dfc60aa227d38dadf824df3	21
ua	representation.text.plain_text	sample	/Users/hugh/datasets/gittables/living_thing/sw_0005_4646.utt_11.parquet	trees	50ac59481df842f1432afe63294caf1481074e637e59afaed595cabcbbd06857	32
ua	representation.text.plain_text	sample	/Users/hugh/datasets/gittables/abstraction/Designite_SAI-Editor_DesignSmells.parquet	Cause	5b43fbc73a3b861c23d7cccefe6259dade9dcd274066ceb5dbe71509b7e924d9	32
decfix	representation.numeric.decimal_number	sample	/Users/hugh/datasets/gittables/object/rsi-BA_trades.parquet	profitPct	57972de4e22636607c6bc3b3559811617dc12bcb3a7c26c2d23450f2ffba6c43	9
decfix	representation.numeric.decimal_number	sample	/Users/hugh/datasets/gittables/seek_time/PL2331LAGR0TTJ.parquet	Smart 198: Offline_Uncorrectable (Raw Value)	750440921d478cef0c3359d3ba8304a6e52c1974b4fbf74c55178ba681b61729	32
ua	representation.text.plain_text	sample	/Users/hugh/datasets/gittables/show_time/switch_games.parquet	description	7efb874cac07501ee0c46c53896592d4e51184d42190a4f4f26ee3c6918859e1	32
npi	representation.numeric.integer_number	sample	/Users/hugh/datasets/gittables/id/20210331.parquet	HOME_TEAM_ID	8f19cfbe6faacca92b5fd692f88b938c6359d5c27501974269f1ceb7d0bb9a0b	10
locale	representation.text.word	sample	/Users/hugh/datasets/gittables/show_time/JMSOQGHNFMYO_1.parquet	V5	44197c6b59893c511de5e4ad0f66647f14f1dba5c7d3f19af89249c00b71ee85	32
ymdfix	datetime.date.compact_ymd	sample	/Users/hugh/datasets/gittables/id/1627778_1.parquet	GAME_DATE	54c33b12aca082e7546b64af7487dc6a05d97d07eb50546a6b53afb9e58f5219	7
ua	representation.text.plain_text	sample	/Users/hugh/datasets/gittables/growth_rate/land-v08-i06.parquet	Abstract/Description	ee193a8a3e1ec6c3d7f7f5518d325771e301b05173bc7528cd644afb982120c9	18
ua	representation.text.plain_text	sample	/Users/hugh/datasets/gittables/object/Bug_Version1.4.parquet	Description	b9bb95df5034d1e59fd04b7259af9fe55448bcb989de72f67981d18cc5f12395	17
decfix	representation.numeric.decimal_number	sample	/Users/hugh/datasets/gittables/running_time/dice_nn_result.parquet	origin_input_capital-gain	48a891de49f40f6720d76a30f65ac64a53feea81724228c25026167154f4e1b1	5
ua	representation.text.plain_text	sample	/Users/hugh/datasets/gittables/question_time/sw_0692_2287.utt.parquet	parse_tree	1c106f0981361f77b9a1b389685b8386e7e23f2ada3ffdc4704b9a2143df6d4d	32
decfix	representation.numeric.decimal_number	sample	/Users/hugh/datasets/gittables/id/excess_molar_volume_binary_30.parquet	Reference ExcessMolarVolume Value (cm ** 3 / mol)	87277534bbd52bd15ee71262dbfaae5c70af597d8ca957806379018341e803e3	32
ua	representation.text.plain_text	sample	/Users/hugh/datasets/gittables/object/MOCK_LICENSES_2.parquet	notes	0fcb8beab57f4b2633c5de9066bba270f2ad8c8bef071008ecbffd65459a2c69	32
decfix	representation.numeric.decimal_number	sample	/Users/hugh/datasets/gittables/data_rate/Globtherm2_within_species_SO.parquet	parameter_value	905275e7078e6784c049a1c174c500715eb0b4325c31278896d79af2241570c1	32
decfix	representation.numeric.decimal_number	sample	/Users/hugh/datasets/gittables/rate_of_return/stimuli_df.parquet	Value	712a7d46aeccc5a92697bab477d65c3800fccd17d27c5c5a0cc88eaf089e48af	32
decfix	representation.numeric.decimal_number	sample	/Users/hugh/datasets/gittables/object/raw_62.parquet	sample_measured_value	2b8ff662be54ae6ddc91eca34bed83015505dce5bef939a8063b5a4230c4b227	32
ua	representation.text.plain_text	sample	/Users/hugh/datasets/gittables/data_rate/A00-2018.annv3_61.parquet	Reference Text	aa51e7c8755cfa98419c8cb3834c5bc1ba2433fdce66163c9534a1fcec282a1d	16
ua	representation.text.plain_text	sample	/Users/hugh/datasets/gittables/data_rate/J01-2004_108.parquet	Reference Text	c4104b2de173c0b124df23ed5388a1fade259aa6880171f36a906e24bffccb5d	17
ua	representation.text.plain_text	sample	/Users/hugh/datasets/gittables/then/bubble2_4.parquet	Description	aedfac8033c4e129650bbcca085649d685d5977a3534f5cb558bf1f4f9601e1f	32
ua	representation.text.plain_text	sample	/Users/hugh/datasets/gittables/then/videoinfo_NUfRRckdDGA_2021_03_17-12_14_32_comments_comments_124.parquet	text	c160ac62d8346059f310dc537af8c35cd04695f09223555bf4c209ceac8d89e5	32
height	representation.text.word	sample	/Users/hugh/datasets/gittables/parent/jos_modules_110.parquet	'access'	51d1bed5134cdb31f46e148091c60c0b6ce5a252f5ec4a4af36ccf7bcfb470dd	6
decfix	representation.numeric.decimal_number	sample	/Users/hugh/datasets/gittables/rate_of_return/summary_stats.parquet	daysOfInventoryOutstanding	55cd066c93d09750544be68d96276688a4858e39b2098bea37455bd2afdc18bf	11
height	representation.text.word	sample	/Users/hugh/datasets/gittables/show_time/jos_modules_30.parquet	'access'	417566ec6a01a85b14bdcd37840c2a34b025e9a4ce59da7dbd4e68132a107931	6
decfix	representation.numeric.decimal_number	sample	/Users/hugh/datasets/gittables/inflation_rate/somalia.parquet	Net foreign assets (current LCU)	b801a93684265234a990d63740097f2b1810db4153bb1a993db95418c71c3009	30
ymdfix	datetime.date.compact_ymd	sample	/Users/hugh/datasets/gittables/data_rate/news_20180605_1.parquet	20180605	020be0622c131f9fe5a15d502f92533f2855c806a31129cf8c84588227a148d9	32
decfix	representation.numeric.decimal_number	sample	/Users/hugh/datasets/gittables/object/test-MOD_trades.parquet	profit	c231b4fbf690ec29fc47ab591d2073f76a7e2bfd88822e410225e6f541225613	11
decfix	representation.numeric.decimal_number	sample	/Users/hugh/datasets/gittables/object/rsi-UBER_trades.parquet	profit	f9a2b73dd088e4399e4d5c45e74cac121a40999428143f8ad2b1235407ca3a43	6
ua	representation.text.plain_text	sample	/Users/hugh/datasets/gittables/dose_rate/RePORTER_PRJ_C_FY2018_003.parquet	PROJECT_TERMS	43c674764c57f7a111c3fd869e69f9aa48d756b38325c8020e8c015ecddc61bf	9
decfix	representation.numeric.decimal_number	sample	/Users/hugh/datasets/gittables/object/test_data.parquet	Value	b4168244220aef3c947b80ca82ad3720328d1a4ac16e31b5c16f2a6d89591633	16
decfix	representation.numeric.decimal_number	sample	/Users/hugh/datasets/gittables/id/excess_molar_volume_binary_5.parquet	Estimated ExcessMolarVolume Value (cm ** 3 / mol)	6bf66c7adcbaad3759992164aa2778b0ad535c783bd1df766d47da4ab17ba0cf	24
ua	representation.text.plain_text	sample	/Users/hugh/datasets/gittables/abstraction/Designite_DemoFramework_DesignSmells.parquet	Cause	f33b33e245747e2337fc5fe6817b48109f8828f56af7a50922d8993b11b9981f	32
decfix	representation.numeric.decimal_number	sample	/Users/hugh/datasets/gittables/id/density_pure_97.parquet	Estimated Density Value (g / ml)	1ca28f0587edb8e0ae6d564c9db299c69fec6689b91c4b8c848991b012e53257	6
ymdfix	datetime.date.compact_ymd	sample	/Users/hugh/datasets/gittables/object/2020-04-26-INCR_DATE_PRV_TAMP_RL_v2.parquet	DATA_RICEVIMENTO_TAMPONE	76fb29848b347b9aecb1224b2ce27ca6f9c618ea80ed7746dec259f3ecb6a8e3	32
decfix	representation.numeric.decimal_number	sample	/Users/hugh/datasets/gittables/id/excess_molar_volume_binary_20.parquet	Reference ExcessMolarVolume Value (cm ** 3 / mol)	4b94f3edfd7fd3d37c6d622594f0277f144f29b5b5f954b94decd47423d09f03	30
weight	representation.text.plain_text	sample	/Users/hugh/datasets/gittables/show_time/dwbfpricesrsawin24052015.parquet	EVENT_NAME	e97f552aac16951bba552760a97d70bf6749c0845ff3e8701fcff2fc4645bf31	32
ua	representation.text.plain_text	sample	/Users/hugh/datasets/gittables/data_rate/ACS_UCL.parquet	Data Item Description	63eb982dc4f5a64da9962b13681717e1bfac741ee3d081d2c654342d8387e10b	32
decfix	representation.numeric.decimal_number	sample	/Users/hugh/datasets/gittables/time_interval/2009_honda_ridgeline_modified.parquet	rating_value	7e76bf4b62a703ca2d968b33567e6e0f963f2276b06c0cd85b167b05853af2f1	32
ua	representation.text.plain_text	sample	/Users/hugh/datasets/gittables/lead_time/J01-2004_40.parquet	Reference Text	7561786de05086d4112eeb69391bae10b5684674cc5c086d03473dbb80381aff	17
decfix	representation.numeric.decimal_number	sample	/Users/hugh/datasets/gittables/id/enthalpy_of_mixing_binary_7.parquet	Reference EnthalpyOfMixing Value (kJ / mol)	dc6479cc23cddedf3d6c26fd21599669b2eaaa40ecff17dbccb31967a84e768b	27
decfix	representation.numeric.decimal_number	sample	/Users/hugh/datasets/gittables/id/SMTP_results.parquet	predicted_value_[iForestASD]	ce5ccf89a692ae46d3911d268aa1bc20519e74ad5bba0e4c55abacc10d5e79db	12
ua	representation.text.plain_text	sample	/Users/hugh/datasets/gittables/growth_rate/fluoxetine_pubmed.parquet	Abstract	61cf173b4fa5559e7e49f68bb1afb2af40adae9922ed243b6372094e7ce335cd	9
decfix	representation.numeric.decimal_number	sample	/Users/hugh/datasets/gittables/id/felony2020-02-12%20at%2012.15.48%20PM%20138.parquet	Balance Due	3cd5cc1861417168a7334b60999d67e8a32ffcde8618df90486fcd3e6f584aed	6
decfix	representation.numeric.decimal_number	sample	/Users/hugh/datasets/gittables/object/test-TDOC_trades.parquet	profitPct	54278e10b5a9af067d1f2742b4e9afa62cf4247b99f55703668c9aa43c6f37c9	13
ua	representation.text.plain_text	sample	/Users/hugh/datasets/gittables/show_time/jos_ucm_content_58.parquet	'core_body'	04b7fb79c9d8d19653418cea410b9a85a629dd85feee8f09fc8c8f56d168e503	32
decfix	representation.numeric.decimal_number	sample	/Users/hugh/datasets/gittables/id/density_pure_133.parquet	Estimated Density Value (g / ml)	864d13f85df92ddba4c81051dc0a9a5b7d3665964ad587c0cd01786c2632ebb1	12
locale	representation.text.word	sample	/Users/hugh/datasets/gittables/thing/grafit_public_article.parquet	and.5	291871c60ffbf116322c20f0170844d561c1ecaaef9f5b1dd1199095dbbd3aa5	15
ua	representation.text.plain_text	sample	/Users/hugh/datasets/gittables/thing/sw_0455_2247.utt_1.parquet	trees	3d68cac99060fbad660b77d3317912916ed4abd64952be418b985466e0388b4d	32
decfix	representation.numeric.decimal_number	sample	/Users/hugh/datasets/gittables/growth_rate/indicator_15-2-1_1.parquet	Value	92fc08ab4d455c56fadbd343f78d770234de70818443ed5268f7fedbe550c949	32
ua	representation.text.plain_text	sample	/Users/hugh/datasets/gittables/thing/sw_0416_3205.utt_13.parquet	trees	5c7c12a7acd8c7636563b555f066f4edef488111dd86e49b4380522ebcd92d29	32
decfix	representation.numeric.decimal_number	sample	/Users/hugh/datasets/gittables/id/enthalpy_of_vaporization_pure_31.parquet	Reference EnthalpyOfVaporization Value (kJ / mol)	a60c0e86d95919b15245dfbebc690d390a12011e378a70a7f7b363eccb51fbf5	7
weight	representation.numeric.integer_number	sample	/Users/hugh/datasets/gittables/data_rate/configurations_225.parquet	classifier:random_forest:min_weight_fraction_leaf	a27756f80c6f8060d6648f2693e98a381895ce23dded2fb386fb46e0cb7498eb	32
ua	representation.text.plain_text	sample	/Users/hugh/datasets/gittables/lapse/9b7db413319f68ac759d356bf44a62e48e78ab1d7dcaf39b5f68977a5c31df32_2.parquet	Notes	a07f8f50e797d243b1b578d66ceb2f40b905f472916822e95a0d79906a2732ff	27
ymdfix	datetime.date.compact_ymd	sample	/Users/hugh/datasets/gittables/id/1629833_2.parquet	GAME_DATE	e3aa9f4c5c6f0577d2a89c7241ad5c5692e5891d6dfb88a5c24e54a74d536073	20
decfix	representation.numeric.decimal_number	sample	/Users/hugh/datasets/gittables/parent/dummy-products_1238.parquet	meta:total_sales	0999e1329df00ac07416c4c51567218140a09900aec7054ffbda56a65bf87c8f	17
locale	representation.text.word	sample	/Users/hugh/datasets/gittables/quick_time/train_30.parquet	__index_level_84__	86762dbe93267ed604af61cbdece9055db6cbca26da43267d0886528b449aa95	7
ua	representation.text.plain_text	sample	/Users/hugh/datasets/gittables/object/Designite_Orleankka.Tests_ImpSmells.parquet	Description	095cfa87e178842419972bb0d8e12a8aed476ea17e3bbcfc894bedb6ff79e555	32
ua	representation.text.plain_text	sample	/Users/hugh/datasets/gittables/object/tickets_9.parquet	resolution_description	97ed22b0c05c01b6ff48157a093a8dd531cf9cea1a69a4ea05c45c2a719aabd9	21
ua	representation.text.plain_text	sample	/Users/hugh/datasets/gittables/show_time/export2021.03.29-05.53.35.parquet	Author Affiliations	20f4045106cac928a9add753b91d9229fb2542ff0f2593cb428b99fbb28dea2f	17
ua	representation.text.plain_text	sample	/Users/hugh/datasets/gittables/interim/grad_program_pause_2021%20-%20Sheet1.parquet	Greetings	f3884190f6a20826f5ca094dd857800ac29279a63c7a1e2790e11a7ec9741b79	32
ua	representation.text.plain_text	sample	/Users/hugh/datasets/gittables/parent/MW_19_HIDS_3.parquet	full_log	7718f9aa97ef62cc2c522bd989b9d1fdf3017595399b294cb583aff381fcea47	20
decfix	representation.numeric.decimal_number	sample	/Users/hugh/datasets/gittables/thing/2009_chrysler_aspen_modified.parquet	rating_value	2308c429743595af443ca125de8c02f430a627bdcf470706af0389ea04f43221	26
weight	representation.numeric.integer_number	sample	/Users/hugh/datasets/gittables/in_time/94131.parquet	Weight	0b75445d624f7aeb8ee15b9b4d3f5e59bcf7b37c4223215c75871175a87c68d9	10
ymdfix	datetime.date.compact_ymd	sample	/Users/hugh/datasets/gittables/object/2020-04-01-INCR_DATE_PRV_TAMP_RL_v2.parquet	DATA_RICEVIMENTO_TAMPONE	7000e154eecde3eb13eba04956a9acb3268a737c75cf3cbba7a24b56522ee7d3	32
ua	representation.text.plain_text	sample	/Users/hugh/datasets/gittables/thing/WorldBankIndicators_p1.parquet	SourceNote	175ab721e10c971253b7eb34fc11cb8c15ee91f3e5cee4115d04008f4cf22ce7	16
ua	representation.text.plain_text	sample	/Users/hugh/datasets/gittables/lead_time/sw_0692_2287.utt_15.parquet	parse_tree	2827483d0d47dbc3885298e18b163cbe66bc959fe116b82e32ffe19e9aca066b	32
locale	representation.text.word	sample	/Users/hugh/datasets/gittables/then/sw_0663_3225.utt_4.parquet	act_tag	bed4de5074d2e1ea8a9c3b7053567d6b2d6d6c6febf32737a0d326b038acbb9b	32
ua	representation.text.plain_text	sample	/Users/hugh/datasets/gittables/whole/bugs.parquet	General	1ac1b7a6c76c5fd9b0f92d8f45ba77bfab700d04d9b982014caef2ad2234e4fb	32
ua	representation.text.plain_text	sample	/Users/hugh/datasets/gittables/whole/Scrapy_AmazonReviews_TrckedPrdctsCX_2020-08-03T10-34.parquet	body	e957b530f7d0c13ecb880f2eace4c98541e404fc3f5d2a41dd16322b7ff9e8ed	31
decfix	representation.numeric.decimal_number	sample	/Users/hugh/datasets/gittables/object/bollinger-ELF_trades.parquet	profit	15badc69dbd8f76dae730fb0cf7a76752650b204ac5194a42d6ab0706b8a7785	5
ua	representation.text.plain_text	sample	/Users/hugh/datasets/gittables/show_time/schedule_5.parquet	Abstract	a43f805c1c28969fc50dfcb48972d091be468b400394c448822c0617f306924f	27
ua	representation.text.plain_text	sample	/Users/hugh/datasets/gittables/abstraction/Designite_Craft.Net.Networking_DesignSmells.parquet	Cause	c4a3f7ba8cf3a1290a3a987f78a099638d9f64e879a6a2b5830bdc925c9cce99	32
decfix	representation.numeric.decimal_number	sample	/Users/hugh/datasets/gittables/parent/NSW_LGA_NEXIS_201212_8.parquet	TOTAL CONTENTS VALUE	f23529e76ff632817af53bd4d793cc5df1129e6217cfd74c87fc9a1befeb5295	32
ua	representation.text.plain_text	sample	/Users/hugh/datasets/gittables/running_time/bubble2_2.parquet	Description	002790254b36c35006a3765423b682fb0b284fcd588f0984033e29cf73ccf881	32
decfix	representation.numeric.decimal_number	sample	/Users/hugh/datasets/gittables/object/ema-ROKU_trades.parquet	profit	2eb999d29e97e407f2e4aad24b2b6f6a752c14fe5493648079a05ecddd65e2fd	8
ymdfix	datetime.date.compact_ymd	sample	/Users/hugh/datasets/gittables/id/condition_occurrence_23.parquet	CONDITION_START_DATE	7de1e19cbe118008c453b170a7584c9488b78041847bfedb714cc8738362aef7	11
decfix	representation.numeric.decimal_number	sample	/Users/hugh/datasets/gittables/organism/UnderBP_enrich_1.parquet	Pvalue	f5990431f2329913f44934aeaa59c4481cf4a35399e693a97122ef6cfb313933	11
decfix	representation.numeric.decimal_number	sample	/Users/hugh/datasets/gittables/data_rate/afg0subnational.parquet	Value	5992da87663818c95e8bfd1144965cf0718f2419dde2fb704671bfb7e557a695	32
weight	representation.text.word	sample	/Users/hugh/datasets/gittables/object/EDCD.d05b_6.parquet	an..3	68edbf85f7f27d1c537b37a82e9666ec9db4710c0f1eef55d5f9d7c1dc3a48c9	32
ua	representation.text.plain_text	sample	/Users/hugh/datasets/gittables/then/bubble2_7.parquet	Description	7900241ea3e6fe23fe6bf43aeb792118918da1012618c02539da5a8038a986a3	32
decfix	representation.numeric.decimal_number	sample	/Users/hugh/datasets/gittables/object/sma-MP_trades.parquet	profit	cdc32525445c0d18e4e0f3dd69995c099a9cd50513b8a8bf84d7efde339ef075	6
height	representation.text.word	sample	/Users/hugh/datasets/gittables/quick_time/jos_modules_70.parquet	'access'	4883ddc8bfb0f63ff0cc660b4b6376a44042f5851d1527925d2f10d6e751d31d	6
decfix	representation.numeric.decimal_number	sample	/Users/hugh/datasets/gittables/object/bollinger-BA_trades.parquet	profitPct	162d58e5772e0546e8ea8b1b27f94ddd00f0753ba6f9c2b5019fd35715cb5097	7
decfix	representation.numeric.decimal_number	sample	/Users/hugh/datasets/gittables/id/enthalpy_of_vaporization_pure_83.parquet	Reference EnthalpyOfVaporization Value (kJ / mol)	b2a6a6024efbe86dc7c0ee7177529982cb2a7640c5903a302b60b5cc2c8f6ca5	28
decfix	representation.numeric.decimal_number	sample	/Users/hugh/datasets/gittables/seek_time/PL2331LAGR0TTJ.parquet	Smart 3: Spin_Up_Time (Raw Value)	750440921d478cef0c3359d3ba8304a6e52c1974b4fbf74c55178ba681b61729	32
weight	representation.text.word	sample	/Users/hugh/datasets/gittables/id/concept2-season-2017.parquet	Weight	d92b3eed46769b105bba00db1a1ba58b007c52bb974c12e50549a313eabff337	32
locale	representation.text.word	sample	/Users/hugh/datasets/gittables/parent/sw_1052_3198.utt_12.parquet	act_tag	0768034393f420308bb5211c0fd2ff7f3e9159ac0c8812bacd15495917e400b1	32
decfix	representation.numeric.decimal_number	sample	/Users/hugh/datasets/gittables/id/GILD.parquet	announced_total_value	2185fa7b92f14711702e01170d17e115a4b3eca7dd9cb0345ef3ca8c8b133a77	32
ua	representation.text.plain_text	sample	/Users/hugh/datasets/gittables/data_rate/diann_huddleson_enron_com.parquet	Text	13c6327f86ac358d2069ce5f98ba9d71dc2371607954e9f2c3d9d73f1b3fdc5f	30
ua	representation.text.plain_text	sample	/Users/hugh/datasets/gittables/abstraction/Designite_Cadru.Data.Dapper(net45)_DesignSmells.parquet	Cause	b5fa6ca711475a48b53327fa3c0ab9afc372c4bed027b72abdbe0efe9dc3c05d	25
ua	representation.text.plain_text	sample	/Users/hugh/datasets/gittables/real_time/sw_0381_4784.utt_6.parquet	trees	2f1efa7fe1fd739711320b21c8f09c431707c378cea1a35c310843dabbad8987	32
decfix	representation.numeric.decimal_number	sample	/Users/hugh/datasets/gittables/growth_rate/Account2_PV_AssetAlloc_Donut.parquet	assetAllocations__portfolioValuations__percentageValue	6c84e340665d39297bc38a3dff9ebf70704a4de66e730e37f9fbb192050b369f	28
ua	representation.text.plain_text	sample	/Users/hugh/datasets/gittables/lead_time/sseitz94.parquet	text	97a96788b48f48dcd0801331b180582b1d3b5b52339cb6de90a975162e84021d	32
decfix	representation.numeric.decimal_number	sample	/Users/hugh/datasets/gittables/id/enthalpy_of_vaporization_pure_52.parquet	Reference EnthalpyOfVaporization Value (kJ / mol)	6d9aabb35a6159908536ce6b84f6657ad735c584d71c9f6fff718149051de961	6
decfix	representation.numeric.decimal_number	sample	/Users/hugh/datasets/gittables/growth_rate/Account1_PV_AssetAlloc_Donut_1.parquet	assetAllocations__portfolioValuations__percentageValue	38d1c2543b514b6534272b5dfe303e318dc390eac67a5768e5b77640f905a589	21
decfix	representation.numeric.decimal_number	sample	/Users/hugh/datasets/gittables/id/WeightScaleMultiUser_14.parquet	Value 4	171459dbee1e86e0cbb8cee860b9cc4575720fb41a94b2bf5d465e659d21c587	8
decfix	representation.numeric.decimal_number	sample	/Users/hugh/datasets/gittables/growth_rate/summary_stats.parquet	Total liabilities	cfa0231130efc5df1d5fb36abcfeeda8eb1d8661e2ae0714fa8725464b09762d	11
ymdfix	datetime.date.compact_ymd	sample	/Users/hugh/datasets/gittables/id/203915.parquet	GAME_DATE	352056d0600566db7380cd7c7b8417a567c9430daa6ce55d1351369f9c42447d	16
decfix	representation.numeric.decimal_number	sample	/Users/hugh/datasets/gittables/in_time/proto_adult_nn_result.parquet	origin_input_capital-loss	fc2f8a559cdb37f6c563e214f1eaccf8b5d904b3fe191c29da441da8adc04633	5
decfix	representation.numeric.decimal_number	sample	/Users/hugh/datasets/gittables/data_rate/formatted_run.parquet	value	92151a7c788e4fe7180c9337ef6d7b79b52d80b7d3256397187e4b7371725e13	32
ua	representation.text.plain_text	sample	/Users/hugh/datasets/gittables/thing/sw_0038_4611.utt.parquet	parse_tree	4efee2085fdae9aad234b668dceced7b8aa29e8902622240e5fae3ff04fef679	32
decfix	representation.numeric.decimal_number	sample	/Users/hugh/datasets/gittables/object/trendwatcher-BLNK_trades.parquet	profitPct	0eca56555f546d22c1a46bd1609cbc5b08de66c4a8fde07cfc440782622f03dd	20
decfix	representation.numeric.decimal_number	sample	/Users/hugh/datasets/gittables/data_rate/Zurich_glassdoor_ratings.parquet	rating_balance	d8fccb6d762281d2e5eb53feface85ddc7e6e460f48258d5ebe0976ec177babd	28
ua	representation.text.plain_text	sample	/Users/hugh/datasets/gittables/then/StructureDefinition-ProfilePractitionerRole.parquet	Comments	a134e362fe9f758d290ed64d088cccd14b629bd7f44fbb033b5544a13e9a80f9	26
decfix	representation.numeric.decimal_number	sample	/Users/hugh/datasets/gittables/id/enthalpy_of_vaporization_pure_72.parquet	Reference EnthalpyOfVaporization Value (kJ / mol)	0bdeb46b7cf636fdd432c32595f294341a2c0b2ad86c29d6abb8e63bbe30478b	6
ua	representation.text.plain_text	sample	/Users/hugh/datasets/gittables/abstraction/Designite_Mono.Cxxi_DesignSmells.parquet	Cause	0671af8b5aebbc48669e1312ceb88582db18501790bd3583d5abfbd845c7fc99	32
ua	representation.text.plain_text	sample	/Users/hugh/datasets/gittables/data_rate/A00-2018.annv3_62.parquet	Reference Text	7884ead1efc6204af5b18e138c1d1044d0d284dec73deefbdd99b57dbe18a9bb	16
weight	representation.numeric.integer_number	sample	/Users/hugh/datasets/gittables/in_time/94123-r2.parquet	Weight	f674a590bca2801a5f31c667df014a7af0e7f3e2a256ab743d16a52508222471	10
ua	representation.text.plain_text	sample	/Users/hugh/datasets/gittables/quick_time/tutorials_all.parquet	description	9ef92d0951206325cb0bc1e3a6c8a3f7afab07c5b29a04c6627d4aa4eb86e03b	7
ua	representation.text.plain_text	sample	/Users/hugh/datasets/gittables/abstraction/Designite_StockTicker_DesignSmells.parquet	Cause	f0a5f6315a18e4c58b5c2f72b7c62a3f89f6746e223c3ca129231503b5346219	32
ua	representation.text.plain_text	sample	/Users/hugh/datasets/gittables/reaction_time/October.parquet	Request Description	60d7e723d0a0232430cef86867bb8e8bf38ca01550ddcb1ba237b2dcc6cb2a91	32
decfix	representation.numeric.decimal_number	sample	/Users/hugh/datasets/gittables/object/ema-ROKU_trades.parquet	profitPct	2eb999d29e97e407f2e4aad24b2b6f6a752c14fe5493648079a05ecddd65e2fd	8
decfix	representation.numeric.decimal_number	sample	/Users/hugh/datasets/gittables/id/excess_molar_volume_binary_39.parquet	Reference ExcessMolarVolume Value (cm ** 3 / mol)	f7b447e12eb11374fe01614eb06ad32c6bcc2c6cf8fa6483a667ed022462b345	32
weight	representation.numeric.integer_number	sample	/Users/hugh/datasets/gittables/organism/testInputCredits.parquet	Above ground woody residue dry weight treatment 2 (tons/ha). If not known write -9999. If no second choice is needed please put 0.	52050899bafcfbe05f73cb09e4e2a17497904b99dc7f6605051f159046b857b5	5
weight	representation.text.word	sample	/Users/hugh/datasets/gittables/physical_entity/EDCD.d03b_3.parquet	an..3	4eeb176d8f5f3f628b374bbb73d81c2aaf065dfcd72f235a4759b1bf99173c89	32
decfix	representation.numeric.decimal_number	sample	/Users/hugh/datasets/gittables/id/WeightScaleMultiUser_11.parquet	Value 4	57935fdd91d2ad7b7a4fd03a7ed1a57d8aeaf920da2b161ca9fb63a8593343df	8
ymdfix	datetime.date.compact_ymd	sample	/Users/hugh/datasets/gittables/return_on_invested_capital/news_20180606_4.parquet	20180606	b2bab517204b1083512c0c985df04d1f33c663e94fbb0eee3e38e6de6c0f3055	32
ymdfix	datetime.date.compact_ymd	sample	/Users/hugh/datasets/gittables/id/201149.parquet	GAME_DATE	2339398063000a74f973b2cf20f18b29db877021b79188fecda9376e039b348f	8
decfix	representation.numeric.decimal_number	sample	/Users/hugh/datasets/gittables/rate_of_return/summary_stats.parquet	enterpriseValueMultiple	55cd066c93d09750544be68d96276688a4858e39b2098bea37455bd2afdc18bf	11
decfix	representation.numeric.decimal_number	sample	/Users/hugh/datasets/gittables/rate_of_return/summary_stats.parquet	operatingCashFlowPerShare	55cd066c93d09750544be68d96276688a4858e39b2098bea37455bd2afdc18bf	11
ua	representation.text.plain_text	sample	/Users/hugh/datasets/gittables/real_time/beckham_facebook_statuses_2.parquet	status_message	50162c9f568b56e882c1f36ba083a620746a00c58b32881ecdc5e41b80e359ff	31
ua	representation.text.plain_text	sample	/Users/hugh/datasets/gittables/running_time/modelReferences.parquet	Abstract Note	7bf73b3e3e952475384182aa1db7550a2320ced22cbbc87ff682909d5636e59b	10
decfix	representation.numeric.decimal_number	sample	/Users/hugh/datasets/gittables/living_thing/NGL-Energy-Partners.parquet	rating_balance	e32d6c9a588e4ed8e4bde9f98fd5e56bc328c7c3d6f2e1e212812780d44c96ad	32
decfix	representation.numeric.decimal_number	sample	/Users/hugh/datasets/gittables/running_time/proto_adult_dt_result_1.parquet	scaled_input_capital-gain	e0cbdaa4b03bd15119ebd12be299b965d7e323d2aa7b80d3d5204f183d831b1d	5
decfix	representation.numeric.decimal_number	sample	/Users/hugh/datasets/gittables/id/feature_importances_gain.parquet	value	eb00ab6ff022c8ae080c837da5f479bd306d3026b9e6f5949b354544c6d67b07	32
ua	representation.text.plain_text	sample	/Users/hugh/datasets/gittables/metabolic_rate/meta_2020-06-09_aw.parquet	comments	4e0b708e8a2cfe29d20cb729f0c6ede4883641bbcbb7b4df988837dc8fa5d83b	19
ua	representation.text.plain_text	sample	/Users/hugh/datasets/gittables/dose_rate/%20pentobarbital_pubmed.parquet	Abstract	698fb694c437d5441198460c8a23b1afa02d55501f6b3c6717f0c0d3d60a1d9b	8
ymdfix	datetime.date.compact_ymd	sample	/Users/hugh/datasets/gittables/real_time/Finance_BalanceSheet_2.parquet	end_date	6378d625a7ef12f3d48019de8a64b63c7d8818403fda6b738301a2808998f285	32
ua	representation.text.plain_text	sample	/Users/hugh/datasets/gittables/real_time/tnris_training.parquet	description	243147aa405dc8797d47df1f47a6dd151e2d3715901209e6b3833cc9703e58ef	19
ua	representation.text.plain_text	sample	/Users/hugh/datasets/gittables/cease/a35c5896fb7a45845600cc174647477930ea07f326de797897a22cdde9975729_3.parquet	OwnershipStatus	8926fbf9da7321e6611b540d7809fa22031424a57f616893a0902f639528d571	28
decfix	representation.numeric.decimal_number	sample	/Users/hugh/datasets/gittables/data_rate/covid19_case_summary_2020-03-21.parquet	value	1bb8459c8c1ce0047b1ddf74262f9e612b0eabaf14342bc66884c370b2094553	32
decfix	representation.numeric.decimal_number	sample	/Users/hugh/datasets/gittables/id/excess_molar_volume_binary_35.parquet	Reference ExcessMolarVolume Value (cm ** 3 / mol)	990944caf6b04eeda999c268410846fa9206f8b0ade70d14ae2b3d93b37d49d9	32
ua	representation.text.plain_text	sample	/Users/hugh/datasets/gittables/parent/jos_ucm_content_3.parquet	'core_state'	a44916b22cab7276a497b2cdde91549ad4fb7312ad0267d28862a5903566053b	32
npi	representation.numeric.integer_number	sample	/Users/hugh/datasets/gittables/id/20210324.parquet	HOME_TEAM_ID	99f2be187dc3f168bfedfa494f8f592b47f26e3ec7cbb778110a502b3c47c2db	11
decfix	representation.numeric.decimal_number	sample	/Users/hugh/datasets/gittables/id/excess_molar_volume_binary_2.parquet	Reference ExcessMolarVolume Value (cm ** 3 / mol)	afced8235afb3eb3824cb557f6b2ff960ec2032be23ec985a394698aa3eee017	24
decfix	representation.numeric.decimal_number	sample	/Users/hugh/datasets/gittables/growth_rate/summary_stats.parquet	Total assets	cfa0231130efc5df1d5fb36abcfeeda8eb1d8661e2ae0714fa8725464b09762d	11
decfix	representation.numeric.decimal_number	sample	/Users/hugh/datasets/gittables/object/rsi-GME_trades.parquet	profitPct	75dc15ff4e0cfee9b2cf3fcedd2cfa438fa7cf11fa39ce823a3edd5a6ed7aca7	6
decfix	representation.numeric.decimal_number	sample	/Users/hugh/datasets/gittables/id/25_284.parquet	catalog_sales_profit	2c1d10cc34a503f8c22711b8fcfbfc575846f4ab80ba8f437979891ae16f4eab	17
decfix	representation.numeric.decimal_number	sample	/Users/hugh/datasets/gittables/speed_of_light/civil01673.parquet	Balance Due	a42e691395ac60ffb4202dcadfb4540d07a20744bf346799006df9710e3f215f	32
ymdfix	datetime.date.compact_ymd	sample	/Users/hugh/datasets/gittables/id/202498_1.parquet	GAME_DATE	9426a00d077c3cadfc547b4fdaa99cca168be6f9640abcf27fd46184847eb3c3	23
ymdfix	datetime.date.compact_ymd	sample	/Users/hugh/datasets/gittables/id/203934_1.parquet	GAME_DATE	4ed136d96e2ccde4fd8b7262f2bec22151849fcd12ee41fa0618385aba97e207	15
decfix	representation.numeric.decimal_number	sample	/Users/hugh/datasets/gittables/data_rate/covid19_case_summary_2020-04-09_1.parquet	value	b5d5ced7df1230c39a5a97fd632083c2550000ce42fc2cdbe57b2eb1f7ed416b	32
decfix	representation.numeric.decimal_number	sample	/Users/hugh/datasets/gittables/object/MOCK_DATA.parquet	Balance	bfe58f351da61db7a0f304c67e148481fc8bcba182710b9be8f85ed5b33d69eb	32
upc	representation.numeric.integer_number	sample	/Users/hugh/datasets/gittables/id/halo_85007186100_particle_ID.parquet	particleId	2269fbfd4a1f8035f73cb6760df6a600bf70dddc064b8ae0aef662c11c5c00ab	32
ua	representation.text.plain_text	sample	/Users/hugh/datasets/gittables/running_time/jos_ucm_content_52.parquet	'core_body'	ed173438f540377bffc96893900caa7a9d1652c1d79683af4fd5b1e5eaa550b5	32
decfix	representation.numeric.decimal_number	sample	/Users/hugh/datasets/gittables/speed_of_light/A54.tranSubsector_VOTT_ssp1_10.parquet	time.value.multiplier	e8f82a796902d71f47cd463387765fe18e74565a9379da26a9c348279d61e9cf	29
decfix	representation.numeric.decimal_number	sample	/Users/hugh/datasets/gittables/object/raw_76.parquet	sample_measured_value	cd41103880366760ecb9d80d3d4996bfebca5bff115659a07b6378e894bee2bf	32
decfix	representation.numeric.decimal_number	sample	/Users/hugh/datasets/gittables/id/ScheduleE_14.parquet	LoanBalance	489f828db293fa441298c50013d1996cbc0cb911fb8dc13703a83401ffaa8095	19
ua	representation.text.plain_text	sample	/Users/hugh/datasets/gittables/data_rate/zzh8829__yolov3-tf2.parquet	code	d18d67a71ebd853089fe10228ff8b3bc654c234744d444ac314b7b04dc65d917	13
ua	representation.text.plain_text	sample	/Users/hugh/datasets/gittables/quick_time/Johan176_1.parquet	text	7ac162da99006ff8e7463bf3286d006375d2312da44caa46c9bf54415d66bc5b	32
decfix	representation.numeric.decimal_number	sample	/Users/hugh/datasets/gittables/quick_time/2009_volkswagen_rabbit_modified.parquet	Value_2	11d0ed2ac8946c118c556d580c4dcd4e11a67008b6c82d5bef0e9468bd95016d	32
ua	representation.text.plain_text	sample	/Users/hugh/datasets/gittables/lead_time/sw_0843_3738.utt_8.parquet	pos	db9b587249ec791e83cc48d772b4a7668619a31e780d9a15e61e307ed145d17f	32
locale	representation.text.word	sample	/Users/hugh/datasets/gittables/show_time/OVLILRURVAEM.parquet	V8	432cb0fc23b6ec763a02f35ab84fe2dd34745f6c81154e8a00b3dc7957b2c2cb	32
decfix	representation.numeric.decimal_number	sample	/Users/hugh/datasets/gittables/object/test-SHOP_trades.parquet	profitPct	0065c35a4ac6d2ee67e6c821f42b493fa024fa0bb5eaba7bb2f1b84c3a8336fb	15
decfix	representation.numeric.decimal_number	sample	/Users/hugh/datasets/gittables/object/Monthly_Demand_Se_Highline_Canal.parquet	SeasonNumericValue	a06f79fd1a9ce0ea41302f732c3acea7b497f1a64749b936136c3815f8de1a6f	12
ua	representation.text.plain_text	sample	/Users/hugh/datasets/gittables/then/sw_0361_3398.utt_9.parquet	trees	97f5ed1dee94286c27c5e662f08e012032872dce46c9e005e73610f167a9ba65	32
ua	representation.text.plain_text	sample	/Users/hugh/datasets/gittables/abstraction/Designite_KeyHub.Core_DesignSmells.parquet	Cause	9e396f9e62b48cd79a605a7b06ea27efd77e9bde777b3bfe435d15aaf5aeaa69	12
ua	representation.text.plain_text	sample	/Users/hugh/datasets/gittables/quick_time/jos_ucm_content_41.parquet	'core_state'	7bd837f86cb2949c5649dfa3525cda00b9757f2d8a57f814a7c6d4544513b2b3	32
weight	representation.text.word	sample	/Users/hugh/datasets/gittables/object/EDCD.d03a_3.parquet	an..3	8f3d984f728fd9617af89ee6d791226f7653e6c40bd872303548be3d41963cc3	32
decfix	representation.numeric.decimal_number	sample	/Users/hugh/datasets/gittables/id/density_pure_73.parquet	Reference Density Value (g / ml)	05c24dabd525f3be6b149c0718ae0d239d244ddeef325219ca749b4db4789885	7
ymdfix	datetime.date.compact_ymd	sample	/Users/hugh/datasets/gittables/id/1627758.parquet	GAME_DATE	c14ffd0ba7dbf3c706a677be8895ba1ff5c2d3655d87a498aa325ef9454f0ba7	20
decfix	representation.numeric.decimal_number	sample	/Users/hugh/datasets/gittables/id/felony2020-02-12%20at%2012.15.38%20PM%2029.parquet	Balance Due	5d7ea99ca54e3fd53d6c6e0ca91f1914169ec2031c22b4bc70d6fe1a0adaff33	9
ua	representation.text.plain_text	sample	/Users/hugh/datasets/gittables/data_rate/A00-2018_976.parquet	Reference Text	bcdaef4639ec2e5f078e0c43a26b9ced4c61a6fddf237b3fe3917033eb18151b	16
decfix	representation.numeric.decimal_number	sample	/Users/hugh/datasets/gittables/bits_per_second/faucets_1.parquet	has_low_balance	6e4c711ce2f71afce8d6c85baa89aabbdf8bff8fb11722efd5e306fcf88e2997	32
decfix	representation.numeric.decimal_number	sample	/Users/hugh/datasets/gittables/object/h3ka-CASH_trades.parquet	profit	ba03ea77a2a91a9f1c542e901bc70df870844f56b72787e2868a9c2d0231264f	15
decfix	representation.numeric.decimal_number	sample	/Users/hugh/datasets/gittables/id/excess_molar_volume_binary_35.parquet	Estimated ExcessMolarVolume Value (cm ** 3 / mol)	990944caf6b04eeda999c268410846fa9206f8b0ade70d14ae2b3d93b37d49d9	32
ua	representation.text.plain_text	sample	/Users/hugh/datasets/gittables/metabolic_rate/meta_2020-09-29_aw.parquet	comments	2b441ca5bdd0cb160697f786aa0946f66f7fb834790365137103f66ad17d96f1	15
decfix	representation.numeric.decimal_number	sample	/Users/hugh/datasets/gittables/growth_rate/summary_stats.parquet	returnOnCapitalEmployed	cfa0231130efc5df1d5fb36abcfeeda8eb1d8661e2ae0714fa8725464b09762d	11
ymdfix	datetime.date.compact_ymd	sample	/Users/hugh/datasets/gittables/object/2020-04-08-INCR_DATE_PRV_TAMP_RL_v2.parquet	DATA_RICEVIMENTO_TAMPONE	d146430771a51530ebb80760f9ae7098c8a2d0dcaed154e1bb49f3516853ccf1	32
ua	representation.text.plain_text	sample	/Users/hugh/datasets/gittables/running_time/jos_ucm_content_2.parquet	'core_body'	d5af470e39e7342061f35bd805632931188dcbaf5c91344af0e04e375ee36f11	32
ua	representation.text.plain_text	sample	/Users/hugh/datasets/gittables/rate_of_return/TheDad50_1.parquet	text	572d9cdab6653528e7383232a477b93721db768e7125f78a71275b601743d0eb	32
ua	representation.text.plain_text	sample	/Users/hugh/datasets/gittables/data_rate/W99-0613_3.parquet	Reference Text	b6561063243c177969aa89309149484fde50a2024ab0c8efad58b4273e9235bf	13
decfix	representation.numeric.decimal_number	sample	/Users/hugh/datasets/gittables/thing/2009_acura_rdx_modified.parquet	Value_2	f485c3f2eb039b8b1d9829a0ad4f31dec84c5a3c6a339e28cee6055e9ee2cb73	32
ua	representation.text.plain_text	sample	/Users/hugh/datasets/gittables/lead_time/movies_134.parquet	Description	1a5c09e14684ea9fcb37ca1de6e43601fea5802a6b4982ed5db4abe48b63aea7	32
decfix	representation.numeric.decimal_number	sample	/Users/hugh/datasets/gittables/growth_rate/summary_stats.parquet	Book Value per Share	cfa0231130efc5df1d5fb36abcfeeda8eb1d8661e2ae0714fa8725464b09762d	11
ymdfix	datetime.date.compact_ymd	sample	/Users/hugh/datasets/gittables/object/2020-07-27-INCR_DATE_TAMP_RL.parquet	DATA_RICEVIMENTO_TAMPONE	3f7a7e37903827f011f7338814fc94df7493dbc1282f541041a198be27ab5641	32
decfix	representation.numeric.decimal_number	sample	/Users/hugh/datasets/gittables/seek_time/PL2331LAGPJ89J.parquet	Smart 3: Spin_Up_Time (Raw Value)	8152d4e2765b16ab02e0a687c3a4b6b32e7429166bb512247648d58df278b34b	32
ua	representation.text.plain_text	sample	/Users/hugh/datasets/gittables/growth_rate/1022be19-c0ef-473b-9c38-f5de90877db0_Definition%20and%20Source_1.parquet	Source	3bfb0c073d481a5d088f0c09001558427b6884aabaa85ce23ab5058e936e6fd7	12
decfix	representation.numeric.decimal_number	sample	/Users/hugh/datasets/gittables/growth_rate/libya.parquet	Net foreign assets (current LCU)	aeb3795ac1d942e5df5f56bac91ec53ee610d7cf483475c14e485e7902412ed5	32
decfix	representation.numeric.decimal_number	sample	/Users/hugh/datasets/gittables/show_time/covid19_case_summary_2020-04-06_1.parquet	value	f6272fc04fe14d2aa1d055870438432b4301cc631c868229bbd9167186fe6807	32
weight	representation.numeric.decimal_number	sample	/Users/hugh/datasets/gittables/id/import-20180331185456-1_openb2.parquet	weights	a9b86754a2df22f3abb7447c85f7041045009ebbf02a8dd31dd259b7f598ac2b	6
decfix	representation.numeric.decimal_number	sample	/Users/hugh/datasets/gittables/data_rate/WorkoutCustomTargetValues_7.parquet	Value 3	29eb077eeaffe45f8f87f4693c80796b1999cb8803024939d28a0bf30848c423	7
decfix	representation.numeric.decimal_number	sample	/Users/hugh/datasets/gittables/object/h3ka-DEF_trades.parquet	profit	7478d7e10027e53da959cf8ca7c8ba1f341dc8523717f351eb220bb6b75cdbdf	14
ua	representation.text.plain_text	sample	/Users/hugh/datasets/gittables/whole/videoinfo_XU0PnoCOXpU_2021_03_17-12_52_19_comments_comments_121.parquet	text	32c48f1407a1f6fa2e7c81aaeecc10868829d826f46b73b76ca969a662b7378b	32
ua	representation.text.plain_text	sample	/Users/hugh/datasets/gittables/question_time/videoinfo_GGGTUSXeahk_2021_03_17-11_34_02_comments_comments_160.parquet	text	0ac0c5fb38252964a57eabbebf937b4e29df1aa08bdc1c14a95851139c2058fd	32
ua	representation.text.plain_text	sample	/Users/hugh/datasets/gittables/growth_rate/2020-06-18_software_table.parquet	DESCRIPTION	7308cbe66787d3f11aee409c700359e760d7c67aab080b057b64a9faaa35e553	32
ua	representation.text.plain_text	sample	/Users/hugh/datasets/gittables/show_time/jos_ucm_content_49.parquet	'core_body'	d4f75fbe602998d09b5265d6b0c480de018041cd35069ec2b6d4cb6827f95789	32
npi	representation.numeric.integer_number	sample	/Users/hugh/datasets/gittables/id/20210525.parquet	VISITOR_TEAM_ID	33079f410d16393adffb3dcbb02de1e7b9e40a08c7789ba34c3eb4ee3b3662e1	5
decfix	representation.numeric.decimal_number	sample	/Users/hugh/datasets/gittables/rate_of_return/summary_stats.parquet	Total debt	55cd066c93d09750544be68d96276688a4858e39b2098bea37455bd2afdc18bf	11
decfix	representation.numeric.decimal_number	sample	/Users/hugh/datasets/gittables/running_time/proto_adult_dt_result.parquet	scaled_input_capital-loss	dbb7457f3942acd9a9fc1fab27c385c24704eb140cd29d5e2910af3e0d7b3f5b	5
weight	representation.text.plain_text	sample	/Users/hugh/datasets/gittables/real_time/fighter_char.parquet	weight	45949c1ce2db9d5f2027e78ae05ec1e77651a938d2b776c2c50dfa25831fc421	32
ua	representation.text.plain_text	sample	/Users/hugh/datasets/gittables/safe_period/train_41.parquet	Detailed_Description	f1e8f06f25a0fe58b1a3ec2b92818ba77dc21f8ae09360bf82b273b00530afbf	32
ua	representation.text.plain_text	sample	/Users/hugh/datasets/gittables/thing/sw_0321_4902.utt_9.parquet	trees	7f8f15959fea65a201516a3ae909da3710eb9119d1d9ce7bede70d1859bf0e37	32
decfix	representation.numeric.decimal_number	sample	/Users/hugh/datasets/gittables/rate_of_return/summary_stats.parquet	Capex to Operating Cash Flow	55cd066c93d09750544be68d96276688a4858e39b2098bea37455bd2afdc18bf	11
ua	representation.text.plain_text	sample	/Users/hugh/datasets/gittables/growth_rate/5-services-eublockchainforum-20200224_1.parquet	description	809a063ca043d682db14170ab884f1a1ce5388c1ed90a31bfb20fd2fecf3ccf3	32
decfix	representation.numeric.decimal_number	sample	/Users/hugh/datasets/gittables/speed_of_light/civil01700.parquet	Balance Due	8ad66be61e2ba726571e4a23d2b86d6501121cc1cbfb6f6e14c551e6d7e29017	32
ua	representation.text.plain_text	sample	/Users/hugh/datasets/gittables/id/bb950dd278c885e7437f1643f7dbcd67e72e29e872062afa264e880f67eedf5b_1.parquet	Notes	8cdcaf35ab11fc22975320beefd20bde72359a3a94e03d8c71e35499e316b09b	8
decfix	representation.numeric.decimal_number	sample	/Users/hugh/datasets/gittables/id/density_pure_39.parquet	Reference Density Value (g / ml)	e7da5235b3a98b22c2d51dede57571f8cd69b10eaf60b247513638eba0c2b7d9	6
decfix	representation.numeric.decimal_number	sample	/Users/hugh/datasets/gittables/id/real_associations.parquet	balance_after_trans	ffe69015620b3b4bc44e7d19e2d2e8916c359e34012b854c66ed56011e2b7a2d	8
ua	representation.text.plain_text	sample	/Users/hugh/datasets/gittables/dead_air/sw_0359_3393.utt_7.parquet	trees	90989b8e3fcc0e74eceb8f5514e4da3ab2c110fd9eb23a33edca7d725011ac1f	32
decfix	representation.numeric.decimal_number	sample	/Users/hugh/datasets/gittables/object/raw_25.parquet	sample_measured_value	137e2a3ef269e44939183db776ac8e7373e89be35a72982f642e259a11dd74fd	32
ua	representation.text.plain_text	sample	/Users/hugh/datasets/gittables/data_rate/civic_drugs_1.parquet	Description	adc877c1dee0bc723cd29f4b95c1c2705096c49026987d68b76077f20f9529e5	32
decfix	representation.numeric.decimal_number	sample	/Users/hugh/datasets/gittables/object/test-CASH_trades.parquet	profit	1b9870a495865b43f5bcd874b9e7a9937688b096eaef8b3d4bfb1475adf601ef	14
decfix	representation.numeric.decimal_number	sample	/Users/hugh/datasets/gittables/rate_of_return/summary_stats.parquet	Other Liabilities	55cd066c93d09750544be68d96276688a4858e39b2098bea37455bd2afdc18bf	11
decfix	representation.numeric.decimal_number	sample	/Users/hugh/datasets/gittables/id/density_binary_35.parquet	Reference Density Value (g / ml)	fd03d5c7b8a63500858a2169d115b8d48c0b5fddd7ced6c00529d7633886c663	32
decfix	representation.numeric.decimal_number	sample	/Users/hugh/datasets/gittables/running_time/dice_adult_dt_result_1.parquet	origin_cf_capital-loss	143d5ca3f2c53bcde0c2afd9d71118e4c9624e9a1189e0d11d4b500a762213e3	5
decfix	representation.numeric.decimal_number	sample	/Users/hugh/datasets/gittables/object/ema-ARKG_trades.parquet	profit	53a4e8388781c728613ff13474c662b36a741496729be817bb6aa0a958a5fecb	5
decfix	representation.numeric.decimal_number	sample	/Users/hugh/datasets/gittables/id/excess_molar_volume_binary_48.parquet	Estimated ExcessMolarVolume Value (cm ** 3 / mol)	b1ac5cc7f54eb9db405dac5c89e701ae3f2e9b626a58fa73e645d57913574ffd	32
decfix	representation.numeric.decimal_number	sample	/Users/hugh/datasets/gittables/id/felony2020-02-12%20at%2012.15.45%20PM%2072.parquet	Balance Due	587342611737237f087974692494caa57aa7293591fc93b95651923ff4a0b703	5
decfix	representation.numeric.decimal_number	sample	/Users/hugh/datasets/gittables/speed_of_light/civil01271.parquet	Balance Due	cb5d3c3411b47b1fe1d065a24394939cdc9a82861e10777bdc0c5ca885a39b5f	32
ua	representation.text.plain_text	sample	/Users/hugh/datasets/gittables/growth_rate/NUR_20190925-014025.parquet	Body	3a81326713744cd4302091a8f7dfe326b0ccc286b49650bb59eba80ee6c7234d	32
decfix	representation.numeric.decimal_number	sample	/Users/hugh/datasets/gittables/real_time/2009_cadillac_cts-v_modified.parquet	rating_value	a231f36aeae764bcdb4e3c0f1c6ca093a58340e701c094c81903514a366bf023	22
ua	representation.text.plain_text	sample	/Users/hugh/datasets/gittables/real_time/members_4.parquet	Service_Offering	c55a10b3fcc303aff0d67167f1651398dac8d29b9177a79aa3abf9f331e28eab	32
ua	representation.text.plain_text	sample	/Users/hugh/datasets/gittables/then/sw_0735_2025.utt_12.parquet	parse_tree	9d161d25eb1fc1707e17b1c06a2ceb8511f65e32f188c16147cee81ba483e359	32
ua	representation.text.plain_text	sample	/Users/hugh/datasets/gittables/bits_per_second/faucets_1.parquet	meta_keywords	6e4c711ce2f71afce8d6c85baa89aabbdf8bff8fb11722efd5e306fcf88e2997	32
weight	representation.numeric.integer_number	sample	/Users/hugh/datasets/gittables/id/catalog_products_2.parquet	weight	7fab9c90770004bafd822d3f85cc870897deb59b52dc4d3d06a9917d30b28f2d	9
ua	representation.text.plain_text	sample	/Users/hugh/datasets/gittables/show_time/July_17.parquet	Request Description	ddd14b37e52eff34bfd9330f07bd08ef7ec2b6a7dd2d96a5c3d69b7f5c694029	32
locale	representation.text.word	sample	/Users/hugh/datasets/gittables/thing/grafit_public_article.parquet	a.5	291871c60ffbf116322c20f0170844d561c1ecaaef9f5b1dd1199095dbbd3aa5	17
ua	representation.text.plain_text	sample	/Users/hugh/datasets/gittables/dose_rate/vitamin_d_pubmed.parquet	Abstract	865adb46ed6d2acda6cc0d80d5bc91ea49ecb3cd93d511dcb89e6e42d90a3c99	8
ua	representation.text.plain_text	sample	/Users/hugh/datasets/gittables/abstraction/Designite_AssemblyData_DesignSmells.parquet	Cause	7db0668b3a5e919d21c1f3f563ec20d8c3b78c6b2901fe11b3291e3770d1a00d	24
weight	representation.numeric.decimal_number	sample	/Users/hugh/datasets/gittables/id/field_level_data_Alison_D_Oreilly_Brassica_napus_Ireland_2019.parquet	seed_weight	297b8014635591768cbeff0d2d5f424703b39322c944894cc16f167f9e4334af	5
ua	representation.text.plain_text	sample	/Users/hugh/datasets/gittables/abstraction/Designite_Akka.Cluster.Tools.Tests.MultiNode(net461)_DesignSmells_1.parquet	Cause	ccab647434c4c8e9757be64e89ab464fad876f955cce0d1f6ff1fc25cb13a8e9	21
ua	representation.text.plain_text	sample	/Users/hugh/datasets/gittables/count_per_minute/H2O_20190924-233834.parquet	Body	11fee01e8a2bb02d1d0c58744d9093fe266ea96a1bc1025863effe4987185ee5	32
locale	representation.text.word	sample	/Users/hugh/datasets/gittables/quick_time/grafit_public_article.parquet	find	37d1fadc79121a9b307c02821c6aa6addec465f40cea4fbd67dc94835f985437	11
height	representation.numeric.decimal_number	sample	/Users/hugh/datasets/gittables/whole/x_valid_1.parquet	height_mm	1b9b1098945ee1878fa56cd8a2e7b20cbf473b6e007619a30d0b3dbc410648d1	32
decfix	representation.numeric.decimal_number	sample	/Users/hugh/datasets/gittables/data_rate/COPD_92.parquet	Fatality p-value	87298c83825bdd11b625cfea9f8c6043b0124317f63fae86613d3e75d8debd57	11
locale	representation.text.word	sample	/Users/hugh/datasets/gittables/dead_air/train_23.parquet	__index_level_212__	c993a208dff7949879a49ebf674a8aeb2f8edd37e7fd039ea327986ff619c579	5
ua	representation.text.plain_text	sample	/Users/hugh/datasets/gittables/parent/jos_ucm_content_74.parquet	'core_body'	1cd31fb1dce10e2d15b9e45c79127c56e3b4c44963b38aeab3d627e63798377f	32
ua	representation.text.plain_text	sample	/Users/hugh/datasets/gittables/parent/classics-mame2003.parquet	chips_audio_details	2212b9fbcbed4ec951f88fed428ad22b08d021c12a5e89893288d869dc1f63f3	32
decfix	representation.numeric.decimal_number	sample	/Users/hugh/datasets/gittables/quick_time/titles.parquet	ytd_sales	f40c4d1be88213e0aafebe78012b99f94bb158a39285e0b6ab7f2be8d442b401	16
ua	representation.text.plain_text	sample	/Users/hugh/datasets/gittables/respiratory_rate/meta_2020-05-29_aw.parquet	comments	425ed1a6b6fc3f84af1e71f6ce01e816404ad8a4b55c47e86b220b4f79d5fe3b	21
ua	representation.text.plain_text	sample	/Users/hugh/datasets/gittables/metabolic_rate/meta_2020-10-13_aw.parquet	comments	726cb85f6788c68d1013379504491dbfcbd95a084a30ee0ced67aeaeeae41077	15
ua	representation.text.plain_text	sample	/Users/hugh/datasets/gittables/data_rate/meta_2020-05-27_aw.parquet	comments	6d4c9b6d034240cc848f2ad0b5ebe9a7d5e63cd20901c4dd3a7e0ab224e58647	21
ua	representation.text.plain_text	sample	/Users/hugh/datasets/gittables/abstraction/Designite_Generator.Bind_DesignSmells_1.parquet	Cause	901ddd8b6d205b2a123bd2bb8f098d5d1d1d8402801e9f7d9051cac0ae0f59bf	32
ua	representation.text.plain_text	sample	/Users/hugh/datasets/gittables/object/Designite_CSharpCompilerEmitTest_ArchSmells.parquet	Cause	254c1176476099a7a2c234b20328dd2f02e0ca8f0aad4b416946b0c62af3a6e3	15
decfix	representation.numeric.decimal_number	sample	/Users/hugh/datasets/gittables/growth_rate/summary_stats.parquet	Shareholders Equity per Share	cfa0231130efc5df1d5fb36abcfeeda8eb1d8661e2ae0714fa8725464b09762d	11
decfix	representation.numeric.decimal_number	sample	/Users/hugh/datasets/gittables/id/dummy_inspect_metadata.parquet	source_n_ct_value	9cbae9aea64f3c00f582bd08cb56959e6adb7258431c2d1ba3b0a72e1d37ae9f	22
height	representation.text.word	sample	/Users/hugh/datasets/gittables/quick_time/jos_modules_17.parquet	'access'	55ffd1d3e21c017c8d9f0a5e46145537689fdf8d5e007d182d8a9ae6fe2e340b	6
ua	representation.text.plain_text	sample	/Users/hugh/datasets/gittables/abstraction/Designite_Chapter19_DesignSmells.parquet	Cause	8da9d01823b5a0422f368d796e956a27c0dfaf63546139d557ecf2a819c93bbb	23
decfix	representation.numeric.decimal_number	sample	/Users/hugh/datasets/gittables/growth_rate/summary_stats.parquet	cashPerShare	cfa0231130efc5df1d5fb36abcfeeda8eb1d8661e2ae0714fa8725464b09762d	11
decfix	representation.numeric.decimal_number	sample	/Users/hugh/datasets/gittables/id/enthalpy_of_mixing_binary_5.parquet	Estimated EnthalpyOfMixing Value (kJ / mol)	e1204c0e209831fe70b97c3e4a1d1e01b431f8ba62ce01c6a886e85e4f778fbd	27
ymdfix	datetime.date.compact_ymd	sample	/Users/hugh/datasets/gittables/whole/79cdc3e1c43097bd770fcf43fbd54109178ef6c6e8ed0aa7903914919bb3094e_3.parquet	FirstAddedDate	f29d6f3abd190077dd0907ab9dd79d6692f8778e59e217c543c53ad73191a05b	32
ymdfix	datetime.date.compact_ymd	sample	/Users/hugh/datasets/gittables/id/1626210_1.parquet	GAME_DATE	f12d5388abaaef9a5156b43571be55213bb9d2c2c4bcaf5c52f66079194ab29b	13
ua	representation.text.plain_text	sample	/Users/hugh/datasets/gittables/whole/videoinfo_NUfRRckdDGA_2021_03_17-12_14_32_comments_comments_124.parquet	text	abb0a7650b1cc70dffc71692462eff08390997087fe07bd75a174c267ba8c043	32
ua	representation.text.plain_text	sample	/Users/hugh/datasets/gittables/data_rate/J01-2004_138.parquet	Reference Text	c595341679cdf0cfe9951e0942635b7a957960018414dc6d0447e6a4769a396f	17
ua	representation.text.plain_text	sample	/Users/hugh/datasets/gittables/growth_rate/%20acetylcysteine_wos.parquet	Abstract	9338522ff31041e7bf38ea78d690331f2c6627641c037e528441fcda67c0202d	22
decfix	representation.numeric.decimal_number	sample	/Users/hugh/datasets/gittables/id/density_pure_60.parquet	Reference Density Value (g / ml)	629f59606e44abce1fad7a0945eca11c5d91ca7c9a585a799c060b17967a47f3	7
decfix	representation.numeric.decimal_number	sample	/Users/hugh/datasets/gittables/question_time/panel_2015.parquet	VALUE	456a83bc0942892022fd40289358afd9664bf17c4cf7298ca124eee03f90ffc7	30
decfix	representation.numeric.decimal_number	sample	/Users/hugh/datasets/gittables/parent/2005_428.parquet	Capital Projects	fa36766d0b5f6fb01d3c0e0001abb618aaa68676a695ea57f362e986f9cf1f61	32
height	representation.text.word	sample	/Users/hugh/datasets/gittables/quick_time/jos_modules_95.parquet	'access'	6f71ea213bc319df40fb3dfeb8514724e77a4338fd2ba7c8b86e0f652b36fc6d	6
ua	representation.text.plain_text	sample	/Users/hugh/datasets/gittables/thing/Scrapy_AmazonReviews_TrckedPrdctsCX_2020-08-03T06-46.parquet	body	044cb0c0218c4055a9f915e44c48b4581bb8ddc1ebe8fa405207f2e510a375cb	10
ua	representation.text.plain_text	sample	/Users/hugh/datasets/gittables/data_rate/A00-2018.annv3_69.parquet	Reference Text	15990eacc2aebb023f3fb5c743b5cf74460feecadd9969f7d6710a896c5f57ab	16
upc	representation.numeric.integer_number	sample	/Users/hugh/datasets/gittables/id/halo_85008411719_particle_ID_1.parquet	particleId	a55db76a5281df9602b165c12f0b14e029bc6eea8ed3db774e9e6d5b19bd442f	32
ua	representation.text.plain_text	sample	/Users/hugh/datasets/gittables/dose_rate/%20ethanol_wos.parquet	Abstract	7d3b3f130ed13e7ae8a8419dd9385526b70f1881c530fa5cb9fb4b89c066c6b3	19
ua	representation.text.plain_text	sample	/Users/hugh/datasets/gittables/cease/Hodok17.parquet	text	6dfb4151aea7c8f0864a0fe6ea161ebf3401a09c674e3aeff260b223679ae513	32
ymdfix	datetime.date.compact_ymd	sample	/Users/hugh/datasets/gittables/id/monitoraggioSettimanale.parquet	dataReport	1703b92018312c09cf3c4684f08a6ad55c24532d47317b862f7cef91442942fb	21
ua	representation.text.plain_text	sample	/Users/hugh/datasets/gittables/lead_time/Open-Source-Analytics-Boston_events_past.parquet	description	8efcf43667f27825a6e4ba754f4737c57c2269abf32b1fa8a390f08cafad6087	19
ua	representation.text.plain_text	sample	/Users/hugh/datasets/gittables/real_time/sw_0763_3402.utt_13.parquet	pos	ce9899090ccb1e473cc10ec245931734a6ba5af0ee21c8edb63128ee5f283e55	32
ua	representation.text.plain_text	sample	/Users/hugh/datasets/gittables/real_time/videoinfo_n4e5UPu1co0_2021_03_17-11_25_23_comments_comments_127.parquet	text	9d6df92b34af6ffb16f3bc7b2514118a0a61bf37be441aa261f25e1494fb6f17	32
ua	representation.text.plain_text	sample	/Users/hugh/datasets/gittables/data_rate/W11-2123_936.parquet	Reference Text	bef65b053d501bc7350467e7c59a14429ede72f6e19943acb3867f6ba82fbba1	20
ua	representation.text.plain_text	sample	/Users/hugh/datasets/gittables/lead_time/JimmyM975.parquet	text	21d9a167c2216b8c039981fc0a4c9506e438638ee7d0d6ba55ca372e20670eb3	32
ua	representation.text.plain_text	sample	/Users/hugh/datasets/gittables/thing/videoinfo_G1s_JKh9i2E_2021_03_17-11_51_10_comments_comments_153.parquet	text	4f389f2ab5d86653830554930e7ecd96eac61a9642d46e9f282bd1a09406c1af	32
decfix	representation.numeric.decimal_number	sample	/Users/hugh/datasets/gittables/object/trendwatcher-BLNK_trades.parquet	profit	0eca56555f546d22c1a46bd1609cbc5b08de66c4a8fde07cfc440782622f03dd	20
ua	representation.text.plain_text	sample	/Users/hugh/datasets/gittables/data_rate/example_data_file.parquet	Q384_22	b9379e7be407131adadd495f060f499ae0eee6789fa7a7ebdea3d12d6f1c4fa7	5
decfix	representation.numeric.decimal_number	sample	/Users/hugh/datasets/gittables/object/stresstests_2.parquet	shockvalueCHAR	72f16aa28508cb1b6238ee12bdcf3776ef26cc53af4714a0f33a5fa8191a6f93	32
ua	representation.text.plain_text	sample	/Users/hugh/datasets/gittables/then/sw_0487_3206.utt_14.parquet	trees	19d4a94098503221b1742536b2fa437458bce79ef55f8a0bc3c2df2ed1ecd261	32
decfix	representation.numeric.decimal_number	sample	/Users/hugh/datasets/gittables/speed_of_light/civil01140.parquet	Balance Due	66fdb38257fe8b422f7e8b5213768688952a4b51b00947225569460ed5271199	32
ua	representation.text.plain_text	sample	/Users/hugh/datasets/gittables/real_time/jos_ucm_content_54.parquet	'core_state'	a036546fc631c78d756dc48fbfe9583867663e289256944be6993486f0359d61	32
decfix	representation.numeric.decimal_number	sample	/Users/hugh/datasets/gittables/object/h3ka-NFLX_trades.parquet	profit	96b4ba0cfcb0018c83922e20376138029ccfa0ad0dd3c4f39697193ba5dab005	15
decfix	representation.numeric.decimal_number	sample	/Users/hugh/datasets/gittables/then/WGCNA.voom5.signedhybrid.MLselected.modules.GOseq.top1.parquet	under_represented_pvalue	052fb4b7285434c12bbb979f87c7de39e803049acd01fa598df5eea22d05e327	8
ua	representation.text.plain_text	sample	/Users/hugh/datasets/gittables/count_per_minute/TON_20190923-083123.parquet	Body	4a97818bccd541ccc7d2fda44732578f27f63a68830eb6e794234a0466237549	32
decfix	representation.numeric.decimal_number	sample	/Users/hugh/datasets/gittables/speed_of_light/civil01366.parquet	Balance Due	156f5d46fa60bde19a628a73fe228be6defcf9248c2c7de610db61a6394bd7d7	32
decfix	representation.numeric.decimal_number	sample	/Users/hugh/datasets/gittables/speed_of_light/2009_saturn_vue_modified.parquet	Reliability	65c908dabb1eea372a4bd8ac278c80847a49f372adef6c245755750a31d4fc5f	32
ua	representation.text.plain_text	sample	/Users/hugh/datasets/gittables/data_rate/Designite_SOVND.Client_ImpSmells.parquet	Description	d76e90ec70f91f2a1d58335568f94f95bfa78ea323ac9b5cfb7afdacba9e5cfb	32
decfix	representation.numeric.decimal_number	sample	/Users/hugh/datasets/gittables/rate_of_return/summary_stats.parquet	Net Debt to EBITDA	55cd066c93d09750544be68d96276688a4858e39b2098bea37455bd2afdc18bf	11
decfix	representation.numeric.decimal_number	sample	/Users/hugh/datasets/gittables/object/trendwatcher-GAL_trades.parquet	profitPct	ffbfc6eed5138d193702bacb1a1782f4f523357700817431363c85d0b444b76f	13
npi	representation.numeric.integer_number	sample	/Users/hugh/datasets/gittables/id/20210223.parquet	VISITOR_TEAM_ID	94a82483ec8a9bb8f44cde4ec6721a128fabd76f73563dafa7ef0b4d8929349d	9
decfix	representation.numeric.decimal_number	sample	/Users/hugh/datasets/gittables/id/itemassocs_3.parquet	assocValue	ef723ead70d0736ace5ae87e44d4e90fefe34e24798ecec9132819ea6e923b71	6
ua	representation.text.plain_text	sample	/Users/hugh/datasets/gittables/parent/jos_ucm_content_54.parquet	'core_body'	3c968acbf0cc38c9bd47613b90c4d59c288c0f4d89b063655e395b13d8a75d7f	32
decfix	representation.numeric.decimal_number	sample	/Users/hugh/datasets/gittables/object/h3ka-NFLX_trades.parquet	profitPct	96b4ba0cfcb0018c83922e20376138029ccfa0ad0dd3c4f39697193ba5dab005	15
decfix	representation.numeric.decimal_number	sample	/Users/hugh/datasets/gittables/growth_rate/Account1_PV_AssetAlloc_Donut_1.parquet	topAssetsByValue__portfolioValuations__dollarValue	38d1c2543b514b6534272b5dfe303e318dc390eac67a5768e5b77640f905a589	5
ua	representation.text.plain_text	sample	/Users/hugh/datasets/gittables/show_time/results_92.parquet	the same server, thus saving time and conserving power.	57fe04b1c931fb75a83b195f737d479685d4f3a4bf6435e4e237011343555b27	32
ua	representation.text.plain_text	sample	/Users/hugh/datasets/gittables/data_rate/A00-2018_akanksha_26.parquet	Reference Text	c7469815bc168e4b806070e5526fbcc8a534e9a333a7e514c3d507d4f1209f51	15
ua	representation.text.plain_text	sample	/Users/hugh/datasets/gittables/object/0804_7.parquet	pos	023e343c4a07a6097373e2e368202f30819c2f3b962d17cb61b6247c9e9a7743	32
height	representation.text.word	sample	/Users/hugh/datasets/gittables/data_rate/web-files-small-metadata.parquet	height	f3d2b4939a3e7ce872f9257addf3d107ab6798f054b411eb5b4ebd10016ec619	14
weight	representation.text.plain_text	sample	/Users/hugh/datasets/gittables/question_time/prevalences_full.parquet	Weighted prevalence	526583b936e0d74fe767c532d84d61f222423445df2553776778856add7d97f7	32
ua	representation.text.plain_text	sample	/Users/hugh/datasets/gittables/real_time/b2_profile.parquet	Summary	b57dfd8cc35a9a908a7784a4054711846adbb192f3b00dbe4e715000dd12b0f9	21
weight	representation.numeric.integer_number	sample	/Users/hugh/datasets/gittables/data_rate/DHS%20Quickstats_subnational_AFG.parquet	DenominatorWeighted	dee3d1ddc64c630232f6460e1d164fb6ed90f47bc9894e3788a5485704754877	32
upc	representation.numeric.integer_number	sample	/Users/hugh/datasets/gittables/id/halo_85004117191_particle_ID.parquet	particleId	efa8572f35ba17d375a400f4346eb442f1409cbe654ab7e4ac2b26c208d430f7	32
height	representation.numeric.integer_number	sample	/Users/hugh/datasets/gittables/data_rate/Comparison_of_AMD_processors_0.parquet	Cores	ce4d22748e097491738271cdd8e645d83e9f7c06bc78f9147a6f10b7b3cd2b7f	32
ua	representation.text.plain_text	sample	/Users/hugh/datasets/gittables/data_rate/A00-2018.annv3_91.parquet	Reference Text	6fecc25f4ddb9180737d9c38c68471d1e1c1e06208626838b1e6be8a4222466d	16
ua	representation.text.plain_text	sample	/Users/hugh/datasets/gittables/real_time/sw_0047_4339.utt_8.parquet	trees	d72abed808291803894a787384982186a1b21e529b2d9b4d3c01db3acfacf84f	32
ua	representation.text.plain_text	sample	/Users/hugh/datasets/gittables/show_time/jos_ucm_content_15.parquet	'core_state'	d0e844d82bfa69a3674cf4183be5994565187ff1df63bb76dab77394adc4bb9d	32
ua	representation.text.plain_text	sample	/Users/hugh/datasets/gittables/abstraction/Designite_Glimpse.Core.Net45_DesignSmells.parquet	Cause	0ee4d0d15184754b43448de17f38b88d8f300dec30e6b1c76d9c6f59e3dfb363	32
decfix	representation.numeric.decimal_number	sample	/Users/hugh/datasets/gittables/id/enthalpy_of_vaporization_pure_115.parquet	Estimated EnthalpyOfVaporization Value (kJ / mol)	a38581894e695815cf160bf42140e9eebdef756d71d6cdef4c49d980758fd275	12
decfix	representation.numeric.decimal_number	sample	/Users/hugh/datasets/gittables/stopping_point/log-1.parquet	value	77c89e3c2f7e1a7b720b0ea61ea6a0d817979c2ef33337f111125260c5f8877d	5
ymdfix	datetime.date.compact_ymd	sample	/Users/hugh/datasets/gittables/whole/79cdc3e1c43097bd770fcf43fbd54109178ef6c6e8ed0aa7903914919bb3094e_12.parquet	FirstAddedDate	750d7fcbe7248d3911333b4d35b4a60eac2c7984dcca4b6c6b17eb48fef80e07	32
decfix	representation.numeric.decimal_number	sample	/Users/hugh/datasets/gittables/id/pathway_table_up_LUAD_B_lineage_1.parquet	qvalue	e296ac3c763fc0492a63ea788166f4d160ccacd6ab2aea86f25748886fa7fe03	32
decfix	representation.numeric.decimal_number	sample	/Users/hugh/datasets/gittables/growth_rate/econFreedomCorrMatrix_1.parquet	Public Debt (% of GDP)	0c86dce6bcd3f3984b9aa9f5275a8a689783bfdca160b79518cdfb1a6fdc4f75	29
ua	representation.text.plain_text	sample	/Users/hugh/datasets/gittables/count_per_minute/theophylline_pubmed.parquet	Abstract	39fb0b24c0046b0483db298f46cbfe75728e0d96aa72c7a4d46dd9548d5d0fd7	15
decfix	representation.numeric.decimal_number	sample	/Users/hugh/datasets/gittables/running_time/ForestCover_results_1.parquet	predicted_value_[HSTrees]	a7ec9ae8ee63fa6f98bcd352902ff26dc4de544aa660c674b14071662b9855af	12
locale	representation.text.word	sample	/Users/hugh/datasets/gittables/show_time/IVNJXVOFWRAJ_1.parquet	V5	a82bcb857d80e960ea8379d78380c75563f8dc78a1e944f1f0c31a04591b6967	32
decfix	representation.numeric.decimal_number	sample	/Users/hugh/datasets/gittables/running_time/rfc_result.parquet	origin_input_capital-loss	6ee8c0af7144ad1ad3c898e637a93628921b54e01208b30c962f12575b584881	5
ua	representation.text.plain_text	sample	/Users/hugh/datasets/gittables/rotational_latency/export2021.04.08-06.32.48.parquet	Abstract	f94920edbc7fb62b777f35ca8e2b508903d777a2008037499f550fa7e3dd74f1	32
weight	representation.numeric.decimal_number	sample	/Users/hugh/datasets/gittables/id/5_7028.parquet	tractWeight2	09f6849074ca81da35363e960d8147150b2cc434650d029d6f049fb353e6e753	32
ua	representation.text.plain_text	sample	/Users/hugh/datasets/gittables/respiratory_rate/meta_2020-06-12_aw.parquet	comorbidities	492dc023d39eb902eed9c476476899f34885a6869aaab3433ad4632d23b89f2b	5
ua	representation.text.plain_text	sample	/Users/hugh/datasets/gittables/whole/tickets_2.parquet	resolution_description	aac2e507bb07b83bea21c426ef70be5972180115f337be237969e3965a696841	21
decfix	representation.numeric.decimal_number	sample	/Users/hugh/datasets/gittables/quick_time/2009_mazda_cx-7_modified.parquet	Value_2	2519b006e42f09d510908d712a0f1f77a7cd12f22c3600a37b87589f1fa3a3a1	22
decfix	representation.numeric.decimal_number	sample	/Users/hugh/datasets/gittables/id/ADBE.parquet	announced_total_value	52eecf7c3e743a5d24ad251bda356461c38c07dbbefeda538eaaad793680b45d	32
decfix	representation.numeric.decimal_number	sample	/Users/hugh/datasets/gittables/growth_rate/summary_stats.parquet	Short-term investments	cfa0231130efc5df1d5fb36abcfeeda8eb1d8661e2ae0714fa8725464b09762d	11
ymdfix	datetime.date.compact_ymd	sample	/Users/hugh/datasets/gittables/seek_time/news_20180606_2.parquet	20180606	29aa39267a2d41c6d87f8ccb1297c964028598fac5127021fa2c2db8390ce463	32
decfix	representation.numeric.decimal_number	sample	/Users/hugh/datasets/gittables/rate_of_return/summary_stats.parquet	cashFlowCoverageRatios	55cd066c93d09750544be68d96276688a4858e39b2098bea37455bd2afdc18bf	11
height	representation.text.word	sample	/Users/hugh/datasets/gittables/parent/jos_modules_97.parquet	'access'	da57e05e95bfc10eb3775494a348e62f8df05b248f6341a93ae3798ac6a6b119	6
decfix	representation.numeric.decimal_number	sample	/Users/hugh/datasets/gittables/object/raw_7.parquet	sample_measured_value	ab30121ee87885691c78399aece4896f6ce2e74c4630fefe533bd28cb0d13c41	32
ua	representation.text.plain_text	sample	/Users/hugh/datasets/gittables/real_time/jos_ucm_content_87.parquet	'core_body'	9f93fca789c87aba448d2e939959ac412600c48cc1823456e1c46c2ba7cb972f	32
ua	representation.text.plain_text	sample	/Users/hugh/datasets/gittables/lead_time/export2021.03.29-05.53.35.parquet	Abstract	d5aae82f7c81081dfb48c7dc9f724bc4dabb8d36b4efcfdc50c36f4c1c9a5a9b	17
npi	representation.numeric.integer_number	sample	/Users/hugh/datasets/gittables/thing/f855714.parquet	_id	fc585646cc322349e89c37aaaa04314dff18fecfacf2f0715ce2c772ac0f43d5	32
decfix	representation.numeric.decimal_number	sample	/Users/hugh/datasets/gittables/object/MaterialRefraction.parquet	ReValueMax	c857695af6b9321625f57ce9198f5fb46a03332327954cbad803f5057ce5dc1b	18
ua	representation.text.plain_text	sample	/Users/hugh/datasets/gittables/dose_rate/MattDugal.parquet	Description	b1c4694545efc326556c57bb4d410e178c10074f364fffee4ff30277071f97d3	32
decfix	representation.numeric.decimal_number	sample	/Users/hugh/datasets/gittables/id/density_pure_54.parquet	Reference Density Value (g / ml)	0adf9d9d893f1a7803f5add8eb0335f80da6bafef5f05ce6cbd199802fdbead5	7
ua	representation.text.plain_text	sample	/Users/hugh/datasets/gittables/abstraction/Designite_ExperienceExtractor_DesignSmells.parquet	Cause	34d0c95e503df782012932452fe6010d0bba8172f9bf02acba740a3355b7a287	32
height	representation.text.word	sample	/Users/hugh/datasets/gittables/parent/jos_modules_103.parquet	'access'	9dc580ca6ea8fed606aecd379a0f4460075622c7428e90f18cfd07fbcd38a44f	6
locale	representation.text.word	sample	/Users/hugh/datasets/gittables/then/REV.parquet	to.10	97266d8bac6120e3a9f4b5e423a896060d48737a10f678f42623e81f1aad7a27	5
upc	representation.numeric.integer_number	sample	/Users/hugh/datasets/gittables/id/halo_85004763854_particle_ID.parquet	particleId	5465fc81a4c5441a89997e181e55cb0046b6974d226ff02682d2bab14c431ea1	32
decfix	representation.numeric.decimal_number	sample	/Users/hugh/datasets/gittables/object/raw_77.parquet	sample_measured_value	b194e30b6eeb3acd8d652b66c01218e0401e06ac2f6b93d7664202c78c67a6d5	32
ua	representation.text.plain_text	sample	/Users/hugh/datasets/gittables/metabolic_rate/meta_2021-01-05_aw.parquet	comments	d6a5882ffcb769db6ebf7a241d54b820a07bb92188a78506ef00a439e5382df1	12
ua	representation.text.plain_text	sample	/Users/hugh/datasets/gittables/growth_rate/%20estradiol_pubmed.parquet	Abstract	41a33842be678b17216da4586b9c2dce823e6b456de13d807ae329c4cc5475b7	23
height	representation.numeric.integer_number	sample	/Users/hugh/datasets/gittables/parent/A5_solution_4.parquet	HEIGHT	6575a5f289ee0afa22e0e46f07264af2302944571110747d4c57f50ba139c223	32
ua	representation.text.plain_text	sample	/Users/hugh/datasets/gittables/lead_time/session_sample.parquet	description	4cbe441bd2f1c2fb4fc17c8c3f11d8f4ea29991b47113f849dbaa2fa82887ffd	32
locale	representation.text.word	sample	/Users/hugh/datasets/gittables/show_time/OPCFKHFOZMXH.parquet	V5	01b893a0c45bc16bcaba46d7c5184821932e78acb11885d7814943b5c5ceee91	32
decfix	representation.numeric.decimal_number	sample	/Users/hugh/datasets/gittables/then/kpis.parquet	Reward value	6c83efea9c3e30e69ba2c97b05d86b049ca7cfb1dd0566bbe32e179213af5f85	5
decfix	representation.numeric.decimal_number	sample	/Users/hugh/datasets/gittables/growth_rate/jdg_nrm_1.parquet	% net worth invested	18f32afaa73710eafbea4bd4708391465632ddbcf40fca5eb67f4712d35e8fe5	32
ua	representation.text.plain_text	sample	/Users/hugh/datasets/gittables/real_time/sw_0933_2662.utt_12.parquet	parse_tree	db1fdb02ff5f0ffbe034cf8ee977a5d11b4d52f4655171e517aca08534b2c993	32
ua	representation.text.plain_text	sample	/Users/hugh/datasets/gittables/data_rate/HIVE_20190923-113510.parquet	Body	4ae787988c7af21fcb288439f11ad96c0aac034e36e8bbfebc2330c8b0ac72e9	32
ua	representation.text.plain_text	sample	/Users/hugh/datasets/gittables/lead_time/UNewBrunswick_MechEng_Core_and_Electives_(AllYears)_Courses.parquet	Course Description	2f8b075ca6198acc47dfc9b502ebd3c2541191129d02bfb2dfec8750bdddd165	32
decfix	representation.numeric.decimal_number	sample	/Users/hugh/datasets/gittables/half_life/bankOfEngland_glassdoor_ratings_1.parquet	rating_balance	4f2096802e26c67e4ab658865109f43db4224268d2acbdc41581d139bb088793	28
ua	representation.text.plain_text	sample	/Users/hugh/datasets/gittables/growth_rate/APO_20190924-150907.parquet	Body	dfa401d7d6761fc8b0784bc49cd3a144026f9a3ece83c3e1e62f4e2a107be13d	31
ua	representation.text.plain_text	sample	/Users/hugh/datasets/gittables/running_time/jos_ucm_content_9.parquet	'core_body'	88addb037c97c8f1aa7e36528cfdaec36d12929c316fa5c22484d226086b9b49	32
ua	representation.text.plain_text	sample	/Users/hugh/datasets/gittables/then/P11-1060_38.parquet	Reference Text	7f530b489aec9fc1edf6a4e9ac3d7eaa6734f5a4045532c9f15bd653d99e11e9	19
decfix	representation.numeric.decimal_number	sample	/Users/hugh/datasets/gittables/seek_time/WD-WMC4N1499284.parquet	Smart 200: Multi_Zone_Error_Rate (Raw Value)	4a346c5bc093dfb7ab44a819d3504475cb4b57f32c99b03a7ee284b329aa7ef3	32
weight	representation.numeric.integer_number	sample	/Users/hugh/datasets/gittables/id/equip_item_attr_modifiers.parquet	str_weight	f5e3a510c2e6233eda9404ebbbf45af51afa2debb83c37e6abf86c7eedcc766f	32
decfix	representation.numeric.decimal_number	sample	/Users/hugh/datasets/gittables/running_time/proto_rfc_result.parquet	scaled_input_capital-loss	174f623d8f1377f2d57b7a52dfcbd6c561768644c0d6dae55ae4137fdb12a819	5
ymdfix	datetime.date.compact_ymd	sample	/Users/hugh/datasets/gittables/respiratory_rate/covid_canada_trials_current.parquet	nol_date	b45d42c9909fa9b3c8dd22d60d9a60c04d353aca3f36dc0de5cec2f926c6a1a1	32
ua	representation.text.plain_text	sample	/Users/hugh/datasets/gittables/data_rate/meta_2020-06-22_aw.parquet	comments	db4440c7059ab1d7d870582e886e18c5e9c8e588e98d3437b8402e92bac78373	20
ua	representation.text.plain_text	sample	/Users/hugh/datasets/gittables/channel_capacity/%20valproic_acid_pubmed.parquet	Abstract	5c6b0d6e0a2f7b833870d8a0f887ae500b31e26eb92b3195744dfd739def0eaf	20
ua	representation.text.plain_text	sample	/Users/hugh/datasets/gittables/half_life/%20acetate_wos.parquet	Abstract	8d02ca788ca7503bf45ae64f5917d0f7271e029ffc5766b8a3afcc3d393761b3	19
decfix	representation.numeric.decimal_number	sample	/Users/hugh/datasets/gittables/object/rsi-SPY_trades.parquet	profit	8a7d77a56016642e273c4979f75a90f12598587f7d8f2e74874d172142a33aa7	5
decfix	representation.numeric.decimal_number	sample	/Users/hugh/datasets/gittables/thing/log-0_1.parquet	value_2	dd5453138bf5ffd7ee1e7bd9d6306a3ef3a9a24611004edd86807715cbc9473b	10
upc	representation.numeric.integer_number	sample	/Users/hugh/datasets/gittables/id/halo_85004850951_particle_ID.parquet	particleId	390f74b5d8d64be3fd4fdce919dba056419dbb7746476aead02bd70d3a3630e5	32
ua	representation.text.plain_text	sample	/Users/hugh/datasets/gittables/abstraction/Designite_Microsoft.Spatial.NetStandard.VS2017_DesignSmells.parquet	Cause	8764aaa84fa0a6338637c2a353e0fcaaef5fa02ae5b08a907f933332e4945b93	32
ymdfix	datetime.date.compact_ymd	sample	/Users/hugh/datasets/gittables/id/1628405_2.parquet	GAME_DATE	136e5d8fb616ef2d10d7ddb39389897e9147b0b22c551c43258344cb3e43cf47	15
weight	representation.numeric.decimal_number	sample	/Users/hugh/datasets/gittables/speed_of_light/Dark%20Souls%202%20Armor%20-%20Arms.parquet	Mag/Weight	68bf607b702213873013247581a72fa786e520c66c1953129d47ef9ce1580857	32
locale	representation.text.word	sample	/Users/hugh/datasets/gittables/show_time/SCWFZYBWDFZW_1.parquet	V5	d1398d5e6aedf40482ef51f8de8ccf954ff5d21fd1238c6c27106fd1c7cee06b	32
decfix	representation.numeric.decimal_number	sample	/Users/hugh/datasets/gittables/speed_of_light/2009_dodge_avenger_modified.parquet	rating_value	55c12ca9eb3d06ad3d5d4ba4f31086b28780d6f8c3ef911aa8432e3d7ca74e99	32
decfix	representation.numeric.decimal_number	sample	/Users/hugh/datasets/gittables/growth_rate/Account1_PV_AssetAlloc_Donut_1.parquet	topAssetsByValue__portfolioValuations__foreignCurrencyDollarValue	38d1c2543b514b6534272b5dfe303e318dc390eac67a5768e5b77640f905a589	5
ua	representation.text.plain_text	sample	/Users/hugh/datasets/gittables/processing_time/Designite_Foundatio.Tests_ImpSmells.parquet	Description	da0315b93272576a2e94aad6bd9a4303df4c407098e9d10b2181950435c04803	32
decfix	representation.numeric.decimal_number	sample	/Users/hugh/datasets/gittables/show_time/covid19_case_summary_2020-04-11_4.parquet	value	bc8e74ce3ef33aea1d29c2b39ef1a245dc4c683cd75dfe598a853b5f7735a64f	32
weight	representation.numeric.decimal_number	sample	/Users/hugh/datasets/gittables/id/frog_tongue_110.parquet	impact force / body weight	d0cad31e3e279cacaf91154012749e050d3f029eab4c01b04ef8e3fe7b61c261	32
decfix	representation.numeric.decimal_number	sample	/Users/hugh/datasets/gittables/seek_time/WD-WMC4N1498267.parquet	Smart 7: Seek_Error_Rate (Raw Value)	de8fd6d654c0175784be3d56e43d7c0b0a9230b98f97ce89a82c6bc12afb1993	32
decfix	representation.numeric.decimal_number	sample	/Users/hugh/datasets/gittables/object/sma-TDOC_trades.parquet	profit	7e09c1d4b32425b7b9a5009d819e8ab0184dc37a651d66e0412bef7445d0a4a9	17
weight	representation.numeric.integer_number	sample	/Users/hugh/datasets/gittables/id/javaConceptsToIntent_2.parquet	weight	70d7c5a08d47ee0b38bb1f7620bf46bf1e9e90847e475d002afe2055d5de22b3	32
ymdfix	datetime.date.compact_ymd	sample	/Users/hugh/datasets/gittables/id/203998_7.parquet	GAME_DATE	92102548a90d2a8241c85880d4f6705af6928a4bbf39c63807171c9ce521f4fd	17
ua	representation.text.plain_text	sample	/Users/hugh/datasets/gittables/data_rate/A00-2018.annv3_32.parquet	Reference Text	cf24c641b37d405c6c695e8d5c71664238954568715a39050a1e08f3b028710d	16
decfix	representation.numeric.decimal_number	sample	/Users/hugh/datasets/gittables/id/landstates2016_7.parquet	Home.Value	4aa4c0da9eda9e84af548ad25525011a7f656da1ffaff3db9ebcdb0bd42fa103	32
weight	representation.text.word	sample	/Users/hugh/datasets/gittables/data_rate/EDCD.d05b_3.parquet	an..3	105d90285eb0b099634f59dfa29bd32504f70880172095297fd83f4b78c4c3eb	32
height	representation.text.word	sample	/Users/hugh/datasets/gittables/dead_air/fr-advertisers-by-audience-m13_17.parquet	audience_code_filter	f37cc5ff971b5fe70c61474beb915e0195039606900681d3372c68ab649678d1	32
ua	representation.text.plain_text	sample	/Users/hugh/datasets/gittables/abstraction/Designite_ResultProviderTestUtilities_DesignSmells.parquet	Cause	f470a9dea2c649a79cb7d27134562ff34fa390b5af1947f9d724d62097b1cc61	32
ua	representation.text.plain_text	sample	/Users/hugh/datasets/gittables/growth_rate/AIRX_20190924-200445.parquet	Body	788417b4cdf3633d1268d1f43f410b55ecee4f0ce171587532152f667f13585d	32
ua	representation.text.plain_text	sample	/Users/hugh/datasets/gittables/object/Designite_JR.DevFw.Core_DesignSmells.parquet	Cause	399c960cdf44ead683ba3f30e1e68b62dc0cbff29fdb4b0b07631c2533e39b6b	32
decfix	representation.numeric.decimal_number	sample	/Users/hugh/datasets/gittables/organism/revigo_72hpa.parquet	log10 p-value	1d587753bb92b140823ceb1e904ce74c7e5a42ff0f5eef39c74f59e9287f2939	32
ua	representation.text.plain_text	sample	/Users/hugh/datasets/gittables/abstraction/Designite_System.Workflow.Runtime-net_4_5_DesignSmells.parquet	Cause	e26acd91ebe6d44551070b8024d60a91473aa289e6eaa24fff07985d5746322d	16
ua	representation.text.plain_text	sample	/Users/hugh/datasets/gittables/real_time/jos_ucm_content_17.parquet	'core_state'	8122a51e9efe36fa2e3b63920c06b5901ef833aecc489ca8351f6dc065866635	32
ua	representation.text.plain_text	sample	/Users/hugh/datasets/gittables/parent/jos_ucm_content_66.parquet	'core_body'	3da7cd891e76bc93c98e8db9b2525367bbf7196b2d9db465c783ef63b97792eb	32
decfix	representation.numeric.decimal_number	sample	/Users/hugh/datasets/gittables/seek_time/WD-WMC4N1515389.parquet	Smart 200: Multi_Zone_Error_Rate (Raw Value)	16fa93bb2f2caa75792f5b21ce3c75f0ecf0b6bce26c1ae2dee9ed6d93383cb3	32
decfix	representation.numeric.decimal_number	sample	/Users/hugh/datasets/gittables/half_life/panel_2015.parquet	VALUE	c3d7c4b90055cb3daae73c7cc5f553ad1314cf40b8708044aa4be85ffd12740d	30
ymdfix	datetime.date.compact_ymd	sample	/Users/hugh/datasets/gittables/id/billion_dollar_disasters_Flooding_1.parquet	End_Date	97dccc95588b1195b900f0cfcac5db98328bc7913369813d1589d784fda0dfd1	32
decfix	representation.numeric.decimal_number	sample	/Users/hugh/datasets/gittables/id/stock.fg.mahachai_1.parquet	inventory_line_id/product_qty	b5a0db92644b0b77512625c341286676633d5b44a696b568af402822563892b9	32
decfix	representation.numeric.decimal_number	sample	/Users/hugh/datasets/gittables/thing/2009_dodge_charger_modified_1.parquet	Value_2	a74fe1f36c978fbfed171c625e53920ecd80a5730b627b60fc6cd99a6348c1e5	30
decfix	representation.numeric.decimal_number	sample	/Users/hugh/datasets/gittables/id/SMTP_results.parquet	predicted_value_[HSTrees]	ce5ccf89a692ae46d3911d268aa1bc20519e74ad5bba0e4c55abacc10d5e79db	12
decfix	representation.numeric.decimal_number	sample	/Users/hugh/datasets/gittables/growth_rate/Zurich_glassdoor_ratings_1.parquet	rating_balance	63fe4199c2378063cd0076d68c6fe56322e4ced0869d7297b0337d8283c3cde1	28
weight	representation.text.word	sample	/Users/hugh/datasets/gittables/data_rate/EDCD.d03a_4.parquet	an..3	605e4c2a35c8940095d8bce87b4b7641b7f18e2e8ad35cb4da7139ea96033e2f	32
decfix	representation.numeric.decimal_number	sample	/Users/hugh/datasets/gittables/id/ng.parquet	value	a6a9c04f6b6ce2b3f2f791e566a5eff6b5f9b1e801633dfee3419540f0424d6b	11
height	representation.text.plain_text	sample	/Users/hugh/datasets/gittables/half_life/NCA_single_dose.parquet	vz_f_obs	2428f4de982400d39d5ab6c95df3991fa3df2f09f2690769f0b0c05dcae44245	32
ua	representation.text.plain_text	sample	/Users/hugh/datasets/gittables/abstraction/Designite_KRPC_DesignSmells.parquet	Cause	96e24dc5ea7dda6115667fc76605c1f913b1c39a6d6d83006287acd3292590c5	32
ua	representation.text.plain_text	sample	/Users/hugh/datasets/gittables/question_time/0346_8.parquet	pos	cd9e8a05c15fbb50b5f630f2e3222f1fc79d3fdbc594d99c040e4bc13c190a8b	32
height	representation.text.word	sample	/Users/hugh/datasets/gittables/show_time/jos_modules_38.parquet	'access'	e05aa4a26bb4ecfa7e197bffb0e982dfc3cbdc373cbb775ac9ceb94254c0846f	6
decfix	representation.numeric.decimal_number	sample	/Users/hugh/datasets/gittables/id/enthalpy_of_vaporization_pure_61.parquet	Reference EnthalpyOfVaporization Value (kJ / mol)	1836dd864be5145e1d7c01fbae4f05c79635cfb7754ef41f1627133feaa2d5ef	6
decfix	representation.numeric.decimal_number	sample	/Users/hugh/datasets/gittables/parent/dummy-products_692.parquet	meta:total_sales	ec289ef3513e301b6bca708ccd48b1ab3e812b3d8bc8d3fdea50413feadfeced	17
ua	representation.text.plain_text	sample	/Users/hugh/datasets/gittables/data_rate/meta_2020-11-24_aw.parquet	comments	20ad9a3fdb1643520f21dc48a5838f29afa66aee8cb02fb7ed2505e79a8a3cc3	12
decfix	representation.numeric.decimal_number	sample	/Users/hugh/datasets/gittables/running_time/dice_dt_result.parquet	scaled_input_capital-gain	1029bfe108c9471896d360eb76ec2e6580a0442a3bd1dcfa35bdc5e174ef858f	5
ua	representation.text.plain_text	sample	/Users/hugh/datasets/gittables/lapse/9b7db413319f68ac759d356bf44a62e48e78ab1d7dcaf39b5f68977a5c31df32_1.parquet	Notes	50bba183f22dc9d5d2afd7bd5ebf632e2b6f3761a84a68aecc2fbd324257db67	27
decfix	representation.numeric.decimal_number	sample	/Users/hugh/datasets/gittables/growth_rate/Company_info.parquet	profitMargins	557fca7af15f46b722a27a480fd45b06adf7015add3af850c7a4ae86334c0f29	5
ua	representation.text.plain_text	sample	/Users/hugh/datasets/gittables/processing_time/2019_january.parquet	Description	2399b4d81b269bf558d4d026310e5523261f9c54d0f9efb7a079d857d3cd802f	32
ua	representation.text.plain_text	sample	/Users/hugh/datasets/gittables/crime_rate/MattDugal.parquet	Description	65fef60a0baa31d5830056ef507c78780ab0ac2be68c46f234660829a930b7ef	32
ua	representation.text.plain_text	sample	/Users/hugh/datasets/gittables/thing/sw_0692_2287.utt_13.parquet	parse_tree	c1b8b4af20360cf67de6c6f47699db65e90723dcf4ff08ed4246b62700d4ed0f	32
decfix	representation.numeric.decimal_number	sample	/Users/hugh/datasets/gittables/metabolic_rate/andrew@acooke.org_25505915679.parquet	Value 1	752e898622f094a36030fc1c4a6632d1e264a4859ae8c93f0587dcb836db89f3	24
ua	representation.text.plain_text	sample	/Users/hugh/datasets/gittables/count_per_minute/ETCH_20190924-044908.parquet	Body	eddb2cb1d114ba01edf11599b2d1cb9e5efe3c04b1b6750ef8e2b2176125bc75	31
decfix	representation.numeric.decimal_number	sample	/Users/hugh/datasets/gittables/id/enthalpy_of_vaporization_pure_114.parquet	Estimated EnthalpyOfVaporization Value (kJ / mol)	c34ca7161dd895511e25544980c624d48ae210d8087de7f69ef5b7f8df704119	12
weight	representation.numeric.decimal_number	sample	/Users/hugh/datasets/gittables/id/frog_tongue_2.parquet	impact force / body weight	390afb3296ae08749358c269a9c19d4e1ef2e04bea2b5f6bfac2b167cea2cdcd	32
height	representation.text.word	sample	/Users/hugh/datasets/gittables/parent/jos_modules_66.parquet	'access'	9942698fd465950fb9a86280d00dd68b000aeef658b059add920158664ca133f	6
ua	representation.text.plain_text	sample	/Users/hugh/datasets/gittables/data_rate/J01-2004.annv3_35.parquet	Reference Text	bc72ecadfe6fe538b112582ec47ec17c2458c448694415546d23ca43bd0df8cd	17
ua	representation.text.plain_text	sample	/Users/hugh/datasets/gittables/growth_rate/AXT_20190925-093804.parquet	Body	555dbdfd9efd36e2b0509f6a7042758ddfe81931f08685d2399b94b9f54a8165	32
ymdfix	datetime.date.compact_ymd	sample	/Users/hugh/datasets/gittables/id/1626178.parquet	GAME_DATE	20ee01498f71ba188a5e675b45cbcb6e284d993d9d0ddb5ac13711e5f24bdf6d	18
ua	representation.text.plain_text	sample	/Users/hugh/datasets/gittables/thing/sw_0644_2476.utt_11.parquet	pos	b64303de2f6689e26b38cfbac06eb2c284339baba437ed7123889293b0af04f7	32
ua	representation.text.plain_text	sample	/Users/hugh/datasets/gittables/dead_air/test_sample_2.parquet	comment_text	e896aff1dafda861e5b1ad6d9d7b3d58d3ce18e294b41be0c4540e93170cdfc7	32
ua	representation.text.plain_text	sample	/Users/hugh/datasets/gittables/whole/0259cede12dc82d0c4cef68f444d2a1ae3a3d718787f8cdb8ff1fc05243ae004_13.parquet	Notes	4da9e61b29c3d6ab1de9f3fd183239fc1832c3e0608125a30180f49d403bb29b	32
ua	representation.text.plain_text	sample	/Users/hugh/datasets/gittables/processing_time/data_299.parquet	description	861d20a3fbe91bf98cb6c69374fd7e0ead4bf418d328a356736dd50a12d08f43	32
decfix	representation.numeric.decimal_number	sample	/Users/hugh/datasets/gittables/id/itemassocs_1.parquet	assocValue	402b2618b3947d80451651e2e0847c62792c5e25571a4a1e5aee41c0b27e0adb	6
npi	representation.numeric.integer_number	sample	/Users/hugh/datasets/gittables/id/20210508.parquet	HOME_TEAM_ID	a7e69ce1787df2ce8cf56e782e01ce011c43fabac0ff4bf7c42ab2b18a6efb6b	7
ymdfix	datetime.date.compact_ymd	sample	/Users/hugh/datasets/gittables/id/OutpatientClaims_1.parquet	CLM_FROM_DT	f41774fd851ebc4a38a1b8b1cc159bcc04991f84c1df6d12510c57f05bd4124b	12
ymdfix	datetime.date.compact_ymd	sample	/Users/hugh/datasets/gittables/id/1629620_4.parquet	GAME_DATE	a7b14aeac944e494010fe6995da1835cb9dca29fdcd47364dec9290c78be8fab	12
ymdfix	datetime.date.compact_ymd	sample	/Users/hugh/datasets/gittables/id/1628499_3.parquet	GAME_DATE	7a4bb44004058796f456007d064941ebd9db18ed17b1be67ecffe20d5ce5dbfb	14
ua	representation.text.plain_text	sample	/Users/hugh/datasets/gittables/data_rate/2021-07-04_results.parquet	abstract	bdd4b8035b9881c58a38a1e30384d2bca298b00b9058bca15993f738a90ce1ed	9
locale	representation.text.word	sample	/Users/hugh/datasets/gittables/show_time/JMSOQGHNFMYO_1.parquet	V8	44197c6b59893c511de5e4ad0f66647f14f1dba5c7d3f19af89249c00b71ee85	32
ua	representation.text.plain_text	sample	/Users/hugh/datasets/gittables/running_time/jos_ucm_content_8.parquet	'core_state'	566bbd3747a1bad97686890dbbcc8e4301f1f9e9c8e2e77fd65bd7de61c5d771	32
height	representation.text.word	sample	/Users/hugh/datasets/gittables/dead_air/nl-advertisers-by-audience-m13_17.parquet	audience_code_filter	6665c5ee0b096972baf61a7c6bf37e688f0635a01e217fd6429d461f49b6731d	32
decfix	representation.numeric.decimal_number	sample	/Users/hugh/datasets/gittables/running_time/dice_nn_result.parquet	origin_input_capital-loss	48a891de49f40f6720d76a30f65ac64a53feea81724228c25026167154f4e1b1	5
weight	representation.text.word	sample	/Users/hugh/datasets/gittables/object/EDCD.d05a_1.parquet	an..3	c7c795e90dc8c2794b3bd5bc9dbb95177a0725623eec2b8b6725a34f21e462b7	32
weight	representation.text.word	sample	/Users/hugh/datasets/gittables/id/concept2-season-2017_1.parquet	Weight	7a7615ea738e8c0fe914b702ecaa55915eacb77afdcbf1cf38a6820be7785455	32
decfix	representation.numeric.decimal_number	sample	/Users/hugh/datasets/gittables/cease/my_draft_pool_smoothed_adjusted_inflated.parquet	Dollar_Value	3e4eeb44b1263d2b2e85ad9fad6ce26b76f427fd52b4e2f1dbcd3f48130562c3	32
upc	representation.numeric.integer_number	sample	/Users/hugh/datasets/gittables/id/halo_85004285975_particle_ID.parquet	particleId	30b0ea6d9ddbeb464c7c2712823d1348ef111a186922a815fb0e2854ad7b1eb7	32
ua	representation.text.plain_text	sample	/Users/hugh/datasets/gittables/respiratory_rate/meta_2020-10-13_aw.parquet	comments	e923aa59bf740fca19368f21f609daae7bf848fe41f4405d735a8ac1a90478e9	15
ua	representation.text.plain_text	sample	/Users/hugh/datasets/gittables/abstraction/Designite_AerospikeTest_DesignSmells.parquet	Cause	d2f44fe27e89b325d91e4aebbf240040d410522c398f9bdb1bfcf7a33aee2e5b	32
decfix	representation.numeric.decimal_number	sample	/Users/hugh/datasets/gittables/id/75_393.parquet	sales_amt_diff	b536480f5a63e8697ebd1389b3a7c0cef12f17498775d2832e0e326a6e2bf3b7	32
upc	representation.numeric.integer_number	sample	/Users/hugh/datasets/gittables/id/halo_85004286658_particle_ID.parquet	particleId	1a528cc76c1af799719153fa5bfd8c79cbdb2c641d663e1fac5bf0c95e1cb3bb	32
weight	representation.numeric.integer_number	sample	/Users/hugh/datasets/gittables/id/equip_item_attr_modifiers.parquet	spi_weight	f5e3a510c2e6233eda9404ebbbf45af51afa2debb83c37e6abf86c7eedcc766f	32
locale	representation.text.word	sample	/Users/hugh/datasets/gittables/show_time/MVRAEDZCSMMG_1.parquet	V8	2d7070600177ca735f19c10f92adb0a4751b441e9f0c4fd2ac691b80deff5871	32
weight	representation.numeric.decimal_number	sample	/Users/hugh/datasets/gittables/id/frog_tongue_10.parquet	adhesive force / body weight	1830e1ed4a96f4c2cae70840436b6674f506345bc084dd0e2b6a86b7163187cb	32
decfix	representation.numeric.decimal_number	sample	/Users/hugh/datasets/gittables/object/audit_212.parquet	Setting Value	f02eee7d0eddfdf3563006393b31a16381a5080b7890ea2f8fb5687f56022129	32
ymdfix	datetime.date.compact_ymd	sample	/Users/hugh/datasets/gittables/growth_rate/news_20180626_2.parquet	20180626	bcda6d2cb045edabb5b8579ca0565356bb85f63f96bfc39a3d8d62d0c3c7a307	32
decfix	representation.numeric.decimal_number	sample	/Users/hugh/datasets/gittables/object/h3ka-GS_trades.parquet	profit	c498c2d10a0f8246991546cf4c0abeead1766a9856870e345a52df068881666d	11
decfix	representation.numeric.decimal_number	sample	/Users/hugh/datasets/gittables/thing/2009_nissan_sentra_modified.parquet	rating_value	225674358af8d2126ab9c144664683f02378c41c82f5ba0112350555149af963	21
decfix	representation.numeric.decimal_number	sample	/Users/hugh/datasets/gittables/growth_rate/summary_stats.parquet	longtermDebtToCapitalization	cfa0231130efc5df1d5fb36abcfeeda8eb1d8661e2ae0714fa8725464b09762d	11
decfix	representation.numeric.decimal_number	sample	/Users/hugh/datasets/gittables/id/activity_truncated.parquet	Value 5	082b28d5fa9146f28d5bd481ed6fc62f746a4c5b5a0f6490663fc7965af9194b	16
height	representation.text.word	sample	/Users/hugh/datasets/gittables/parent/jos_modules_14.parquet	'access'	60877a34b2427cf7b1fcf60224ed39cfd41eabf0dfe5d89cbb6f70bc54d965ad	6
decfix	representation.numeric.decimal_number	sample	/Users/hugh/datasets/gittables/speed_of_light/civil01739.parquet	Balance Due	2c8550498144634549502cc41eda173bd2ddd5e01c5362caeaafebf84e3eb7ed	32
ua	representation.text.plain_text	sample	/Users/hugh/datasets/gittables/data_rate/sildenafil_wos.parquet	Abstract	9d569e34b724afaec07e737eac6a607b717087b16280b28b3d8e69a6bc4d05b9	8
decfix	representation.numeric.decimal_number	sample	/Users/hugh/datasets/gittables/id/Test_FormatTableDateTime_InsertBeforeColumn_out.parquet	value	306e28f4c3928075297df03fb8d6a34f083eff5e3994ee22542d9c6e690e4d6d	32
decfix	representation.numeric.decimal_number	sample	/Users/hugh/datasets/gittables/quick_time/FannieMae_glassdoor_ratings.parquet	rating_balance	c8d7348e15fa99c1e18516e8d05453c22f6b7177a4ba31f2eed8a7a14b8f42c9	23
height	representation.text.plain_text	sample	/Users/hugh/datasets/gittables/dwarf/COPY%20Seed%20Catalog%20Spring%202021%202.1.2021%20DMC%20-%20seeds.parquet	Sub-Variety	450a93fcac41f4d9e672ca307fa7083814b83102ee096bb4cdb90ae83e4c37e9	14
ua	representation.text.plain_text	sample	/Users/hugh/datasets/gittables/data_rate/attack_strategies.parquet	description	a8d2ad68f0fb6fb59a7900c063510d671037f59666da9199c2f243265f99443f	26
decfix	representation.numeric.decimal_number	sample	/Users/hugh/datasets/gittables/speed_of_light/civil01312.parquet	Balance Due	fe1e9d3c64679836fe65bfbecae95c3baa225bcb93005bd73f607c9f0c2308af	32
weight	representation.text.word	sample	/Users/hugh/datasets/gittables/object/EDCD.d06a_1.parquet	an..3	caa26f1fb3e21b9d7d711941e296327fd2907f6662d82a29e43fbaa235f49249	32
ua	representation.text.plain_text	sample	/Users/hugh/datasets/gittables/reaction_time/December_4.parquet	Request Description	bfe7005c03c194f1ca2483976da6f1882558bed8da8c1035c56113b471ae903b	32
ua	representation.text.plain_text	sample	/Users/hugh/datasets/gittables/then/P04-1036_763.parquet	Reference Text	8ee3d91d64d4381c614bebfb57a53ebe67603ddc23261c6b96e71e4e875dacff	17
decfix	representation.numeric.decimal_number	sample	/Users/hugh/datasets/gittables/id/enthalpy_of_vaporization_pure_72.parquet	Estimated EnthalpyOfVaporization Value (kJ / mol)	0bdeb46b7cf636fdd432c32595f294341a2c0b2ad86c29d6abb8e63bbe30478b	6
ua	representation.text.plain_text	sample	/Users/hugh/datasets/gittables/data_rate/Photon_20190925-003132.parquet	Body	4c03b94a1b044732af5a171e77cd81e3dd1478d1a94a4d138bf790d462de6ffb	32
locale	representation.text.word	sample	/Users/hugh/datasets/gittables/show_time/BMTPXBFHRKZB.parquet	V25	d53d2e205413c011db43390a5a0bf792bd4db27e986ffdac41a1ba772166878f	32
decfix	representation.numeric.decimal_number	sample	/Users/hugh/datasets/gittables/data_rate/WorkoutCustomTargetValues_16.parquet	Value 3	dc889308a66bf02cecde67f0c01ea19d1a95853138f76914114eb591ee1ccfa7	7
decfix	representation.numeric.decimal_number	sample	/Users/hugh/datasets/gittables/object/raw_67.parquet	sample_measured_value	8d9421f0a7365cb346cb856b159102f8962361d4b4c35685f9188e47392a86ad	32
decfix	representation.numeric.decimal_number	sample	/Users/hugh/datasets/gittables/then/phenotype_gleason.parquet	value_first	162f12f2cca721d163b858ec54dea77e74d19a6f5a84729c5464157f0e04e4f1	32
ua	representation.text.plain_text	sample	/Users/hugh/datasets/gittables/abstraction/Designite_Csg_DesignSmells.parquet	Cause	ce6ef011ab63b987a2459591f30a0da97764bb68ba8dd6a113d3f4fb8d5b975b	32
ua	representation.text.plain_text	sample	/Users/hugh/datasets/gittables/data_rate/2021-05-09_results.parquet	abstract	1a241895542e59c9942297ceff965d0b9092d90e1378c93b31cbb9efab2ae683	10
ua	representation.text.plain_text	sample	/Users/hugh/datasets/gittables/show_time/sw_0644_2476.utt_6.parquet	pos	73a0b3b93bb93e5c5272563fab3bced5d894d2a38fa408d5cc88925f3b15f395	32
height	representation.text.word	sample	/Users/hugh/datasets/gittables/show_time/jos_modules_25.parquet	'access'	d0235c1dd2997f9f53792af22f4acbecb7be9d8e80974867dbd1f9f1f455a6d1	6
weight	representation.numeric.decimal_number	sample	/Users/hugh/datasets/gittables/id/trajectory-HMC_2nd-hidden.parquet	weight7	39636049efd712aa536466856c3d233d56185d19b6bdc17406649f9ae30bad63	15
ua	representation.text.plain_text	sample	/Users/hugh/datasets/gittables/whole/British.parquet	review_text	14b67b297e5bfc952214946987f330050f81c094e006dc4464fb7e9686f98663	10
ua	representation.text.plain_text	sample	/Users/hugh/datasets/gittables/real_time/jos_ucm_content_29.parquet	'core_body'	4171a84e9e36f060c6abf9d3fc0ece054dccddead4d280815c06545d4bd8b2d3	32
locale	representation.text.word	sample	/Users/hugh/datasets/gittables/show_time/HUASOVKWSKMU_1.parquet	V5	3fc5d963e13d21e031d96e53251be039637146632a12e5a8b875a8dcbc5426e1	32
height	representation.text.plain_text	sample	/Users/hugh/datasets/gittables/half_life/NCA_single_dose_2.parquet	vz_f_pred	03935e75c6d71d624765230691053e6dc6cf46b34f3d23d0ae3d723a83aaadc1	32
decfix	representation.numeric.decimal_number	sample	/Users/hugh/datasets/gittables/id/density_pure_132.parquet	Estimated Density Value (g / ml)	e2799d447c7bca731a54df78e889cf99e2cec7c22d3f2147a9502cb3a2c0336f	12
ua	representation.text.plain_text	sample	/Users/hugh/datasets/gittables/organism/client1-sort.parquet	Abstract	274ac07b7e0ea7af11d3fd12831d493746c2341078c6481c886ff74d02e7aea5	32
decfix	representation.numeric.decimal_number	sample	/Users/hugh/datasets/gittables/growth_rate/jdg_nrm_1.parquet	Funding Pipeline	18f32afaa73710eafbea4bd4708391465632ddbcf40fca5eb67f4712d35e8fe5	32
ua	representation.text.plain_text	sample	/Users/hugh/datasets/gittables/data_rate/BCBC_20190925-090811.parquet	Body	17d239c5a34cbb4c808234f9ce5bddff2ef8feaaa9580e5311f5cd0da4a4b621	32
ua	representation.text.plain_text	sample	/Users/hugh/datasets/gittables/interim/2011-07_1.parquet	Subject	b162d4888af31148f94370901c7e3970e99fd67aa187088af31fbc5ce28eba77	32
ua	representation.text.plain_text	sample	/Users/hugh/datasets/gittables/object/Bug_Version1.4.parquet	Comment	b9bb95df5034d1e59fd04b7259af9fe55448bcb989de72f67981d18cc5f12395	10
ua	representation.text.plain_text	sample	/Users/hugh/datasets/gittables/running_time/jos_ucm_content_31.parquet	'core_body'	98e30f2bc6c947d3f35ae60fe5d1c10b0a3f12363229d41dd557a1b43cd77233	32
decfix	representation.numeric.decimal_number	sample	/Users/hugh/datasets/gittables/id/tdatavar168.parquet	variance_value	d089ffc0fd3e8e480dfab7f8bbf402692cb54df2ee265f3edbd264afd77fe0f3	5
decfix	representation.numeric.decimal_number	sample	/Users/hugh/datasets/gittables/object/sma-MSFT_trades.parquet	profit	4425b4885889cf4d73e0b9df47656a0fbb9d1c19d957707eff18b10ff7ecbd4b	17
decfix	representation.numeric.decimal_number	sample	/Users/hugh/datasets/gittables/growth_rate/summary_stats.parquet	EBITDA	cfa0231130efc5df1d5fb36abcfeeda8eb1d8661e2ae0714fa8725464b09762d	11
height	representation.numeric.decimal_number	sample	/Users/hugh/datasets/gittables/id/Stage%206%20-%20Lot17%20-%20Device%20parameters.parquet	Antenna_Height	71c627ecc40e8735d83b5084f1e9cfaf4073dc7d7f92c66f29c151f3fbb2c36b	32
weight	representation.text.plain_text	sample	/Users/hugh/datasets/gittables/quick_time/dwbfpricesusawin30102013.parquet	EVENT_NAME	cf6ce970a0866fdc48508942de48a975bd9890f3c19f93b44a75524b1653d8b9	32
decfix	representation.numeric.decimal_number	sample	/Users/hugh/datasets/gittables/rate_of_return/summary_stats.parquet	Free Cash Flow margin	55cd066c93d09750544be68d96276688a4858e39b2098bea37455bd2afdc18bf	11
decfix	representation.numeric.decimal_number	sample	/Users/hugh/datasets/gittables/object/sma-SQ_trades.parquet	profit	909ee80a1e293062fafaf93ff2249c930e6da21eb5c68fb16274e5d3943c5d0f	12
ua	representation.text.plain_text	sample	/Users/hugh/datasets/gittables/object/Designite_Inbox2.Platform.Framework_NamespaceMetrics.parquet	Ca types	4dd4f9bde718ce6a8f6e8bab2488f1ae3e33f45bcb6485e16f4a84fbac01a6d7	11
ua	representation.text.plain_text	sample	/Users/hugh/datasets/gittables/growth_rate/MET_20190922-230556.parquet	Body	1affcb25caa942057c97f15c3ebeff22523aea80fe54dcc4c893e63f6d1264db	32
decfix	representation.numeric.decimal_number	sample	/Users/hugh/datasets/gittables/id/activity_truncated.parquet	Value 3	082b28d5fa9146f28d5bd481ed6fc62f746a4c5b5a0f6490663fc7965af9194b	19
ua	representation.text.plain_text	sample	/Users/hugh/datasets/gittables/quick_time/members.parquet	Service_Offering	d4363547752cb0437d319a02d4bb09737a6c2ba0067a2f9031dacd44b200e70f	32
decfix	representation.numeric.decimal_number	sample	/Users/hugh/datasets/gittables/id/instruments_4.parquet	value_baseNMBR	f3a1ebd297733050908c23b21f6cae878d3e9d492e87f48f7f151be62ac48a91	5
ua	representation.text.plain_text	sample	/Users/hugh/datasets/gittables/split_shift/switch_games.parquet	description	dfc0caec673dd18dc2f762b390e626ae6522aa810fb6e70710263098ac2e1555	32
ua	representation.text.plain_text	sample	/Users/hugh/datasets/gittables/metabolic_rate/Review_or_Overview.parquet	ABSTRACT	f833ba49ffc19fe5b26258a5ad87ce6dec15135dbcd4d294f7fec9e70bcdb385	18
height	representation.text.plain_text	sample	/Users/hugh/datasets/gittables/show_time/342643__20160428_160652.parquet	screenHeight	6b66c55d1365c9c377d0d012b7e0eab66dd455f8a2825452c2a613f502d7753b	32
height	representation.text.plain_text	sample	/Users/hugh/datasets/gittables/show_time/342643__20160429_043252.parquet	screenHeight	94e87ce262e3090699386e0dce6d60c10dd49ce290015eca1ad5755f5daca391	32
ua	representation.text.plain_text	sample	/Users/hugh/datasets/gittables/processing_time/bubble2_5.parquet	Description	230ac8550ff98c43cc560fcdabce9e20e9fd58f3c290d2ad3c486ac8cb6fbf27	32
decfix	representation.numeric.decimal_number	sample	/Users/hugh/datasets/gittables/growth_rate/summary_stats.parquet	10Y Shareholders Equity Growth (per Share)	cfa0231130efc5df1d5fb36abcfeeda8eb1d8661e2ae0714fa8725464b09762d	11
ua	representation.text.plain_text	sample	/Users/hugh/datasets/gittables/running_time/jos_ucm_content_47.parquet	'core_state'	56f180ab4672e638b5ac52b5592e74886b5d31d532405a49c9bdbcfc83f7b413	32
npi	representation.numeric.integer_number	sample	/Users/hugh/datasets/gittables/id/20210516.parquet	HOME_TEAM_ID	a480c28ae58dd63195fbd18619b02f6468e8981bc00850d7d1c542eb80fff2bb	15
decfix	representation.numeric.decimal_number	sample	/Users/hugh/datasets/gittables/object/Monthly_Demand_Se_Logan_Irr.parquet	SeasonNumericValue	7ea2dc2b7f52950e3393a015a1b7275e206d9adf364168dc9931827df1de1833	12
ua	representation.text.plain_text	sample	/Users/hugh/datasets/gittables/metabolic_rate/meta_2020-05-18_aw.parquet	comments	24fc7dfa8b87c14f5c55f1d588dd237531ea0a65a7af7733c4a68d34618723a7	20
ua	representation.text.plain_text	sample	/Users/hugh/datasets/gittables/in_time/sample_officer_ia_log.parquet	Summary	21b6dfd70a4d6ff296c352f5b94590f6eac0232f53b5b82c1f054aa2ab8b0493	9
ymdfix	datetime.date.compact_ymd	sample	/Users/hugh/datasets/gittables/real_time/Finance_BalanceSheet_2.parquet	ann_date	6378d625a7ef12f3d48019de8a64b63c7d8818403fda6b738301a2808998f285	32
ua	representation.text.plain_text	sample	/Users/hugh/datasets/gittables/abstraction/Designite_Ramone.Tests_DesignSmells.parquet	Cause	fcd0391ee18904b931944db982d8c93359bc77a238f771d9b9da938d71781f75	32
height	representation.text.word	sample	/Users/hugh/datasets/gittables/parent/jos_modules_4.parquet	'access'	38a4271129baf18b6ee53831cf4b00efcdc109826c5dec695877140bc635d269	6
decfix	representation.numeric.decimal_number	sample	/Users/hugh/datasets/gittables/id/excess_molar_volume_binary_24.parquet	Estimated ExcessMolarVolume Value (cm ** 3 / mol)	8addaa3cfd95189ada8256d557cbe5537ffc1116033671d44fc2f72afa0c0abf	30
decfix	representation.numeric.decimal_number	sample	/Users/hugh/datasets/gittables/whole/log_int_1.parquet	value	511df9b31b2e86e89b4179cee277b19f12fbf7932d0860bbb57ef1fdbb0071e5	15
ua	representation.text.plain_text	sample	/Users/hugh/datasets/gittables/respiratory_rate/meta_2020-10-27_aw.parquet	comments	6aab7932cfcd45185a3ad2c3c053be3989527e2247fd249142432e284cf803b5	15
weight	representation.text.plain_text	sample	/Users/hugh/datasets/gittables/parent/filter-chd_5.parquet	monitor_type	4231eb4704c163f0b10029788e087c08e64c732ca92092ca7384fe73cc253b97	32
decfix	representation.numeric.decimal_number	sample	/Users/hugh/datasets/gittables/data_rate/MonitoringFile_13.parquet	Value 5	e1ef87fde24bd0557d7d1e0c0593c23a52fe37273e14d2cc9201d985920efe99	32
weight	representation.text.plain_text	sample	/Users/hugh/datasets/gittables/id/EPMA_SEM_Part_2.parquet	Unit: e.g. weight percent (%m/m), ppm (µg/g)	23cd2dbdb36234f21b10a11fbc30793f7a3af414ac073a7fce4f9b1c956544d3	10
ua	representation.text.plain_text	sample	/Users/hugh/datasets/gittables/processing_time/Open-Source-Analytics-New-Jersey_events_past.parquet	description	fa5144a4f5f25a58116a9c6fb78ce67a03a2b3e02a3d44dbcb76c0e9955d80f9	18
ua	representation.text.plain_text	sample	/Users/hugh/datasets/gittables/quick_time/jos_ucm_content_25.parquet	'core_state'	d9295d7327a5ebbc2ec531715fadb75dcb76af00d6c0d77c12cf06580bff5c8b	32
decfix	representation.numeric.decimal_number	sample	/Users/hugh/datasets/gittables/in_time/joint_tour_composition_coeffs_1.parquet	value	6a8d202ec9b6e1f679a7ac1d0beda762fcbb94a73ff538d9a2ca82b0ec3c0f13	31
weight	representation.numeric.integer_number	sample	/Users/hugh/datasets/gittables/object/train_53.parquet	weight-agree	8587e585cf1a5db22df24acc0f74851d201258298317fb0a4b992827aabb0cd1	32
decfix	representation.numeric.decimal_number	sample	/Users/hugh/datasets/gittables/rate_of_return/summary_stats.parquet	Asset Growth	55cd066c93d09750544be68d96276688a4858e39b2098bea37455bd2afdc18bf	11
ua	representation.text.plain_text	sample	/Users/hugh/datasets/gittables/then/steps_dichotomised.parquet	no_explanation	0658efc61846b73ffb0c334657b6893787058d6249e8dfc92012b8bd2e4c02d3	27
decfix	representation.numeric.decimal_number	sample	/Users/hugh/datasets/gittables/speed_of_light/A54.tranSubsector_VOTT_9.parquet	time.value.multiplier	99c99b51baa89a0d922aa129735536656b25110f2b311df32830978470e40b91	29
decfix	representation.numeric.decimal_number	sample	/Users/hugh/datasets/gittables/speed_of_light/civil01608.parquet	Balance Due	6c8c0b1c53c7cec4623f9b0dbe50a80d4dd2fea0ddb41133ab347ba46d098679	27
decfix	representation.numeric.decimal_number	sample	/Users/hugh/datasets/gittables/object/h3ka-ROKU_trades.parquet	profit	cc5e726a5e3f7a39d13a18c1f02b7b160debec58f25c4a2a838ec08d9a94d005	19
ua	representation.text.plain_text	sample	/Users/hugh/datasets/gittables/whole/7bbf483dd896de667a8476ab102c8aa657f01c9cb8dea5c9ed186d05d941de2b_10.parquet	Notes	0e22054274dcab840c6f17d65b2851c2c1370d0a53b524d242cc54829a21152b	32
ua	representation.text.plain_text	sample	/Users/hugh/datasets/gittables/parent/quality-20_1.parquet	chips_audio_details	ff373e810752f34b4a600ea66fd14fb764e98ccf6ec41d3e70ff8ebb41494963	20
decfix	representation.numeric.decimal_number	sample	/Users/hugh/datasets/gittables/id/excess_molar_volume_binary_23.parquet	Reference ExcessMolarVolume Value (cm ** 3 / mol)	ee5390f2f0322f31f3394755a124927332112c15ade9a4521174acccab2794a9	30
decfix	representation.numeric.decimal_number	sample	/Users/hugh/datasets/gittables/data_rate/covid19_case_summary_2020-04-02_5.parquet	value	5d18ebf50eab7575e70025d1693cdba0b28d85aad11a8b2ce9d080e17fc52435	32
decfix	representation.numeric.decimal_number	sample	/Users/hugh/datasets/gittables/id/ScheduleE_23.parquet	LoanBalance	30f22794a2366320c668f74efa83e6d99498de4d5b02be90e8633a2a058e4169	31
ua	representation.text.plain_text	sample	/Users/hugh/datasets/gittables/dose_rate/%20simvastatin_wos.parquet	Abstract	f9b59363ed713d4d3e6fc7e9c111df997f171ed4f983b10066635206db7c334d	16
decfix	representation.numeric.decimal_number	sample	/Users/hugh/datasets/gittables/speed_of_light/civil00803.parquet	Balance Due	391d36db0f269fb52f6fbc1119c3b4a594773010475ebba55c34985df6b887cb	32
decfix	representation.numeric.decimal_number	sample	/Users/hugh/datasets/gittables/id/excess_molar_volume_binary_11.parquet	Estimated ExcessMolarVolume Value (cm ** 3 / mol)	21cdc8820578810f440db10c978a92945cd40f058e6d2bd898fab2ffd3446f0b	30
ua	representation.text.plain_text	sample	/Users/hugh/datasets/gittables/real_time/jos_ucm_content_30.parquet	'core_body'	0dc6dcac752eb6726e765147eca0746d35cb6695df2c3e20e2d3a7e274407c6f	32
decfix	representation.numeric.decimal_number	sample	/Users/hugh/datasets/gittables/half_life/2009_pontiac_g5_modified.parquet	rating_value	f4674e65ede4a87917532f35be5616023f096772720eab9acecb26f077782785	29
ymdfix	datetime.date.compact_ymd	sample	/Users/hugh/datasets/gittables/id/1629718_3.parquet	GAME_DATE	6ebda7852500dee48cae93d3b0315de125631ce212579b3a8c6d29d220e21d59	19
decfix	representation.numeric.decimal_number	sample	/Users/hugh/datasets/gittables/id/enthalpy_of_vaporization_pure_87.parquet	Estimated EnthalpyOfVaporization Value (kJ / mol)	6061a082bbcaac18020875dfa9f561822c1031b4882d73a7eb4c04ffe9e0b97d	28
ua	representation.text.plain_text	sample	/Users/hugh/datasets/gittables/crime_rate/5-cases-eublockchainforum-20200224.parquet	description	ada183d382c27101ce805db57126298737556cc0bcbea7eeaa41418814445e85	32
ua	representation.text.plain_text	sample	/Users/hugh/datasets/gittables/thing/sw_0523_2092.utt.parquet	parse_tree	deee1b196ddcaa9e6805ea90560358a47b8ae90606b6d0eb51a4890b2478a7df	32
decfix	representation.numeric.decimal_number	sample	/Users/hugh/datasets/gittables/id/20200614_05-12-07_CCL2.parquet	Species value (original)	20e377d2b57030695386ad379344eef525d19e797f4146b07489403701f2bc85	10
decfix	representation.numeric.decimal_number	sample	/Users/hugh/datasets/gittables/quick_time/2009_volkswagen_eos_modified.parquet	Value_2	1c14cccef8aaefef7cc204629b58096d72c16d9ef1ba46b35de18c668932dfed	32
locale	representation.text.word	sample	/Users/hugh/datasets/gittables/show_time/RHRQMKXYEHXX_1.parquet	V8	5d2bdfa9756bba124369a60fce8fdbefb82f3019d917f0350b969a51c83c0485	32
decfix	representation.numeric.decimal_number	sample	/Users/hugh/datasets/gittables/data_rate/covid19_case_summary_2020-04-11_1.parquet	value	040d524d36cf355e1d11d9243834c484ea0faaa6cb95c8aae117199bd6777f7b	32
decfix	representation.numeric.decimal_number	sample	/Users/hugh/datasets/gittables/id/propane_50_850_Blob_Table_1.parquet	Peak Value	cd1ca94be7121adb884658ca92df2aab6447cc0fa6a197c3627671e425788be3	32
decfix	representation.numeric.decimal_number	sample	/Users/hugh/datasets/gittables/solar_constant/oT_Data_Generation_TEST_1.parquet	BinaryInvestment	07d7b56f30848990178cb4f9c3247ef6348cf745d0d42d3e5eb466109f316d65	9
decfix	representation.numeric.decimal_number	sample	/Users/hugh/datasets/gittables/real_time/2009_scion_xd_modified.parquet	Value_2	cf668c7f38afafd1edc0900a938f23fd91e4dba4dd9c1b1c9015723037b2c55b	32
decfix	representation.numeric.decimal_number	sample	/Users/hugh/datasets/gittables/then/WGCNA.voom5.signedhybrid.MLselected.modules.GOseq.parquet	under_represented_pvalue	d8f86d1e9b5cada31d9c5b1c62b8c342f9a3318e012761495af9be67256edb6f	32
locale	representation.text.word	sample	/Users/hugh/datasets/gittables/half_life/therps_qaqc_3.parquet	description	4675403cc487196bc678d263540842cae2434f7ab34ca4463ce46f47067e937b	32
decfix	representation.numeric.decimal_number	sample	/Users/hugh/datasets/gittables/whole/2009_bmw_x5_modified.parquet	rating_value	24b2e27543d5f3cd6c6ecf8f3be66026173f0f9438a924bb4c6142a8ff0a94ff	32
decfix	representation.numeric.decimal_number	sample	/Users/hugh/datasets/gittables/id/CloseFrameworkAgreementUA.parquet	serializable_value	72cec57280eda68de35b6e08c9caa33bbbb3a7056a496fafe5410dd29094ee81	19
ua	representation.text.plain_text	sample	/Users/hugh/datasets/gittables/data_rate/E03-1005_81.parquet	Reference Text	6161c54c8e9ea39fa9cdd4a30f11fb248f4455c0624d2e9695616065027d856d	15
decfix	representation.numeric.decimal_number	sample	/Users/hugh/datasets/gittables/id/portland_unemployment_2007_2017.parquet	Value	2e4eba532d29b4d0b5e72064240222672e430f6bb8aea383f88f822323bffff5	32
decfix	representation.numeric.decimal_number	sample	/Users/hugh/datasets/gittables/speed_of_light/2009_audi_q5_modified.parquet	Value_2	cec0aa3c5d982461a86ad07464dc378227ff268828153d816e968954165f7835	32
decfix	representation.numeric.decimal_number	sample	/Users/hugh/datasets/gittables/object/h3ka-PDD_trades.parquet	profit	c3c37de366e658b7e0f8318e7bce3a69b299fa36c75df5cd0e64fc45e9833277	19
decfix	representation.numeric.decimal_number	sample	/Users/hugh/datasets/gittables/speed_of_light/civil00369.parquet	Balance Due	9c13519467bc76cbff4bc9d7e63ff3f3741fa3774a27d562bf7afe9aeffa9f2f	32
ua	representation.text.plain_text	sample	/Users/hugh/datasets/gittables/data_rate/J01-2004.annv3_41.parquet	Reference Text	bd264f9a3f5bbed5d72dfe7fe45e554e2c23e0027904a58aae655f9b77a52259	17
ua	representation.text.plain_text	sample	/Users/hugh/datasets/gittables/thing/fc-jira-bug-fix-dataset.parquet	CommentsTopWords	eee159a5a1a12bbe8c39787c4dbb27e053521e9fdd4e6f0fa93a30251478e363	32
ua	representation.text.plain_text	sample	/Users/hugh/datasets/gittables/real_time/jos_ucm_content_80.parquet	'core_body'	0407f3134c21f0b984d23676f689d4f028cd5009eb727705b0b36d3b526c1b4d	32
decfix	representation.numeric.decimal_number	sample	/Users/hugh/datasets/gittables/rate_of_return/summary_stats.parquet	EV to Sales	55cd066c93d09750544be68d96276688a4858e39b2098bea37455bd2afdc18bf	11
decfix	representation.numeric.decimal_number	sample	/Users/hugh/datasets/gittables/object/ema-GAL_trades.parquet	profit	c779d212f4b3554960135e18e78bb771b17049e76e43f346232504e2cb23e933	7
decfix	representation.numeric.decimal_number	sample	/Users/hugh/datasets/gittables/half_life/A23.globaltech_retirement_10.parquet	profit.shutdown.steepness	15e91508c549a7fadf2f359f7179bca1fd64029ecb1da39025a64d01c540c479	23
locale	representation.text.word	sample	/Users/hugh/datasets/gittables/processing_time/grafit_public_article.parquet	events	539431f7f073c72e9adee5d9297be73d2e924e6ca5daadb8845cb15c99f1cdb7	11
weight	representation.numeric.decimal_number	sample	/Users/hugh/datasets/gittables/data_rate/lac_201027_1.parquet	normed_weight	a24b0080007a98d4585de4bda2b6711363a3ac82de66578a9b237fa3ef965e03	24
decfix	representation.numeric.decimal_number	sample	/Users/hugh/datasets/gittables/then/unity_reviews.parquet	rating_balance	a36bf08717bb0f50bbc060300f1666a681e64fdad449be97c601467bb28409ff	17
decfix	representation.numeric.decimal_number	sample	/Users/hugh/datasets/gittables/id/felony2020-02-12%20at%2012.15.40%20PM%20132.parquet	Balance Due	f62db06935229a517603bd02180046eeba0a724fec4aaafec24ee608e9964b33	7
weight	representation.numeric.integer_number	sample	/Users/hugh/datasets/gittables/id/hcc_Product.parquet	ShippingWeight	ad336c6c186fbd28823a1e6c5945a5bdae34cd1cb02123e7b7f38b9ad4d4d52f	6
weight	representation.numeric.integer_number	sample	/Users/hugh/datasets/gittables/data_rate/configurations_225.parquet	feature_preprocessor:extra_trees_preproc_for_classification:min_weight_fraction_leaf	a27756f80c6f8060d6648f2693e98a381895ce23dded2fb386fb46e0cb7498eb	12
decfix	representation.numeric.decimal_number	sample	/Users/hugh/datasets/gittables/growth_rate/Account1_AS_AssetAlloc_StackedBar.parquet	assetAllocations__portfolioValuations__percentageValue	d4fa3cdc4674b218340ef70c9c70c53182057d01c2b1c3b860e19271b610dbd9	32
npi	representation.numeric.integer_number	sample	/Users/hugh/datasets/gittables/id/0021900122_4.parquet	TEAM_ID	9034f442e0a24ab49a280ea8666d68c444764e7defd94da1166f66164e0220db	17
ua	representation.text.plain_text	sample	/Users/hugh/datasets/gittables/processing_time/Mac_2k.log_templates_2.parquet	EventTemplate	d539ccac8491075624421d7c4737d44eedcbb6755321145725b3ca625e084259	32
ymdfix	datetime.date.compact_ymd	sample	/Users/hugh/datasets/gittables/reaction_time/news_20180608_1.parquet	20180608	78cf34b8a63613318960e61d6c9c81772085a8d123b7447ebac43ecb0c795341	32
decfix	representation.numeric.decimal_number	sample	/Users/hugh/datasets/gittables/id/enthalpy_of_vaporization_pure_53.parquet	Reference EnthalpyOfVaporization Value (kJ / mol)	47e612ab053b6b3bafc64dafea2bc8e580ee9c7033b2079d244376e313013343	6
ua	representation.text.plain_text	sample	/Users/hugh/datasets/gittables/data_rate/ext-pending-properties_23.parquet	comment	14e5dd7acbdd8855c003820163a5c453a9b5819be83c195433540a6bead60b55	32
ua	representation.text.plain_text	sample	/Users/hugh/datasets/gittables/parent/mdanalysis_release-0-7-0_commits_clean_1.parquet	message	d07fe562440c3a82a829e1cf3a3f33d554127245e00bd3845112c14ce4bad0f1	32
decfix	representation.numeric.decimal_number	sample	/Users/hugh/datasets/gittables/show_time/covid19_case_summary_2020-04-18_3.parquet	value	a233eb3634bcb1e3555bb636650a068227f502875fe964c8abbd6eab16eaaac9	32
decfix	representation.numeric.decimal_number	sample	/Users/hugh/datasets/gittables/shiva/021_12.parquet	PERSONAL SELLING AND SALESMANSHIP	f8bac772bae83341152909270f000ed74a14f514be601c16b387eff3f8386589	32
decfix	representation.numeric.decimal_number	sample	/Users/hugh/datasets/gittables/parent/2001_73.parquet	Capital Projects	4249743ff4ecabd5ab2206faa0a4aa2c16814be4cd599a882a6dafbfdefae06b	32
ua	representation.text.plain_text	sample	/Users/hugh/datasets/gittables/lead_time/2016_spring_post_level.parquet	Post Message	5bf9c376bcd3a0f48a4e960dcf22fd67d750dff7fd2e1cf2988d5b877ac41b6f	32
ua	representation.text.plain_text	sample	/Users/hugh/datasets/gittables/real_time/jos_ucm_content_54.parquet	'core_body'	a036546fc631c78d756dc48fbfe9583867663e289256944be6993486f0359d61	32
ua	representation.text.plain_text	sample	/Users/hugh/datasets/gittables/growth_rate/sentiment_54.parquet	values	810684c59af602f6f0eed0f46311d27842b1d97cfe37a0783cb7815b4405df5d	32
decfix	representation.numeric.decimal_number	sample	/Users/hugh/datasets/gittables/object/h3ka-MRNA_trades.parquet	profit	e12f9c4f78f240893688d64c3e6e471af28e1576d1c534ceefa00e8909e3cb0d	9
decfix	representation.numeric.decimal_number	sample	/Users/hugh/datasets/gittables/id/felony2020-02-12%20at%2012.15.37%20PM%2068.parquet	Balance Due	3527994bb3d4a42e6f394795f56caf7010e6df31656007b65c9ecaee46bf7463	7
ua	representation.text.plain_text	sample	/Users/hugh/datasets/gittables/data_rate/A00-2018_998.parquet	Reference Text	3e98af7cd7ae8947e9fdbd5207b38552349a248450ca3ce5ba5d1f574e646f09	16
decfix	representation.numeric.decimal_number	sample	/Users/hugh/datasets/gittables/data_rate/andrew@acooke.org_25505915679_1.parquet	Value 2	d94ea024248b966d1f4198c279a8dad17ec37b5e38ab966f5c7036eb494bc349	22
weight	representation.numeric.decimal_number	sample	/Users/hugh/datasets/gittables/id/frog_tongue_2.parquet	adhesive force / body weight	390afb3296ae08749358c269a9c19d4e1ef2e04bea2b5f6bfac2b167cea2cdcd	32
decfix	representation.numeric.decimal_number	sample	/Users/hugh/datasets/gittables/id/excess_molar_volume_binary_49.parquet	Reference ExcessMolarVolume Value (cm ** 3 / mol)	d92eb55d975b6bbaa1730ac1d26a20c1966d2d8a787cf98b3fb306c310819b23	32
locale	representation.text.word	sample	/Users/hugh/datasets/gittables/show_time/MVRAEDZCSMMG_1.parquet	V25	2d7070600177ca735f19c10f92adb0a4751b441e9f0c4fd2ac691b80deff5871	32
ua	representation.text.plain_text	sample	/Users/hugh/datasets/gittables/quick_time/offers_corpus_english_v2_1000_parsed.parquet	bin	2d045490487ea99f7cc75414e72065e7fbd2cc2d635ca7d880eff29bdd476369	32
decfix	representation.numeric.decimal_number	sample	/Users/hugh/datasets/gittables/running_time/dice_dt_result.parquet	origin_cf_capital-loss	1029bfe108c9471896d360eb76ec2e6580a0442a3bd1dcfa35bdc5e174ef858f	5
npi	representation.numeric.integer_number	sample	/Users/hugh/datasets/gittables/id/0021600208_2.parquet	TEAM_ID	846c18edfcb54d0f7a25ae3bd1874ea89f5cddef25aae178b580c37c55121195	18
weight	representation.numeric.decimal_number	sample	/Users/hugh/datasets/gittables/id/trajectory-HMC_2nd-hidden.parquet	weight3	39636049efd712aa536466856c3d233d56185d19b6bdc17406649f9ae30bad63	15
decfix	representation.numeric.decimal_number	sample	/Users/hugh/datasets/gittables/id/density_pure_65.parquet	Reference Density Value (g / ml)	4bfb009f3abb5d8d1ae6088161b9a0c00cfca5054a9ccb6213ddfb7857530a07	7
decfix	representation.numeric.decimal_number	sample	/Users/hugh/datasets/gittables/half_life/2009_audi_q5_modified.parquet	Value_2	effa27ed2f72e67e633b070e47fc790d215230e0909c3f80062991a2075a9edb	32
decfix	representation.numeric.decimal_number	sample	/Users/hugh/datasets/gittables/whole/2009_dodge_avenger_modified.parquet	rating_value	900616b016d6b96cbeff3c359f95f90d163e4cb67e0c55fe23db57711357bc53	32
ymdfix	datetime.date.compact_ymd	sample	/Users/hugh/datasets/gittables/parent/news_20180606.parquet	20180606	f009c52f6253e236a35b2eba08c99db47866a1931aa21612cc15d6d5dd8913d9	32
npi	representation.numeric.integer_number	sample	/Users/hugh/datasets/gittables/id/20210406.parquet	HOME_TEAM_ID	b4523a1bbea2225c81602c3d1844734b33abac0523e14160083495107f39f44b	10
ua	representation.text.plain_text	sample	/Users/hugh/datasets/gittables/parent/jos_ucm_content_87.parquet	'core_body'	57433db1e349882037f98db12f5bc0dafd0d79e1891504fbe30397a5c63ff705	32
ua	representation.text.plain_text	sample	/Users/hugh/datasets/gittables/data_rate/douban__tfmesos.parquet	code	6a33de0de479e6d0f65f389447e6ba99d346b5db0a8ebdbbde2dd70df8b53569	9
ua	representation.text.plain_text	sample	/Users/hugh/datasets/gittables/running_time/jos_ucm_content_101.parquet	'core_body'	2df2b7f61a22e4bf5751c1355b311e267e5fd1fb3b1f2966958ee844d611e9e1	32
ua	representation.text.plain_text	sample	/Users/hugh/datasets/gittables/count_per_minute/TERN_20190925-000025.parquet	Body	2891bb6de64bdbde6f2f3c20a31a0eb1d2de97542c65e8b0d5841cef160b0543	32
locale	representation.text.word	sample	/Users/hugh/datasets/gittables/show_time/WKMHVTRKKNKZ_1.parquet	V8	cd7cddcad080ee38752dfe2c66f982b8fb99d887b6b92a0197eaeee2e28ad02f	32
decfix	representation.numeric.decimal_number	sample	/Users/hugh/datasets/gittables/object/trendwatcher-AMZN_trades.parquet	profit	5c085fb272928621c84048ab5eb1e70ea9457719890d5cd1f83c96b26f237a97	16
decfix	representation.numeric.decimal_number	sample	/Users/hugh/datasets/gittables/object/Harman74.cor_4.parquet	cov.StraightCurvedCapitals	c5bcb25fb2a833b9352de7f0bb919d8964fb7ef80b56e8319e2a40dc2846d51b	24
ua	representation.text.plain_text	sample	/Users/hugh/datasets/gittables/question_time/sw_0898_2303.utt_7.parquet	parse_tree	be0f8d347d31d1974c7244b76fc8790e8f340253d0189389b5ed20eff36b5831	32
locale	representation.text.word	sample	/Users/hugh/datasets/gittables/show_time/TYRWYEIVTUYD_1.parquet	V25	bec976810d6ff747f8d5017cc24dcaf364f5e83fb989e533741729a77f2ec3c1	32
decfix	representation.numeric.decimal_number	sample	/Users/hugh/datasets/gittables/id/xdamOutFlow_7.parquet	value	1d1f9e8642e4153df96c7fb5f8cb727b52ca5aa74a7b15a7f9f885bb11ae6b77	32
ua	representation.text.plain_text	sample	/Users/hugh/datasets/gittables/episcopate/testimoniaTsvInput-2020-06-10.parquet	temp_NormalizingWhiteSpace	3ff752fb0969abdc65aa499f78d2167879ddca7d3b98876ce213ad3a926f317d	32
locale	representation.text.word	sample	/Users/hugh/datasets/gittables/show_time/VSJHEYXETREA_2.parquet	V25	7c589ebfde121183068884e122d5a7beb5afa680d23e4e2e2de894acf95122f5	32
decfix	representation.numeric.decimal_number	sample	/Users/hugh/datasets/gittables/object/trendwatcher-NVAX_trades.parquet	profit	1f55301942037fcbba1a433fcecbd3d8876ecbfe0953d2ec6a70292660f65a1d	17
decfix	representation.numeric.decimal_number	sample	/Users/hugh/datasets/gittables/object/Monthly_Demand_Se_Logan_Potable.parquet	SeasonNumericValue	b42d5f51a006a1194d3280d4c546cf9808cdd42c9f42dad0327ddd1a02740681	12
locale	representation.text.word	sample	/Users/hugh/datasets/gittables/running_time/train_69.parquet	__index_level_212__	e6307b0052967c7996687ee47e571aab07cf8096d8e7c83b858a243639b148ab	5
weight	representation.numeric.integer_number	sample	/Users/hugh/datasets/gittables/data_rate/configurations_16.parquet	feature_preprocessor:extra_trees_preproc_for_regression:min_weight_fraction_leaf	a654b889c0df983b3f4b55f63ea243dbc8173811f391071bb4dcd041593420b5	8
decfix	representation.numeric.decimal_number	sample	/Users/hugh/datasets/gittables/growth_rate/data_552.parquet	value	5715657fdfcecdae833f566c47a2ca888310bad11919e0f8bce7300fb9eaa16f	32
ua	representation.text.plain_text	sample	/Users/hugh/datasets/gittables/quick_time/Scrapy_AmazonReviews_TrckedPrdctsCX_2020-08-03T10-47.parquet	body	f5216c0dd9a3a56d628864ee3b545afb977c76876d24afa5d3f98fffd6b97c5d	31
decfix	representation.numeric.decimal_number	sample	/Users/hugh/datasets/gittables/id/enthalpy_of_vaporization_pure_58.parquet	Estimated EnthalpyOfVaporization Value (kJ / mol)	80286af993561b82dc4c3c11d6dc62e58bc54f630297f968f8aeaacf58edf0c7	6
locale	representation.text.word	sample	/Users/hugh/datasets/gittables/show_time/OVLILRURVAEM.parquet	V25	432cb0fc23b6ec763a02f35ab84fe2dd34745f6c81154e8a00b3dc7957b2c2cb	32
ua	representation.text.plain_text	sample	/Users/hugh/datasets/gittables/parent/2016-12_37.parquet	Request Description	2796a8687a5027186db670a0cb24fd853f0f8b67299205bff67a2492412cc6bf	32
ua	representation.text.plain_text	sample	/Users/hugh/datasets/gittables/real_time/sw_0250_3850.utt_7.parquet	trees	d397fbac26116b639749386f7fc479eef587def8a3c218073f180a3c05a339f7	32
ua	representation.text.plain_text	sample	/Users/hugh/datasets/gittables/whole/sw_0011_4358.utt_6.parquet	trees	e1ec25999cd402344ab7cea89fea6984ec32a2572ff7f2faabd5b11752193f11	32
weight	representation.text.plain_text	sample	/Users/hugh/datasets/gittables/quick_time/CapricornCoffee.parquet	Weight__c	934dad842f283fd8e222a38d702dae880bbe1b99f651b84d8407ceb33ba3db4f	21
ua	representation.text.plain_text	sample	/Users/hugh/datasets/gittables/running_time/jos_ucm_content_82.parquet	'core_body'	f651bf4e5bca474707a64ba7e854b1092f3c5915e56c0e6733cab174f9ebe541	32
ua	representation.text.plain_text	sample	/Users/hugh/datasets/gittables/physical_entity/Advices.parquet	Terms Definitions	b0bf65b7dadccf2d2516ca8e23c303fd968f63968c645d0212da20b8de6d684d	8
decfix	representation.numeric.decimal_number	sample	/Users/hugh/datasets/gittables/id/pathway_table_up_all_LUAD_tumorPurity.parquet	qvalue	4da0154705f157fb89732ed278509f9caed7596d9a892668a92bca825aa9f823	7
decfix	representation.numeric.decimal_number	sample	/Users/hugh/datasets/gittables/parent/2007.parquet	Capital Projects	c83489fee8bb4d8cfef0b5a973e4f0e84ecebe5070c62da4788cec307e6b067d	32
decfix	representation.numeric.decimal_number	sample	/Users/hugh/datasets/gittables/parent/NSW_LGA_NEXIS_201212_45.parquet	TOTAL STRUCTURAL VALUE	f50c10c0a3ede490cc914696ec5373a599573bc4a924d5a2ae643b0cc6a1c39d	32
npi	representation.numeric.integer_number	sample	/Users/hugh/datasets/gittables/id/0022000120_4.parquet	TEAM_ID	4f9b32cab64a324ffa64b3630dc0e2485521fb7074c93484e0bddda9b7ab0b1f	18
decfix	representation.numeric.decimal_number	sample	/Users/hugh/datasets/gittables/running_time/dice_adult_dt_result_1.parquet	origin_input_capital-loss	143d5ca3f2c53bcde0c2afd9d71118e4c9624e9a1189e0d11d4b500a762213e3	5
locale	representation.text.word	sample	/Users/hugh/datasets/gittables/command_processing_overhead_time/grafit_public_article.parquet	and.5	58d2f183bb3ab30addb1c41c50c3a12a58be20176d4e515e58c54e516189df05	15
ua	representation.text.plain_text	sample	/Users/hugh/datasets/gittables/question_time/export2021.03.29-05.53.35.parquet	Abstract	a52e163dc64a8a55d502c1933c718ba39b978b902fb6727dbe4f4b4aa38aeff3	17
height	representation.text.word	sample	/Users/hugh/datasets/gittables/object/activityAll.parquet	ActivityDepthHeightMeasure/MeasureValue	d942b4c439ab0451e0215c41ecbcab52843d2c4e14b6c91ae79986e32130990f	19
ua	representation.text.plain_text	sample	/Users/hugh/datasets/gittables/processing_time/E03-1005_371.parquet	Reference Text	ef37dbb22eb926ed8855a37faa353ba4653df12deccdfd2510dd3c6af467715f	15
decfix	representation.numeric.decimal_number	sample	/Users/hugh/datasets/gittables/in_time/tradessummary_supertrend35wx4_25_trail_SL_in_system.parquet	Profit Points	1c37379e2c2223633b3119b43cce7f68193fe4dbafa162dc09eaccccfc76cb47	6
ua	representation.text.plain_text	sample	/Users/hugh/datasets/gittables/then/sw_0320_4720.utt_6.parquet	trees	4f4fdd2da3fa6e41099422ba106e113149fede9f8598884f764233fd4bd0daf1	32
npi	datetime.epoch.unix_seconds	sample	/Users/hugh/datasets/gittables/in_time/2020-09-08_100.parquet	uvIndexTime	c4fea3b05e2f51801c60199730d3f4c691efd60cb96004d532d7c3e046d05c05	8
decfix	representation.numeric.decimal_number	sample	/Users/hugh/datasets/gittables/thing/2009_dodge_caliber_modified.parquet	Value_2	05e4ae14b8d3e9429b18d9f33b7d7f565d5b84fa35027168ff3267e7c44b37ef	32
ua	representation.text.plain_text	sample	/Users/hugh/datasets/gittables/show_time/vpn_reqs.parquet	requirement	5142e40eeea55c4ff7bd473797f38b04192286b946fc46096cead453c05bfa59	32
decfix	representation.numeric.decimal_number	sample	/Users/hugh/datasets/gittables/running_time/Shuttle_results_1.parquet	predicted_value_[HSTrees]	c5984ca3c29cbdb3d2f52097aab054403a06358b76e819666df9eb84f82b680b	12
decfix	representation.numeric.decimal_number	sample	/Users/hugh/datasets/gittables/processing_time/fortune500-1989.parquet	profit ($ millions)	5eb8beeea1c1907fed41ccfa6dcf259527ef14bbb169260f6c0299d6f635d1d9	32
ymdfix	datetime.date.compact_ymd	sample	/Users/hugh/datasets/gittables/id/1628578.parquet	GAME_DATE	a31cee4fc54f6ec12b9f05c94bd94ff8e9d5add1f6946aba3fb170493c6c8091	8
ua	representation.text.plain_text	sample	/Users/hugh/datasets/gittables/dead_air/TDS_20190924-230643.parquet	Body	f99fe0cd6ea1d59f51a83b93ee369a8a3c6289db8c891bce037207f8f7263763	32
decfix	representation.numeric.decimal_number	sample	/Users/hugh/datasets/gittables/object/Consumption_Se_Logan_Potable.parquet	SeasonNumericValue	9ebffb99dcd23877fc359f89b79bb79fff42542e70aa1bce0851a0aef8c59c3d	12
weight	representation.text.word	sample	/Users/hugh/datasets/gittables/living_thing/sovasin.parquet	(3	8767550118c8e3b1ecc52fcbb79338d99888c3fa625378f8c4a63678acb99507	32
decfix	representation.numeric.decimal_number	sample	/Users/hugh/datasets/gittables/id/study_35.parquet	reading_value	a688bb8e6910500bc3d0f054408f2ecb555d1b203f53cfe1ddafb3427c8269c7	32
decfix	representation.numeric.decimal_number	sample	/Users/hugh/datasets/gittables/id/titles_20.parquet	ytd_sales	6dc64bc425726996670f1c535b2f72165b4e889fefbc95d0bb84c41e20deac61	16
ua	representation.text.plain_text	sample	/Users/hugh/datasets/gittables/id/test_data_226.parquet	comments	392bbe9f1d43795eeff2835ed140d7a92fdb1170153834d5a5db327ed68b9621	18
npi	representation.numeric.integer_number	sample	/Users/hugh/datasets/gittables/id/20210424.parquet	HOME_TEAM_ID	cc34f1f38e6ae50ff6f194c3bc696610fe4d05226ad9b6253c821c3daa5c38e3	8
decfix	representation.numeric.decimal_number	sample	/Users/hugh/datasets/gittables/running_time/2009_hyundai_azera_modified.parquet	rating_value	f7e2db1e47d5eb01c226d33bc6a64e3e374d6588eeb6634b2b480e3ae6a9071f	31
ua	representation.text.plain_text	sample	/Users/hugh/datasets/gittables/data_rate/W11-2123_764.parquet	Reference Text	8d7f4d1ec7e95c1f93f537453446e50f034100f8ab0aea4b6df8c6e5b75be02f	20
decfix	representation.numeric.decimal_number	sample	/Users/hugh/datasets/gittables/thing/2009_nissan_sentra_modified.parquet	Value_2	225674358af8d2126ab9c144664683f02378c41c82f5ba0112350555149af963	20
height	representation.text.plain_text	sample	/Users/hugh/datasets/gittables/parent/set-classics-lite-noanalog_6.parquet	last_emulator	9a2d41b51e6e89060ba24cd64f6da208fdf100f7f8ef531f7b01037ee637e011	32
ua	representation.text.plain_text	sample	/Users/hugh/datasets/gittables/then/StructureDefinition-cdm-detected-issue.parquet	Alias(s)	8bb04045f0ce5ce0dcf7bc19e57a1a2cad9df181cd7454ff90e29dce05912589	15
ymdfix	datetime.date.compact_ymd	sample	/Users/hugh/datasets/gittables/id/1627788_4.parquet	GAME_DATE	3b135979342a117e87302f97b4697291d2834736d9590528a77c73742508fa75	28
decfix	representation.numeric.decimal_number	sample	/Users/hugh/datasets/gittables/speed_of_light/civil00447.parquet	Balance Due	b2366a8386726000cfe82b92f74168b1fdfca40253c568bed84d12ac90913267	32
ua	representation.text.plain_text	sample	/Users/hugh/datasets/gittables/lead_time/double_check_DRKS_original_results_IRR2%2B3.parquet	publication.value0	cc814e3b05a92e4e5bdd6f4fc56eb9224e60abbc8d0b3d1174501dc3698ea149	12
locale	representation.text.word	sample	/Users/hugh/datasets/gittables/show_time/OPCFKHFOZMXH.parquet	V8	01b893a0c45bc16bcaba46d7c5184821932e78acb11885d7814943b5c5ceee91	32
decfix	representation.numeric.decimal_number	sample	/Users/hugh/datasets/gittables/object/raw_28.parquet	sample_measured_value	7cf9ee66e53962f30ac5399aeac1f17453696ab25b8825f49ad280f65f4f6b6d	32
ua	representation.text.plain_text	sample	/Users/hugh/datasets/gittables/real_time/rforge_description.parquet	__index_level_2__	13fcaa1bd3864c6ed3b84f52f0e78f307ee59c26936d5fd4286c1d15faa586c3	32
decfix	representation.numeric.decimal_number	sample	/Users/hugh/datasets/gittables/id/enthalpy_of_mixing_binary_32.parquet	Estimated EnthalpyOfMixing Value (kJ / mol)	df8cee97553ad5d3ff1dd67b4357f9d250b455ec4207d15f3d3682382fe1b865	32
ua	representation.text.plain_text	sample	/Users/hugh/datasets/gittables/show_time/BulkUploadTest_JIRA.parquet	acceptanceCriteria	070c0f2fc2c7dcb06f1f92096f4a6babed0a1071699cd8dfdab1346b04b2ff51	32
ua	representation.text.plain_text	sample	/Users/hugh/datasets/gittables/data_rate/W11-2123.annv3_93.parquet	Reference Text	98d83eac8f346f2cd94516ab21ad9625226fdee97e87898ba501ffd23ca15d2b	20
ua	representation.text.plain_text	sample	/Users/hugh/datasets/gittables/growth_rate/sentiment_64.parquet	values	2e390cdbce299781afce2fef6c1cde13e1c6cd4a109601dbd5c9809a50805e71	32
locale	representation.text.word	sample	/Users/hugh/datasets/gittables/show_time/342643__20160428_170126.parquet	handedness	28720799b9732eb311a5e6486be1be46abdc37094f5763394289f2d5b4aaf27f	32
ua	representation.text.plain_text	sample	/Users/hugh/datasets/gittables/then/sw_0321_4902.utt_5.parquet	trees	5405a91c2dd671942eef23a4e336a6a9f3ec7c907c5cf0dd2753ab92f8914389	32
locale	representation.text.word	sample	/Users/hugh/datasets/gittables/show_time/JQBSBNNFCVBV_1.parquet	V26	7885212c22c4b9cf47837dd8bfb68f94a7388cd4a760532a438c4754c014eeb3	32
ua	representation.text.plain_text	sample	/Users/hugh/datasets/gittables/safe_period/April.parquet	Request Description	66deb1e4e6591188f4395b9c1ea58871f53a91726fdceff63ab22d89d7dfb2fd	32
upc	representation.numeric.integer_number	sample	/Users/hugh/datasets/gittables/id/halo_85005338039_particle_ID.parquet	particleId	a289605df0dfc8282f8888c14935436a8fb229eb38980a9ead85d4deb22b9d8d	32
weight	representation.numeric.integer_number	sample	/Users/hugh/datasets/gittables/data_rate/configurations_60.parquet	feature_preprocessor:extra_trees_preproc_for_regression:min_weight_fraction_leaf	ddfbe5522fbf77f9dbcd8c2fcd1a9b3b9abd3d64ede9c5ceb0b75188516e048d	8
height	representation.text.word	sample	/Users/hugh/datasets/gittables/parent/jos_modules_74.parquet	'access'	a771b71d803270525b6995a07be98dc759b15e5f071c720d0126939e6a9ae36d	6
npi	representation.numeric.integer_number	sample	/Users/hugh/datasets/gittables/id/20210406.parquet	VISITOR_TEAM_ID	b4523a1bbea2225c81602c3d1844734b33abac0523e14160083495107f39f44b	10
ua	representation.text.plain_text	sample	/Users/hugh/datasets/gittables/running_time/jos_ucm_content_3.parquet	'core_body'	a4b15f1303ca153f2e2cadd849a91ea8ce6effd7f3e2062d32312d6ebd24a4fb	32
ua	representation.text.plain_text	sample	/Users/hugh/datasets/gittables/growth_rate/SPEC_20190925-125457.parquet	Body	2924100fddb3d302c8e9dc1fa89a11495c59a501c35128e69ab518bae073bc33	32
ua	representation.text.plain_text	sample	/Users/hugh/datasets/gittables/data_rate/NEW_20190925-165421.parquet	Body	579ebc149e4132db6fdadd06b045ab21c9467a05d683282546686f72e9780605	32
ua	representation.text.plain_text	sample	/Users/hugh/datasets/gittables/show_time/W99-0623_510.parquet	Reference Text	3c3c509562a89020ab1cc54b71ebd61f4804c00c83957e63c0fe971fd2e23227	17
ua	representation.text.plain_text	sample	/Users/hugh/datasets/gittables/metabolic_rate/meta_2020-07-20_aw.parquet	comments	92be092360d9406dfa93c36716daf09b43a6c8f897341d7605ec3cc7f1d520f5	17
npi	representation.numeric.integer_number	sample	/Users/hugh/datasets/gittables/id/20210506.parquet	HOME_TEAM_ID	b7a8dcdaf48138c35a5f866bb876a21820c673f905e5634390997ef954d0d7bb	7
ymdfix	datetime.date.compact_ymd	sample	/Users/hugh/datasets/gittables/id/1629653.parquet	GAME_DATE	547ca0d57db1178cd12114706a74a321fa5e2762c934011cd16d73b30969a263	21
ua	representation.text.plain_text	sample	/Users/hugh/datasets/gittables/object/bubble2_3.parquet	Description	af557e37aa7e2ae70a5dd90cdc6563312fa0cec315b5a9696a4ce6f851811563	32
ua	representation.text.plain_text	sample	/Users/hugh/datasets/gittables/dead_air/BC_20190925-163902.parquet	Body	49d13d42886b834d61b7173280cd0163b66738d85021a73065aec29bf5d64d23	31
ua	representation.text.plain_text	sample	/Users/hugh/datasets/gittables/data_rate/1022be19-c0ef-473b-9c38-f5de90877db0_Definition%20and%20Source.parquet	Source	b06560203ad2298f38765979e23fa9cc5eeca4e8e3a4e4b7dd2b9a1bed58e8c7	12
ua	representation.text.plain_text	sample	/Users/hugh/datasets/gittables/real_time/AL.parquet	title	2e012b6be523204c1263415e49f092ec246af3b2155edc1dc291b15dba32287f	32
locale	representation.text.word	sample	/Users/hugh/datasets/gittables/thing/sw_1030_2064.utt.parquet	act_tag	16ab47815db0c19024668035589845e289ea6ccd20f698e430b1b2699ddc8aeb	32
weight	representation.text.plain_text	sample	/Users/hugh/datasets/gittables/question_time/dwbfpricesusawin20022013.parquet	EVENT_NAME	9fda6759d760042c6cd55f8df6edb3527afecba5fdd0c14e58d64b3742237bb1	32
ua	representation.text.plain_text	sample	/Users/hugh/datasets/gittables/processing_time/Designite_ServiceControl.Monitoring_ImpSmells.parquet	Description	3f524fa9b0d84b8fcd4e8e3a7120ee29f4c5d6aa4780827b32842a0c8eb5b6ef	32
ua	representation.text.plain_text	sample	/Users/hugh/datasets/gittables/whole/myanno-fullxref.hg19_multianno.parquet	Function_description.refGene	6bddd26b34785e65f2a97b2eff6d9c851477a1a42f393edee7f6eea02f1970eb	21
ua	representation.text.plain_text	sample	/Users/hugh/datasets/gittables/parent/jos_ucm_content_1.parquet	'core_state'	841e7d32dece8e6e54f914e590d8a62e8ac1ec0fa9d3a28ab29617cbadd36883	32
ua	representation.text.plain_text	sample	/Users/hugh/datasets/gittables/object/0804_12.parquet	pos	66c47fd7d06fc120317e014710c76943865732dac0613d8dd54e1db449551165	32
height	representation.text.plain_text	sample	/Users/hugh/datasets/gittables/real_time/fighter_char.parquet	height	45949c1ce2db9d5f2027e78ae05ec1e77651a938d2b776c2c50dfa25831fc421	32
locale	representation.text.word	sample	/Users/hugh/datasets/gittables/id/SpawnSeisHydrophoneDeploymentMetaData.parquet	CalibrationStopIndEnd	9ddd59ba7a43dd7f64505f806a7de59ff5c363897418dab24b6ea0744e146943	9
ua	representation.text.plain_text	sample	/Users/hugh/datasets/gittables/data_rate/A00-2018_832.parquet	Reference Text	708888f632c28e950c4714254c96ef71e242be7615b7de3b82ed5312ca95f981	16
ua	representation.text.plain_text	sample	/Users/hugh/datasets/gittables/running_time/jos_ucm_content_15.parquet	'core_state'	0d84fb4958263f3ea43ef7f27e866be6145495da3d7e58b7ac7209049ffbe34d	32
ua	representation.text.plain_text	sample	/Users/hugh/datasets/gittables/parent/China%20Front_1.parquet	Casualties and losses.allies	0f1324629e44da135ee6d4cd291ed3b447d3885076d08b790876168c7c75fadd	32
ua	representation.text.plain_text	sample	/Users/hugh/datasets/gittables/metabolic_rate/double_check_DRKS_original_results_IRR2%2B3.parquet	publication.value0	bedb65c2979ccd58c6856ebb1d5d5b3dd805366faf8f2745ac867bedeaf49b3d	12
ua	representation.text.plain_text	sample	/Users/hugh/datasets/gittables/data_rate/J01-2004_113.parquet	Reference Text	d37864c62ba549a0b4b1f397562b8b470353527f98c897965f53e215bc9f1bf3	17
ua	representation.text.plain_text	sample	/Users/hugh/datasets/gittables/parent/EFSA_experts_activities_cat-VII.parquet	Subject matter	c2b25b8543cb754162576f9184e833d570f23e770780d3e4bedb7e036d76ac51	32
weight	representation.numeric.decimal_number	sample	/Users/hugh/datasets/gittables/whole/x_valid_1.parquet	shell_weight_g	1b9b1098945ee1878fa56cd8a2e7b20cbf473b6e007619a30d0b3dbc410648d1	32
ua	representation.text.plain_text	sample	/Users/hugh/datasets/gittables/object/RePORTER_PRJ_C_FY2018_003.parquet	PROJECT_TERMS	8ac6d2d8ae55c13d556651013ce61b97ccd82af1901882d8b93fb90efc9296e5	9
locale	representation.text.word	sample	/Users/hugh/datasets/gittables/show_time/JMQZDMDXTLNU_1.parquet	V8	07194edf7efc55c5991a80ef85cea43e70c56d8bcf0b9267b5b85249ce4a0a79	32
ua	representation.text.plain_text	sample	/Users/hugh/datasets/gittables/data_rate/A00-2018_akanksha_196.parquet	Reference Text	5fdcbd2a13712411d2b4044e75c12b4b734c899496bccb3ff4f7bcacb7ea4c5d	15
ymdfix	datetime.date.compact_ymd	sample	/Users/hugh/datasets/gittables/id/1629665_1.parquet	GAME_DATE	16d490d8cf5213b26c74df43054140e9019b6cd534ba0dc2cd492e88b8ab147d	10
ua	representation.text.plain_text	sample	/Users/hugh/datasets/gittables/quick_time/Mac_2k.log_templates_8.parquet	EventTemplate	17d5bee4e80bfc7a67435bc9b8141db27025038b70a51d72fe26a65fe92c6ded	32
ua	representation.text.plain_text	sample	/Users/hugh/datasets/gittables/data_rate/SPH_20190924-210010.parquet	Body	9ebad01d3fb84bb942c968ba4516e349a524b6a1ff81d38ae420b109fe21c597	32
ymdfix	datetime.date.compact_ymd	sample	/Users/hugh/datasets/gittables/id/1629203.parquet	GAME_DATE	bdc32e93ce2acc852c484f4616c4de1f9bd9b2ee8831045669802b1c62e80233	32
npi	datetime.epoch.unix_seconds	sample	/Users/hugh/datasets/gittables/in_time/2020-09-08_118.parquet	uvIndexTime	3609c32e24852c2a2833e44d99d71674a96d8c9cfb65d49b4ac7184e5f3f127f	8
ua	representation.text.plain_text	sample	/Users/hugh/datasets/gittables/data_rate/fan_network_dump_4.parquet	__index_level_19__	aaefa206c38275a11cbd16b8d8c77a751ce014f2146d61ce18b08730256c8425	32
ua	representation.text.plain_text	sample	/Users/hugh/datasets/gittables/data_rate/W11-2123.annv3_103.parquet	Reference Text	899c23b39c4cf7e3b7d25fe8cf2d607a9a03d3119a7699104d40a50c5f7919df	20
ymdfix	datetime.date.compact_ymd	sample	/Users/hugh/datasets/gittables/whole/8652da2117d959f3e0b90b743ae39b4f6a1c53079ff3660b6a5b5790bc8c9cd5_2.parquet	LastUpdatedDate	3856423e14e7800495886d2aeae06d75a0805dc378a805166fe00fec4270d40f	32
ua	representation.text.plain_text	sample	/Users/hugh/datasets/gittables/then/recordings_log_new.parquet	notes	dc2a57e3edbdb56286ce740bb1fe65bb49793dac640edb6e641216629301e97f	32
ua	representation.text.plain_text	sample	/Users/hugh/datasets/gittables/growth_rate/nextstrain_measles_metadata_11.parquet	Labels	a6eb045e80216aeec6d67b39d801ef63c436a17f079de93dfb78796b25d6606f	32
ua	representation.text.plain_text	sample	/Users/hugh/datasets/gittables/show_time/jos_ucm_content_67.parquet	'core_state'	fa1dcbe97142677234e5ba0b260b9e8a9a7042ee1bebbfc30859b9ed54531619	32
ua	representation.text.plain_text	sample	/Users/hugh/datasets/gittables/parent/indirect-answers.input.parquet	Question	d080f91e06f1580abd12d61b034c0e4e5fd3c222c30417485034b00460678895	32
upc	representation.numeric.integer_number	sample	/Users/hugh/datasets/gittables/id/halo_85004281882_particle_ID.parquet	particleId	38d73ffaf98ef3224e4f39d04b1f1dae77871130690a52b475d1d9d1e70aff31	32
ua	representation.text.plain_text	sample	/Users/hugh/datasets/gittables/real_time/jos_ucm_content_95.parquet	'core_body'	30a75dc48b9680eefe61782c01c695989e6fbac85ef91811dc69d5c25c6fc3c3	32
ua	representation.text.plain_text	sample	/Users/hugh/datasets/gittables/time_interval/news_temp.parquet	summary	a642dd116bff813c7c9c54670f77cbd4633c03d23daf8dd0918e56429e221053	32
locale	representation.text.word	sample	/Users/hugh/datasets/gittables/then/grafit_public_article.parquet	events	ee372f395e619b93b45e59123a66c593c69ddc42dfc1be3f29e5bb88d8dc36c7	11
ua	representation.text.plain_text	sample	/Users/hugh/datasets/gittables/data_rate/sw_0020_4109.utt_21.parquet	trees	c57fea3fb0c38f83e93cefa23a1aef8c57ab5a01deb828bad2f40cce901eec0f	32
ua	representation.text.plain_text	sample	/Users/hugh/datasets/gittables/half_life/sw_0347_3052.utt.parquet	parse_tree	5c62ffa2e0609e686744a623c305236016fff122d40cec695d22734bdf822149	32
weight	representation.text.plain_text	sample	/Users/hugh/datasets/gittables/quick_time/dwbfpricesusawin24012014.parquet	EVENT_NAME	b302d4517c90a5828ce960baa3b5a9b8810cef6b0d58cd129b4742d9ec3844cb	32
ua	representation.text.plain_text	sample	/Users/hugh/datasets/gittables/relaxation_time/double_check_DRKS_original_results_IRR2%2B3.parquet	publication.value0	be3a25a06f31bb60d5d06a14c4d1a09bc5ac5312598164fa768c8019b412dacd	12
ua	representation.text.plain_text	sample	/Users/hugh/datasets/gittables/data_rate/A00-2018_902.parquet	Reference Text	68ad306f207b4c62d1cecbc930a7f8f46fe64551b77177867ac323d7b964dc87	16
npi	representation.numeric.integer_number	sample	/Users/hugh/datasets/gittables/id/20210311.parquet	VISITOR_TEAM_ID	45936171d2f609cb33e6b6433166e540027924546fbd687d34bdda06fde9e1ab	11
ua	representation.text.plain_text	sample	/Users/hugh/datasets/gittables/data_rate/BINK_20190926-003724.parquet	Body	8e424c3baf37abe863739dc6b74c9e06d64ab25d7dce6802f088e1125d9dc2ab	20
ua	representation.text.plain_text	sample	/Users/hugh/datasets/gittables/thing/sw_0106_4137.utt.parquet	parse_tree	ea0de470a558418a3de840fce8e3da5c51c2408d55591869a34fb571e843a1f9	32
ua	representation.text.plain_text	sample	/Users/hugh/datasets/gittables/data_rate/Designite_Migo_ImpSmells.parquet	Description	a4f8d286f91fd23bff6d447c10b1eeab79910ad79f6e1e092a7edfa9ca583111	32
locale	representation.text.word	sample	/Users/hugh/datasets/gittables/show_time/VWAKMJUKWPUH.parquet	V25	65eb590935d5e216aee9d294411d64aeb65f941780f1dc7c10439dcfaa55ee95	32
ua	representation.text.plain_text	sample	/Users/hugh/datasets/gittables/show_time/jos_ucm_content_14.parquet	'core_body'	603561fd969bd7e1454adab4d4d67abcaf440a84a4c4e3f9562ff5de8a4073ad	32
ua	representation.text.plain_text	sample	/Users/hugh/datasets/gittables/real_time/jos_ucm_content_52.parquet	'core_body'	624d1cc6ecb43e91c7d0c35fe38d5e3e906e468294334df9736e3cd232f5dec9	32
locale	representation.text.word	sample	/Users/hugh/datasets/gittables/show_time/SFKFTVLJMGJJ.parquet	V5	81fd58872a24112d14572d314fb59b4b2499a98f02ea78c4f9cfee4bbaec0c77	32
ymdfix	datetime.date.compact_ymd	sample	/Users/hugh/datasets/gittables/id/1630189_2.parquet	GAME_DATE	01e028e53a2f04f67e30e5391ae7e2fb3ff1cba91ed6f8b8a6aec97c9fc39cc9	22
ymdfix	datetime.date.compact_ymd	sample	/Users/hugh/datasets/gittables/id/billion_dollar_disasters_Flooding_1.parquet	Begin_Date	97dccc95588b1195b900f0cfcac5db98328bc7913369813d1589d784fda0dfd1	32
ua	representation.text.plain_text	sample	/Users/hugh/datasets/gittables/then/sw_0455_2247.utt_14.parquet	trees	59483c6c38acdd672a7cfdf66112cd92bb96ce4557a7ff9d04fedcb85931f983	32
ua	representation.text.plain_text	sample	/Users/hugh/datasets/gittables/object/MW_19_HIDS_3.parquet	full_log	91f2615209c65c09b76f45a2bc03cc72d1c807205bebc48897e09799376ab455	20
ua	representation.text.plain_text	sample	/Users/hugh/datasets/gittables/question_time/sw_0246_3615.utt.parquet	parse_tree	0e7e9685975e597fbeb28ba9e5cd896570078723e56fb08d34a29cf2765fb36b	32
ymdfix	datetime.date.compact_ymd	sample	/Users/hugh/datasets/gittables/id/1627816_2.parquet	GAME_DATE	d66a06c65f6f8bffc06b0f69628e5e7893b09f741b577e3984486e614f046fab	26
ymdfix	datetime.date.compact_ymd	sample	/Users/hugh/datasets/gittables/id/1629738_2.parquet	GAME_DATE	e156de2595dee6a7ceaebd90d5c1d8952501bbafd3adf4b5250a4d4ce2b65039	32
locale	representation.text.word	sample	/Users/hugh/datasets/gittables/quick_time/allCandidates0_2017-06-26-111013.parquet	response time:defaultUsageScenario	0ad4182d778cc26e941aba018d1c54d830a51c6e46d5a22e9e101023e803cd25	32
upc	representation.numeric.integer_number	sample	/Users/hugh/datasets/gittables/id/halo_85005046131_particle_ID.parquet	particleId	46024a427c8129c492a2ff9d7091e3f06be093aaddbc7fbdf55f08d799402143	32
ua	representation.text.plain_text	sample	/Users/hugh/datasets/gittables/data_rate/fan_network_dump.parquet	__index_level_19__	72c1a016a3f0ac59d2e9a6084883eaa48da6e49db2cd574c0f9e1ba31a4beaf5	32
npi	datetime.epoch.unix_seconds	sample	/Users/hugh/datasets/gittables/in_time/2020-09-08_34.parquet	windGustTime	3845c7a7d9ee3fe419b8ccc2f5c798507ec22ebca4be7507ba87f8f1bb789f8d	8
ua	representation.text.plain_text	sample	/Users/hugh/datasets/gittables/parent/jos_ucm_content_39.parquet	'core_body'	c5e67732ec530dd8f57936d022141bd09edf5d7f17f2162471117a3a5c80792f	32
npi	representation.numeric.integer_number	sample	/Users/hugh/datasets/gittables/id/20210506_1.parquet	VISITOR_TEAM_ID	61e5517ee427b559655244757c5e5be6054964388103c3b8fd42afa1a7ade449	7
locale	representation.text.word	sample	/Users/hugh/datasets/gittables/show_time/FOEIMLVBQSTQ_1.parquet	V15	96d6e745adbfc4095892878821fcb6b25418c85f5478db18639baf2081687041	32
height	representation.text.word	sample	/Users/hugh/datasets/gittables/parent/jos_modules_10.parquet	'access'	0250f2261dd8049f52442d2be5a4ce1235d9a7bb4efbd913a1a8ebf446edf007	6
ymdfix	datetime.date.compact_ymd	sample	/Users/hugh/datasets/gittables/return_on_invested_capital/news_20180606_5.parquet	20180606	3c2eca9d34fe616fcf88f52a8a7003e1a760d617792aea76e4907ec763141d07	32
ua	representation.text.plain_text	sample	/Users/hugh/datasets/gittables/processing_time/StructureDefinition-cdm-detected-issue.parquet	Alias(s)	72b3f2ed538631bc434a1255e3f81fe06236e6e962c1cbb6c507f293becaf063	15
ua	representation.text.plain_text	sample	/Users/hugh/datasets/gittables/growth_rate/estradiol_pubmed.parquet	Abstract	97ef761dc6388d1240582bbfe26e347a3fba62315b86017c89dad39cbbec1301	23
ua	representation.text.plain_text	sample	/Users/hugh/datasets/gittables/real_time/csv_sample.parquet	dc.description	c262b38227644c50407de4aa8809a4218681637475df7c9a14a296823dda93f7	5
ua	representation.text.plain_text	sample	/Users/hugh/datasets/gittables/quick_time/MS_4716000_4716999.parquet	postcontent	639cd64d8dfd88399f91f30e65aa4f078132a6851cb40388b39b3aa2ea06aed3	32
ua	representation.text.plain_text	sample	/Users/hugh/datasets/gittables/question_time/Covid2.1_Sources-Task-2597-DataHunt.parquet	target_text	92e6ec9a9dbed82a5d9c06637c4454dfd0aec18fe3020c38a693625b01707319	27
weight	representation.numeric.decimal_number	sample	/Users/hugh/datasets/gittables/id/frog_tongue_153.parquet	impact force / body weight	3e0bf808292267aace99102c9c64087b9aa1a1a21d087fac569fbced13f97a5b	32
ua	representation.text.plain_text	sample	/Users/hugh/datasets/gittables/data_rate/meta_2020-05-28_aw.parquet	comorbidities	df0d90be20e5b9fb8739282871bbee389aaba01833045b503bee20961a59c825	5
ua	representation.text.plain_text	sample	/Users/hugh/datasets/gittables/parent/jos_ucm_content_81.parquet	'core_body'	4af1fc7a02929ce0a773a564cf2991f55d58dbf9ea87bd69b685b69877e18557	32
ua	representation.text.plain_text	sample	/Users/hugh/datasets/gittables/data_rate/meta_2020-06-12_aw.parquet	comorbidities	aa553eea2c43d98451345ca3df89dcacadce020c390df6b119133eb9645308a3	5
ua	representation.text.plain_text	sample	/Users/hugh/datasets/gittables/lead_time/main.parquet	SENTENCE	becee7eeaddc344b9f1f2aef37728669286026ac9e30d223d2e6b4a0ad4242b9	32
locale	representation.text.word	sample	/Users/hugh/datasets/gittables/show_time/906104__20160429_060923.parquet	handedness	5c61c7ece20ee33b5ef8db1d63cb93e9e2cd71038889fb3d7a692a8dffbce847	32
ua	representation.text.plain_text	sample	/Users/hugh/datasets/gittables/data_rate/demo_papers.parquet	abstract	b14573281bab3279e1b643009b54d0a7c889fea983dda210ce28fea4961a7d45	29
ua	representation.text.plain_text	sample	/Users/hugh/datasets/gittables/whole/March_6.parquet	Request Description	5cd332173e729c7a5eaa65613d02015ef2bf0ce4925713efa551aa0906eafe91	32
npi	datetime.epoch.unix_seconds	sample	/Users/hugh/datasets/gittables/quick_time/Reviews_Only_Top_10_Records.parquet	Time	4a1be091df4018ecb5e8940c25957f84d4e663159d7386548ae8bc8d9e82034b	10
npi	representation.numeric.integer_number	sample	/Users/hugh/datasets/gittables/id/20210325.parquet	HOME_TEAM_ID	847f4723e7a80a05f1320d25efc8f9d92502a6c7365248b7a4d64dbddded17c7	5
ymdfix	datetime.date.compact_ymd	sample	/Users/hugh/datasets/gittables/id/OutpatientClaims.parquet	CLM_FROM_DT	9f749b93234de6dcf1c4dc0518cf025f59e9b268c924b39e56b01d1b2dc72a41	12
ua	representation.text.plain_text	sample	/Users/hugh/datasets/gittables/inflation_rate/bluebook_missingcorpuslea.parquet	newtext	6b2f9a9268c223c303752e0acb599004096f132a1ecafd79176502ba36c85991	6
ymdfix	datetime.date.compact_ymd	sample	/Users/hugh/datasets/gittables/id/1628396_1.parquet	GAME_DATE	8c2820a1538c14fb6b1c0bf35853b000de32155371f3e65ddebabc5539b025bb	16
ua	representation.text.plain_text	sample	/Users/hugh/datasets/gittables/data_rate/amphetamine_wos.parquet	Abstract	c9b1ddbbf0b4eae452b9b7680bb1517d74be91ec249290964e573fe4515dd46d	13
ua	representation.text.plain_text	sample	/Users/hugh/datasets/gittables/count_per_minute/lipids_wos.parquet	Abstract	410b9e21ff41524a349c42076372951cca4e7aa781dc8d07f1f24b712ed35e3b	21
height	representation.numeric.decimal_number	sample	/Users/hugh/datasets/gittables/id/1596110615example.parquet	height	e2b48c63379fe43383d689954d5476df084f7c061985daeb679bb84afdf59533	20
ua	representation.text.plain_text	sample	/Users/hugh/datasets/gittables/safe_period/train_45.parquet	Detailed_Description	5e5b5bf54ca469c0a5b920294bb6791a9bf9052459002a10817b1f30d8a79f39	32
ua	representation.text.plain_text	sample	/Users/hugh/datasets/gittables/organism/data_sources.parquet	640	72c5a0409f77bb0bbf95a8763d82c00084ba6efbfe0c090c17c4c86a79d07b3f	32
ymdfix	datetime.date.compact_ymd	sample	/Users/hugh/datasets/gittables/id/1628443_4.parquet	GAME_DATE	029e65a4118b9df5b729410d0e93ae3cce4c90bf6dce0a878b66c9cea101769b	22
ua	representation.text.plain_text	sample	/Users/hugh/datasets/gittables/thing/members_3.parquet	Service_Offering	c8784717fc450323ea43628e838260648f851e4177d638df79794df569a79191	32
ua	representation.text.plain_text	sample	/Users/hugh/datasets/gittables/question_time/sw_0416_3205.utt_11.parquet	trees	a8dba3b1d3e3c97b9807423e513612fd1b67eeef8a5c1f6131bf9a41e26beaa1	32
weight	representation.numeric.integer_number	sample	/Users/hugh/datasets/gittables/data_rate/base_grid_lightGBM_3.parquet	scale_pos_weight	b4b73fe8440aa4f0dcf18485342ff02d94a30a1c8e21c069d81090f78065d681	24
weight	representation.text.plain_text	sample	/Users/hugh/datasets/gittables/parent/controls-lightgun.parquet	monitor_type	d764c41493be10b9577928be150ba5c4efc2eda99545229a80c3c250543f99a5	32
ua	representation.text.plain_text	sample	/Users/hugh/datasets/gittables/data_rate/scopus(1)_6.parquet	Abstract	35aa7df7501db6d1babf220567266bc5cdb33cb3ff50890c377da70099c5422f	18
height	representation.numeric.decimal_number	sample	/Users/hugh/datasets/gittables/id/NEON.D01.HARV.DP1.10098.001.vst_apparentindividual.2017-10.basic.20190806T154917Z_1.parquet	height	01b493e43b0f698ade217374bdf435e8927940bba90615c0ea84e7a1962da02b	29
ymdfix	datetime.date.compact_ymd	sample	/Users/hugh/datasets/gittables/dose_rate/covid_canada_trials_current.parquet	nol_date	a9093f59987a24ba74c9ee3a3a88d428302ba490dedf99c3136cdac4208eb615	32
ua	representation.text.plain_text	sample	/Users/hugh/datasets/gittables/quick_time/Cpm_Component_Package__c_1.parquet	Description__c	60c3fa904bb5dba2464994c2bce7ad3f2a25b2c731899076fb2e9c1b0734ed15	32
ua	representation.text.plain_text	sample	/Users/hugh/datasets/gittables/respiratory_rate/meta_2020-06-09_aw.parquet	comments	c73fc4926fe946d272e00a4a3fd79c2c0a34826a06f9d50983d64b4496b79905	19
ua	representation.text.plain_text	sample	/Users/hugh/datasets/gittables/growth_rate/prednisolone_wos.parquet	Abstract	0872b82d2d758fbb0c80f3fedfc319a0ec795b9c1328bd3da52e39824e0dddb3	13
ua	representation.text.plain_text	sample	/Users/hugh/datasets/gittables/data_rate/capsaicin_wos.parquet	Abstract	6a2b00ffb9121dfd81658078861191af71821e58d7e074173c0c81e8a583b6c5	26
npi	representation.numeric.integer_number	sample	/Users/hugh/datasets/gittables/id/20210425.parquet	VISITOR_TEAM_ID	6e5dae8871bc90d7bc0252f4043af39e08dfa280365fb556ae00ac953c91d8e9	7
ua	representation.text.plain_text	sample	/Users/hugh/datasets/gittables/data_rate/HUYU_20190924-221922.parquet	Body	8427761632e6bbe6d9479022449832fe49d163b7ab0840d8b350b2351599bd23	32
npi	representation.numeric.integer_number	sample	/Users/hugh/datasets/gittables/id/0022000120_3_1.parquet	TEAM_ID	9ab4a697d9e7ef8d302e3d990973b5343a611783586bfa40c103a66973b62ea5	18
height	representation.text.plain_text	sample	/Users/hugh/datasets/gittables/show_time/551929__20160428_162111.parquet	screenHeight	b8aa03e911e888b4db6b558df36a13c098b753cc31f9782d2d470dc5ce3b0201	32
height	representation.text.plain_text	sample	/Users/hugh/datasets/gittables/running_time/ergstick2.parquet	Total distance	f145f3cba4d5307dab0f4c7b15e3280bbb6024f232ceb6f7471dbabdcc3fb47b	32
locale	representation.text.word	sample	/Users/hugh/datasets/gittables/show_time/PBIOJIRVRNDO_1.parquet	V25	9fc3cbaf1a54d93144a721c2c6a74022061f3756369685e3f68801e2f407ee89	32
height	representation.text.plain_text	sample	/Users/hugh/datasets/gittables/data_rate/set-classics-lite-analog_2.parquet	last_emulator	098843ea324ef7a4cddec361edeea327ccb84a480325dc95aef243efec77bf63	32
ua	representation.text.plain_text	sample	/Users/hugh/datasets/gittables/show_time/beckham_facebook_statuses_1.parquet	status_message	571c60818a7cf2c3469a329c4371cd96adbe07a41f26319e0fd637faaab74a55	31
weight	representation.numeric.integer_number	sample	/Users/hugh/datasets/gittables/id/import-20180627123009-1_18_Laptop123456.parquet	weight	def456cd33b2a27ebebe3da64f2b32eb2f5b4a9767afc2864c8346cd1cae8a15	11
ua	representation.text.plain_text	sample	/Users/hugh/datasets/gittables/object/0804_8.parquet	pos	821d78515fefcffdb29bda1a581072f1f0bf788d159f54ead505b165d794d4e5	32
height	representation.text.plain_text	sample	/Users/hugh/datasets/gittables/speed_of_light/civil00079.parquet	Initial Statute	7e0617aa9b5c26ce20af372bf5928b96f4ca1dedecbea677881dfa330b6421c5	32
height	representation.text.word	sample	/Users/hugh/datasets/gittables/quick_time/jos_modules_90.parquet	'access'	db48bb67a9a13fef74ce3f8d77eff8689473365296b3d592165d5f5c5717c1f3	6
ua	representation.text.plain_text	sample	/Users/hugh/datasets/gittables/object/b2_profile.parquet	Summary	46ef412e4ead30274e4b3eaab7cbe13f8dfb3ced85e9dd9f782a878a3638bb3b	21
weight	representation.numeric.decimal_number	sample	/Users/hugh/datasets/gittables/whole/abalone-17_vs_7-8-9-10-5-1tst.parquet	Shell_weight	1aa278e00000b869e9be0912289f85c47a8cf5107709b158956883376103c6bd	32
npi	representation.numeric.integer_number	sample	/Users/hugh/datasets/gittables/id/20210322.parquet	VISITOR_TEAM_ID	a4574f24d089ac11d3ed25a79c454a9030cb411d50197a37e72eefedafcadc11	8
ua	representation.text.plain_text	sample	/Users/hugh/datasets/gittables/quick_time/jos_ucm_content_6.parquet	'core_state'	d9ed51d718209f3f0187a1bfb24f24c432b3c873d01b486a3ca944ae784bee1b	32
ua	representation.text.plain_text	sample	/Users/hugh/datasets/gittables/data_rate/meta_2020-12-22_aw.parquet	comments	c82212e6409f21bdaee324bb2a153039296a5003d4c5a9d1720a3d0a7e03aba3	12
ua	representation.text.plain_text	sample	/Users/hugh/datasets/gittables/object/Designite_CSharpCompilerEmitTest_ArchSmells.parquet	Participating Classes	254c1176476099a7a2c234b20328dd2f02e0ca8f0aad4b416946b0c62af3a6e3	15
ua	representation.text.plain_text	sample	/Users/hugh/datasets/gittables/data_rate/bluebook_missingcorpuslea.parquet	newtext	a006936e6409e336605767894028cef0b0b3e898a2689d77170f374a89303bdd	6
ua	representation.text.plain_text	sample	/Users/hugh/datasets/gittables/half_life/%20ethanol_pubmed.parquet	Abstract	7318e5d1c85b54a2de0b37be0d25be5f0b057c0e46b8d24cfb6168dad14a460d	13
ua	representation.text.plain_text	sample	/Users/hugh/datasets/gittables/data_rate/example_data_file.parquet	Q384_24	b9379e7be407131adadd495f060f499ae0eee6789fa7a7ebdea3d12d6f1c4fa7	5
height	representation.numeric.integer_number	sample	/Users/hugh/datasets/gittables/id/Stage%202%20-%20Lot5A%20-%20PMSE%20assignments.parquet	Antenna_Height_metres	2e69a89fcdc630ab8d519ae4901ebb99be399e1c66cc64b6d4eae816d05a5813	28
locale	representation.text.word	sample	/Users/hugh/datasets/gittables/show_time/KSYVGPDAAMLQ_1.parquet	V5	8ad0f4b809f92e3cb9860cc56203f6fa8fe02386f4281b370a294c468747867b	32
ua	representation.text.plain_text	sample	/Users/hugh/datasets/gittables/data_rate/data_sources_1.parquet	640	304891eb038063db3360fb7f788a0fc3a72b9f76a3763f5ec42a9cb1449383ef	32
ymdfix	datetime.date.compact_ymd	sample	/Users/hugh/datasets/gittables/whole/8652da2117d959f3e0b90b743ae39b4f6a1c53079ff3660b6a5b5790bc8c9cd5_5.parquet	LastUpdatedDate	9ac2d514f0d6935b0c9fa56cbda136a00152b1f8595dbf3346460578a8b6c759	32
ua	representation.text.plain_text	sample	/Users/hugh/datasets/gittables/whole/eb826f00e01b45dc51b4f179fc13c3f0b10230350b5133ff84f819ef8dd12ce0_4.parquet	Notes	7740e03077f9f3dda875ca6f6201a081441b2f345895bf5a5f798c5eaf3319d1	32
height	representation.numeric.decimal_number	sample	/Users/hugh/datasets/gittables/whole/test_857.parquet	Height	be799c7d55aae1f44a99955f19b3cc4633ed47a1fb10df59524b3312fa9635d1	32
weight	representation.numeric.decimal_number	sample	/Users/hugh/datasets/gittables/id/borough_values.parquet	percentage_of_children_with_overweight	78d9ddb75996bc41dae810b7d67b776420302aae1083c5816fa2094bc83ebf53	32
ua	representation.text.plain_text	sample	/Users/hugh/datasets/gittables/real_time/sw_0975_3009.utt_15.parquet	parse_tree	abedd99dc43ac2df2c0faf7c11372a8cd1ffaf3ccd6abe7e3d574857e9081469	32
ua	representation.text.plain_text	sample	/Users/hugh/datasets/gittables/then/Play_2017-08-10_00-16.parquet	Review Comment	bf49cc8a0d359746260a01fa75f5c5a31319bb78862d09540c6c988abedff169	32
ua	representation.text.plain_text	sample	/Users/hugh/datasets/gittables/running_time/jos_ucm_content_57.parquet	'core_state'	54a5aa37b170628a245aea1f2b8cfcb7fb3ad20cd88d788095a39b812469fdab	32
weight	representation.text.word	sample	/Users/hugh/datasets/gittables/id/shopify_product_variant_data_2.parquet	weight_unit	cf73fee64c5bc9a9f533cd873d4ed9a86beaaa27c351e34f9647a0c6672bb8dd	5
upc	representation.numeric.integer_number	sample	/Users/hugh/datasets/gittables/id/halo_85004796574_particle_ID.parquet	particleId	e5798e38e97e31828dfc74be8593623a56de0b20408eb88749c4dfd95dc00303	32
ua	representation.text.plain_text	sample	/Users/hugh/datasets/gittables/thing/sw_0240_3387.utt_15.parquet	pos	b0e8fc83d8117d4dae493f9616799f8ccc9d1724e7b267f74f5af85de774cfbb	32
locale	representation.text.word	sample	/Users/hugh/datasets/gittables/show_time/JJBDBMKZVYTF_1.parquet	V27	c8f0945e724cd832a976b153a130e4e2ec5c31b6699ea0ff19ce6e236bbeafd1	32
ua	representation.text.plain_text	sample	/Users/hugh/datasets/gittables/quick_time/news_temp_1.parquet	summary	313c7c2a9ae54610119c2698a169b40e9a76092eda29966c1999a40a0af56b53	32
ymdfix	datetime.date.compact_ymd	sample	/Users/hugh/datasets/gittables/question_time/20191027.parquet	Day	d330824776d61d68893a72287a77888a7dc1f80b46831c3553af0fef14567b73	32
weight	representation.text.word	sample	/Users/hugh/datasets/gittables/in_time/Corpus_Christi_2020_02_18.parquet	Humidity	5045a58f95a6d1605b165b04979f6a845f177088b04e2edb174dc211ee055453	32
ua	representation.text.plain_text	sample	/Users/hugh/datasets/gittables/metabolic_rate/meta_2020-10-27_aw.parquet	comments	27d0bea7e0363deb4071b8cff9846b96258a06a223df3737aa62ad3392d52b15	15
height	representation.text.word	sample	/Users/hugh/datasets/gittables/id/maf.parquet	MA:MSA_height	4d7ac3bf8411517ae69d48bbf3e81d67e6f344082d940c7869bb1459b1cc89f9	15
ua	representation.text.plain_text	sample	/Users/hugh/datasets/gittables/seek_time/March.parquet	Request Description	5128857362be4daf3962e4f044d13d0a70b1c45567a94735087643412f2a1877	32
weight	representation.text.word	sample	/Users/hugh/datasets/gittables/quick_time/offers_corpus_english_v2_1000_parsed.parquet	weight_unit	2d045490487ea99f7cc75414e72065e7fbd2cc2d635ca7d880eff29bdd476369	32
locale	representation.text.word	sample	/Users/hugh/datasets/gittables/show_time/906104__20160428_165701.parquet	handedness	bdacfc3ed11889c43398fd576842e6f6e59c6d1f5da0b5d48bdc2a6a9f9abf67	32
npi	representation.numeric.integer_number	sample	/Users/hugh/datasets/gittables/id/20210408.parquet	HOME_TEAM_ID	3a2e2b099634e8d4a77a4ded3dab43ac773e374bdf73eed10ce163242d9f477f	7
locale	representation.text.word	sample	/Users/hugh/datasets/gittables/then/sw_0663_3225.utt_13.parquet	act_tag	05012b9d510eaf1a8df059fcd196a9b39fb96077f38ebfff5f5d593eaa4b49e5	32
ymdfix	datetime.date.compact_ymd	sample	/Users/hugh/datasets/gittables/id/1628408_2.parquet	GAME_DATE	b97b4e2a9f3d664bfa5f2917359285504de8c257fc3b3a2f094bb8ac58017ed3	21
ua	representation.text.plain_text	sample	/Users/hugh/datasets/gittables/erythrocyte_sedimentation_rate/icpc-2e-v5.0%20-%20med%20svenska%20titlar.parquet	criteria	b62fce8505e8395a324800c527fae47308409f31fcb7c23a577865950533f88b	32
ua	representation.text.plain_text	sample	/Users/hugh/datasets/gittables/quick_time/mileycyrus_facebook_statuses_2.parquet	status_message	9f929a2c30113aff6242bdd24e5c2d6121edabbeee576cf6c6e8b6f5b55a007b	32
ymdfix	datetime.date.compact_ymd	sample	/Users/hugh/datasets/gittables/real_time/Finance_BalanceSheet_2.parquet	f_ann_date	6378d625a7ef12f3d48019de8a64b63c7d8818403fda6b738301a2808998f285	32
ua	representation.text.plain_text	sample	/Users/hugh/datasets/gittables/data_rate/meta_2020-07-20_aw.parquet	total.tested	5bfdf6bc9bb0d833b6ad216db6c4e91083b8c573a934697cfc7842d329e1e99d	26
height	representation.text.word	sample	/Users/hugh/datasets/gittables/quick_time/jos_modules_10.parquet	'access'	7260ec9f19d48b5b2bcda8fcf71a5be79dbe94cfc8a169bcf42c6ba856b7c4cb	6
height	representation.text.plain_text	sample	/Users/hugh/datasets/gittables/parent/set-classics-lite-noanalog_4.parquet	last_emulator	69f59a383c191980bf5256e009d677c3d50733bde446c66895aa0c03e8fcd7bd	32
ua	representation.text.plain_text	sample	/Users/hugh/datasets/gittables/reaction_time/export2021.03.29-05.53.35.parquet	Abstract	24bb9232dd1fdea7844944e68ec36609a6ca69fb24000b68b4f68235cd916809	17
ua	representation.text.plain_text	sample	/Users/hugh/datasets/gittables/quick_time/jos_ucm_content.parquet	'core_state'	33db39dfdd6b7d163b0a2ba0dd1154771609ede3bf8f0ec5f941c9216d73340d	32
ua	representation.text.plain_text	sample	/Users/hugh/datasets/gittables/data_rate/%20botulinum_toxin_pubmed.parquet	Abstract	e5bfd2af844b7d04dd20fe6451308d0554582e9ce4973b4de1a450dc579bdcb5	13
weight	representation.text.plain_text	sample	/Users/hugh/datasets/gittables/half_life/NCA_single_dose.parquet	aucinf_pred	2428f4de982400d39d5ab6c95df3991fa3df2f09f2690769f0b0c05dcae44245	32
ua	representation.text.plain_text	sample	/Users/hugh/datasets/gittables/processing_time/2015-04.parquet	Request Description	21f3a43044b3c092f3c56e657a0914f583441011e5f31b6dd4f21e9a037d5b01	32
weight	representation.numeric.decimal_number	sample	/Users/hugh/datasets/gittables/rate_of_return/summary_stats.parquet	Weighted Average Shs Out (Dil)	55cd066c93d09750544be68d96276688a4858e39b2098bea37455bd2afdc18bf	11
height	representation.numeric.integer_number	sample	/Users/hugh/datasets/gittables/show_time/CamSites.parquet	heightcam	0c758c9cb9612bfb22c8138bb1e192990ba2096523250542276a3fc4d1bd93a5	32
height	representation.text.word	sample	/Users/hugh/datasets/gittables/data_rate/A00-2018.annv3_12.parquet	Reference Offset	6ee3e5cddaa4a42c90a4e9f0474474ce6e746f1cb3c58a85dfc2c6c873c192ed	16
locale	representation.text.word	sample	/Users/hugh/datasets/gittables/show_time/342643__20160429_043252.parquet	handedness	94e87ce262e3090699386e0dce6d60c10dd49ce290015eca1ad5755f5daca391	32
ua	representation.text.plain_text	sample	/Users/hugh/datasets/gittables/then/export2021.03.29-03.40.07.parquet	Author Affiliations	6a4b26bce8ed685aa01f5b186b904b0c8241902b17d7ab4bce3531c09660f557	18
ua	representation.text.plain_text	sample	/Users/hugh/datasets/gittables/whole/British_1.parquet	review_text	f880ad49134dd0a791483e17215292582aa668baa19e0cd110b0900ef92933bb	10
weight	representation.text.plain_text	sample	/Users/hugh/datasets/gittables/object/Benchmark.FBBench.FBSerializeBench-report.parquet	Error	1bf9e44cc10a98da48d8d0e191cd29d25f136eed713247786443829844b4b705	17
ua	representation.text.plain_text	sample	/Users/hugh/datasets/gittables/channel_capacity/MW_21_HIDS_3.parquet	full_log	8be4f4d1686013616fc1d0d4ef55e6ca7a6a13a6a094e0154e6f86641025df49	10
ua	representation.text.plain_text	sample	/Users/hugh/datasets/gittables/count_per_minute/MFL_20190924-012510.parquet	Body	7d1664008091ab276f99c3df439461e31640640c501b0042e369186982ad1889	32
locale	representation.text.word	sample	/Users/hugh/datasets/gittables/then/sw_0663_3225.utt.parquet	act_tag	5b98be389d141abc72725f3ea81a02b6dfb0baa874961c609793a64cb09045c9	32
height	representation.numeric.integer_number	sample	/Users/hugh/datasets/gittables/parent/quality-70.parquet	display_height	42baa34fc674a9d7736381865bf6f132cdfc032b08f6de02acddafe6b802c721	32
ua	representation.text.plain_text	sample	/Users/hugh/datasets/gittables/abstraction/speakers-data-old-old.parquet	Ali Ahari received his B.Sc. and M.Sc. degrees in Computer Engineering from Sharif University of Technology in 2011 and 2013, respectively. He has been a research assistant at the Chair of Dependable Nano computing at Karlsruhe Institute of Technology and also he has collaborated with the Chair of Embedded Security at Ruhr University as a visiting scholar. Since September 2015 he works as a scientific staff at the Department of Microelectronic System Design (SIM) of the FZI Forschungszetruminformatik in Karlsruhe, Germany.	f362070d0efdd78e56e426bea7605ffe16b072aa5cd3db88433d6f9f3e8484c9	23
ua	representation.text.plain_text	sample	/Users/hugh/datasets/gittables/question_time/2016_spring_post_level_2.parquet	Post Message	2c9534640dd9aee9a5d9b27944ec9c92181f01ff34807f489c2e1bfa87e94ed3	32
ymdfix	datetime.date.compact_ymd	sample	/Users/hugh/datasets/gittables/id/1628993_5.parquet	GAME_DATE	6b5509e5cf082c06a5a1e36bc29792d917219f073415928330a07294a463b88b	29
height	representation.text.word	sample	/Users/hugh/datasets/gittables/quick_time/jos_modules_96.parquet	'access'	60a98f52b9d61be74a3d3b060a1576f97588b6d510f09e88ba3e13310063e227	6
npi	representation.numeric.integer_number	sample	/Users/hugh/datasets/gittables/heterotroph/082919_dabs_in_genomes_wo_ca.parquet	Genome ID	0b5ce9d6126ff62e1a7b5100b02f63a1438817ecef360e23ff0a25b6eee9f62b	32
ua	representation.text.plain_text	sample	/Users/hugh/datasets/gittables/count_per_minute/tizanidine_pubmed.parquet	Abstract	ee202c1f1b9cc5ab83c3623d89643b4db27f6cefe909dc919dc4be62b096f28d	6
ua	representation.text.plain_text	sample	/Users/hugh/datasets/gittables/data_rate/%20ethanol_wos.parquet	Abstract	a6bea7d7e9075aeda626e9365ec8becd9e5144d2bb3eea2f9e499f0a0e95faa1	19
weight	representation.text.word	sample	/Users/hugh/datasets/gittables/physical_entity/EDCD.d04a_3.parquet	an..3	85548cb3ce04d197d3243a1fd9baeda0ca458e7b876f0dbd6b8eaa59a651446f	32
npi	representation.numeric.integer_number	sample	/Users/hugh/datasets/gittables/id/0022000120_3.parquet	TEAM_ID	d6848be3de241ff908dbeb781cc99bc28776ecfe38dd7ef060168a80ad4e4a15	18
ua	representation.text.plain_text	sample	/Users/hugh/datasets/gittables/question_time/sw_0974_2942.utt.parquet	parse_tree	ebdcb0d27589667f335efa73c48a60a3178a854956f80c69b6a4939faec7f307	32
ymdfix	datetime.date.compact_ymd	sample	/Users/hugh/datasets/gittables/object/2020-04-20-INCR_DATE_PRV_TAMP_RL_v2.parquet	DATA_RICEVIMENTO_TAMPONE	03bb99603f813bd4026bf1a75886c4138f770127cbb48fa141a2267026b455cd	32
ua	representation.text.plain_text	sample	/Users/hugh/datasets/gittables/data_rate/fan_network_dump_12.parquet	__index_level_19__	f6856a80bafc7eb657ead9876b0f4a5d9435b5b4b36033eb39feb98ce1dad53f	32
ua	representation.text.plain_text	sample	/Users/hugh/datasets/gittables/growth_rate/Pakka_20190925-041911.parquet	Body	57d2a3c83e22d46389c4f591385e193d2956050f82cd95dc99588bc3409af8f7	32
ymdfix	datetime.date.compact_ymd	sample	/Users/hugh/datasets/gittables/id/2863_11.parquet	GAME_DATE	31b18e7cabcdee9a1588bf0be92db1913e42e176c077287590fbdcf61b56ce37	32
ua	representation.text.plain_text	sample	/Users/hugh/datasets/gittables/processing_time/2012-04-data.parquet	Request Description	e3239fb73a7d697e3d0b09b41b2548fede1a2be98d6448acf8082436bda573ef	32
locale	representation.text.word	sample	/Users/hugh/datasets/gittables/terminal_velocity/grafit_public_article.parquet	events	ade1a59eb9f815cb1812891b68ccfb91f3ac3fb08fa01c51f9e4b87aaec4c7bf	11
ua	representation.text.plain_text	sample	/Users/hugh/datasets/gittables/thing/page5.parquet	reviews__review	ec9528f40723fc1be1ace7b34ab83ce5fd3d5535ce94c2b24c2e1b3c56a6f0ed	10
locale	representation.text.word	sample	/Users/hugh/datasets/gittables/show_time/551929__20160428_162111.parquet	handedness	b8aa03e911e888b4db6b558df36a13c098b753cc31f9782d2d470dc5ce3b0201	32
ua	representation.text.plain_text	sample	/Users/hugh/datasets/gittables/whole/sw_0039_4628.utt_10.parquet	trees	f8485cbe8d0efbfca39d1626e40c1785063ab821ec8133e49635046f78c606df	32
ua	representation.text.plain_text	sample	/Users/hugh/datasets/gittables/show_time/jos_ucm_content_73.parquet	'core_state'	7a753a993717ad184ee128f6e281abf0ae385b642c7a83576405e7a9e5652c25	32
ua	representation.text.plain_text	sample	/Users/hugh/datasets/gittables/count_per_minute/lipids_pubmed.parquet	Abstract	b1160f151292267e70e9276dc975b591de2866ed83ba0f070805f3a64edffc49	10
ua	representation.text.plain_text	sample	/Users/hugh/datasets/gittables/running_time/jos_ucm_content_60.parquet	'core_state'	383b60b7653cd533cb878228d166baecc2d5520daba3bb63632baeb03dbe6f1f	32
ua	representation.text.plain_text	sample	/Users/hugh/datasets/gittables/object/amazon-kinesis-connectors.parquet	commit_message	45af1af1eb9668222f00c08bb376c4abd0f14e61d5f40c7bfd9c1ded2b989053	26
ua	representation.text.plain_text	sample	/Users/hugh/datasets/gittables/data_rate/OWN_20190924-201950.parquet	Body	e65aa7c7aab00688d977a757413bdce18a8c6a1a5281d3f2ef74cfeebe2feb55	32
ua	representation.text.plain_text	sample	/Users/hugh/datasets/gittables/growth_rate/%20lipids_wos.parquet	Abstract	ce6bd3b470ad1cc805a870d30e1f774aecc181beefe4f546ec95b0b83100a56b	21
ua	representation.text.plain_text	sample	/Users/hugh/datasets/gittables/growth_rate/MPK_20190922-195427.parquet	Body	1f37429eaff417bfc385bb98bd854723564cb8e4cc239180efdc502251abbbfd	32
ua	representation.text.plain_text	sample	/Users/hugh/datasets/gittables/growth_rate/Review.parquet	ABSTRACT	98fd3d5389a7d98c808d45fb30ae31a1209026013b6ba0e8a93bae064e9e388b	23
ua	representation.text.plain_text	sample	/Users/hugh/datasets/gittables/thing/MiniPosts_2.parquet	Body	5f3dd6182d299435a2f8c2d7f8ca8d24c14f739bb4e3cbbea936d8677f47ff25	9
ua	representation.text.plain_text	sample	/Users/hugh/datasets/gittables/question_time/hitvoice__DrQA.parquet	code	f8ce72b05696e69a1e574b5cbc6480e942e7f238290df6982e800c74e22fc3bd	7
ua	representation.text.plain_text	sample	/Users/hugh/datasets/gittables/object/MOCK_LICENSES_5.parquet	notes	4abb7564cdcffab95eeabc75d4fdabbd753533ddff3938cd2d0fc8dff6da3589	32
locale	representation.text.word	sample	/Users/hugh/datasets/gittables/show_time/SMYONSDAAPYX.parquet	V8	dbb135137ec804c0ef308149a2bba127a7010a6d70b4d8cabe4dfe6574a1defd	32
weight	representation.numeric.decimal_number	sample	/Users/hugh/datasets/gittables/id/Test_FillCULocationClimateStationWeights_out_ClimateStations.parquet	PRECIPITATION STATION WEIGHT (FRACTION)	1384cbeb043ee9cba149b083091093fd8129f80c1da27ca7f0e4e141aa285271	6
ua	representation.text.plain_text	sample	/Users/hugh/datasets/gittables/safe_period/StructureDefinition-ProfilePractitionerRole.parquet	Definition	b00352e4bd147c8cf367b92fa0364343541ba8d5adc0f6b769c1d7fa5435cec1	32
height	representation.numeric.integer_number	sample	/Users/hugh/datasets/gittables/id/sp_event_4.parquet	br_viewheight	b3f8a016e3b59f74921998bc5c4c9545fd55efd7acbe6636e1c266d599506fad	6
ua	representation.text.plain_text	sample	/Users/hugh/datasets/gittables/thing/Scrapy_AmazonReviews_TrckedPrdctsCX_2020-08-03T07-26.parquet	body	570802561d74649a4e7bdaf96d9b203bd257378017fb1aecc1ea75db9b3c93b5	10
upc	representation.numeric.integer_number	sample	/Users/hugh/datasets/gittables/id/halo_85004198134_particle_ID.parquet	particleId	67d262d61ee1fd92db2e77105c7f204625e8f25a747724e59ac66d6ded05a18b	32
height	representation.numeric.integer_number	sample	/Users/hugh/datasets/gittables/real_time/permit-2016-2416_plain.parquet	Race Category	93c854ffbefda0ede13442dc7f2d97680b2aaafb52dbc5befbeb2c46f3582c29	32
ymdfix	datetime.date.compact_ymd	sample	/Users/hugh/datasets/gittables/id/203915_1.parquet	GAME_DATE	749aed5c712e1555d9a20f0280f00f129871003cf0684f077df1eeb8a4ae3907	16
ua	representation.text.plain_text	sample	/Users/hugh/datasets/gittables/processing_time/2015-03_3.parquet	Request Description	98c0b701eca1b93a85bc3ab44fd112747a8a5ca12251ed7b82ef6c9fa25f402b	32
ymdfix	datetime.date.compact_ymd	sample	/Users/hugh/datasets/gittables/object/2020-08-18-INCR_DATE_TAMP_RL.parquet	DATA_RICEVIMENTO_TAMPONE	3f6a3192e9d1348273148cb857201e8a3343065481c3fbbc7726fa3499d51025	32
locale	representation.text.word	sample	/Users/hugh/datasets/gittables/quick_time/grafit_public_article.parquet	and.5	37d1fadc79121a9b307c02821c6aa6addec465f40cea4fbd67dc94835f985437	15
ua	representation.text.plain_text	sample	/Users/hugh/datasets/gittables/whole/2016-10.parquet	Request Description	bd833ea58e8fc40fcfbdf93b5820aa7c06e2712a8dbfb8d574cf72069321c97b	32
ua	representation.text.plain_text	sample	/Users/hugh/datasets/gittables/then/sw_0239_3367.utt_9.parquet	trees	b61691381769df0cacd334be0ca0a90d308d7d8ba693ba3eaa0e5cc85f5f6985	32
locale	representation.text.word	sample	/Users/hugh/datasets/gittables/show_time/342643__20160428_160652.parquet	handedness	6b66c55d1365c9c377d0d012b7e0eab66dd455f8a2825452c2a613f502d7753b	32
weight	representation.numeric.decimal_number	sample	/Users/hugh/datasets/gittables/speed_of_light/Dark%20Souls%202%20Armor%20-%20Arms.parquet	Poise/Weight	68bf607b702213873013247581a72fa786e520c66c1953129d47ef9ce1580857	32
ua	representation.text.plain_text	sample	/Users/hugh/datasets/gittables/crime_rate/sw_0903_2576.utt_5.parquet	pos	31f4bd09ea82c11bb637da4e96f3b80f4fee3304494a83d875bcfd318b33e641	32
locale	representation.text.word	sample	/Users/hugh/datasets/gittables/show_time/RHRQMKXYEHXX_1.parquet	V5	5d2bdfa9756bba124369a60fce8fdbefb82f3019d917f0350b969a51c83c0485	32
ua	representation.text.plain_text	sample	/Users/hugh/datasets/gittables/show_time/jos_ucm_content_3.parquet	'core_state'	9b6cee7e1dc905c9a8a840c3d80832a8df481615b9241a00da8b3464eaf2fdf7	32
height	representation.text.plain_text	sample	/Users/hugh/datasets/gittables/data_rate/set-classics-lite-noanalog_2.parquet	last_emulator	7e68de511c8c62866a76247341cdbab5ebfb81b13cd57647aae958b19d13d6e1	32
ua	representation.text.plain_text	sample	/Users/hugh/datasets/gittables/show_time/sw_0763_3402.utt_12.parquet	pos	80f190b15afac9fb92c24bbee0639dc3e7619400facba539a780d3678d1ad189	32
ymdfix	datetime.date.compact_ymd	sample	/Users/hugh/datasets/gittables/id/203481_1.parquet	GAME_DATE	b52957e702b563d138bd9b8b66d9fde697531aa3d6e5aa41fa8827ecf4fd343d	16
ua	representation.text.plain_text	sample	/Users/hugh/datasets/gittables/running_time/jos_ucm_content_18.parquet	'core_state'	ff4fb4855ce475b94395b451945a78479faf83afc15a2be790e918c0fd8ffa73	32
height	representation.text.word	sample	/Users/hugh/datasets/gittables/quick_time/jos_modules_36.parquet	'access'	17fa573197039e4e32c771809911118adb81b6c0ec55ce3e241718bd5a3299e3	6
ua	representation.text.plain_text	sample	/Users/hugh/datasets/gittables/data_rate/sw_0020_4109.utt_19.parquet	pos	d448a51ed8d81eb93e8d5c3f8038f5dfe285ce578583ea6ccdf80b779c7c2ec7	32
weight	representation.numeric.decimal_number	sample	/Users/hugh/datasets/gittables/growth_rate/summary_stats.parquet	Weighted Average Shs Out	cfa0231130efc5df1d5fb36abcfeeda8eb1d8661e2ae0714fa8725464b09762d	11
weight	representation.numeric.integer_number	sample	/Users/hugh/datasets/gittables/data_rate/configurations_16.parquet	regressor:decision_tree:min_weight_fraction_leaf	a654b889c0df983b3f4b55f63ea243dbc8173811f391071bb4dcd041593420b5	7
ua	representation.text.plain_text	sample	/Users/hugh/datasets/gittables/crime_rate/sw_0903_2576.utt_6.parquet	pos	0743c4f39b2dbd5b9c6258bd467290dcca522230bf949775ed66567d357f5db9	32
ua	representation.text.plain_text	sample	/Users/hugh/datasets/gittables/parent/5_reconstruction_output_1.parquet	hit_def	67461619a5bad819047e1240035a7b1e3d362d85b000373bb3eab36e8042c781	32
weight	representation.text.word	sample	/Users/hugh/datasets/gittables/physical_entity/EDCD.d04a_5.parquet	an..3	4c26e253046dc50c57b5705b8670f179ea364919a0b1f1268c5ccfc352792b49	32
ua	representation.text.plain_text	sample	/Users/hugh/datasets/gittables/safe_period/Rubric.parquet	proposed	24dc68bbc9e8dce3f36ffb594f4b5afd6f2f5484c5ce0d6e64f4e9ee2baabe9d	32
ua	representation.text.plain_text	sample	/Users/hugh/datasets/gittables/whole/7bbf483dd896de667a8476ab102c8aa657f01c9cb8dea5c9ed186d05d941de2b_7.parquet	Notes	c0f55f3cb8c03b59e75dd2904a8c1911bedd371bda1bbcd0003fafe1b4bdaa11	32
weight	representation.text.plain_text	sample	/Users/hugh/datasets/gittables/running_time/dwbfpricesusawin22022013.parquet	EVENT_NAME	cd95b5b987f06e1b336ec0ae0d5923e2b3dc9725999e88da2f8b13c241ea07ef	32
ua	representation.text.plain_text	sample	/Users/hugh/datasets/gittables/respiratory_rate/meta_2020-06-12_aw.parquet	comments	492dc023d39eb902eed9c476476899f34885a6869aaab3433ad4632d23b89f2b	20
ymdfix	datetime.date.compact_ymd	sample	/Users/hugh/datasets/gittables/object/2020-07-26-INCR_DATE_TAMP_RL.parquet	DATA_RICEVIMENTO_TAMPONE	85144c4df0e241191b9a3bf987c00daaddfc53ee33ce7e55a50473085e028eed	32
ymdfix	datetime.date.compact_ymd	sample	/Users/hugh/datasets/gittables/id/204098_1.parquet	GAME_DATE	18243dbbfa3a8fdf7766ec40e677a385a2a6dfc6fa939d38af502182eb2a2ced	6
ymdfix	datetime.date.compact_ymd	sample	/Users/hugh/datasets/gittables/id/1626205.parquet	GAME_DATE	69bdbfa216c6c3484abc49706e5891572aa0167464fb81952ee72f879aa1205d	5
locale	representation.text.word	sample	/Users/hugh/datasets/gittables/show_time/ZYBXBYRYFZPP_1.parquet	V25	68af232816fac2e2f768b06b0f0605955f0c15671a4fe7104a5a3c1549b84cb9	32
weight	representation.numeric.integer_number	sample	/Users/hugh/datasets/gittables/data_rate/configurations_62.parquet	feature_preprocessor:extra_trees_preproc_for_regression:min_weight_fraction_leaf	68f151b82c6ddfc7e2d503859df4daecd2b5f8c376f1a94c4b88ace02841b9fb	8
locale	representation.text.word	sample	/Users/hugh/datasets/gittables/show_time/VWAKMJUKWPUH.parquet	V5	65eb590935d5e216aee9d294411d64aeb65f941780f1dc7c10439dcfaa55ee95	32
ua	representation.text.plain_text	sample	/Users/hugh/datasets/gittables/object/annotations-bas172@pitt.edu-03122016.parquet	quote	809ca9058a9d1577ca844dd7a66644bee8674a09d30b3185230ce4e8a6973bdf	32
ua	representation.text.plain_text	sample	/Users/hugh/datasets/gittables/growth_rate/tpsection5all_xls_50306%20Qtr$_55.parquet	__index_level_1__	1e0d2cb1dac58ab3e0495930ba37a3b3d63e497fab141036b0fbf2cdd33182cb	32
ua	representation.text.plain_text	sample	/Users/hugh/datasets/gittables/then/sw_0448_4826.utt_13.parquet	trees	3756253fc1092ea479d38b22efa84638f647164920ae69870febd12d6823ac19	32
ua	representation.text.plain_text	sample	/Users/hugh/datasets/gittables/radial_pulse/func_corr_scan_params.parquet	TaskDescription	ff832d7aec86cc3ce2240c2e0511e37d75ede5c46cef47843ce0964bf627e1b9	32
ua	representation.text.plain_text	sample	/Users/hugh/datasets/gittables/data_rate/PetarV-__GAT.parquet	code	c2e846d90ee14b24fc3f5d56a299289bc9c156a91467183e5f4b678038e31d37	10
ymdfix	datetime.date.compact_ymd	sample	/Users/hugh/datasets/gittables/object/2020-06-08-INCR_DATE_TAMP_RL_v2.parquet	DATA_RICEVIMENTO_TAMPONE	9436cef1f5199b54860bbe92fc9431e469be56558afdbe9f26e58a123277920b	32
ua	representation.text.plain_text	sample	/Users/hugh/datasets/gittables/data_rate/LynnHo__CycleGAN-Tensorflow-2.parquet	code	ec3ef557dcee73c055f9a7755e730f38d2e77f0d88d84f9dec6506d38d6ea6cb	25
ua	representation.text.plain_text	sample	/Users/hugh/datasets/gittables/processing_time/Mac_2k.log_templates_8.parquet	EventTemplate	9a052b539dbab4e477403693e31085a1f6a1b9838316dc8feb87c46978c0c235	32
ua	representation.text.plain_text	sample	/Users/hugh/datasets/gittables/cease/0259cede12dc82d0c4cef68f444d2a1ae3a3d718787f8cdb8ff1fc05243ae004_10.parquet	Notes	adf1494004594da0593df5b6685af6cd283bb491ae96523872544f569bf564e5	32
npi	representation.numeric.integer_number	sample	/Users/hugh/datasets/gittables/id/20210324.parquet	VISITOR_TEAM_ID	99f2be187dc3f168bfedfa494f8f592b47f26e3ec7cbb778110a502b3c47c2db	11
ua	representation.text.plain_text	sample	/Users/hugh/datasets/gittables/quick_time/jos_ucm_content_10.parquet	'core_state'	e968165760ddfa8ed4feff3a3b628bfe64d05dc9dd63bb1f2a6b72adbcb4684b	32
height	representation.numeric.decimal_number	sample	/Users/hugh/datasets/gittables/whole/x_valid_2.parquet	height_mm	980de984a04fc4214d973606fce715475dea0cc27e00bb12e968ffea938077b3	32
height	representation.text.word	sample	/Users/hugh/datasets/gittables/quick_time/jos_modules_55.parquet	'access'	e2b0b88382230eddcd29e747b11b062dced57ff7b41fc7134ff6679ecf505b41	6
weight	representation.numeric.integer_number	sample	/Users/hugh/datasets/gittables/data_rate/configurations_80.parquet	feature_preprocessor:extra_trees_preproc_for_regression:min_weight_fraction_leaf	ca3726b1a3c97207adcd8f8663e42fb7a5d791b365cab31125558db7dcf861c3	5
weight	representation.text.plain_text	sample	/Users/hugh/datasets/gittables/parent/quality-100_1.parquet	nplayers	9c4b8d491d4d0c0c6df6d6c07c365fc01e43bcbeb9c7859a72d38a848c3faa09	32
ua	representation.text.plain_text	sample	/Users/hugh/datasets/gittables/data_rate/ext-pending-properties_2.parquet	comment	638f6904285657b6c6225a1fa44a5d22b49efaf80b2af5fad1f23a442a8b5fab	32
ua	representation.text.plain_text	sample	/Users/hugh/datasets/gittables/lead_time/June.parquet	Request Description	4a02e425d227057738eb87534b38134f085c2f985a66449801f23109316b63d1	32
ua	representation.text.plain_text	sample	/Users/hugh/datasets/gittables/thing/Scrapy_AmazonReviews_AllPrdcts_2020-08-03T07-34.parquet	body	d1bf18021f025d75f09be59c2cff900c982ecd673a7a895d7361fc761411ef7f	10
ua	representation.text.plain_text	sample	/Users/hugh/datasets/gittables/real_time/sw_0050_4362.utt_13.parquet	trees	2a8175ea0923ab71505906ef585b3ae13cee3654b13f176b3136d8037a6736e9	32
ua	representation.text.plain_text	sample	/Users/hugh/datasets/gittables/respiratory_rate/meta_2020-05-24_aw.parquet	comments	ef65298e9c911b47067d968d54dcf2132a19e4f03d58bec4885b152ee20a05db	20
height	representation.text.plain_text	sample	/Users/hugh/datasets/gittables/half_life/NCA_single_dose_2.parquet	vz_f_obs	03935e75c6d71d624765230691053e6dc6cf46b34f3d23d0ae3d723a83aaadc1	32
ua	representation.text.plain_text	sample	/Users/hugh/datasets/gittables/real_time/1005_13.parquet	pos	c8aac7709e105c0034b60b18761b65cced37e90793229e6ab4803419f3e5bc39	32
weight	representation.numeric.decimal_number	sample	/Users/hugh/datasets/gittables/id/149_gene_table.parquet	gene_weight	3676119ba63dc3d26fe152a45dd2233121a918d9823ccaaa0f0f28583fce6201	8
locale	representation.text.word	sample	/Users/hugh/datasets/gittables/show_time/JJBDBMKZVYTF_1.parquet	V15	c8f0945e724cd832a976b153a130e4e2ec5c31b6699ea0ff19ce6e236bbeafd1	32
ua	representation.text.plain_text	sample	/Users/hugh/datasets/gittables/object/66329615_0_3585856495110277641.tar.gz.parquet	Reason(s)	7bf0cf37a17f52d72bf7785a7eacb34f22d7a35c41fdcf2e2a56850eaf82dcdd	32
npi	representation.numeric.integer_number	sample	/Users/hugh/datasets/gittables/id/1628070_2.parquet	TEAM_ID	6c8457e3e5791f915be8fb339c0f4a322eed44e9bf5d43e1c0e19a776014b9e9	18
ua	representation.text.plain_text	sample	/Users/hugh/datasets/gittables/data_rate/ext-pending-properties_26.parquet	comment	0b43ad5f12e3542998efbaf6354203cfaefc24a29da9b209fc9f9b61e8ff1e9b	32
height	representation.text.plain_text	sample	/Users/hugh/datasets/gittables/show_time/869599__20160429_002831.parquet	screenHeight	92c4b3c19362d43f3be12e245a114ed475f482323c5acce836f6484991b82319	32
weight	representation.numeric.integer_number	sample	/Users/hugh/datasets/gittables/data_rate/configurations_88.parquet	feature_preprocessor:extra_trees_preproc_for_regression:min_weight_fraction_leaf	db59baa3ab58fd0cd6fa2b2af03fbeb676bbb5b7ef56d91b91dc1de3734429c9	5
height	representation.text.word	sample	/Users/hugh/datasets/gittables/object/activityAll.parquet	ActivityDepthHeightMeasure/MeasureUnitCode	d942b4c439ab0451e0215c41ecbcab52843d2c4e14b6c91ae79986e32130990f	19
ua	representation.text.plain_text	sample	/Users/hugh/datasets/gittables/growth_rate/QuickenLoans_glassdoor_ratings_1.parquet	advice_to_mgmt	0d3380aae573dabb671e0fe33d5905540a5eddc5ff6b380109209af572b16da3	10
ymdfix	datetime.date.compact_ymd	sample	/Users/hugh/datasets/gittables/data_rate/Internet-IPOs.parquet	Offer date	c6d30b522368879948281c1bf23c47f4dee35906a4e7cd249299bb1438be8a5f	32
ua	representation.text.plain_text	sample	/Users/hugh/datasets/gittables/whole/sw_0995_4735.utt_10.parquet	pos	4e1cbac58434bd4a18aae5419bab7b3fc399eacff714ee7a59ed8c3f5d60e12d	32
weight	representation.numeric.integer_number	sample	/Users/hugh/datasets/gittables/organism/testInputCredits.parquet	Above ground green residue dry weight treatment 2 (tons/ha). If not known write -9999. If no second choice is needed please put 0.	52050899bafcfbe05f73cb09e4e2a17497904b99dc7f6605051f159046b857b5	5
locale	representation.text.word	sample	/Users/hugh/datasets/gittables/show_time/UGZSZBCIWZVQ_1.parquet	V25	9bb0c3cb6936c0f308f1ef552060d702ec29205dfb9fd92c5484351c1ce17c89	32
height	representation.numeric.integer_number	sample	/Users/hugh/datasets/gittables/parent/unique_metabolites_with_networking.parquet	donors_producing_metabolite	ba5eb32e27ca30af613623c4fb32c15072166aff902bc840469e258b6abdc1e7	32
ua	representation.text.plain_text	sample	/Users/hugh/datasets/gittables/id/799e967d314e2c240209d1599e411d3ffd2cb64d32303b5b9eca4ae5e3cb173d_5.parquet	Notes	ac65e222567e1a2b68169b001e72edc014f2076eb076c57b60537b50d585f4f7	12
ua	representation.text.plain_text	sample	/Users/hugh/datasets/gittables/running_time/test2-input1.parquet	PY	f8ee2dcbce65fc965a0808c0cfddb607326cdcde1f4339c6ece39fd9cdef740f	10
ua	representation.text.plain_text	sample	/Users/hugh/datasets/gittables/growth_rate/ACA_20190924-153457.parquet	Body	200483e23c643094ccfc4f214bf2d4a8e72644f79bdf06e052c2d258a3d5fea3	30
ua	representation.text.plain_text	sample	/Users/hugh/datasets/gittables/then/PBF-Energy.parquet	cons	b8b85ee7b6e501666a5aa2b8fd28396fd0e2c850ec8e99305129779aec5b37bb	32
ua	representation.text.plain_text	sample	/Users/hugh/datasets/gittables/processing_time/ftpserver-jira-bug-fix-dataset.parquet	DescriptionTopWords	4df7e80f2efb27a7d3d81ec038c7f4b5b2038c61fabd11f52159c892cba52fc9	32
weight	representation.text.word	sample	/Users/hugh/datasets/gittables/id/combinations_2018112910.parquet	Product ID*;Product Reference;Attribute (Name:Type:Position)*;Value (Value:Position)*;Supplier reference;Reference;EAN13;UPC;Wholesale price;Impact on price;Ecotax;Quantity;Minimal quantity;Low stock level;Low stock alert;Impact on weight;Default (0 = No	3b472fca13a67e01c9bea0a2cb415001fcfd6b19b32257b705ec8470b4f7099b	32
ua	representation.text.plain_text	sample	/Users/hugh/datasets/gittables/then/sw_0974_2942.utt.parquet	parse_tree	9b005efd85e735136b398dfa874904e09d5b9af5dfdc77ad6c1dd720267b631d	32
ua	representation.text.plain_text	sample	/Users/hugh/datasets/gittables/show_time/2011-09.parquet	Subject	0dd3602981b28a76c2e8887dc65cb997a623003b58c3b2713e705cf148cb40b5	32
weight	representation.numeric.decimal_number	sample	/Users/hugh/datasets/gittables/whole/x_test_1.parquet	viscera_weight_g	5d2d97aa07296723ea66f7046cacd2e8a1e27dee6e914e93a66eb15115a2ac87	32
locale	representation.text.word	sample	/Users/hugh/datasets/gittables/show_time/906104__20160429_024435.parquet	handedness	0ae807c803930f484f08d2870a54e2f4df4cf127ed79272bcd9b4ea7d8d53827	32
npi	representation.numeric.integer_number	sample	/Users/hugh/datasets/gittables/id/203527_1.parquet	TEAM_ID	83d17bad5d3b29268777ed75f4a8a1cdc569d92f8298051d8fe37647ae5c421f	28
npi	datetime.epoch.unix_seconds	sample	/Users/hugh/datasets/gittables/in_time/2020-09-08_35.parquet	uvIndexTime	42232a02debf82ee593b5427fc26fcbbf090f8a4389ba622ea9376ef055ea7cf	8
ua	representation.text.plain_text	sample	/Users/hugh/datasets/gittables/real_time/sw_0644_2476.utt_2.parquet	pos	b2332c9cacde7ef04b6aece22aa42e072d9e9762dc682938f64d62411d279095	32
ua	representation.text.plain_text	sample	/Users/hugh/datasets/gittables/show_time/page5.parquet	reviews__review	8331c17be060cde535cea6ca057f12a01ebf6550b7334392ba705d4d9b158257	10
ua	representation.text.plain_text	sample	/Users/hugh/datasets/gittables/parent/pages_54.parquet	body_html	8255f16e860138ca03e62b70d5eb5d44ff53498d7d0365433454ce50416d1eaf	7
height	representation.text.word	sample	/Users/hugh/datasets/gittables/show_time/jos_modules_11.parquet	'access'	aba20f94890617166612b2f1a685cea835b1b4fa0a331d448de79f709796832f	6
ua	representation.text.plain_text	sample	/Users/hugh/datasets/gittables/attrition_rate/XIR_20190925-122624.parquet	Body	ef52ea92de46d1e625939329e36e0dfb746824a670699538827aaa0d864d8fa3	31
weight	representation.numeric.decimal_number	sample	/Users/hugh/datasets/gittables/id/apachepoi_59746_NoRowNums.xlsx.0.parquet	Molecular Weight	1065373532798ef0c2ad34a33413860059b4de580bf4d2a592b8ccb442407f99	32
ua	representation.text.plain_text	sample	/Users/hugh/datasets/gittables/organism/ACA_datasets.parquet	data_source	3edcf5591dbf144cc3af72b43321cefa5cd569c9a370a18107cb10ff0a9cf74f	32
ua	representation.text.plain_text	sample	/Users/hugh/datasets/gittables/question_time/sample_148.parquet	summary	5d9faec21eb6d382a5d319c2f2e98c2fe56750a1ddba818462d0a33d020d0cb1	25
npi	representation.numeric.integer_number	sample	/Users/hugh/datasets/gittables/id/20210223.parquet	HOME_TEAM_ID	94a82483ec8a9bb8f44cde4ec6721a128fabd76f73563dafa7ef0b4d8929349d	9
height	representation.text.word	sample	/Users/hugh/datasets/gittables/quick_time/jos_modules_53.parquet	'access'	6f8839516a25e3e9dc57cc90d09c8dffbc313ff2e3c73ad387a47d8d0d12292b	6
locale	representation.text.word	sample	/Users/hugh/datasets/gittables/show_time/SMYONSDAAPYX.parquet	V25	dbb135137ec804c0ef308149a2bba127a7010a6d70b4d8cabe4dfe6574a1defd	32
ua	representation.text.plain_text	sample	/Users/hugh/datasets/gittables/whole/literary_index.parquet	Title	7492158ad9693d6ae3c95280b882a35a966916976dba52418e7021ab78877f39	32
weight	representation.text.plain_text	sample	/Users/hugh/datasets/gittables/quick_time/dwbfpricesusawin06022014.parquet	EVENT_NAME	4d94adcfa59a7064ce0f0e5d6300d37bb050a78b536d29d06a2c1c1274f2ca31	32
ua	representation.text.plain_text	sample	/Users/hugh/datasets/gittables/running_time/preOpenSourcePullRequests.parquet	__index_level_4__	6752f3001c9c9dfe0c0dbb7c52e3077d0d40abbf1a8090cf14fd96021a76e4cd	32
locale	representation.text.word	sample	/Users/hugh/datasets/gittables/real_time/sw_0663_3225.utt_3.parquet	act_tag	e051077a3e076b5195778b5923ab0e4125fc70ef6f3d5319caf007d9a1b820df	32
height	representation.numeric.decimal_number	sample	/Users/hugh/datasets/gittables/quick_time/CapricornCoffee.parquet	Height__c	934dad842f283fd8e222a38d702dae880bbe1b99f651b84d8407ceb33ba3db4f	17
ua	representation.text.plain_text	sample	/Users/hugh/datasets/gittables/running_time/jos_ucm_content_3.parquet	'core_state'	a4b15f1303ca153f2e2cadd849a91ea8ce6effd7f3e2062d32312d6ebd24a4fb	32
height	representation.text.word	sample	/Users/hugh/datasets/gittables/quick_time/jos_modules_24.parquet	'access'	858232c869a7b9d435ec077a36c4fe53e8c8a02da4f979904ad189d1213d579b	6
ua	representation.text.plain_text	sample	/Users/hugh/datasets/gittables/question_time/sw_0646_2575.utt.parquet	parse_tree	bbbee49c7d4bb5648753ac71007be6a2b3a9368dc5f3ccf2d56ef9f06a4bf699	32
weight	representation.numeric.integer_number	sample	/Users/hugh/datasets/gittables/data_rate/configurations_81.parquet	feature_preprocessor:extra_trees_preproc_for_regression:min_weight_fraction_leaf	aea7dfb62fe8c43a59c000ba5eca0ce1c00734fe145eb532fdc5e02ce45bd6ef	5
weight	representation.numeric.integer_number	sample	/Users/hugh/datasets/gittables/in_time/94109-r.parquet	Weight	502191b19f3842e04e3c953f455aa345e5fbfc48f1114e072cb4c2e5bd0dcdd3	20
weight	representation.text.word	sample	/Users/hugh/datasets/gittables/beauty_sleep/User.parquet	weightsData	2ed766ac049931994505f86e531b20530c4575d8763d1c41b73901b2568a20c5	10
upc	representation.numeric.integer_number	sample	/Users/hugh/datasets/gittables/id/halo_85005650650_particle_ID.parquet	particleId	d156c2aa59a5acc82694fbc8606ecd659dfeffe1c67cb8435576902d14a5c5df	32
ua	representation.text.plain_text	sample	/Users/hugh/datasets/gittables/lead_time/export2021.03.29-05.53.35.parquet	Author Affiliations	d5aae82f7c81081dfb48c7dc9f724bc4dabb8d36b4efcfdc50c36f4c1c9a5a9b	17
npi	representation.numeric.integer_number	sample	/Users/hugh/datasets/gittables/id/20210418.parquet	HOME_TEAM_ID	b25772ccb38e0d1aa7a155946d7732e9d5d77221838074ff3437df5d81155315	8
ua	representation.text.plain_text	sample	/Users/hugh/datasets/gittables/data_rate/land-v08-i05.parquet	Abstract/Description	825486f694403d6759eb0444c18e421029f7f2ac8e92d2fbc8bc9265e12a87e7	12
locale	representation.text.word	sample	/Users/hugh/datasets/gittables/show_time/BXUORGLYFRKT_2.parquet	V25	b03a52ab359b7468858c263d62febc473efa7cadc40f782a360402c17d0701f5	32
ua	representation.text.plain_text	sample	/Users/hugh/datasets/gittables/data_rate/Survey_23-10-2019.parquet	11 - Are you aware of some issue related to the lack of Exceptional Behavior Testing? If yes, could you please describe it below or put the issue link?	cf7537dc442a40504aaf8fd9913b6103e4a28dc94c958fcd2b82e7e6cb6e6d79	24
ua	representation.text.plain_text	sample	/Users/hugh/datasets/gittables/running_time/2011-02.parquet	Subject	f010791344abddf1537b32dbbd13e7cedafb59bb685de7401a0b4097b69db197	32
upc	representation.numeric.integer_number	sample	/Users/hugh/datasets/gittables/id/halo_85004559895_particle_ID.parquet	particleId	fb36cae32d8971fea27ed184674675ccd3fee3b9de3dfff17078c3cdf05b72cb	32
ua	representation.text.plain_text	sample	/Users/hugh/datasets/gittables/data_rate/AltX_20190923-171237.parquet	Body	999dabb8211a652fcaf5d926da8cc1a3ddf12b6a1e933b6b586553283994704f	32
ua	representation.text.plain_text	sample	/Users/hugh/datasets/gittables/id/20180531CLEGSW.parquet	comment	a9b1ecb2eb11c07d15394acf489dd582471238a4688fb1859801f83eab574d3f	14
upc	representation.numeric.integer_number	sample	/Users/hugh/datasets/gittables/id/halo_85004816909_particle_ID.parquet	particleId	4d29e14465c61c3ecccbf3ef9cad80ac81c9f78f32ec033bd6e12014d21aba29	32
npi	representation.numeric.integer_number	sample	/Users/hugh/datasets/gittables/id/20210403.parquet	HOME_TEAM_ID	ac5fce43917510521b0a82b74e0d393eec87a8f3d0c55d40255f785498621113	8
height	representation.text.plain_text	sample	/Users/hugh/datasets/gittables/show_time/342643__20160428_170126.parquet	screenHeight	28720799b9732eb311a5e6486be1be46abdc37094f5763394289f2d5b4aaf27f	32
height	representation.numeric.decimal_number	sample	/Users/hugh/datasets/gittables/whole/abalone_app_3.parquet	height	0c860bc38aa5ab37db392be7d731097eeb33c64cc60d1d7c47a858ad8e5421c3	32
ua	representation.text.plain_text	sample	/Users/hugh/datasets/gittables/then/Play_2017-08-09_23-38.parquet	Review Comment	f9cbbaef8bd1e8338c4d711a70798b3e8150b3b91bddc81e2208a76f8713e383	32
ua	representation.text.plain_text	sample	/Users/hugh/datasets/gittables/quick_time/mdanalysis_release-0-7-0_commits_clean.parquet	message	484eafe4038ca79e36f774bde761dde7280e5dec15b29a8721d7c5ab6937baf1	32
height	representation.text.word	sample	/Users/hugh/datasets/gittables/quick_time/jos_modules_49.parquet	'access'	bd626f3e70e32f09e2ccbc5f077d572523c1d0f477439e70f88f1ce4fc449d67	6
ua	representation.text.plain_text	sample	/Users/hugh/datasets/gittables/show_time/rforge_description.parquet	__index_level_2__	3f169f6df2f96b3bdf1872ad389c726401ee21ccaa9d154e5f18e426d0b4f9c1	32
ua	representation.text.plain_text	sample	/Users/hugh/datasets/gittables/then/mileycyrus_facebook_statuses_2.parquet	status_message	13be459644551fe0e11b9725917df48386016f393f069e15a3ee91b3abc51fb3	32
ua	representation.text.plain_text	sample	/Users/hugh/datasets/gittables/thing/fc-jira-bug-fix-dataset.parquet	DescriptionTopWords	eee159a5a1a12bbe8c39787c4dbb27e053521e9fdd4e6f0fa93a30251478e363	32
height	representation.text.plain_text	sample	/Users/hugh/datasets/gittables/show_time/906104__20160428_234432.parquet	screenHeight	fa05166cfb027e4efa0043b4ee4b44585c9dded57c89cc3a1440b3771dd5af35	32
ua	representation.text.plain_text	sample	/Users/hugh/datasets/gittables/running_time/jos_ucm_content_2.parquet	'core_state'	d5af470e39e7342061f35bd805632931188dcbaf5c91344af0e04e375ee36f11	32
ua	representation.text.plain_text	sample	/Users/hugh/datasets/gittables/interim/2016-07_2.parquet	Request Description	9f8f0dc1ab4a69710faf3040d1c0a615fc62b66729fd7a407bca00e857a8aedd	32
weight	representation.numeric.integer_number	sample	/Users/hugh/datasets/gittables/id/import-20180621095417-1_CSV_to_live_stock21.2.parquet	weight	329224701cf87fce893e6c5d34ccf099577b2ff1ea9879f6cdfd106fd3326f11	5
weight	representation.numeric.decimal_number	sample	/Users/hugh/datasets/gittables/id/5_7028.parquet	tractWeight1	09f6849074ca81da35363e960d8147150b2cc434650d029d6f049fb353e6e753	32
locale	representation.text.word	sample	/Users/hugh/datasets/gittables/show_time/HLRYSERGOHVT_1.parquet	V8	cf7506813cd23e1ec286f11d7a94c54cac696a6c9dd230addcd4107664795681	32
weight	representation.numeric.decimal_number	sample	/Users/hugh/datasets/gittables/whole/x_test_1.parquet	shucked_weight_g	5d2d97aa07296723ea66f7046cacd2e8a1e27dee6e914e93a66eb15115a2ac87	32
ymdfix	datetime.date.compact_ymd	sample	/Users/hugh/datasets/gittables/whole/79cdc3e1c43097bd770fcf43fbd54109178ef6c6e8ed0aa7903914919bb3094e_3.parquet	LastUpdatedDate	f29d6f3abd190077dd0907ab9dd79d6692f8778e59e217c543c53ad73191a05b	32
npi	representation.numeric.integer_number	sample	/Users/hugh/datasets/gittables/id/20210509.parquet	HOME_TEAM_ID	fd0c3a7057538c21a1669f6a15ed4109fd4b8debd0929ac02a8c105731c41a11	8
ua	representation.text.plain_text	sample	/Users/hugh/datasets/gittables/parent/China%20Front_1.parquet	Casualties and losses.axis	0f1324629e44da135ee6d4cd291ed3b447d3885076d08b790876168c7c75fadd	32
ua	representation.text.plain_text	sample	/Users/hugh/datasets/gittables/data_rate/fan_network_dump_7.parquet	__index_level_19__	90aa345291393289153c85ec419728f9b0ff85edd79003d3936ac4cef4a13311	32
ua	representation.text.plain_text	sample	/Users/hugh/datasets/gittables/growth_rate/QuickenLoans_glassdoor_ratings_1.parquet	cons	0d3380aae573dabb671e0fe33d5905540a5eddc5ff6b380109209af572b16da3	28
ua	representation.text.plain_text	sample	/Users/hugh/datasets/gittables/whole/0259cede12dc82d0c4cef68f444d2a1ae3a3d718787f8cdb8ff1fc05243ae004_10.parquet	Notes	b4668571f6e10e065312b169fb72675ae128267357c5b967332202232bf178db	32
ua	representation.text.plain_text	sample	/Users/hugh/datasets/gittables/dead_air/test_119.parquet	comment_text	48d2d95a1a2397c315cb00368496c534181fd6f86cb317f8086fa9c7f7b3608f	32
npi	representation.numeric.integer_number	sample	/Users/hugh/datasets/gittables/id/20210311.parquet	HOME_TEAM_ID	45936171d2f609cb33e6b6433166e540027924546fbd687d34bdda06fde9e1ab	11
ua	representation.text.plain_text	sample	/Users/hugh/datasets/gittables/then/sw_0004_4327.utt_4.parquet	trees	06d11be4ae01cf615c0cf8451b2cbfb10589ffe01a408c045e1b7523853a3a2d	32
npi	datetime.epoch.unix_seconds	sample	/Users/hugh/datasets/gittables/in_time/2020-09-08_118.parquet	precipIntensityMaxTime	3609c32e24852c2a2833e44d99d71674a96d8c9cfb65d49b4ac7184e5f3f127f	8
weight	representation.numeric.integer_number	sample	/Users/hugh/datasets/gittables/time_interval/pets_1.parquet	EnemyGroupWeight	91e7739a966cd9ec76c8d9d42f112dfb3845ec4262989439a4834059bb388109	7
ua	representation.text.plain_text	sample	/Users/hugh/datasets/gittables/then/export2021.03.29-05.53.35.parquet	Author Affiliations	e843a7172c1ccd7e42f9b3d5f47597502400fd27ef9020f2dcdf4c38bdfc62a5	17
ua	representation.text.plain_text	sample	/Users/hugh/datasets/gittables/id/dummy_inspect_metadata.parquet	project_authors	9cbae9aea64f3c00f582bd08cb56959e6adb7258431c2d1ba3b0a72e1d37ae9f	13
locale	representation.text.word	sample	/Users/hugh/datasets/gittables/show_time/FOEIMLVBQSTQ_1.parquet	V25	96d6e745adbfc4095892878821fcb6b25418c85f5478db18639baf2081687041	32
ua	representation.text.plain_text	sample	/Users/hugh/datasets/gittables/lead_time/export2021.03.29-05.53.35.parquet	INSPEC Non-Controlled Terms	d5aae82f7c81081dfb48c7dc9f724bc4dabb8d36b4efcfdc50c36f4c1c9a5a9b	15
ua	representation.text.plain_text	sample	/Users/hugh/datasets/gittables/processing_time/April.parquet	Request Description	0edba768f9bcd9e14b0ed53bfccc3a82e9160d866abdbb67eb7716ac24c37ab7	32
upc	representation.numeric.integer_number	sample	/Users/hugh/datasets/gittables/id/halo_85004414105_particle_ID.parquet	particleId	0a6cf418e9716187df255e41a9db8b35614baf2074cfe5923d697547ab50e2ff	32
ua	representation.text.plain_text	sample	/Users/hugh/datasets/gittables/show_time/jos_ucm_content_64.parquet	'core_state'	7ec64c40646a6f31794b0d5ba28e5ca957384ea5eb9aa379b5d86099084e4af7	32
weight	representation.numeric.integer_number	sample	/Users/hugh/datasets/gittables/data_rate/afg0national.parquet	DenominatorWeighted	026893ff63c78eaa11924f206ecbc974bf026cebe19e3bf7a3b2c18b9e2dc215	16
height	representation.numeric.decimal_number	sample	/Users/hugh/datasets/gittables/id/1596111328example.parquet	height	270177684acb561a4477d77ab8c0dfb54a8047ba2bdf3df7dab9cc8c1cf4d0b9	20
height	representation.text.plain_text	sample	/Users/hugh/datasets/gittables/speed_of_light/civil01062.parquet	Court Statute	3ebcde0dc2d04dc0195044152d85659c173ad01b9c8f8ae6c005d84a6883113b	32
ua	representation.text.plain_text	sample	/Users/hugh/datasets/gittables/quick_time/jos_ucm_content_38.parquet	'core_state'	491b5a7aaa62c62720e113cf0dc9bf7dee1f2dda3ee6f04fd163ce9532d19d01	32
weight	representation.numeric.integer_number	sample	/Users/hugh/datasets/gittables/organism/inputFileCroazia.parquet	Product application rate for amendment n. 2 (Enter a numeric value for dry weight in kg/ha)	a0e567a6ca3e01ab365b8a3a9fe454f63fcee25bd43c5304b058bca4a06083cb	16
ymdfix	datetime.date.compact_ymd	sample	/Users/hugh/datasets/gittables/growth_rate/news_20180605_3.parquet	20180605	80826f08a7519d98a3beee5854bc6655cdb4ef9e230f45913820866ef8d320ad	32
weight	representation.numeric.decimal_number	sample	/Users/hugh/datasets/gittables/parent/testprint_tpset_hier.parquet	ProbabilityWeight	8d75ec2c2bcb1460e467ddb719a2597f2b67419545d2c3d5b74426ada99b1a9f	32
height	representation.text.word	sample	/Users/hugh/datasets/gittables/parent/jos_modules_104.parquet	'access'	6e24ce0a413231538fc35d7786345ffeb1e7d654fc8d663b0a256ad9aba18749	6
weight	representation.numeric.decimal_number	sample	/Users/hugh/datasets/gittables/whole/abalone_app_3.parquet	shucked_weight	0c860bc38aa5ab37db392be7d731097eeb33c64cc60d1d7c47a858ad8e5421c3	32
upc	representation.numeric.integer_number	sample	/Users/hugh/datasets/gittables/id/halo_85004705640_particle_ID.parquet	particleId	0ba4396bd2cdd2cc2f7a1fff4786f257482a3d0aa8c15f8b5e3218384c7ced1b	32
npi	datetime.epoch.unix_seconds	sample	/Users/hugh/datasets/gittables/in_time/2020-09-08_58.parquet	uvIndexTime	0078d186d240718b09dfa0a16a7072a4d7339282437860fa8a2fe81472789047	8
locale	representation.text.word	sample	/Users/hugh/datasets/gittables/show_time/GDNOCIPZVPUZ_1.parquet	V8	8c19546f30d1422bf758563c0db7e08d686e298c0e99ac0da2a3aa23aea4701d	32
weight	representation.text.word	sample	/Users/hugh/datasets/gittables/physical_entity/EDCD.d03b_4.parquet	an..3	d7d67f7eecaee95ec81ca21827e6c3c644f732b3806a264c8800ddd50e6c91d7	32
upc	representation.numeric.integer_number	sample	/Users/hugh/datasets/gittables/id/halo_85004609265_particle_ID.parquet	particleId	3a41eb3b23aa109f5b9f04b481c4b65f347486e0ba3982e2a697c362a928fc9b	32
ua	representation.text.plain_text	sample	/Users/hugh/datasets/gittables/crime_rate/sw_0860_2614.utt.parquet	parse_tree	2d00bc5d3c9382e37acecb3acf70eefb83daba1f6dc19d66b764fda0709919db	32
ua	representation.text.plain_text	sample	/Users/hugh/datasets/gittables/fertile_period/land-v08-i11.parquet	Abstract/Description	fbe7f5884b724cd682c3263d336bf4e3ea11d538c85db74ee1b5f7db1162047d	20
ua	representation.text.plain_text	sample	/Users/hugh/datasets/gittables/parent/jos_ucm_content_10.parquet	'core_state'	c43d9f4c38e36fb692129a19f7eea46b5255b150adcacee8269ad050892b1aed	32
height	representation.text.word	sample	/Users/hugh/datasets/gittables/show_time/jos_modules_32.parquet	'access'	d3c70a171dc6a1da5375f750391f49bfc0464be96a278e26cfc7aee09946c667	6
ua	representation.text.plain_text	sample	/Users/hugh/datasets/gittables/show_time/2016_spring_post_level_1.parquet	Post Message	5eef7791397237c4ae9f0ce342eee5dc61ff3e6a35cab4bcae859362de1b3ab9	32
ua	representation.text.plain_text	sample	/Users/hugh/datasets/gittables/data_rate/Comparison_of_AMD_processors_0.parquet	Model Group	ce4d22748e097491738271cdd8e645d83e9f7c06bc78f9147a6f10b7b3cd2b7f	32
height	representation.text.word	sample	/Users/hugh/datasets/gittables/quick_time/jos_modules_16.parquet	'access'	b26ea9c789b1e8028b728e8f839cf351e0f41463c37660f49cc0d3184f013ef9	6
weight	representation.numeric.decimal_number	sample	/Users/hugh/datasets/gittables/id/trajectory-HMC_2nd-hidden.parquet	weight1	39636049efd712aa536466856c3d233d56185d19b6bdc17406649f9ae30bad63	15
ua	representation.text.plain_text	sample	/Users/hugh/datasets/gittables/question_time/sw_0853_2125.utt.parquet	parse_tree	e682d42f89e28333ae477d4d99638efa6a63f61608c96a73b33ed3d227b6a365	32
ua	representation.text.plain_text	sample	/Users/hugh/datasets/gittables/seek_time/2012-12-data.parquet	Request Description	fd6941891bf5fea1deb7905e87ada7d54ad10df052cdb1bbf6d7802dc17c459d	32
npi	datetime.epoch.unix_seconds	sample	/Users/hugh/datasets/gittables/in_time/2020-09-08_129.parquet	uvIndexTime	f9b855a34ffc28d4c6028a87c103fdbc273c45976230cb10927dcd5ce1935cd5	8
ua	representation.text.plain_text	sample	/Users/hugh/datasets/gittables/quick_time/jos_ucm_content_12.parquet	'core_state'	8b3ace04323ad53ef53deb08078066b4d5fc7fc9eef29bcadb23fbd8cfbfa99f	32
weight	representation.numeric.decimal_number	sample	/Users/hugh/datasets/gittables/id/trajectory-HMC_2nd-hidden.parquet	weight5	39636049efd712aa536466856c3d233d56185d19b6bdc17406649f9ae30bad63	15
ua	representation.text.plain_text	sample	/Users/hugh/datasets/gittables/data_rate/example_data_file.parquet	Q384_13	b9379e7be407131adadd495f060f499ae0eee6789fa7a7ebdea3d12d6f1c4fa7	5
ua	representation.text.plain_text	sample	/Users/hugh/datasets/gittables/interim/2011-07.parquet	Subject	299b0fd5ee291d618de54876f8e1df49f941a4d56e3ae15f739721df611d0fdb	32
ua	representation.text.plain_text	sample	/Users/hugh/datasets/gittables/question_time/Schmidt_Sourcesv4-from_IAA-MTurk-Task-3486-DataHunt.parquet	target_text	1d29f2b55a8cd24ff7d260c579eef15884d4610f4a34defc6f08d073172ebbc7	11
ua	representation.text.plain_text	sample	/Users/hugh/datasets/gittables/processing_time/cdph-env-inspections.parquet	NARRATIVE	b5f6ad7669eb54bb387645096d2a7e5195bde304439727213252c795cb6c633d	32
weight	representation.numeric.decimal_number	sample	/Users/hugh/datasets/gittables/whole/x_valid_2.parquet	shell_weight_g	980de984a04fc4214d973606fce715475dea0cc27e00bb12e968ffea938077b3	32
ua	representation.text.plain_text	sample	/Users/hugh/datasets/gittables/respiratory_rate/meta_2020-11-10_aw.parquet	comments	f22369775d0d27ef335c66e638346a11864aca405423d641925865c0b0ebcddf	13
ua	representation.text.plain_text	sample	/Users/hugh/datasets/gittables/whole/nextstrain_measles_metadata_7.parquet	Labels	d968803af51b1960b69ee1c0a3efd1edbd29a030c86d84f47aded7aefebff80b	32
height	representation.text.word	sample	/Users/hugh/datasets/gittables/parent/jos_modules_46.parquet	'access'	c56d4a250110312f6fc23045667901e940c700ad4793586490e33e86c7f7f263	6
npi	representation.numeric.integer_number	sample	/Users/hugh/datasets/gittables/id/0021900120_5.parquet	TEAM_ID	26fe1448f985343364ef2a739d42fe7950190c8109065117c082e0e20baf0781	14
npi	datetime.epoch.unix_seconds	sample	/Users/hugh/datasets/gittables/in_time/2021-04-20_39.parquet	uvIndexTime	2e90503194a4515fc643d8222596381fdd13b8e47108ec9f2488d62999651a25	8
height	representation.text.word	sample	/Users/hugh/datasets/gittables/quick_time/jos_modules_42.parquet	'access'	48ed53bb46ad164253c7f7b909d02b4a043e4b4c17f0f0a9df6ae4a9099fa855	6
height	representation.numeric.decimal_number	sample	/Users/hugh/datasets/gittables/id/1596110522example.parquet	height	18cb8fb9b8a7544a86527598a4be955643297abff926cf29e2ae5e7259ed52b1	20
ua	representation.text.plain_text	sample	/Users/hugh/datasets/gittables/physical_entity/2012-05-data.parquet	Request Description	0df49bf189caa44d74a46b23de14f9b537e95ce7f894f80745b1777bee4e60df	32
ua	representation.text.plain_text	sample	/Users/hugh/datasets/gittables/lead_time/douban__tfmesos.parquet	code	78acedeb32544806ea59aff8747cddf8f59187384e3b70129b0fe4328e250e19	9
ua	representation.text.plain_text	sample	/Users/hugh/datasets/gittables/half_life/double_check_DRKS_original_results_IRR2%2B3.parquet	intervention.value0	b157098c8cba388c8eebb40d6b3e8640adac118e795423fd161e0ce8e88023b5	26
ua	representation.text.plain_text	sample	/Users/hugh/datasets/gittables/real_time/sw_0501_3450.utt_6.parquet	trees	69d473d4122c3d7b75d107a965114cd68abec4d8e3b6bc8691ad3f0e97812dd3	32
ua	representation.text.plain_text	sample	/Users/hugh/datasets/gittables/half_life/mcconnell.parquet	speaker	ea6fb94a84fe375c1d1892add1558d44179073f2b8016cadcb54db84a35f6bad	32
height	representation.text.word	sample	/Users/hugh/datasets/gittables/quick_time/jos_modules_19.parquet	'access'	531684f2b87f146852349d629f24ab390540e4188a58f4ab94a5f01fb7482aa5	6
npi	datetime.epoch.unix_seconds	sample	/Users/hugh/datasets/gittables/in_time/2020-09-08_100.parquet	precipIntensityMaxTime	c4fea3b05e2f51801c60199730d3f4c691efd60cb96004d532d7c3e046d05c05	8
npi	representation.numeric.integer_number	sample	/Users/hugh/datasets/gittables/id/20210413.parquet	HOME_TEAM_ID	d18c3404256080cad9ebe8d88e64d79176f2625f8cda351b5711cc81d39b2d41	7
upc	representation.numeric.integer_number	sample	/Users/hugh/datasets/gittables/id/halo_85005296919_particle_ID.parquet	particleId	2e5702138e63213fd2b2c4678a32b311e840f393e83f151e41c0e308813109c3	32
locale	representation.text.word	sample	/Users/hugh/datasets/gittables/thing/sw_1030_2064.utt_12.parquet	act_tag	bd19c551004a5d2cf5c8df29118bf1ebd2d498bac86abb5ef8cdb9bb28844ac7	32
ua	representation.text.plain_text	sample	/Users/hugh/datasets/gittables/then/sw_0240_3387.utt_10.parquet	trees	d45ff752bbe4b9f961fdb98bdf3f095feca80550a9d6bf280273039745efea7d	32
npi	datetime.epoch.unix_seconds	sample	/Users/hugh/datasets/gittables/in_time/2020-09-08_102.parquet	uvIndexTime	119d1700327130afbf0ae6e7373b09fa5f1060201f094e3001a55920851452b1	8
ua	representation.text.plain_text	sample	/Users/hugh/datasets/gittables/data_rate/meta_2020-05-21_aw.parquet	comments	f67ee6fdacb69ca1173a2838b100d8a1934065ad87150d4f506db951b2a34f2f	20
ua	representation.text.plain_text	sample	/Users/hugh/datasets/gittables/metabolic_rate/double_check_DRKS_original_results_IRR2%2B3.parquet	intervention.value0	bedb65c2979ccd58c6856ebb1d5d5b3dd805366faf8f2745ac867bedeaf49b3d	26
height	representation.numeric.integer_number	sample	/Users/hugh/datasets/gittables/organism/inputFileCroazia.parquet	Tree/vine DBH (cm DBH= Diameter at Breast Height, namely 130 cm)	a0e567a6ca3e01ab365b8a3a9fe454f63fcee25bd43c5304b058bca4a06083cb	14
weight	representation.text.plain_text	sample	/Users/hugh/datasets/gittables/show_time/dwbfpricesusawin06022015.parquet	EVENT_NAME	9cb8a07464d1df0c8203e6f7f7f4d0d598b6faadd861382694ebc45b0804c5c9	32
ymdfix	datetime.date.compact_ymd	sample	/Users/hugh/datasets/gittables/id/OutpatientClaims.parquet	CLM_THRU_DT	9f749b93234de6dcf1c4dc0518cf025f59e9b268c924b39e56b01d1b2dc72a41	12
weight	representation.text.word	sample	/Users/hugh/datasets/gittables/data_rate/EDCD.d07a_4.parquet	an..3	95f4dc4175d3d2838461b9b6c044f883d244ce688d38b41f79ded9f5517b4699	32
ua	representation.text.plain_text	sample	/Users/hugh/datasets/gittables/processing_time/results_32.parquet	the same server, thus saving time and conserving power.	3aa262239736e270a95ded47326034034433f75960f41961c87511d31378dc69	32
npi	representation.numeric.integer_number	sample	/Users/hugh/datasets/gittables/id/20210527.parquet	VISITOR_TEAM_ID	a726c310786af146a03f91767206f442f5a9ed2f931e93e4a0deac055ab25075	5
height	representation.text.plain_text	sample	/Users/hugh/datasets/gittables/real_time/Bubble_2.parquet	Employees	9b66fd8f0fbbb549516255738014b314a652630d392056c406ece8f21d08e9e9	32
locale	representation.text.word	sample	/Users/hugh/datasets/gittables/terminal_velocity/grafit_public_article.parquet	a.5	ade1a59eb9f815cb1812891b68ccfb91f3ac3fb08fa01c51f9e4b87aaec4c7bf	17
height	representation.numeric.decimal_number	sample	/Users/hugh/datasets/gittables/whole/abalone-17_vs_7-8-9-10-5-1tst.parquet	Height	1aa278e00000b869e9be0912289f85c47a8cf5107709b158956883376103c6bd	32
locale	representation.text.word	sample	/Users/hugh/datasets/gittables/real_time/sw_0381_4784.utt_1.parquet	act_tag	93fca67ad71831e1af505bcfd9e52dae7a6cc8d3d040add7ee375c99ed7dca69	32
locale	representation.text.word	sample	/Users/hugh/datasets/gittables/dead_air/words_35.parquet	fr_prefix	5de3fc4f4db350f3e0493f5dc0bf214fa9934ce10face695c02253b0fa6cdabb	32
locale	representation.text.word	sample	/Users/hugh/datasets/gittables/id/C_zp.lgt.parquet	<ENT>Prép1	3afc541e9ac1884d01cb0901504f2aaafeec9b9ae19eb8589fc6328e58de0441	32
locale	representation.text.word	sample	/Users/hugh/datasets/gittables/show_time/IVNJXVOFWRAJ_1.parquet	V25	a82bcb857d80e960ea8379d78380c75563f8dc78a1e944f1f0c31a04591b6967	32
weight	representation.text.plain_text	sample	/Users/hugh/datasets/gittables/object/s02-dma_8.parquet	dimensions	61926cdcf30705a895c88b793111b0cdb18f558ec18a1368398f4d81a8b58957	32
ua	representation.text.plain_text	sample	/Users/hugh/datasets/gittables/whole/sw_0995_4735.utt_8.parquet	pos	e02e49b7a35271347707168e14dd4a0a2784796c48c1c3f2b6af101eabaa8645	32
locale	representation.text.word	sample	/Users/hugh/datasets/gittables/show_time/OVLILRURVAEM.parquet	V5	432cb0fc23b6ec763a02f35ab84fe2dd34745f6c81154e8a00b3dc7957b2c2cb	32
weight	representation.text.plain_text	sample	/Users/hugh/datasets/gittables/quick_time/dwbfpricesusawin01032014.parquet	EVENT_NAME	435d17fabb3a17eb77a1ae9b6aab1f2b990ab3b966adb4ecb668662ef7c6b069	32
upc	representation.numeric.integer_number	sample	/Users/hugh/datasets/gittables/id/halo_85004555488_particle_ID_1.parquet	particleId	3928aa35fea15397875a9d0606d25c67587cd606c15e851b80b022354d7ea587	32
weight	representation.text.plain_text	sample	/Users/hugh/datasets/gittables/half_life/NCA_single_dose_2.parquet	half_life	03935e75c6d71d624765230691053e6dc6cf46b34f3d23d0ae3d723a83aaadc1	32
height	representation.text.word	sample	/Users/hugh/datasets/gittables/show_time/jos_modules_37.parquet	'access'	ef62239089d5886f876af2c0a5e4cd97c50bbd8a629a55a2ab60ad9390da53ed	6
npi	representation.numeric.integer_number	sample	/Users/hugh/datasets/gittables/id/20210502.parquet	HOME_TEAM_ID	78fa5daea05712683d8f0a62229d4222c03f85a378425cd84668b92f446f4533	8
ua	representation.text.plain_text	sample	/Users/hugh/datasets/gittables/reaction_time/datasets_1.parquet	long_desc	5bf1e013821cd1928a20e53225023914caccce40272d1028510867a9bb6467e5	20
ua	representation.text.plain_text	sample	/Users/hugh/datasets/gittables/metabolic_rate/meta_2020-05-23_aw.parquet	comments	842e33c1b245b9f40a3bd8c0f405d44c7abc1d585ccbf305a3ded16dc22de63f	20
ua	representation.text.plain_text	sample	/Users/hugh/datasets/gittables/half_life/QuickenLoans_glassdoor_ratings.parquet	cons	6fb70c6ca679e355c87d50a1d5c704223f469c9024930d192e9dfb56f085949d	28
locale	representation.text.word	sample	/Users/hugh/datasets/gittables/show_time/SCOLVHTRSSHS_1.parquet	V5	a165cc8a189dd8bb59178aca26722eb4371bf196b85212498a3f25da83f6a3b9	32
locale	representation.text.word	sample	/Users/hugh/datasets/gittables/show_time/GIUBWCIQPWAN.parquet	V5	9665c8fe191935671ac3e20b77565996636c07f1428d9edda16e35013982d9b3	32
locale	representation.text.word	sample	/Users/hugh/datasets/gittables/show_time/SCWFZYBWDFZW_1.parquet	V8	d1398d5e6aedf40482ef51f8de8ccf954ff5d21fd1238c6c27106fd1c7cee06b	32
ua	representation.text.plain_text	sample	/Users/hugh/datasets/gittables/orbit_period/ds.parquet	coll_abstract	bd15671bf7c8b3c45b475dab8fb04f2e55dd65aa850e68bd7060bdcf9d827c89	9
npi	representation.numeric.integer_number	sample	/Users/hugh/datasets/gittables/id/20210514.parquet	HOME_TEAM_ID	6d1534e37ad395fbb658f7ff02a11f627a108e0cf6f588e441e3100c118ef27f	8
ua	representation.text.plain_text	sample	/Users/hugh/datasets/gittables/show_time/actions_3.parquet	actionDescription	6a474cba01dde4a0c60547541cb5ec8dc80276231e023df5d676be639ab5d0f3	10
ua	representation.text.plain_text	sample	/Users/hugh/datasets/gittables/growth_rate/QuickenLoans_glassdoor_ratings_1.parquet	pros	0d3380aae573dabb671e0fe33d5905540a5eddc5ff6b380109209af572b16da3	25
locale	representation.text.word	sample	/Users/hugh/datasets/gittables/thing/sw_1052_3198.utt.parquet	act_tag	b2bbdddd7712b91ec223156f699f11e4010b736e60401a6ee177bae8d3c0811d	32
weight	representation.numeric.integer_number	sample	/Users/hugh/datasets/gittables/id/shopify_product_variant_data_2.parquet	weight	cf73fee64c5bc9a9f533cd873d4ed9a86beaaa27c351e34f9647a0c6672bb8dd	5
height	representation.text.plain_text	sample	/Users/hugh/datasets/gittables/parent/set-classics-lite-analog_3.parquet	last_emulator	9e0b37cfd0b163d386001de01fb962eb98b1113cce301d259a9c9b7068cc0bc5	32
npi	representation.numeric.integer_number	sample	/Users/hugh/datasets/gittables/id/20210401.parquet	VISITOR_TEAM_ID	6d37f670cb918f4be92923be307b238404557ee7fa967cad127166e508946789	7
npi	representation.numeric.integer_number	sample	/Users/hugh/datasets/gittables/id/20210413.parquet	VISITOR_TEAM_ID	d18c3404256080cad9ebe8d88e64d79176f2625f8cda351b5711cc81d39b2d41	7
ua	representation.text.plain_text	sample	/Users/hugh/datasets/gittables/data_rate/example_data_file.parquet	Q384_14	b9379e7be407131adadd495f060f499ae0eee6789fa7a7ebdea3d12d6f1c4fa7	5
ua	representation.text.plain_text	sample	/Users/hugh/datasets/gittables/running_time/jos_ucm_content_42.parquet	'core_state'	9f8e918c745cb217a98e5d17cbbc34262e4d466fb50075805deaa618b0a8f06f	32
ua	representation.text.plain_text	sample	/Users/hugh/datasets/gittables/data_rate/chingyaoc__ggnn.pytorch.parquet	code	1d5739f8ae1a13d2c5e85668a4ccc433162e4f8ac071d9d3bb4ee3b5798c1d59	5
ua	representation.text.plain_text	sample	/Users/hugh/datasets/gittables/object/export2021.03.29-05.53.35.parquet	INSPEC Non-Controlled Terms	db0a4afd6fa39a075a1d85cfbbe12963f3d2219e4fec7423613eecbb4eeb98b1	15
ua	representation.text.plain_text	sample	/Users/hugh/datasets/gittables/running_time/jos_ucm_content_24.parquet	'core_state'	a42f846385ef278a15be69f0b22679324055ebf46ce4ba876f637217894bd73f	32
npi	representation.numeric.integer_number	sample	/Users/hugh/datasets/gittables/id/0021900122_3.parquet	TEAM_ID	ac7ade4471d84308807c663182f0762a77c49a80d6d5dc5cf7ffd13945aa4f05	16
locale	representation.text.word	sample	/Users/hugh/datasets/gittables/show_time/KAEAGFRXZQZH_1.parquet	V25	7338afc9668af58195b673afe0ee11b4d97f11b6dc29830d48db7d2ffd72717d	32
ua	representation.text.plain_text	sample	/Users/hugh/datasets/gittables/inflation_rate/1022be19-c0ef-473b-9c38-f5de90877db0_Definition%20and%20Source.parquet	Source	fc7c047a539eb3f143fc2f25b9929fe1c96e4589adf036d1b0db8fa1ac5addc5	12
locale	representation.text.word	sample	/Users/hugh/datasets/gittables/show_time/NLHEBDDKIHHD_1.parquet	V5	97e87b03b769e3cb8d13c315f42ea9fe4e42994f2b052e9cb55a24d4c41648c3	32
height	representation.text.plain_text	sample	/Users/hugh/datasets/gittables/parent/quality-40_2.parquet	last_emulator	05c8472ea43bffa36893700f3b4cf80c4141fc5620b4b3d9fd5ba12fb396f5af	32
ymdfix	datetime.date.compact_ymd	sample	/Users/hugh/datasets/gittables/id/rap-sheet.parquet	requestDate	21932e6a3637371aceb92413bedd4706af5a5375da8e8042b47a2438b2c2afc7	10
locale	representation.text.word	sample	/Users/hugh/datasets/gittables/thing/grafit_public_article.parquet	forgot	291871c60ffbf116322c20f0170844d561c1ecaaef9f5b1dd1199095dbbd3aa5	7
ua	representation.text.plain_text	sample	/Users/hugh/datasets/gittables/data_rate/example_data_file.parquet	Q384_20	b9379e7be407131adadd495f060f499ae0eee6789fa7a7ebdea3d12d6f1c4fa7	5
ymdfix	datetime.date.compact_ymd	sample	/Users/hugh/datasets/gittables/object/2020-04-19-INCR_DATE_PRV_TAMP_RL_v2.parquet	DATA_RICEVIMENTO_TAMPONE	9aa81ccd5732ef36c700dd718842dc07984e8aacf442d0d455afe6cac6065e37	32
ua	representation.text.plain_text	sample	/Users/hugh/datasets/gittables/show_time/T2_FtMmV2xJwOY_comment.parquet	comment	b5f5979c91b00dddd86a8f7689501b773e910adf0bf2042049803609db9f6b99	32
locale	representation.text.word	sample	/Users/hugh/datasets/gittables/show_time/HBRWEQBEOSXC_1.parquet	V8	ddcbce4a577c0b28f19e8a8c24380e141dbb6aa5db9f4a16356913c84d424e3d	32
ua	representation.text.plain_text	sample	/Users/hugh/datasets/gittables/then/sw_0459_2330.utt_5.parquet	trees	aabf06f86eab92517a7672eaa554a0196b75d86592b0aa39894dc267fe75bad3	32
npi	representation.numeric.integer_number	sample	/Users/hugh/datasets/gittables/id/0021600620_4.parquet	TEAM_ID	4d27f980eaf790f1dad728ea11097962413d744405ce7b9eee813b6b39db21b3	19
ua	representation.text.plain_text	sample	/Users/hugh/datasets/gittables/running_time/jos_ucm_content_50.parquet	'core_state'	acfd023696c983037a0a38d40761ce09d3a63f0ae7e81bbb3ea2cd808261f223	32
ua	representation.text.plain_text	sample	/Users/hugh/datasets/gittables/then/Play_2017-08-09_23-37.parquet	Review Comment	d10af44bbf9c8f30d7ea598a1e1609762faf4ca9f2719a06fa5e248011e49c47	32
ua	representation.text.plain_text	sample	/Users/hugh/datasets/gittables/half_life/species.parquet	distribution	1e12396e3dd6be75704ac02fdb0fdc2bb8b6e67ddcfa98b625a4e08a3f34efff	32
weight	representation.numeric.integer_number	sample	/Users/hugh/datasets/gittables/organism/testInputCredits.parquet	Above ground woody residue dry weight treatment 1 (tons/ha). If not known write -9999	52050899bafcfbe05f73cb09e4e2a17497904b99dc7f6605051f159046b857b5	5
locale	representation.text.word	sample	/Users/hugh/datasets/gittables/show_time/SCOLVHTRSSHS_1.parquet	V25	a165cc8a189dd8bb59178aca26722eb4371bf196b85212498a3f25da83f6a3b9	32
height	representation.text.plain_text	sample	/Users/hugh/datasets/gittables/parent/civil00545.parquet	Initial Statute	118403709498bc81c2af34985bf2d2d46ee10d0cc676c32192cdc6bb910c32e7	32
ymdfix	datetime.date.compact_ymd	sample	/Users/hugh/datasets/gittables/object/2020-06-15-INCR_DATE_TAMP_RL_v2.parquet	DATA_RICEVIMENTO_TAMPONE	6df9493750dc350fe2c5acfc645462b63a92fd14799dd8e457645f6ea391bf67	32
height	representation.numeric.integer_number	sample	/Users/hugh/datasets/gittables/id/Stage%205%20-%20Lot14%20-%20PMSE%20assignments.parquet	Antenna_Height_metres	c7bd7a125ccd4e316f830bdf57722334a1a3e33124fee850e73322db2c4a401f	6
height	representation.numeric.integer_number	sample	/Users/hugh/datasets/gittables/growth_rate/usdaplants_small.parquet	MaxHeight20Yrs	0b2fa261ac8c5c6a10783739fcb0441e2b90461c8f73560100780f29090549cb	18
ua	representation.text.plain_text	sample	/Users/hugh/datasets/gittables/show_time/2021-03-09-15-12-13_master_video_list_above_10000.parquet	videoDescription	0316e614d8f79a5daab8b25a3a9cddb458a7672c742972ea0d6c4cadf024fa09	21
npi	representation.numeric.integer_number	sample	/Users/hugh/datasets/gittables/id/1627778_1.parquet	TEAM_ID	54c33b12aca082e7546b64af7487dc6a05d97d07eb50546a6b53afb9e58f5219	7
locale	representation.text.word	sample	/Users/hugh/datasets/gittables/show_time/BMTPXBFHRKZB.parquet	V5	d53d2e205413c011db43390a5a0bf792bd4db27e986ffdac41a1ba772166878f	32
ymdfix	datetime.date.compact_ymd	sample	/Users/hugh/datasets/gittables/interim/20191027_1.parquet	Day	da656c38a4fd009db97d9d49552d4d2009417af87044e5d543c75d95d5f3160b	32
upc	representation.numeric.integer_number	sample	/Users/hugh/datasets/gittables/id/halo_85007912394_particle_ID_1.parquet	particleId	095fd64a7c4c14e616b46e4556e7f72eca786654ab5052d94a17defb07e5db5d	32
ua	representation.text.plain_text	sample	/Users/hugh/datasets/gittables/show_time/jos_ucm_content_45.parquet	'core_state'	489f51cb73e54475b79a8d229b1b4328db33b4ef3658d82992643024e816d6f7	32
ua	representation.text.plain_text	sample	/Users/hugh/datasets/gittables/data_rate/fan_network_dump_8.parquet	__index_level_19__	a23fba8e6f23f6a3ac60740158746df7fc32cd697210a2fffffbe69b03724469	32
upc	representation.numeric.integer_number	sample	/Users/hugh/datasets/gittables/id/halo_85004640465_particle_ID.parquet	particleId	5404c77a4b7e7bc43f83787bdab30ea98351c8f248922b42793ddd4067cb94a1	32
ua	representation.text.plain_text	sample	/Users/hugh/datasets/gittables/data_rate/ext-pending-properties_11.parquet	comment	bc18a6ac1212be3288be09476e8c05a82d333afb2a4fd12ae0fd59b86c6333c9	32
ua	representation.text.plain_text	sample	/Users/hugh/datasets/gittables/real_time/sw_0032_4333.utt_2.parquet	trees	9d1789867b596b2ece45df9e307d2205cb4b8d38ea1916c7e91de87b8815b58b	32
ua	representation.text.plain_text	sample	/Users/hugh/datasets/gittables/processing_time/program_9.parquet	bio	00489f9debd3d31a28122aa1d812e1147e9068d925ff9d47cb23db033f7aafb5	32
ua	representation.text.plain_text	sample	/Users/hugh/datasets/gittables/data_rate/ext-pending-properties_6.parquet	comment	a3ec509c3a6fb1deb148833d0dae5b4ceaa98f672537f37b21d5b916e195eb4b	32
ua	representation.text.plain_text	sample	/Users/hugh/datasets/gittables/whole/2011-08.parquet	Subject	7a6b15b90117c080cb07723d15cc6e8b955e1780800e26194393cc462cfabe57	32
locale	representation.text.word	sample	/Users/hugh/datasets/gittables/show_time/IVNJXVOFWRAJ_1.parquet	V8	a82bcb857d80e960ea8379d78380c75563f8dc78a1e944f1f0c31a04591b6967	32
ua	representation.text.plain_text	sample	/Users/hugh/datasets/gittables/safe_period/July_2.parquet	Request Description	34e0b72301282e5492450c78c062e73418fdd8e1978c8f68a2a139e72929b9bf	32
height	representation.numeric.decimal_number	sample	/Users/hugh/datasets/gittables/whole/abalone-3_vs_11-5-1tra.parquet	Height	73b1f414c61b914546bf0fed900f6c8be22fe61b20f689b145b4157bc22cd1e7	32
ua	representation.text.plain_text	sample	/Users/hugh/datasets/gittables/parent/set-classics-lite-noanalog_4.parquet	chips_audio_details	69f59a383c191980bf5256e009d677c3d50733bde446c66895aa0c03e8fcd7bd	32
ua	representation.text.plain_text	sample	/Users/hugh/datasets/gittables/episcopate/tsvInput-2020-06-10.parquet	translation1	ab5de8058f00995f727d1dd37c3485b8e0840a2f9a2f6b2ee1ff3561cff347d5	32
locale	representation.text.word	sample	/Users/hugh/datasets/gittables/show_time/XWYLFEBQEDDW_2.parquet	V8	7c024af30db9e74d121d9979a13f4bfbd1348cb76b42adcea671c4c91ec53f31	32
ua	representation.text.plain_text	sample	/Users/hugh/datasets/gittables/whole/sw_0482_3068.utt.parquet	parse_tree	d2d4896042184ae74378d87d27d937b9b89dc783931f5d40102ad75de28e851d	32
ua	representation.text.plain_text	sample	/Users/hugh/datasets/gittables/object/collection-builder-postcards-for-CB.parquet	Public_Notes~Types	3ab8f32c821a8173c20559363997a1e4bb8c2ae199fafa7a0ad22c554881a06b	19
ua	representation.text.plain_text	sample	/Users/hugh/datasets/gittables/lead_time/videos.parquet	english_caption	7a3a7f83578561b5ba6ffbac55b1452a915cce6983e50514acbcafd21212e74f	13
locale	representation.text.word	sample	/Users/hugh/datasets/gittables/show_time/SCWFZYBWDFZW_1.parquet	V25	d1398d5e6aedf40482ef51f8de8ccf954ff5d21fd1238c6c27106fd1c7cee06b	32
ua	representation.text.plain_text	sample	/Users/hugh/datasets/gittables/object/project2_sketch.parquet	topic	d3b8b3ba7393db39650112aa40ded770961dc5e2e3e9c5b8513e965f41943ceb	22
ua	representation.text.plain_text	sample	/Users/hugh/datasets/gittables/whole/sw_0011_4358.utt_2.parquet	trees	fb3ae8c0c654f8aa20c25b5f22469af89c83231c797d51888705af0eec45e025	32
ua	representation.text.plain_text	sample	/Users/hugh/datasets/gittables/reaction_time/export2021.03.29-05.53.35.parquet	Author Affiliations	24bb9232dd1fdea7844944e68ec36609a6ca69fb24000b68b4f68235cd916809	17
ymdfix	datetime.date.compact_ymd	sample	/Users/hugh/datasets/gittables/whole/CONCEPT.parquet	valid_start_date	acc8a3cd6d4c8f78301976412ee8bfea86700bd6093d71328f74ba4919a1f23f	32
ua	representation.text.plain_text	sample	/Users/hugh/datasets/gittables/growth_rate/candidates.parquet	Summary	c99925a3f751987a5d6e9e7b16b4d68c0d4cc4e59d41c5582943d3f17301ad17	18
weight	representation.text.plain_text	sample	/Users/hugh/datasets/gittables/show_time/dwbfpricesrsawin03082016.parquet	EVENT_NAME	0789474efd53858f8e8c4f88d8716d40c9b8bf75aedca256e0420af97f9f0fa5	32
locale	representation.text.word	sample	/Users/hugh/datasets/gittables/show_time/551929__20160428_165553.parquet	handedness	b0534eda7ba8452d4e37c762adbe41ca83bddbe20ed7621fb9c8b050459afb59	32
weight	representation.numeric.integer_number	sample	/Users/hugh/datasets/gittables/id/import-20180703124417-1_CSV_to_live_stock0302.parquet	weight	5504f9ab13a14101423f0a7030008fd2f18e86ffbec5aa43cf6dee8a7673e88d	12
ua	representation.text.plain_text	sample	/Users/hugh/datasets/gittables/whole/sw_0039_4628.utt.parquet	trees	af9fd094f0787badff66db8bc893dfd159de173fe70708efcb5f2e0e62673825	32
weight	representation.text.plain_text	sample	/Users/hugh/datasets/gittables/quick_time/phone_features.parquet	Weight	2f11a5b5459b6591f0eef97a24a5571fbd428630b17d59ae27791e46424ba7dd	11
locale	representation.text.word	sample	/Users/hugh/datasets/gittables/command_processing_overhead_time/grafit_public_article.parquet	forgot	58d2f183bb3ab30addb1c41c50c3a12a58be20176d4e515e58c54e516189df05	7
ymdfix	datetime.date.compact_ymd	sample	/Users/hugh/datasets/gittables/seek_time/news_20180608_4.parquet	20180608	532ff3af52363bd4b91284ef5c89a3e618f3ffdc78936fcb57bf6e39dec8557f	32
height	representation.numeric.decimal_number	sample	/Users/hugh/datasets/gittables/id/NEON.D01.HARV.DP1.10098.001.vst_apparentindividual.2016-09.basic.20190806T155751Z_1.parquet	height	0b2d8311ea28f213b27ba527dbaffe7988095421f89ef36c06bc9f1d4fc1b837	11
ua	representation.text.plain_text	sample	/Users/hugh/datasets/gittables/parent/jos_ucm_content_39.parquet	'core_state'	c5e67732ec530dd8f57936d022141bd09edf5d7f17f2162471117a3a5c80792f	32
height	representation.text.plain_text	sample	/Users/hugh/datasets/gittables/show_time/342643__20160428_162517.parquet	screenHeight	3af8ff879bf0656048df8824ad2c4752b74e52153dcdd6b6e3fcf9c1103ac80d	32
ymdfix	datetime.date.compact_ymd	sample	/Users/hugh/datasets/gittables/id/measurement_16.parquet	MEASUREMENT_DATE	76ceec6e0caff6f0335526046a389b65098fd71cda370e800f1f5a1b87af69c1	5
ua	representation.text.plain_text	sample	/Users/hugh/datasets/gittables/growth_rate/metadata_31.parquet	clinical notes	648b5ad2510967bd1b32b01c0aef24bb02ac5531a9d6b6ec0a5b9df0119fc9db	32
ymdfix	datetime.date.compact_ymd	sample	/Users/hugh/datasets/gittables/object/2020-10-01-INCR_DATE_TAMP_RL.parquet	DATA_RICEVIMENTO_TAMPONE	f50b536bf6aefd7bba270e0cac83d7f2ead6ad415b5a27cd2dabd8d946de8ead	32
npi	representation.numeric.integer_number	sample	/Users/hugh/datasets/gittables/id/6vs7work_agr.parquet	_id	309dab3e8a36ae4f20e0a744e0e0680e440e30fcc9bdcf82b2f45a77be05f4cf	30
ua	representation.text.plain_text	sample	/Users/hugh/datasets/gittables/real_time/sw_0735_2025.utt_15.parquet	parse_tree	989505ab5775a152007df6e72e12a4e60ef3ac559d330fe2ffc910b1461011a9	32
upc	representation.numeric.integer_number	sample	/Users/hugh/datasets/gittables/id/halo_85004201931_particle_ID.parquet	particleId	d73da2077c4a343f06a147e530d3b8bffb3de776a71e7874afa927ca4b3f3ac5	32
ua	representation.text.plain_text	sample	/Users/hugh/datasets/gittables/data_rate/hfslyc__AdvSemiSeg.parquet	code	ee440ba58b6fc177e9a1205b576f2ba336fd502a8601c7552378b692ee7e816b	10
ua	representation.text.plain_text	sample	/Users/hugh/datasets/gittables/question_time/0346_10.parquet	pos	0b044cd02799b6b5a82999ed66ef47721dc754cd989f8832ab6df0da9aea9b8b	32
height	representation.numeric.decimal_number	sample	/Users/hugh/datasets/gittables/show_time/CamSites.parquet	heightmerge	0c758c9cb9612bfb22c8138bb1e192990ba2096523250542276a3fc4d1bd93a5	32
locale	representation.text.word	sample	/Users/hugh/datasets/gittables/show_time/JRDIHVNGYIXE_1.parquet	V8	b5d75c7e2aba208695e2cff52e251a1bc93557ce5a71d86921b8a8fa9dd72dff	32
ua	representation.text.plain_text	sample	/Users/hugh/datasets/gittables/object/DCTM_ContentTypes_PROD_old.parquet	IncludedSiteColumns	ec24e4590feb7af2ab8715d70088858f6dc16b3966b256ad52389b4c197aabf1	32
weight	representation.text.word	sample	/Users/hugh/datasets/gittables/real_time/sovasin.parquet	(3	5e54648eabaca1040127deb9ca2cb5224e1ce9cd4811e70f75a4de0bd98ca5bd	32
ua	representation.text.plain_text	sample	/Users/hugh/datasets/gittables/running_time/2012-01.parquet	Request Description	64c6bfc3e82f064c84c36d36f3f19b338f590ed3b7a09407ba29908d0788d217	32
ua	representation.text.plain_text	sample	/Users/hugh/datasets/gittables/quick_time/jos_ucm_content_3.parquet	'core_state'	5139cf593fe3ea1f75caa016de47295880748e1cd177b055bec705af66707d07	32
weight	representation.text.word	sample	/Users/hugh/datasets/gittables/thing/sovasin.parquet	(3	53f2e84989735f18458d88cf68b0fb8f5dea040f9828bda4c036bdd4d2a6e7a5	32
locale	representation.text.word	sample	/Users/hugh/datasets/gittables/show_time/VSJHEYXETREA_2.parquet	V15	7c589ebfde121183068884e122d5a7beb5afa680d23e4e2e2de894acf95122f5	32
ua	representation.text.plain_text	sample	/Users/hugh/datasets/gittables/then/speakers-data-old-old.parquet	Ali Ahari received his B.Sc. and M.Sc. degrees in Computer Engineering from Sharif University of Technology in 2011 and 2013, respectively. He has been a research assistant at the Chair of Dependable Nano computing at Karlsruhe Institute of Technology and also he has collaborated with the Chair of Embedded Security at Ruhr University as a visiting scholar. Since September 2015 he works as a scientific staff at the Department of Microelectronic System Design (SIM) of the FZI Forschungszetruminformatik in Karlsruhe, Germany.	491d62d5e5c5babdf38b3935360784ddc0941d319ba62a214e61f8a71312e5ab	23
weight	representation.text.plain_text	sample	/Users/hugh/datasets/gittables/data_rate/quality-90.parquet	monitor_type	3ef45ae1094f948c6ed17dafbcf28f073ef2f720851a7275afe065b94c3810b5	32
weight	representation.numeric.decimal_number	sample	/Users/hugh/datasets/gittables/id/B_5504.parquet	tractWeight2	b3cd6142f7f200bdf2f3481b4787af55f8ebfe59aeb9e0cee3588cb74fd3888b	32
ua	representation.text.plain_text	sample	/Users/hugh/datasets/gittables/processing_time/Advices.parquet	Background	93b9bf4844c54769854fb6935b1478b717efe7b420e82415c5bdaca9a61aec6f	18
height	representation.numeric.integer_number	sample	/Users/hugh/datasets/gittables/id/sp_event_4.parquet	doc_height	b3f8a016e3b59f74921998bc5c4c9545fd55efd7acbe6636e1c266d599506fad	6
locale	representation.text.word	sample	/Users/hugh/datasets/gittables/show_time/JQBSBNNFCVBV_1.parquet	V15	7885212c22c4b9cf47837dd8bfb68f94a7388cd4a760532a438c4754c014eeb3	32
ua	representation.text.plain_text	sample	/Users/hugh/datasets/gittables/question_time/2016_spring_post_level_1.parquet	Post Message	1f22362ed757488828223ae44ab50ae04052f10031cf9f44bf6fc34c3f4fa21f	32
height	representation.numeric.decimal_number	sample	/Users/hugh/datasets/gittables/id/csvfile_6.parquet	height	79700ec8e7202459a4398cbc817a273f2a3b8ae8eb80148c44de650f8e388fc9	20
ua	representation.text.plain_text	sample	/Users/hugh/datasets/gittables/data_rate/foolwood__DCFNet_pytorch.parquet	code	b4fd4b618052b0f4f57b8ed7a2d0e6adc0cb81b71ceee1601f1081fb0c1f6159	13
ymdfix	datetime.date.compact_ymd	sample	/Users/hugh/datasets/gittables/show_time/20191021.parquet	Day	a2d1612f87380605598ecb0d386c56ea190c7da89cb1b330eaec6ea39a219b13	32
upc	representation.numeric.integer_number	sample	/Users/hugh/datasets/gittables/id/halo_85004543330_particle_ID.parquet	particleId	818eb4c5fd722473b06a704e7561de8428e673ee7897ff2ef9def2c93af68221	32
upc	representation.numeric.integer_number	sample	/Users/hugh/datasets/gittables/id/halo_85011877600_particle_ID.parquet	particleId	d56ed6a5b294da09552a77509bce2151bb261044521ffcef44adf90047be97af	24
ua	representation.text.plain_text	sample	/Users/hugh/datasets/gittables/running_time/test2-input1.parquet	X4	f8ee2dcbce65fc965a0808c0cfddb607326cdcde1f4339c6ece39fd9cdef740f	10
ua	representation.text.plain_text	sample	/Users/hugh/datasets/gittables/crime_rate/sw_0033_4336.utt_6.parquet	trees	bbf69280a74d1b4078c09206a4cb895fcfa31cb88393a577364b5b284b91e0bf	32
ua	representation.text.plain_text	sample	/Users/hugh/datasets/gittables/growth_rate/MBA-courses.parquet	__index_level_2__	5a70529d2652dc890b486c1b7a9da1c48078f520449ee2c01f7e76bfa1bb6305	32
locale	representation.text.word	sample	/Users/hugh/datasets/gittables/processing_time/grafit_public_article.parquet	find	539431f7f073c72e9adee5d9297be73d2e924e6ca5daadb8845cb15c99f1cdb7	11
weight	representation.numeric.decimal_number	sample	/Users/hugh/datasets/gittables/whole/x_valid_1.parquet	viscera_weight_g	1b9b1098945ee1878fa56cd8a2e7b20cbf473b6e007619a30d0b3dbc410648d1	32
height	representation.numeric.integer_number	sample	/Users/hugh/datasets/gittables/id/DAUCo39221GA_1.parquet	grid_id	07ea2ffa127c346b4e1c7cb236ee5bb16ade4b7a865cea8722b38b6e69b34d53	32
ymdfix	datetime.date.compact_ymd	sample	/Users/hugh/datasets/gittables/real_time/Finance_IncomeStatement_1.parquet	f_ann_date	49bbc4f4bf9fba5d387d405f100f77fe26f92c6332e4b3a94ebf004b28da2aa9	32
ua	representation.text.plain_text	sample	/Users/hugh/datasets/gittables/real_time/Social.parquet	Long Description	528110c8a0593b3ee2e91f6ffe9c4a4f0cdc2d5624b4756f49f513645a980d39	24
npi	representation.numeric.integer_number	sample	/Users/hugh/datasets/gittables/id/50_7.parquet	order_id	5a559f0557db8df6d570afcccdecc51b7152818914aefd9d84c62317690f7143	32
upc	representation.numeric.integer_number	sample	/Users/hugh/datasets/gittables/id/halo_85004642131_particle_ID.parquet	particleId	1a85df8a6f107d6594ffb37dd92965232821b3277716821202d302e21e4455e5	32
npi	representation.numeric.integer_number	sample	/Users/hugh/datasets/gittables/id/0022000599_4_1.parquet	TEAM_ID	2363a50ed2d4556355fb3a284bc2ea7f44e4706e9bcaf3d62553accbc7318b01	15
height	representation.numeric.integer_number	sample	/Users/hugh/datasets/gittables/object/Bremen_gewerbehaus_omeka_20161106.parquet	Height	61c23668bd210d727b4432ef662b804c48ac60fa577138ca4dd0a54836970e59	32
ua	representation.text.plain_text	sample	/Users/hugh/datasets/gittables/then/sw_0455_2247.utt_7.parquet	trees	9978516d4c1182a4fa0cbb62e8a15b246d503395231f6ef99786ade943db2845	32
weight	representation.text.word	sample	/Users/hugh/datasets/gittables/data_rate/pico_all_lr_epochs2345_uncased.parquet	env_BERT_WEIGHTS	1533f653e0a2c4555c4650d249f1aea010a5bf1f90f9f0a3c0762fc37cd553bd	32
weight	representation.text.word	sample	/Users/hugh/datasets/gittables/physical_entity/EDCD.d03a_6.parquet	an..3	5aeee12fce69b7651c7a81028b95ae11966943905160554da7cb9ff86cfa7969	32
weight	representation.text.plain_text	sample	/Users/hugh/datasets/gittables/id/combinations_2018112912.parquet	Product ID*;Product Reference;Attribute (Name:Type:Position)*;Value (Value:Position)*;Supplier reference;Reference;EAN13;UPC;Wholesale price;Impact on price;Ecotax;Quantity;Minimal quantity;Low stock level;Low stock alert;Impact on weight;Default (0 = No	f14426e9dbafde0d48f2a82f3b6e5b771fcb92d73d7589b21a39906a1b6b6127	22
ua	representation.text.plain_text	sample	/Users/hugh/datasets/gittables/metabolic_rate/meta_2020-06-12_aw.parquet	comments	b7a0d722dd5b962a8227454490fcb1cbf6566504c43cb5e206cca774238cc4c7	20
npi	representation.numeric.integer_number	sample	/Users/hugh/datasets/gittables/id/1629091.parquet	TEAM_ID	a810e35cdb124ac9de3c01d46895314b382c087a3bc71ae17aae2979f97e9aab	13
weight	representation.text.plain_text	sample	/Users/hugh/datasets/gittables/thing/dwbfpricesusawin18092014.parquet	EVENT_NAME	ca8d793085c2e5a1b78351e8d42c9fbe8bfe93eb45e0cc37042aa8f52f477e3b	32
weight	representation.numeric.decimal_number	sample	/Users/hugh/datasets/gittables/id/frog_tongue_139.parquet	adhesive force / body weight	67479015a447153f2c27acdb2e740ade95e2e67959ae22cd08c8abaef84f0cab	32
locale	representation.text.word	sample	/Users/hugh/datasets/gittables/show_time/GIUBWCIQPWAN.parquet	V25	9665c8fe191935671ac3e20b77565996636c07f1428d9edda16e35013982d9b3	32
locale	representation.text.word	sample	/Users/hugh/datasets/gittables/show_time/HMIYBCOZVQNG_2.parquet	V25	9518d29f520aee38075d35b74ea08efd9ea99d15eeb9f7f9368625b54165a0d3	32
ua	representation.text.plain_text	sample	/Users/hugh/datasets/gittables/seek_time/compendex-results-2016-06-07.parquet	Custom1	3a932948f984cdc176f5aec7b77ff8876a91d7fadaa2a49d75296a0aafffd5d5	22
ua	representation.text.plain_text	sample	/Users/hugh/datasets/gittables/data_rate/sentiment_28.parquet	values	54fb1f13a0116baf7eb8dc0759db629d138d42134dfbcec2cbc49171f55ebc61	32
ua	representation.text.plain_text	sample	/Users/hugh/datasets/gittables/cease/0259cede12dc82d0c4cef68f444d2a1ae3a3d718787f8cdb8ff1fc05243ae004_3.parquet	Notes	6e19ea41aa4449935bfce04a7836493af1fef3f5c7a8e7a8aa4cb45cdd8531f3	32
ua	representation.text.plain_text	sample	/Users/hugh/datasets/gittables/respiratory_rate/meta_2020-08-03_aw.parquet	positive_age	907712b684de86d9cf604376174df129fb12017da88cf710a5600cbd7653a9e7	26
weight	representation.numeric.decimal_number	sample	/Users/hugh/datasets/gittables/speed_of_light/Dark%20Souls%202%20Armor%20-%20Chest.parquet	Mag/Weight	f07ea96324a0e170aeb97aa4d446ffd0db2489e09be2d2ff361c49d04df8aa31	32
weight	representation.text.word	sample	/Users/hugh/datasets/gittables/object/EDCD.d04a_1.parquet	an..3	6341e19db0c3fd391fcd69df5f9a192f78b4ee17fc04253f4168fee4d182513f	32
ua	representation.text.plain_text	sample	/Users/hugh/datasets/gittables/whole/sw_0039_4628.utt.parquet	pos	af9fd094f0787badff66db8bc893dfd159de173fe70708efcb5f2e0e62673825	32
ua	representation.text.plain_text	sample	/Users/hugh/datasets/gittables/show_time/2011-05.parquet	Subject	adecb8ad1389a1971bb18e91acdce27860a440795fb78fb2e64f04880b62a3cd	32
ymdfix	datetime.date.compact_ymd	sample	/Users/hugh/datasets/gittables/object/2020-08-17-INCR_DATE_TAMP_RL.parquet	DATA_RICEVIMENTO_TAMPONE	23b784dc584485fcf0397b4f8eb598c3569441e370d72281208b565fae8717dd	32
ua	representation.text.plain_text	sample	/Users/hugh/datasets/gittables/processing_time/music.parquet	bio	f939a8efdaf55ae9dcb9ce8cf743aab1cf2289167f314a3834ef3b48ebe8bdad	14
ua	representation.text.plain_text	sample	/Users/hugh/datasets/gittables/data_rate/inejc__paragraph-vectors.parquet	code	fd41737e27f3c8fff8d0043afda4447d53ed61eb667cefe1a6f495812a563c93	12
upc	representation.numeric.integer_number	sample	/Users/hugh/datasets/gittables/id/halo_85004980853_particle_ID.parquet	particleId	a4bd03f2951b4830153eeb24e05689f814b32017019bb0ec0dd988603ee3ea89	32
upc	representation.numeric.integer_number	sample	/Users/hugh/datasets/gittables/id/halo_85004850769_particle_ID.parquet	particleId	6d7ccfc2432cbe96722510b472439f07a2c5c8b4039c26d18dfd0ecb01ca306b	32
ua	representation.text.plain_text	sample	/Users/hugh/datasets/gittables/data_rate/Designite_Aggregator.Core_ArchSmells.parquet	Participating Classes	b3d604cf4484299afb4351df8a61c2d4de8c8d7dea5c1ac02d37fa5bd4f9ce59	32
npi	representation.numeric.integer_number	sample	/Users/hugh/datasets/gittables/id/3vs4work_agr.parquet	_id	d146fc263f3b0b5b833bd4dfa016669596952b3155ce894a1844e683e15d187b	18
ua	representation.text.plain_text	sample	/Users/hugh/datasets/gittables/show_time/export2021.03.29-05.53.35.parquet	INSPEC Non-Controlled Terms	20f4045106cac928a9add753b91d9229fb2542ff0f2593cb428b99fbb28dea2f	15
locale	representation.text.word	sample	/Users/hugh/datasets/gittables/show_time/OPCFKHFOZMXH.parquet	V25	01b893a0c45bc16bcaba46d7c5184821932e78acb11885d7814943b5c5ceee91	32
npi	representation.numeric.integer_number	sample	/Users/hugh/datasets/gittables/id/20210515.parquet	HOME_TEAM_ID	ec591dddfb56feb4c1f8801195c3120e25536100c4aa8f786e7ad9acd1655ed5	6
height	representation.text.plain_text	sample	/Users/hugh/datasets/gittables/id/output_804.parquet	Runtime	ec81211d5cfaa176f6f6608077a1a11c23e1e7b7ff885c6c692cd9c768136123	32
npi	datetime.epoch.unix_seconds	sample	/Users/hugh/datasets/gittables/in_time/2020-09-08_77.parquet	uvIndexTime	c09e42b7c2ff6051a731e4b5432e59e719e0f368d08c6576ef9e2b5921f9005d	8
ua	representation.text.plain_text	sample	/Users/hugh/datasets/gittables/data_rate/inejc__nnlib.parquet	code	4ee43e4ba96ed34492f1a5689f35940f82ea349d2c54ebc03095411c0685d4dd	27
ua	representation.text.plain_text	sample	/Users/hugh/datasets/gittables/growth_rate/nextstrain_measles_metadata.parquet	Labels	93a0a5ee5237568588ca4575553477b37bc06f42d58dab5fdcebbd349c30be99	32
npi	representation.numeric.integer_number	sample	/Users/hugh/datasets/gittables/id/5vs6work_agr.parquet	_id	77f3e30c8dd4e72a007886992f3830691ac0df8e874487330dbc6dd0898fce23	26
height	representation.numeric.decimal_number	sample	/Users/hugh/datasets/gittables/id/NEON.D04.GUAN.DP1.10098.001.vst_apparentindividual.2016-02.basic.20190806T151351Z_3.parquet	height	1b9abd21a6eb69019908f112434a49fc92c9aa49ac58071277d29dbc9065a581	15
weight	representation.text.plain_text	sample	/Users/hugh/datasets/gittables/quick_time/dwbfpricesusawin25022014.parquet	EVENT_NAME	5ab42bdf48c667e99d7fb628a47365d3ba31fc49e30946e110d7d77ccef3367d	32
ymdfix	datetime.date.compact_ymd	sample	/Users/hugh/datasets/gittables/object/2020-05-24-INCR_DATE_PRV_TAMP_RL_v2.parquet	DATA_RICEVIMENTO_TAMPONE	a19e31235589a01ee89818bf234b857470699e116ccdc69d5659783cb9ebe4c3	32
ua	representation.text.plain_text	sample	/Users/hugh/datasets/gittables/object/0804_9.parquet	pos	abf47f86bba118d9aa4c3b2758f717a22ba543f32498062f7acd45fba3741989	32
ua	representation.text.plain_text	sample	/Users/hugh/datasets/gittables/then/positive_reviews_1.parquet	Product is very good<br />But the scroll button is a little bit shaky and makes a knocking noise which is very disappointing and irritating<br />I think its due to a manufacturer defect<br />Else everything is alright	52f8e6b8e560487eff447a7fdfc4c150b44137f522865bd7081542e66d6259c1	32
weight	representation.text.word	sample	/Users/hugh/datasets/gittables/id/concept2-season-2010.parquet	Weight	f4025c1d4b871ebaaa1d1384d1f12b1be8646dd86953882df8239b7f9b9bbb0f	29
locale	representation.text.word	sample	/Users/hugh/datasets/gittables/show_time/FOEIMLVBQSTQ_1.parquet	V16	96d6e745adbfc4095892878821fcb6b25418c85f5478db18639baf2081687041	32
ymdfix	datetime.date.compact_ymd	sample	/Users/hugh/datasets/gittables/id/observation_1008.parquet	OBSERVATION_DATE	88873d56f9763ac455dbec684f1838613138ed6cb6e17d4d09412fb8d2471283	5
ua	representation.text.plain_text	sample	/Users/hugh/datasets/gittables/question_time/fc-jira-bug-fix-dataset.parquet	CommentsTopWords	c0e5c96ea1090253539df3138f2c1e51d1975a2e0c7935ce8c45e9a22bf64aad	32
ua	representation.text.plain_text	sample	/Users/hugh/datasets/gittables/then/sw_0448_4826.utt_6.parquet	trees	6f04f724db03209763777c3ed1b6f53e3078ca8d4d98364efcc9bb75b142b17f	32
ua	representation.text.plain_text	sample	/Users/hugh/datasets/gittables/question_time/2013-10.parquet	Request Description	8a1560da9c5a38ed792d9b28bb2a4925922a5ba1e35fd41d7fac7f77e1df770b	32
locale	representation.text.word	sample	/Users/hugh/datasets/gittables/dead_air/train_22.parquet	__index_level_84__	5d7fee32fa0212d2e93edbd4d6dfffa35864e7c31b7a5b0ff2b2fdce9e84dce3	7
height	representation.numeric.decimal_number	sample	/Users/hugh/datasets/gittables/id/1596111232example.parquet	height	29c021b63a6747038c7df75526ae0b9035a50481822ea90d8a48601740a34af3	20
ua	representation.text.plain_text	sample	/Users/hugh/datasets/gittables/growth_rate/astro30__valinvest.parquet	code	1614ce63943f339bcb8fdc491558cc24aa84412ff79bdd64e5d64d70f933bb7f	9
weight	representation.numeric.decimal_number	sample	/Users/hugh/datasets/gittables/object/Image_22.parquet	Threshold_WeightedVariance_MacroCells	3cdd48d45ec3b6dfbae505755d6ad7f0d44af274cb49932605ed867ff2b517ed	6
ua	representation.text.plain_text	sample	/Users/hugh/datasets/gittables/then/recordings_log_new_1.parquet	notes	a8f6702f4ccc6750cfb646cb52f85eb891bb394f3ef93809e5e5f67eaf99ba77	32
ua	representation.text.plain_text	sample	/Users/hugh/datasets/gittables/show_time/June.parquet	Request Description	fab7e2856e78b4bee520a8ca3504972dc24ac64f47f8fce408d41b027f5cd14f	32
ua	representation.text.plain_text	sample	/Users/hugh/datasets/gittables/running_time/ISMIR%20music%20program%20_%20Streaming%20ready%20submission%20(Responses)%20-%20Form%20Responses%201%20for%20site.parquet	Short bio (100-200 words)	9863a5be4f3458377f3fa84ad9e1bd3eebf90a5187f7ce15881feb6147dc3f47	17
ua	representation.text.plain_text	sample	/Users/hugh/datasets/gittables/then/sw_0459_2330.utt_7.parquet	trees	1b643b5f1b80fe11ead201ce59b9f3a7190081c0362dd98b7ad0edca2999e383	32
upc	representation.numeric.integer_number	sample	/Users/hugh/datasets/gittables/id/halo_85008902999_particle_ID.parquet	particleId	13a87954082593663d69c78196f70d82ef19aea77f6285fe33351cd5a9760c75	32
locale	representation.text.word	sample	/Users/hugh/datasets/gittables/terminal_velocity/grafit_public_article.parquet	find	ade1a59eb9f815cb1812891b68ccfb91f3ac3fb08fa01c51f9e4b87aaec4c7bf	11
ua	representation.text.plain_text	sample	/Users/hugh/datasets/gittables/lead_time/Social.parquet	Long Description	1ee89b914834c19eff0dd88c3fe0723ad955849be2ad5faaf329db6cc2096515	24
ymdfix	datetime.date.compact_ymd	sample	/Users/hugh/datasets/gittables/parent/news_20180626.parquet	20180626	620ec4305dedf110104a5c676b4dbdd25d0f90627a047e52321d60b32466192d	32
weight	representation.text.plain_text	sample	/Users/hugh/datasets/gittables/half_life/NCA_single_dose_1.parquet	aucinf_pred	e232e46c0c3b30963241a3f7a18c98d5b50c4623f6816347b5f6e373ee5dd09d	32
ymdfix	datetime.date.compact_ymd	sample	/Users/hugh/datasets/gittables/object/2020-10-10-INCR_DATE_TAMP_RL.parquet	DATA_RICEVIMENTO_TAMPONE	9600f4ed9649f716bcc11f67542d10df5f20b4a379aec7d561f74fef6d591451	32
ua	representation.text.plain_text	sample	/Users/hugh/datasets/gittables/show_time/HCA-Healthcare.parquet	advice_to_mgmt	857d6939a9e219719d4902bd44e865f5da1d24e11caf5b75dbd5a4acec64595f	23
ua	representation.text.plain_text	sample	/Users/hugh/datasets/gittables/safe_period/2011-03.parquet	Subject	3840a1da81644746ff2a81ab4c501840b23b7bebc092d5bd5945b6c48ad98589	32
weight	representation.text.plain_text	sample	/Users/hugh/datasets/gittables/half_life/NCA_single_dose.parquet	auclast	2428f4de982400d39d5ab6c95df3991fa3df2f09f2690769f0b0c05dcae44245	32
upc	representation.numeric.integer_number	sample	/Users/hugh/datasets/gittables/id/halo_85004659363_particle_ID.parquet	particleId	7c6024a507b717fc2cc413e7867800c0faf6858afaa7c46b7b3d0b3e315c0e87	32
upc	representation.numeric.integer_number	sample	/Users/hugh/datasets/gittables/id/halo_85007056568_particle_ID.parquet	particleId	0caaa5388561858a1b9cdfdc0adb1f4dff3979ddcfdb3da86847c0aae059c9f7	32
ua	representation.text.plain_text	sample	/Users/hugh/datasets/gittables/time_slot/vpn_reqs.parquet	requirement	22671580a6f1c5ad33386c175cb62186772137ff377c47f709019b1ebadd827b	32
ua	representation.text.plain_text	sample	/Users/hugh/datasets/gittables/data_rate/ext-pending-properties_25.parquet	comment	68531b2517c21746beb51c9cddefd56901fa6900f9b37acf36d746ad88a21c53	32
npi	datetime.epoch.unix_seconds	sample	/Users/hugh/datasets/gittables/id/users_ip.parquet	last_access_time	9dc750148810b80bdb7add363b5a4cd9acb035735760478c3a086ed1291e5797	10
upc	representation.numeric.integer_number	sample	/Users/hugh/datasets/gittables/id/halo_85006829975_particle_ID.parquet	particleId	f9930f56b5b0b47960cd565fe0d7e280a4cfc307d2de496f9ec5b54dbaad9f5f	32
weight	representation.text.word	sample	/Users/hugh/datasets/gittables/sampling_rate/field_level_data_Fabiana_Oliveira_da_Silva_Malus_domestica_Brazil_2012.parquet	yield_units	94580c9b59c243d1e65c36e17797bfca9c729a872a60fe7461db99806e042969	6
ua	representation.text.plain_text	sample	/Users/hugh/datasets/gittables/show_time/pages_1.parquet	body_html	68c7c944f77ea3fc715a700db83474c6411f7ae8707a376706e4a6a94c7052a1	7
upc	representation.numeric.integer_number	sample	/Users/hugh/datasets/gittables/id/halo_85006144297_particle_ID.parquet	particleId	1f3704ca83ca5049cd300f711ab398e13eb521fbbab0a1701f2d1d67071af183	32
ua	representation.text.plain_text	sample	/Users/hugh/datasets/gittables/then/page3_1.parquet	reviews__review	7cf0bdd112fefe07f7e403e3035ca708b11180a2e75f8cec69fd5649c0bbf1ab	10
weight	representation.numeric.decimal_number	sample	/Users/hugh/datasets/gittables/data_rate/resnet101_Tesla%20P100-PCIE-16GB_21.parquet	weight_decay	1105054688ec5598d44e47a242529048cbf020368b1b2e750b678819a8ea14d9	32
ua	representation.text.plain_text	sample	/Users/hugh/datasets/gittables/then/sw_0321_4902.utt_7.parquet	trees	2a58a25b47501854a3ed673ec5dee9fcce107b9e8de43bba92a3151fbaaef24f	32
weight	representation.text.word	sample	/Users/hugh/datasets/gittables/id/32390-2016-03-16%20162552.parquet	vehicle_weight_type	56b920fadb46ad7e3d716d00c062c156d5c8265347652e63679547704ec8d86d	32
ua	representation.text.plain_text	sample	/Users/hugh/datasets/gittables/question_time/speakers-data-old-old.parquet	Ali Ahari received his B.Sc. and M.Sc. degrees in Computer Engineering from Sharif University of Technology in 2011 and 2013, respectively. He has been a research assistant at the Chair of Dependable Nano computing at Karlsruhe Institute of Technology and also he has collaborated with the Chair of Embedded Security at Ruhr University as a visiting scholar. Since September 2015 he works as a scientific staff at the Department of Microelectronic System Design (SIM) of the FZI Forschungszetruminformatik in Karlsruhe, Germany.	a0d33d5d79f4145062e8fac794848ba4a18e70d97dd05fb52a9975efae05fa87	23
ua	representation.text.plain_text	sample	/Users/hugh/datasets/gittables/then/sw_0995_4735.utt_8.parquet	pos	88f8fe24bed3010cfb1ae8f696a3bc19dbc40f765faf54a998ec23788a546acb	32
npi	datetime.epoch.unix_seconds	sample	/Users/hugh/datasets/gittables/in_time/2020-09-08_14.parquet	sunsetTime	710b2cb3a963beaf465bc150f37c0c1f184f69ed1690c30abfce9cb84d56594b	8
weight	representation.text.word	sample	/Users/hugh/datasets/gittables/data_rate/EDCD.d03b_3.parquet	an..3	e1f2593667b9320c4cf858f1a24a79721316f8b31d8dade149414b3ba3dfad55	32
ua	representation.text.plain_text	sample	/Users/hugh/datasets/gittables/organism/October.parquet	Request Description	acb9c9413eccea2f58ba074b504163d79c4a3a145e8b4e4021d4e39e03842a91	32
locale	representation.text.word	sample	/Users/hugh/datasets/gittables/show_time/BIHPZEUDOGDI.parquet	V10	3f85fd3725efc9f2d76291160233c71e5f6224031ad9e5cdca60444bf07977d5	32
ua	representation.text.plain_text	sample	/Users/hugh/datasets/gittables/thing/sw_0321_4902.utt_7.parquet	trees	d2cc3a0c7d7070ca715b977ef226beb28c10dabd6759718a9aa1bbd331d5bb09	32
ua	representation.text.plain_text	sample	/Users/hugh/datasets/gittables/living_thing/sw_0646_2575.utt_13.parquet	parse_tree	04766ec5b74c2306403517ac4d67ce4e64d41361dd48150d89e06f1fb262770d	32
ua	representation.text.plain_text	sample	/Users/hugh/datasets/gittables/terminal_velocity/COSTARS-8.parquet	Test Equipment	c0247fc05e608f19d2d5a7644c3c3832b69e2dc781d31e6befb4aaf50aa5aaf9	32
locale	representation.text.word	sample	/Users/hugh/datasets/gittables/show_time/NLHEBDDKIHHD_1.parquet	V8	97e87b03b769e3cb8d13c315f42ea9fe4e42994f2b052e9cb55a24d4c41648c3	32
ymdfix	datetime.date.compact_ymd	sample	/Users/hugh/datasets/gittables/object/2020-04-15-INCR_DATE_PRV_TAMP_RL_v2.parquet	DATA_RICEVIMENTO_TAMPONE	c814596ae2e61b5b43327fcda78bc78a91e1c33a7b1c8717cc65fe331ee77557	32
height	representation.text.plain_text	sample	/Users/hugh/datasets/gittables/data_rate/bartop-vertical-2buttons-mame.parquet	last_emulator	fd09a38e8dd24bc7bd5280f593d34eb25e1ca11bc9a5f39b398280f76e938e17	32
weight	representation.text.word	sample	/Users/hugh/datasets/gittables/object/EDCD.d04b_3.parquet	an..3	b8a112adeed7e5f06c4dca18f64101ebbf0c24b9240db75e0d040cd53394bcab	32
ua	representation.text.plain_text	sample	/Users/hugh/datasets/gittables/living_thing/sw_0619_3399.utt_2.parquet	trees	d3406a813e910298e72058fbcb9091e4afdb44a137b3a60fd1e270e70f339f7b	32
ua	representation.text.plain_text	sample	/Users/hugh/datasets/gittables/safe_period/2016-04.parquet	Request Description	d0802e2e70022aa1fc33e19aacbbab86ff7d31648554c9f697be3f5a3bc1a7ab	32
ymdfix	datetime.date.compact_ymd	sample	/Users/hugh/datasets/gittables/real_time/news_20180606_2.parquet	20180606	36b7aa6cbbe4a4f3534c4b5484f741836585dcef1b852cf2d8b4d0cedfb8f231	32
ua	representation.text.plain_text	sample	/Users/hugh/datasets/gittables/quick_time/Mac_2k.log_templates_7.parquet	EventTemplate	0f8572fe54b2f2c6632e63232b94136e2f01f46ce005474b60df73cd615dfd9f	32
ua	representation.text.plain_text	sample	/Users/hugh/datasets/gittables/metabolic_rate/meta_2020-05-29_aw.parquet	comorbidities	79041ec3aba4101609f0b27bbecf37625ae1c9df97be3dfec72ed88fad57f613	5
ua	representation.text.plain_text	sample	/Users/hugh/datasets/gittables/show_time/2012-04-data.parquet	Request Description	a646d3592f91734c5375d8e6b89451a7a1954d08d994f9bdac9f713ef9ce86b7	32
npi	datetime.epoch.unix_seconds	sample	/Users/hugh/datasets/gittables/in_time/2020-09-08_11.parquet	uvIndexTime	7537940316f071ff7c5903629454517e3c7220788957ce74a2c19ae3f969afc5	8
ua	representation.text.plain_text	sample	/Users/hugh/datasets/gittables/then/Play_2017-08-10_00-02.parquet	Review Comment	a01534cb6df260a4ff10c753d85be935baf676e1764aac696c2c018512800a2b	32
weight	representation.text.word	sample	/Users/hugh/datasets/gittables/object/EDCD.d03b_5.parquet	an..3	256e3d185c34fd62d6cd3b6140f159da71ae146697af0ea36190a723096dc529	32
ua	representation.text.plain_text	sample	/Users/hugh/datasets/gittables/interim/July_3.parquet	Request Description	37900d079d4a6e2e033fc3dda6be49f4933e9ccc8bec6414fa614d9e8808617d	32
npi	representation.numeric.integer_number	sample	/Users/hugh/datasets/gittables/id/1629122.parquet	TEAM_ID	ff8fb26aa94f3be804a9ae4e64e6b5209266bb605fbada961b7178d40a82a085	9
upc	representation.numeric.integer_number	sample	/Users/hugh/datasets/gittables/id/halo_85007186107_particle_ID.parquet	particleId	4b8e4b535e9ac408fe0da7e23e533e1e9a776d7eb7fad7d58d5ebe069b9a5adf	32
ua	representation.text.plain_text	sample	/Users/hugh/datasets/gittables/time_interval/ds_14.parquet	coll_abstract	c111a8310e5916208dfbb068b93fe12b265b7e06c78c7b102f4ee7795e2e3091	22
ua	representation.text.plain_text	sample	/Users/hugh/datasets/gittables/quick_time/results_46.parquet	the same server, thus saving time and conserving power.	cfa4b204f78bc079fda84c902fa91bc67f55f390ee40e51f6b4229ce91c561bf	32
ua	representation.text.plain_text	sample	/Users/hugh/datasets/gittables/safe_period/news_temp_1.parquet	summary	2db277a34af167123bee779612de9411625376b98456365c65607bd0385cc06d	32
ua	representation.text.plain_text	sample	/Users/hugh/datasets/gittables/cease/2011-04.parquet	Subject	2ed88599e2cc371513c75f6a24467d3fb94a7a2f31ac3f9a90006b142f7dc9f7	32
height	representation.numeric.decimal_number	sample	/Users/hugh/datasets/gittables/id/1596109297example.parquet	height	2a1cbb4e4144646dd8003752edc5e63c6ad1d59121ab5cd24502f900037ec9dd	20
locale	representation.text.word	sample	/Users/hugh/datasets/gittables/show_time/ANUHEGFSFGLX_1.parquet	V5	11e2ef1d4474a155d106e9645508cebf1a63b75d59324cb435f1e18f78f7e1ad	32
ua	representation.text.plain_text	sample	/Users/hugh/datasets/gittables/data_rate/example_data_file.parquet	Q384_19	b9379e7be407131adadd495f060f499ae0eee6789fa7a7ebdea3d12d6f1c4fa7	5
weight	representation.numeric.integer_number	sample	/Users/hugh/datasets/gittables/organism/inputFileCroazia.parquet	Cumulated weight of active principles of applied pesticides (Enter a numeric value in kg/ha)	a0e567a6ca3e01ab365b8a3a9fe454f63fcee25bd43c5304b058bca4a06083cb	16
locale	representation.text.word	sample	/Users/hugh/datasets/gittables/show_time/XKAJNEYPNTWJ.parquet	V5	8fe6dfc042a03bced949fd201fdb01ad4691257bc5a2bb17eaf980c179a60061	32
weight	representation.numeric.decimal_number	sample	/Users/hugh/datasets/gittables/id/complex_parts_list.parquet	Weight	4ef1870df67e3c6761e7df4c415c72ee5c239f03b0debee9f43ad860cf2b0d25	32
weight	representation.text.word	sample	/Users/hugh/datasets/gittables/object/EDCD.d07b_5.parquet	an..3	fa14370f801efd57258b7c70d5ea996a2c84d35c6e25c3b78280f41cdde6627f	32
ua	representation.text.plain_text	sample	/Users/hugh/datasets/gittables/cardiac_output/july%203.in%20Early%20Publication.parquet	DETAIL OF INVENTOR	b895ab77ce9e199fdee4cf27796617c7dd66772c24d1db007fadb09ccbfc226f	22
ua	representation.text.plain_text	sample	/Users/hugh/datasets/gittables/whole/ds_28.parquet	coll_abstract	c068e3f1f388a83787cb8f45f85f098ee0a6199d05b1ddf6b11c43248958ebab	22
ua	representation.text.plain_text	sample	/Users/hugh/datasets/gittables/then/sw_0487_3206.utt_4.parquet	trees	e9c5afb0ddab9365a90af97db943fdf25115a1dcb168b960102fdda24a3e7439	32
ymdfix	datetime.date.compact_ymd	sample	/Users/hugh/datasets/gittables/object/2020-04-27-INCR_DATE_PRV_TAMP_RL_v2.parquet	DATA_RICEVIMENTO_TAMPONE	b5ee80bc760bd7d57aa6b4044a8ea9e9dfe9815b2fc53265b0281714d31a29c1	32
ua	representation.text.plain_text	sample	/Users/hugh/datasets/gittables/parent/2015-12_36.parquet	Request Description	d038833ad4003573935401471506a2c7b31e6086c368c8ff7fb29ca857cb3bff	32
ua	representation.text.plain_text	sample	/Users/hugh/datasets/gittables/living_thing/HCA-Healthcare.parquet	advice_to_mgmt	98ea95806547001d40f1dc22c2fe70cb3393ea5c9495cdb1dca6f40f784a7313	23
locale	representation.text.word	sample	/Users/hugh/datasets/gittables/show_time/JRDIHVNGYIXE_1.parquet	V25	b5d75c7e2aba208695e2cff52e251a1bc93557ce5a71d86921b8a8fa9dd72dff	32
locale	representation.text.word	sample	/Users/hugh/datasets/gittables/show_time/OVLILRURVAEM.parquet	V10	432cb0fc23b6ec763a02f35ab84fe2dd34745f6c81154e8a00b3dc7957b2c2cb	32
weight	representation.text.plain_text	sample	/Users/hugh/datasets/gittables/speed_of_light/dwbfpricesrsawin03082016.parquet	EVENT_NAME	591cc2a05f0c3a5925b5b398b5bbf4b3490f189f9d6a800346a22427661e3b27	32
weight	representation.numeric.decimal_number	sample	/Users/hugh/datasets/gittables/id/borough_values.parquet	weight	78d9ddb75996bc41dae810b7d67b776420302aae1083c5816fa2094bc83ebf53	32
ua	representation.text.plain_text	sample	/Users/hugh/datasets/gittables/data_rate/0883_13.parquet	pos	693615b0ea5c036a29797a3f70b5107dc0dca41cf45240ced60a3788a9eef6bb	32
npi	representation.numeric.integer_number	sample	/Users/hugh/datasets/gittables/id/20210601.parquet	VISITOR_TEAM_ID	71c25d8decea7983d261aa2db0b2af407d754a8c167543355201ff9f0844222b	5
weight	representation.numeric.decimal_number	sample	/Users/hugh/datasets/gittables/whole/x_valid.parquet	whole_weight_g	0702aa6a76683e9e2ddc38818e09767bc0d91148b32870559cd292807dfa47f1	32
locale	representation.text.word	sample	/Users/hugh/datasets/gittables/show_time/JQBSBNNFCVBV_1.parquet	V27	7885212c22c4b9cf47837dd8bfb68f94a7388cd4a760532a438c4754c014eeb3	32
ua	representation.text.plain_text	sample	/Users/hugh/datasets/gittables/data_rate/scopus(1)_6.parquet	Authors with affiliations	35aa7df7501db6d1babf220567266bc5cdb33cb3ff50890c377da70099c5422f	18
ymdfix	datetime.date.compact_ymd	sample	/Users/hugh/datasets/gittables/object/2020-04-05-INCR_DATE_PRV_TAMP_RL_v2.parquet	DATA_RICEVIMENTO_TAMPONE	35c243f7b09785d50d5550e687da7b10406e01d8ef41055edc584f289928f9cb	32
ua	representation.text.plain_text	sample	/Users/hugh/datasets/gittables/parent/reserve_nat_reg.parquet	texte	6b39801fe8f942e7e1af230607c708150f58607d0de5e5d20fadf299641d4f67	9
height	representation.numeric.decimal_number	sample	/Users/hugh/datasets/gittables/whole/x_test_2.parquet	height_mm	dff41b2b1b218bdcb7c3d3ef630371257c27d0bca509a0eda4c8914c23c12ac7	32
ua	representation.text.plain_text	sample	/Users/hugh/datasets/gittables/data_rate/marl__crepe.parquet	code	814aeb683e4ddc5ec5dbd0b6f703712f7d1c40cd7a6798c3b2eea1e57ce6ab2d	7
locale	representation.text.word	sample	/Users/hugh/datasets/gittables/show_time/NUJERVHBUXZC_1.parquet	V25	6e4c4bc84a9efabfc5c0a66a9758afb5d4ebbfb2b9420864a3138c887139ce0d	32
ua	representation.text.plain_text	sample	/Users/hugh/datasets/gittables/data_rate/nilboy__tensorflow-yolo.parquet	code	dd2ee72451e687c044c2165b091c635b09289a7feafe2d713d83eda4cd0f1305	16
ua	representation.text.plain_text	sample	/Users/hugh/datasets/gittables/lead_time/mcconnell.parquet	speaker	87b2d4509b6c57ac174ed6f7a6754453355d0aa8f09ca968a9c4d4e3f71b8d23	32
weight	representation.numeric.decimal_number	sample	/Users/hugh/datasets/gittables/whole/x_valid_2.parquet	whole_weight_g	980de984a04fc4214d973606fce715475dea0cc27e00bb12e968ffea938077b3	32
ua	representation.text.plain_text	sample	/Users/hugh/datasets/gittables/growth_rate/nextstrain_measles_metadata_23.parquet	Labels	4a6c3b59eacfc432bf63fa64515aa7b07abb015003236cda8e84270e33cc92db	32
locale	representation.text.word	sample	/Users/hugh/datasets/gittables/thing/grafit_public_article.parquet	find	291871c60ffbf116322c20f0170844d561c1ecaaef9f5b1dd1199095dbbd3aa5	11
height	representation.numeric.decimal_number	sample	/Users/hugh/datasets/gittables/id/1596109396example.parquet	height	b0e2eeb7b14d7b31d48adcc3a291141e1ee3303fc047aeda6dd9c91725d8b6d3	20
height	representation.text.plain_text	sample	/Users/hugh/datasets/gittables/speed_of_light/civil01112.parquet	Court Statute	e683037132fae6a24776d47a3f16b51109c9967de59636f07a84e098f2e99663	32
ua	representation.text.plain_text	sample	/Users/hugh/datasets/gittables/real_time/MBA-courses.parquet	__index_level_2__	5d4851b4ca101e9ad7f205605a6ae4820b2546ed354a116e2d56411b41723639	32
ua	representation.text.plain_text	sample	/Users/hugh/datasets/gittables/show_time/July.parquet	Request Description	c32fc8443ec739f7822294061af83c6493e03597d4b990decb723f3c438d3953	32
weight	representation.text.plain_text	sample	/Users/hugh/datasets/gittables/real_time/dwbfpricesusawin04022015.parquet	EVENT_NAME	efcb86a1427b52dda22bcea5e1bf852666c2e516d736ec8d58e298158bb824d1	32
ua	representation.text.plain_text	sample	/Users/hugh/datasets/gittables/then/steps_dichotomised.parquet	yes_explanation	0658efc61846b73ffb0c334657b6893787058d6249e8dfc92012b8bd2e4c02d3	27
ua	representation.text.plain_text	sample	/Users/hugh/datasets/gittables/data_rate/etienne.lebel.parquet	abstract.text	09508d874aae972ea46d68a3e6aecc8b4e4eead4e2d1cbd28c4b26afc0941a61	21
ua	representation.text.plain_text	sample	/Users/hugh/datasets/gittables/respiratory_rate/meta_2020-05-30_aw.parquet	comments	bda013f101b5b00c4b2ca3931dcde1bd6b95843056f26852f307663288cf993b	21
ua	representation.text.plain_text	sample	/Users/hugh/datasets/gittables/running_time/ftpserver-jira-bug-fix-dataset.parquet	DescriptionTopWords	2ef34cb889e9bf71ec8fa85b2ad609ec73eb94db16649b125c749a7a69c28115	32
ua	representation.text.plain_text	sample	/Users/hugh/datasets/gittables/show_time/ftpserver-jira-bug-fix-dataset.parquet	DescriptionTopWords	851bd87380ff750bdc5767826fbf4ac33c6de00c813e41c24a542670a91c0717	32
ua	representation.text.plain_text	sample	/Users/hugh/datasets/gittables/cease/sentiment_2.parquet	values	2f0710d74a8a76ef626d3cc12ae75569ef9f2e33e3e2589fcb06efc5e4333281	32
weight	representation.numeric.decimal_number	sample	/Users/hugh/datasets/gittables/speed_of_light/import-20180419093027-1_openbgrade_sku.parquet	weight	48256467d91ecada10ad9724b6794b9473b0b888a7dbef7f2bd361e8cdfaa07b	18
locale	representation.text.word	sample	/Users/hugh/datasets/gittables/show_time/PBIOJIRVRNDO_1.parquet	V5	9fc3cbaf1a54d93144a721c2c6a74022061f3756369685e3f68801e2f407ee89	32
upc	representation.numeric.integer_number	sample	/Users/hugh/datasets/gittables/id/halo_85007909778_particle_ID.parquet	particleId	3e648b03d9d748cec15f5c5c291ee414252e7904bb53865d2ac8662287e50d89	32
weight	representation.numeric.decimal_number	sample	/Users/hugh/datasets/gittables/id/import-20180829101951-1_REFDE02.parquet	weight	9a8c486c21995f87a89ce979aaebb4923cf808916f0a8ce54cec0d9b65906cbd	7
ua	representation.text.plain_text	sample	/Users/hugh/datasets/gittables/parent/quality-100_1.parquet	chips_audio_details	9c4b8d491d4d0c0c6df6d6c07c365fc01e43bcbeb9c7859a72d38a848c3faa09	32
weight	representation.numeric.decimal_number	sample	/Users/hugh/datasets/gittables/whole/test_857.parquet	Whole Weight	be799c7d55aae1f44a99955f19b3cc4633ed47a1fb10df59524b3312fa9635d1	32
weight	representation.numeric.integer_number	sample	/Users/hugh/datasets/gittables/data_rate/configurations_82.parquet	feature_preprocessor:extra_trees_preproc_for_regression:min_weight_fraction_leaf	61046c3f7cc42b3db5883720feb2910556a3ea2c76341d0b703f46177ff81153	5
ua	representation.text.plain_text	sample	/Users/hugh/datasets/gittables/then/June_3.parquet	Request Description	ca04524a87746c585e596c42b84e79c7d04349cb38ac881e04098460528601b9	32
ua	representation.text.plain_text	sample	/Users/hugh/datasets/gittables/living_thing/mileycyrus_facebook_statuses_1.parquet	status_message	1f10566e2d202b8c2a5a00f563678fdd0fcec6db2241794a57f99a2ec9e352f3	32
ua	representation.text.plain_text	sample	/Users/hugh/datasets/gittables/real_time/page5.parquet	reviews__review	7e568bbf8674d9cfdb5fcdd64e861dec4ae0c74b6127e8a5493ff951746dcb19	10
ua	representation.text.plain_text	sample	/Users/hugh/datasets/gittables/respiratory_rate/meta_2020-08-17_aw.parquet	comments	4783d7b14f9342eeb358d462abba9b1dfea6e5ee6b8d7be2d592a98688e559df	17
ua	representation.text.plain_text	sample	/Users/hugh/datasets/gittables/crime_rate/sw_0033_4336.utt.parquet	parse_tree	d5971207526543c28269fb1dc4ee853b9ffae0d911bdf9a1b4854e105b7fedf5	32
ua	representation.text.plain_text	sample	/Users/hugh/datasets/gittables/question_time/2016_spring_post_level.parquet	Post Message	bcd1332638080fba2f5a92475472e2efa1e7db0496e8ed771cf16117f952919f	32
ua	representation.text.plain_text	sample	/Users/hugh/datasets/gittables/then/sw_0106_4137.utt.parquet	parse_tree	6581273da435e70c180afde362d66aeadb505f4eaee70ad524f6ca6cc7b02279	32
ua	representation.text.plain_text	sample	/Users/hugh/datasets/gittables/physical_entity/May_1.parquet	Request Description	757868b8829ec5ebcd34acc0bcf422a76fad6931d41640288dcdbde4b0b7a0d3	32
ymdfix	datetime.date.compact_ymd	sample	/Users/hugh/datasets/gittables/whole/79cdc3e1c43097bd770fcf43fbd54109178ef6c6e8ed0aa7903914919bb3094e_9.parquet	FirstAddedDate	023d3bc8e89577f3dac7e9516a0b0bf8dc7820211d9e14f1f8ed06d7deb57d01	32
ua	representation.text.plain_text	sample	/Users/hugh/datasets/gittables/whole/gm_reviews.parquet	caption	12b4288f33bc37f0cea07efca5ea041e47b742822e06bb178680ffa9cd5c8983	32
ua	representation.text.plain_text	sample	/Users/hugh/datasets/gittables/whole/2016_spring_post_level.parquet	Post Message	8ffaf6c854e25778d3d6e72bba5fd2e13adadc4caafa9a87e983790eac280e75	32
weight	representation.numeric.decimal_number	sample	/Users/hugh/datasets/gittables/id/B_5504.parquet	tractWeight1	b3cd6142f7f200bdf2f3481b4787af55f8ebfe59aeb9e0cee3588cb74fd3888b	32
locale	representation.text.word	sample	/Users/hugh/datasets/gittables/show_time/KSYVGPDAAMLQ_1.parquet	V8	8ad0f4b809f92e3cb9860cc56203f6fa8fe02386f4281b370a294c468747867b	32
height	representation.numeric.decimal_number	sample	/Users/hugh/datasets/gittables/id/1596111504example.parquet	height	a850cfb932cd4c1ec38125ab70a5b77a5996505b404631415b8469674821d377	20
ua	representation.text.plain_text	sample	/Users/hugh/datasets/gittables/thing/sw_0240_3387.utt_1.parquet	pos	4110d3848f8113b1a93926ec47bcd316f64d740bd496b361821c05442cd88fbb	32
ua	representation.text.plain_text	sample	/Users/hugh/datasets/gittables/whole/sw_0014_4619.utt.parquet	parse_tree	97d4d988b45b8a97ae609a7b2ca56e56bb171f5fbc84d715ce014575609dc8b5	32
weight	representation.numeric.integer_number	sample	/Users/hugh/datasets/gittables/id/afg0national.parquet	DenominatorWeighted	87cdfe9f768f8e862df001af987d2dafc7d2224334b4ba6cbb2e0dad8141c8f9	16
ua	representation.text.plain_text	sample	/Users/hugh/datasets/gittables/data_rate/sw_0020_4109.utt_4.parquet	pos	0c3575b2d7c82cadf803122c11c2679a6eccbb5789ca9845c3d36f166e2a716b	32
npi	datetime.epoch.unix_seconds	sample	/Users/hugh/datasets/gittables/then/miniDocumentSummarization.parquet	Time	3575fe0306884515d619d0c38f31897d307669def4b99cbde741b06e1c751e9d	5
npi	representation.numeric.integer_number	sample	/Users/hugh/datasets/gittables/id/20210403.parquet	VISITOR_TEAM_ID	ac5fce43917510521b0a82b74e0d393eec87a8f3d0c55d40255f785498621113	8
weight	representation.numeric.integer_number	sample	/Users/hugh/datasets/gittables/id/rap-sheet.parquet	weight	21932e6a3637371aceb92413bedd4706af5a5375da8e8042b47a2438b2c2afc7	10
locale	representation.text.word	sample	/Users/hugh/datasets/gittables/in_time/events_110.parquet	flag	eabd0632cbaf913b6f64fab4a6243a14b67db8a0ac805b28e0eb29e0b64c34cb	8
ua	representation.text.plain_text	sample	/Users/hugh/datasets/gittables/quick_time/positive_reviews_5.parquet	Great product have been using it for 6 months<br />Bang for the buck i would say<br />Stock Batteries which i got with them are still working really exceeded the limit they claim<br />I mean yeah they said 3 months for the mouse and 6 for the keyboard. It has been 6 months and batteries on my mouse are still working and the keyboard batteries would last a year at this rate. I use this kit at my home so they claimed thier limit for office use but yeah that is the battery life i am getting from these in home use<br />I used this kit for playing far cry 4 from the beginning i did ended the game without changing batteries. I play alot of games like Call of duty, Far cry 3, Hitman, prince of persia 4 , Tekken 5 and more, it is quite more than a home user would use his keyboard and mouse.<br />Batteries on these really last long man<br />and they come with alkaline batteries so don't expect the same battery back up with cheap lead batteries.<br />I really bought a 8 pack of duracell for the kit after 3 months i guess but i really didn't get to change the batteries since then	3a2c8793c62fd35529ee90837ab564cd8349d972c03abf6e8b2d69bcdbf934fb	32
weight	representation.text.word	sample	/Users/hugh/datasets/gittables/data_rate/EDCD.d07b_4.parquet	an..3	e9063e8f846c4dcdf0192c74c1e6dcabc66c16e0b1d80292b47b773b63c16671	32
height	representation.text.plain_text	sample	/Users/hugh/datasets/gittables/object/UNG1_2009.parquet	Height	a405cf5cba8f0c08ec5280e38954f02a4f3f299fde8531b0c63d318dca1be427	32
ua	representation.text.plain_text	sample	/Users/hugh/datasets/gittables/data_rate/tpsection5all_xls_50306%20Qtr$_64.parquet	__index_level_1__	c37b02e3e2b7e99ae112e328c2ac9bd34e3b7d7d286b04f500f1269af189f12d	32
upc	representation.numeric.integer_number	sample	/Users/hugh/datasets/gittables/id/halo_85009068576_particle_ID.parquet	particleId	7fbd9b6efd54d975326f00aa6e2140ef0aca69dec12f8e9b1ad6bf80fca9416b	32
npi	representation.numeric.integer_number	sample	/Users/hugh/datasets/gittables/id/4vs5work_agr.parquet	_id	e380f4a8cda47ac0e552141d39d7c014811f6ae16254ddc04be4facf0fe8afa7	22
height	representation.numeric.integer_number	sample	/Users/hugh/datasets/gittables/then/block_silhouette_survey_Exp2Pilot3.parquet	discreteEnvHeight	f8881c7429a533b4ef67a8561cfd331300b56bc0f442fe4114385355d94fd7c5	32
weight	representation.numeric.decimal_number	sample	/Users/hugh/datasets/gittables/id/frog_tongue_153.parquet	adhesive force / body weight	3e0bf808292267aace99102c9c64087b9aa1a1a21d087fac569fbced13f97a5b	32
weight	representation.numeric.integer_number	sample	/Users/hugh/datasets/gittables/parent/node_5.parquet	weight	c840c3ff6511aa9af6a79c69d844a198241393ce9201c95fd88380533b75c55d	17
locale	representation.text.word	sample	/Users/hugh/datasets/gittables/then/grafit_public_article.parquet	a.5	ee372f395e619b93b45e59123a66c593c69ddc42dfc1be3f29e5bb88d8dc36c7	17
ua	representation.text.plain_text	sample	/Users/hugh/datasets/gittables/then/Rubric.parquet	proposed	21bec2f4378320fdb55c7e2f1aeadb36c04ce0c6f0eaa88df3be6b49fc68ed09	32
locale	representation.text.word	sample	/Users/hugh/datasets/gittables/show_time/BXUORGLYFRKT_2.parquet	V5	b03a52ab359b7468858c263d62febc473efa7cadc40f782a360402c17d0701f5	32
weight	representation.text.word	sample	/Users/hugh/datasets/gittables/object/EDCD.d05a_6.parquet	an..3	5385f97fd7923cda093d74dbb205345ab7aaedd9dd68dc2fdbf43ee8ed19fe59	32
ua	representation.text.plain_text	sample	/Users/hugh/datasets/gittables/lead_time/Cpm_Component_Package__c.parquet	Description__c	84696f55e40e0e21d8dba38d3abe810a007d3ffd505931a6c5b2d17dbc3b65df	32
weight	representation.text.word	sample	/Users/hugh/datasets/gittables/in_time/Corpus_Christi_2021_02_18.parquet	Humidity	80bfc2fadaa83f1af4a06688973da0454493b150f7ba78999af9b086d1e14769	32
weight	representation.numeric.decimal_number	sample	/Users/hugh/datasets/gittables/id/frog_tongue_33.parquet	adhesive force / body weight	14464b52dec0e4ac2f1509017d2483f67372de7971340c521590b0ff337e5c7d	32
ua	representation.text.plain_text	sample	/Users/hugh/datasets/gittables/lead_time/codings.parquet	CodeDescription	66cb0b804c1198d42c9e49e55581f8f5b4e2f2e8fbba964a770c1dd08f6dbbe3	32
ua	representation.text.plain_text	sample	/Users/hugh/datasets/gittables/data_rate/meta_2020-09-01_aw.parquet	comments	a96f316365fcdccb02cee6fcd04a5c6435cc8d9f31258142b44dd523b2ca8c95	17
ua	representation.text.plain_text	sample	/Users/hugh/datasets/gittables/whole/results_88.parquet	the same server, thus saving time and conserving power.	2b1c6c3d471ff0aecee006d57f281dc82f4215adba7560fc5d31ace5ee67647f	32
weight	representation.text.word	sample	/Users/hugh/datasets/gittables/id/field_level_data_Fabiana_Oliveira_da_Silva_Malus_domestica_Brazil_2012.parquet	yield_units	5a1b55330c4380f54581d3836481346392c97fc15235b98172675f4b4c584041	6
weight	representation.numeric.decimal_number	sample	/Users/hugh/datasets/gittables/organism/inputFileCroazia.parquet	Above ground woody residue dry weight treatment 1 (tons/ha). If not known write -9999	a0e567a6ca3e01ab365b8a3a9fe454f63fcee25bd43c5304b058bca4a06083cb	16
locale	representation.text.word	sample	/Users/hugh/datasets/gittables/show_time/IGRDOEYFMEMH.parquet	V25	e38dc56318eec5e6f81291304ddfd0c0fd4c234942b2b6374b71fc4bdeae8249	32
ua	representation.text.plain_text	sample	/Users/hugh/datasets/gittables/parent/amazon-kinesis-connectors.parquet	commit_message	a085c0235eede126e5f9f00cd4b00760250609e51eade39b8f72e4acd1820c17	26
ua	representation.text.plain_text	sample	/Users/hugh/datasets/gittables/data_rate/land-v08-i10.parquet	Abstract/Description	3fd32012125f24301b0d17cab19c5113b6add977ce6f4fd5cc833405f59ecc03	14
npi	representation.numeric.integer_number	sample	/Users/hugh/datasets/gittables/id/20210527.parquet	HOME_TEAM_ID	a726c310786af146a03f91767206f442f5a9ed2f931e93e4a0deac055ab25075	5
weight	representation.numeric.decimal_number	sample	/Users/hugh/datasets/gittables/whole/x_test_2.parquet	shell_weight_g	dff41b2b1b218bdcb7c3d3ef630371257c27d0bca509a0eda4c8914c23c12ac7	32
ua	representation.text.plain_text	sample	/Users/hugh/datasets/gittables/data_rate/example_data_file.parquet	Q384_5	b9379e7be407131adadd495f060f499ae0eee6789fa7a7ebdea3d12d6f1c4fa7	5
height	representation.numeric.decimal_number	sample	/Users/hugh/datasets/gittables/id/NEON.D01.HARV.DP1.10098.001.vst_apparentindividual.2017-07.basic.20190806T161731Z_1.parquet	height	aab0201608132a2a55629cc4e2a8c48e62f3089284a0e82353e47fa3b7c25e2d	32
ua	representation.text.plain_text	sample	/Users/hugh/datasets/gittables/dead_air/NHF_metadata.parquet	__index_level_6__	4d5e350cf52eb9ab91d801c2bef683a0c82b394b4a344299eb151d7c5f7b0cbb	32
ua	representation.text.plain_text	sample	/Users/hugh/datasets/gittables/thing/sw_0644_2476.utt_12.parquet	pos	7025ece5d62edd31e40ef1ff19d80319a7d6a06575f2e8f6c4b64c5f693510eb	32
ua	representation.text.plain_text	sample	/Users/hugh/datasets/gittables/metabolic_rate/meta_2020-05-28_aw.parquet	comments	e554bed32b369751b0a9125f0143ba80e917a4eb4f33798c508907dc0552da93	20
ua	representation.text.plain_text	sample	/Users/hugh/datasets/gittables/episcopate/testimoniaTsvInput-2020-06-10.parquet	Full_Text	3ff752fb0969abdc65aa499f78d2167879ddca7d3b98876ce213ad3a926f317d	32
ua	representation.text.plain_text	sample	/Users/hugh/datasets/gittables/thing/July.parquet	Request Description	bd78e2428dacb14efe02793203cfa1456087e953ac2cb099cf25feb4e205bd31	32
ymdfix	datetime.date.compact_ymd	sample	/Users/hugh/datasets/gittables/object/2020-04-13-INCR_DATE_PRV_TAMP_RL_v2.parquet	DATA_RICEVIMENTO_TAMPONE	f225284cbb63b7d0a8f3c974e87638fad06e9cf7620c7e28a4584d24427e4b9b	32
weight	representation.numeric.decimal_number	sample	/Users/hugh/datasets/gittables/whole/abalone-3_vs_11-5-1tra.parquet	Shucked_weight	73b1f414c61b914546bf0fed900f6c8be22fe61b20f689b145b4157bc22cd1e7	32
ua	representation.text.plain_text	sample	/Users/hugh/datasets/gittables/lead_time/Play_2017-08-10_00-16.parquet	Review Comment	b7273657fc114109366f72edc21caa512fc39017c908c6d17e38eec0fa81c9bf	32
locale	representation.text.word	sample	/Users/hugh/datasets/gittables/show_time/SYJTBDTDKDEK_1.parquet	V5	83a5d4feb3883ae47ad6b06818f497966d085f41c256a44752b2859699cc7617	32
locale	representation.text.word	sample	/Users/hugh/datasets/gittables/show_time/HUASOVKWSKMU_1.parquet	V25	3fc5d963e13d21e031d96e53251be039637146632a12e5a8b875a8dcbc5426e1	32
weight	representation.numeric.decimal_number	sample	/Users/hugh/datasets/gittables/sampling_rate/field_level_data_James_Reilly_Prunus_cerasus_USA_2013-14-15.parquet	fruit_weight	188e0eb8dac66792e70ab646e2e0a8eae4cd50f9c2a3e136257ea1120a1b8c9d	18
weight	representation.numeric.decimal_number	sample	/Users/hugh/datasets/gittables/id/frog_tongue_38.parquet	impact force / body weight	82d47821cfd48928a7da6cb284956ee2f9d04092d0cdc88611096527a96ca197	32
ua	representation.text.plain_text	sample	/Users/hugh/datasets/gittables/data_rate/meta_2020-06-12_aw.parquet	comments	aa553eea2c43d98451345ca3df89dcacadce020c390df6b119133eb9645308a3	20
npi	representation.numeric.integer_number	sample	/Users/hugh/datasets/gittables/id/20210601.parquet	HOME_TEAM_ID	71c25d8decea7983d261aa2db0b2af407d754a8c167543355201ff9f0844222b	5
ua	representation.text.plain_text	sample	/Users/hugh/datasets/gittables/growth_rate/nextstrain_measles_metadata_8.parquet	Labels	97d8df718377e2136b0039ab84b597d867e85777c730ef201159a87311610bef	32
upc	representation.numeric.integer_number	sample	/Users/hugh/datasets/gittables/id/halo_85009406033_particle_ID.parquet	particleId	128f78c57435f4f58b977339cb71ae1089b2a60ac84e2bbe9043f5cbfc49471f	32
npi	representation.numeric.integer_number	sample	/Users/hugh/datasets/gittables/id/20210401.parquet	HOME_TEAM_ID	6d37f670cb918f4be92923be307b238404557ee7fa967cad127166e508946789	7
weight	representation.text.plain_text	sample	/Users/hugh/datasets/gittables/lead_time/dwbfpricesusawin21022015.parquet	EVENT_NAME	09b83e818d0ed604a00d0f5c81f161588da770a3a17cb4405478112bf16382b1	32
weight	representation.numeric.integer_number	sample	/Users/hugh/datasets/gittables/time_interval/pets_1.parquet	FriendlyGroupWeight	91e7739a966cd9ec76c8d9d42f112dfb3845ec4262989439a4834059bb388109	7
ua	representation.text.plain_text	sample	/Users/hugh/datasets/gittables/seek_time/2012-02-data.parquet	Request Description	e0a290460729103f7dbdba603d9eb159cb240ae79288f89c1aa65ca8118138f9	32
ua	representation.text.plain_text	sample	/Users/hugh/datasets/gittables/show_time/sw_0644_2476.utt_10.parquet	pos	6894128523f773c0efdaa5dc061afa4fd7ec7136c807f655c135c0b0ac3624d1	32
upc	representation.numeric.integer_number	sample	/Users/hugh/datasets/gittables/id/388e34d4ed5d1e4b4570Format_CSV_Karyawan.parquet	nomor_telepon	851090c44a852216f5aed5aff5a27e774a79465b243788a86eb7830ca8fa258d	5
locale	representation.text.word	sample	/Users/hugh/datasets/gittables/show_time/NXVUECUGLMMQ_2.parquet	V25	8fdaff581152b93d32cfa525321f1092aca4320ef455db0afd0597b573ad51f1	32
weight	representation.text.word	sample	/Users/hugh/datasets/gittables/data_rate/EDCD.d05b_4.parquet	an..3	b17f02f915174c1c04af85c62fd2c5c6df2376f5af27e252e04544acf5e56895	32
ua	representation.text.plain_text	sample	/Users/hugh/datasets/gittables/data_rate/ext-pending-properties_9.parquet	comment	c743c2616955822375f0030f1f1a12f53ae57be77a06599ffd63784f5001720d	32
weight	representation.numeric.integer_number	sample	/Users/hugh/datasets/gittables/id/import-20180707094949-1_CSV_to_live_stock0707.parquet	weight	c2d574c93cf44494fd9ca91b1c57e0db7d0b77cbcee2122564aacee5fdf1ff87	9
ua	representation.text.plain_text	sample	/Users/hugh/datasets/gittables/time_slot/page2.parquet	reviews__review	904b5e3a823d7b0f0a75c305bdf23f9249d615f4629e3f7402f9d4ff0ce94a39	10
ua	representation.text.plain_text	sample	/Users/hugh/datasets/gittables/whole/2014-11.parquet	Request Description	e087ac41a15e145dfffced91ee552ce5ca1f4b2f1b602650b7e871bb4dc4d4a5	32
ua	representation.text.plain_text	sample	/Users/hugh/datasets/gittables/respiratory_rate/meta_2020-05-31_aw.parquet	comments	35c213dcf07462939fe5bb412ed1d7c938f8de5ad52f6bac8700f3c4aa2be799	21
ua	representation.text.plain_text	sample	/Users/hugh/datasets/gittables/data_rate/hizhangp__yolo_tensorflow.parquet	code	1347fa14077d941490610b58aacac2aae158c8ab370256b0b9a051be720f040d	8
ua	representation.text.plain_text	sample	/Users/hugh/datasets/gittables/processing_time/Psychology%20(PSYCH)-courses.parquet	restriction	7244bf9c1db8311ea9d51602f35ab406c20e108cc04640746ff9a7896a4038b5	32
ua	representation.text.plain_text	sample	/Users/hugh/datasets/gittables/parent/set-classics-lite-analog_3.parquet	chips_audio_details	9e0b37cfd0b163d386001de01fb962eb98b1113cce301d259a9c9b7068cc0bc5	32
locale	representation.text.word	sample	/Users/hugh/datasets/gittables/living_thing/sw_1052_3198.utt_12.parquet	act_tag	0eea72d29af4986e4beaa6139d776cb65b01075ab52c0ed6c82e6b21c7d41011	32
ua	representation.text.plain_text	sample	/Users/hugh/datasets/gittables/living_thing/2016-07.parquet	Request Description	0301fe97b9061db6b62f4b3868a04b400ea745b5a7b60f5a7aaf45b22316a3f3	32
locale	representation.text.word	sample	/Users/hugh/datasets/gittables/show_time/MACWXENZPSBN.parquet	V8	705c1ee0a6ffcc5b16a481c5421f17bce1829c858927377a8c6b96e33cb39bf3	32
weight	representation.numeric.decimal_number	sample	/Users/hugh/datasets/gittables/whole/x_test_1.parquet	shell_weight_g	5d2d97aa07296723ea66f7046cacd2e8a1e27dee6e914e93a66eb15115a2ac87	32
ymdfix	datetime.date.compact_ymd	sample	/Users/hugh/datasets/gittables/lead_time/20191021.parquet	Day	919b8bc7c5e84af1a7add6967469c823af167d1693155eaed97f4c88fa5b73a3	32
weight	representation.numeric.decimal_number	sample	/Users/hugh/datasets/gittables/whole/abalone-20_vs_8-9-10-5-1tst.parquet	Shell_weight	c7a3980b201f97b5e04b69afba2f3f6a85fe3a3b93054038ad9710ad207e875f	32
ua	representation.text.plain_text	sample	/Users/hugh/datasets/gittables/whole/nextstrain_measles_metadata_19.parquet	Labels	e7d42897ae1b910acc2265875f51e76e5e3641f6b5810c27907477e781552759	32
ua	representation.text.plain_text	sample	/Users/hugh/datasets/gittables/then/tickets_3.parquet	resolution_description	db85d42a61a08fcf135ef90051a6570941214fc3452bbc6fe678a4bb5408b93d	21
weight	representation.numeric.decimal_number	sample	/Users/hugh/datasets/gittables/id/SOLUTION_Net_Profit_Margin_per_Functional_Unit_per_Annum_17.parquet	Weight	b57c15a8462aa5f2796c64b44c4e2c1399f60de7b2ad6dee701630112fb349b3	19
height	representation.numeric.integer_number	sample	/Users/hugh/datasets/gittables/crime_rate/StateData.parquet	First Peak Height	41a8e6b5b77f6b7fedd53fa7844375cba27cf84e6fe67054cf13bce73ed55039	32
weight	representation.text.word	sample	/Users/hugh/datasets/gittables/object/EDCD.d07a_6.parquet	an..3	8bbc8e3bcd610e0c815bdf607869d6efec3aa364fd8489cb1b203122fbf6e2db	32
ua	representation.text.plain_text	sample	/Users/hugh/datasets/gittables/show_time/HCA-Healthcare.parquet	cons	857d6939a9e219719d4902bd44e865f5da1d24e11caf5b75dbd5a4acec64595f	32
ua	representation.text.plain_text	sample	/Users/hugh/datasets/gittables/data_rate/FranckNdame__drlkit_1.parquet	code	4cba377848e99993d3dbed7ef792867ae19b429d78540aa94c92fcf2e960daf5	19
ua	representation.text.plain_text	sample	/Users/hugh/datasets/gittables/centripetal_acceleration/north_america.parquet	Entry	d53608914e1b0a20b6acf4013b23c3b670fce4551111a2e936cf4e1765ca93bb	32
ua	representation.text.plain_text	sample	/Users/hugh/datasets/gittables/lead_time/promos_1.parquet	Details	d26c146cdbfea4cd777a51e45aff71a276a0b59a4ea7aee2f48f34cb0dbd5371	32
ua	representation.text.plain_text	sample	/Users/hugh/datasets/gittables/id/7a75541c2974d75ea8a62c3a5e13677de5800a80bce4036eead046d34b3785ab_1.parquet	Notes	d4b6a4a8c046de6d94e671c826af9b78192cdacfcd060fa4ed1d10f3ad8c544b	15
locale	representation.text.word	sample	/Users/hugh/datasets/gittables/show_time/KAEAGFRXZQZH_1.parquet	V8	7338afc9668af58195b673afe0ee11b4d97f11b6dc29830d48db7d2ffd72717d	32
weight	representation.text.word	sample	/Users/hugh/datasets/gittables/id/study_37.parquet	group_name	33a2120aae56bd487a04030bf445ca2398afb912419d2cabc7a92bdb3b22674b	32
locale	representation.text.word	sample	/Users/hugh/datasets/gittables/show_time/XKAJNEYPNTWJ.parquet	V8	8fe6dfc042a03bced949fd201fdb01ad4691257bc5a2bb17eaf980c179a60061	32
locale	representation.text.word	sample	/Users/hugh/datasets/gittables/processing_time/population6_2017-06-26-111046.parquet	response time:defaultUsageScenario	18cd87e2701824caa51605a3321ed3e4e3453a8f9bcce05ed6ebad9ebca95379	32
ua	representation.text.plain_text	sample	/Users/hugh/datasets/gittables/lead_time/2016_spring_post_level_1.parquet	Post Message	f1fe92a2fb4038a70fb36b525d44b4a65b2e91caf737392bcfc500d51f4de073	32
npi	representation.numeric.integer_number	sample	/Users/hugh/datasets/gittables/id/20210508.parquet	VISITOR_TEAM_ID	a7e69ce1787df2ce8cf56e782e01ce011c43fabac0ff4bf7c42ab2b18a6efb6b	7
locale	representation.text.word	sample	/Users/hugh/datasets/gittables/show_time/RIFBOUBAJWTF_2.parquet	V25	564941a306100daa755bd42af4c5c62caaa0e514c4c647953aa271cc0b445bff	32
ua	representation.text.plain_text	sample	/Users/hugh/datasets/gittables/half_life/sw_0817_2379.utt_1.parquet	pos	ecf0a369b13291958fc3920d3deaf18b6119d81be98054fe532159f6d4c6a9af	32
ua	representation.text.plain_text	sample	/Users/hugh/datasets/gittables/data_rate/example_data_file.parquet	Q384_21	b9379e7be407131adadd495f060f499ae0eee6789fa7a7ebdea3d12d6f1c4fa7	5
ua	representation.text.plain_text	sample	/Users/hugh/datasets/gittables/whole/MiniPosts_1.parquet	body_text	ee8abd7a9b83440b8199a1e991e8fb98891a259c4f1ae482936be3539eec7383	9
upc	representation.numeric.integer_number	sample	/Users/hugh/datasets/gittables/id/halo_85004313054_particle_ID.parquet	particleId	18f8cc6d358137c2609fc1c23f94f52c242b633624b7cb928deb81c8fc7296bd	32
ua	representation.text.plain_text	sample	/Users/hugh/datasets/gittables/running_time/log_11.parquet	message	a64475d0b9b8f6cdb4fa6739f57b5c2d71a171de725ba3b3fa7213ce2d41be45	20
npi	representation.numeric.integer_number	sample	/Users/hugh/datasets/gittables/id/2617_10.parquet	TEAM_ID	dbd2cdb439031393e2483914bc9c4d715769f186a3d4857ca7fd962a8914d443	23
ymdfix	datetime.date.compact_ymd	sample	/Users/hugh/datasets/gittables/object/2020-04-12-INCR_DATE_PRV_TAMP_RL_v2.parquet	DATA_RICEVIMENTO_TAMPONE	0ff75909e42383cdf8db4be5b5ff25948e51ac2b56bda4ca667c455964cc4c49	32
ymdfix	datetime.date.compact_ymd	sample	/Users/hugh/datasets/gittables/cease/8652da2117d959f3e0b90b743ae39b4f6a1c53079ff3660b6a5b5790bc8c9cd5_4.parquet	FirstAddedDate	e3839562ff3923eab26f2ddb485d447b42f3b96c15402f908743590e530e2a35	32
locale	representation.text.word	sample	/Users/hugh/datasets/gittables/show_time/NXVUECUGLMMQ_2.parquet	V8	8fdaff581152b93d32cfa525321f1092aca4320ef455db0afd0597b573ad51f1	32
ua	representation.text.plain_text	sample	/Users/hugh/datasets/gittables/physical_entity/August.parquet	Request Description	6af9e6a5c4b09b77e20fb31c10bbce29ca8239285db676fa74ddac63decff6c9	32
ymdfix	datetime.date.compact_ymd	sample	/Users/hugh/datasets/gittables/id/timepoint_1.parquet	timepoint	394ffa3b40277568257a64633306d686999d568556ee691ba440daefa3a627d3	32
height	representation.text.plain_text	sample	/Users/hugh/datasets/gittables/show_time/342643__20160428_160507.parquet	screenHeight	5108999d935e62f02633a80b400c78de552630d6fa5e8c7570d6370396fc8737	32
locale	representation.text.word	sample	/Users/hugh/datasets/gittables/show_time/BMTPXBFHRKZB.parquet	V8	d53d2e205413c011db43390a5a0bf792bd4db27e986ffdac41a1ba772166878f	32
weight	representation.numeric.decimal_number	sample	/Users/hugh/datasets/gittables/growth_rate/summary_stats.parquet	Weighted Average Shares Growth	cfa0231130efc5df1d5fb36abcfeeda8eb1d8661e2ae0714fa8725464b09762d	11
locale	representation.text.word	sample	/Users/hugh/datasets/gittables/show_time/ZYBXBYRYFZPP_1.parquet	V5	68af232816fac2e2f768b06b0f0605955f0c15671a4fe7104a5a3c1549b84cb9	32
ua	representation.text.plain_text	sample	/Users/hugh/datasets/gittables/data_rate/meta_2020-08-17_aw.parquet	comments	fdac78a8ddc71eb4c1389c06c24f50b1c3507d012dcdc5e9cfbd5cb1b93043b7	17
ua	representation.text.plain_text	sample	/Users/hugh/datasets/gittables/data_rate/FranckNdame__drlkit.parquet	code	ee3de3d41b491dac02b0cd73d36004954e620e9090a5638f5026fd352cbce681	19
ua	representation.text.plain_text	sample	/Users/hugh/datasets/gittables/data_rate/meta_2020-06-15_aw.parquet	comorbidities	c9aefc88062a5eb1da1f3d7edeeb8d0317bfae468f8f60d487d34546359ecb27	5
weight	representation.numeric.decimal_number	sample	/Users/hugh/datasets/gittables/data_rate/resnet34_Tesla%20P100-PCIE-16GB_16.parquet	weight_decay	9967dbf63aff8fd0b3c9ab7e7ee05c11bfcb59b7bc9e8d4ceff08574ecff475f	32
weight	representation.text.word	sample	/Users/hugh/datasets/gittables/half_life/1989_6.parquet	weight.	38324238ff54c7c1f0f4a3417615a7374c401a9f9048021ceedfce4b58c43d0f	32
ymdfix	datetime.date.compact_ymd	sample	/Users/hugh/datasets/gittables/real_time/news_20180606_1.parquet	20180606	76bf0c9900e1b1f40bf5687b5869708302fd636231d896d82e51e25eb1066467	32
npi	representation.numeric.integer_number	sample	/Users/hugh/datasets/gittables/organism/AssemblyStats.parquet	total_length	6048c1ef9aa7043c5e3c40748bdb4c479045c52552066e0cc2999e56fdf502e3	32
weight	representation.numeric.decimal_number	sample	/Users/hugh/datasets/gittables/id/trajectory-HMC_2nd-hidden.parquet	weight0	39636049efd712aa536466856c3d233d56185d19b6bdc17406649f9ae30bad63	15
ua	representation.text.plain_text	sample	/Users/hugh/datasets/gittables/data_rate/fan_network_dump_6.parquet	__index_level_19__	3570676790e34769c0a3141fa8f54a117a4ace5701f1a49ec5604860ad770fb5	32
ua	representation.text.plain_text	sample	/Users/hugh/datasets/gittables/metabolic_rate/meta_2020-05-30_aw.parquet	comorbidities	5d8276ab42c3929fa3008db9b8ef6374f0b730abe39baaf7128e52ebd0834e35	5
ymdfix	datetime.date.compact_ymd	sample	/Users/hugh/datasets/gittables/id/customer_profile_sample_2.csv_crm_invalid.parquet	20200425	862a878275b2a97c1a0c64c7890bdc73e8b105c858fd6f8e11f4c51798c2369d	5
ua	representation.text.plain_text	sample	/Users/hugh/datasets/gittables/inflation_rate/1022be19-c0ef-473b-9c38-f5de90877db0_Definition%20and%20Source_1.parquet	Source	5e4e97249024297b79d4786f11d38661b0df0cd616b41803e9ae2d9b32a0e729	12
ua	representation.text.plain_text	sample	/Users/hugh/datasets/gittables/thing/news_temp_1.parquet	summary	191add4f5db9b3e444cbd4e568cb46fc3783734850d7d68169b92eb89df8d705	32
ua	representation.text.plain_text	sample	/Users/hugh/datasets/gittables/question_time/BulkUploadTest_JIRA_1.parquet	acceptanceCriteria	629ec577394f586838b548d48711f1475cbe292e4d3cd94f5b1ab58a3775ddc7	32
npi	representation.numeric.integer_number	sample	/Users/hugh/datasets/gittables/id/0022000125_2.parquet	TEAM_ID	d3dae580c52ce6b7be6f2e4df2c79765646d8200ba1ead517d0db4e8c8309e6f	18
ua	representation.text.plain_text	sample	/Users/hugh/datasets/gittables/lead_time/organisation_15.parquet	Comments	1b204b0dfde973d99d2cefec2ded5259abe11de47420351158132e6f69abc29f	32
ua	representation.text.plain_text	sample	/Users/hugh/datasets/gittables/then/amazon-kinesis-connectors.parquet	commit_message	9d1610099d497afa3d1e0197ddd10b48b552da8e48bb9623595abf5d571d4e19	26
locale	representation.text.word	sample	/Users/hugh/datasets/gittables/show_time/WKMHVTRKKNKZ_1.parquet	V25	cd7cddcad080ee38752dfe2c66f982b8fb99d887b6b92a0197eaeee2e28ad02f	32
weight	representation.numeric.decimal_number	sample	/Users/hugh/datasets/gittables/data_rate/CONVENTIONAL_First_Cost_per_Implementation_Unit_1.parquet	Weight	a91bebc7b154b6b5b3d3a6f22be5e9ba5c554964fcc36c8e84e3eca641e65359	22
npi	datetime.epoch.unix_seconds	sample	/Users/hugh/datasets/gittables/in_time/2020-09-08_110.parquet	uvIndexTime	3859c971d582671703952dc788514f6b9a09862dcc7e6c2718b1b9211e138421	8
ua	representation.text.plain_text	sample	/Users/hugh/datasets/gittables/data_rate/example_data_file.parquet	Q384_18	b9379e7be407131adadd495f060f499ae0eee6789fa7a7ebdea3d12d6f1c4fa7	5
ua	representation.text.plain_text	sample	/Users/hugh/datasets/gittables/half_life/Persons-Tib.parquet	notes	a40cb488b214d71049f11bfeb535b6280919ae59e3d6d210e9f6e034ebd3b9ad	32
ua	representation.text.plain_text	sample	/Users/hugh/datasets/gittables/then/May.parquet	Request Description	6c3fc52afcf41c20f699c8ef6cc0188a3e0f26393631c2c35f8d173ff9f699cb	32
ua	representation.text.plain_text	sample	/Users/hugh/datasets/gittables/whole/ACA_datasets.parquet	data_source	1d41f03b761bdee28badae21d2ad1bdf571240a4845430a7262aab824bb8e50d	32
ua	representation.text.plain_text	sample	/Users/hugh/datasets/gittables/object/pages_17.parquet	body_html	989d0956078bc5dbe2c7fb4dfaf17a50af6173f8d90fa78c8355b86d36793a5d	7
height	representation.numeric.integer_number	sample	/Users/hugh/datasets/gittables/id/sp_event_5.parquet	doc_height	6a8135b64c5a78cfc8e7e47d6c6b8acb45483e76dc7513e0e315ac35a8ab499f	6
ymdfix	datetime.date.compact_ymd	sample	/Users/hugh/datasets/gittables/id/timepoint.parquet	timepoint	1c7c275fe1357230c99e10e35e4e13b13265522656641a54445be00e98cd2d7d	32
ymdfix	datetime.date.compact_ymd	sample	/Users/hugh/datasets/gittables/id/20200407.parquet	time	967fd0e6b41b8d3230ac32275be38a37c2e87bb7b6224ffed37354aa127d1465	32
ua	representation.text.plain_text	sample	/Users/hugh/datasets/gittables/real_time/test2-input1.parquet	X4	9f233a95e8d3a6659cdf4eda6eeab8c80bd0eec226c2799aa070123c41f926f9	10
weight	representation.numeric.decimal_number	sample	/Users/hugh/datasets/gittables/whole/x_test_2.parquet	shucked_weight_g	dff41b2b1b218bdcb7c3d3ef630371257c27d0bca509a0eda4c8914c23c12ac7	32
weight	representation.text.plain_text	sample	/Users/hugh/datasets/gittables/half_life/NCA_single_dose_1.parquet	half_life	e232e46c0c3b30963241a3f7a18c98d5b50c4623f6816347b5f6e373ee5dd09d	32
ua	representation.text.plain_text	sample	/Users/hugh/datasets/gittables/show_time/October.parquet	Request Description	5eafbfad8d684b22b114b7e4fef2e9c6435801ac4f1ebf67dd5cb7f93d42f2ed	32
ua	representation.text.plain_text	sample	/Users/hugh/datasets/gittables/thing/Play_2017-08-09_23-48.parquet	Review Comment	29dcbfbe94a33a3d8779533095884f77dd754665ce24c49a3b7088de255020f1	32
ua	representation.text.plain_text	sample	/Users/hugh/datasets/gittables/then/steps_dichotomised.parquet	info_box_content	0658efc61846b73ffb0c334657b6893787058d6249e8dfc92012b8bd2e4c02d3	9
ua	representation.text.plain_text	sample	/Users/hugh/datasets/gittables/data_rate/sentiment_27.parquet	values	d687d2f4cd6be3857b37b8c6dd692fa89a2cbc7ac37bdd113ba1859ae7261aa5	32
ua	representation.text.plain_text	sample	/Users/hugh/datasets/gittables/real_time/sw_0644_2476.utt_6.parquet	pos	0ae6d059d6126ee27a5192dbd22335ff4b4fccfbd55d5c6239b37217b9cbbd85	32
ua	representation.text.plain_text	sample	/Users/hugh/datasets/gittables/time_interval/news_temp_1.parquet	summary	49dc7130b8511f5bf7f2da301e4a3b3e69fdd82d57a77f1ef51fd95db03cbb2f	32
ua	representation.text.plain_text	sample	/Users/hugh/datasets/gittables/then/PBF-Energy.parquet	advice_to_mgmt	b8b85ee7b6e501666a5aa2b8fd28396fd0e2c850ec8e99305129779aec5b37bb	32
weight	representation.text.plain_text	sample	/Users/hugh/datasets/gittables/data_rate/classics-mame2003.parquet	monitor_type	1314e3f0187d770680a5fbea50108f9de32db41ed719be9963c959006d263d25	32
ua	representation.text.plain_text	sample	/Users/hugh/datasets/gittables/neonatal_mortality/foia-log-april1-june302014.parquet	Request Description	b7b097f9b131bc8ffceebb71a6e23f6438cfea17f277f7ddc202b02851e5b32b	32
ua	representation.text.plain_text	sample	/Users/hugh/datasets/gittables/question_time/sw_0618_3368.utt.parquet	parse_tree	0469381658c5ac3526ddf88cd78841e71f6f465e0b40f3fef11250fedb9eeeab	32
locale	representation.text.word	sample	/Users/hugh/datasets/gittables/show_time/IZQGXOWZAKCH_2.parquet	V25	72bc511742d8a272a0ad95809b85a63057197f8646c18ef6f8526ba8a797fba5	32
ua	representation.text.plain_text	sample	/Users/hugh/datasets/gittables/thing/2015-07.parquet	Request Description	0ff5450680849114c72459eeb8adc7c9addc5a54ea2a0591099490ce22974781	32
weight	representation.numeric.decimal_number	sample	/Users/hugh/datasets/gittables/id/frog_tongue_101.parquet	impact force / body weight	c6a143d5af172f3f286103ee63c3543399de1ad946c445dc912ed152fce45fdf	32
npi	representation.numeric.integer_number	sample	/Users/hugh/datasets/gittables/id/2555_4.parquet	TEAM_ID	b5f0c8e355510580c46e2cf1c9b4ffb1a21b8e92ba0a37b1c9127f7bcd0f6e75	23
npi	datetime.epoch.unix_seconds	sample	/Users/hugh/datasets/gittables/in_time/miniDocumentSummarization.parquet	Time	269804aa5f4881c19556ae9e7438a4d57211a2c7388a9b6daeeffaaa95c060c9	5
weight	representation.numeric.decimal_number	sample	/Users/hugh/datasets/gittables/whole/x_valid.parquet	viscera_weight_g	0702aa6a76683e9e2ddc38818e09767bc0d91148b32870559cd292807dfa47f1	32
ua	representation.text.plain_text	sample	/Users/hugh/datasets/gittables/metabolic_rate/meta_2020-06-29_aw.parquet	comments	2f88324b1d14741691b40426ea5aec65091bd9f6df45fc2d1945d73a897992cd	19
ymdfix	datetime.date.compact_ymd	sample	/Users/hugh/datasets/gittables/dead_air/40844462_1_6230938203735169234_4.parquet	reviewed	564bab0116b9e18960359fc0e287d1534d384b6125b7fcb7577967ee498b5591	32
ua	representation.text.plain_text	sample	/Users/hugh/datasets/gittables/real_time/MattDugal.parquet	Message	4af20dce71a0e3e937f1bd51222214c8a45c53215a3b487c10f9f7c470c25fcf	32
weight	representation.text.plain_text	sample	/Users/hugh/datasets/gittables/speed_of_light/dwbfpricesusawin17112015.parquet	EVENT_NAME	4f711b1fea7b4e4b7f009e4496c6c599f5311fdde3c0f74fc92d106fa046b649	32
locale	representation.text.word	sample	/Users/hugh/datasets/gittables/quick_time/population1_2017-06-26-111019.parquet	response time:defaultUsageScenario	8783dab86ae3c36818b8652207fe69483e722de630f6176dc27d2343d9b7e41b	32
ua	representation.text.plain_text	sample	/Users/hugh/datasets/gittables/real_time/indirect-answers.input.parquet	Question	7d4e4eb8b7e9b3a1a35862c30b1f78822b47983fe4ae31317a5365ce9fd85d67	32
ua	representation.text.plain_text	sample	/Users/hugh/datasets/gittables/question_time/sw_0933_2662.utt.parquet	parse_tree	33457989b4696367a5127a27527f1f038d221c936719ff911af8bc8f386b90f3	32
ua	representation.text.plain_text	sample	/Users/hugh/datasets/gittables/growth_rate/nextstrain_measles_metadata_5.parquet	Labels	42c347acbbfc36e1e39e0b1691dc8bd1df31697e5e7d284131b3f9aef2a31e57	32
weight	representation.numeric.decimal_number	sample	/Users/hugh/datasets/gittables/growth_rate/summary_stats.parquet	Weighted Average Shs Out (Dil)	cfa0231130efc5df1d5fb36abcfeeda8eb1d8661e2ae0714fa8725464b09762d	11
ua	representation.text.plain_text	sample	/Users/hugh/datasets/gittables/reaction_time/export2021.03.29-05.53.35.parquet	INSPEC Non-Controlled Terms	24bb9232dd1fdea7844944e68ec36609a6ca69fb24000b68b4f68235cd916809	15
locale	representation.text.word	sample	/Users/hugh/datasets/gittables/terminal_velocity/grafit_public_article.parquet	and.5	ade1a59eb9f815cb1812891b68ccfb91f3ac3fb08fa01c51f9e4b87aaec4c7bf	15
ua	representation.text.plain_text	sample	/Users/hugh/datasets/gittables/data_rate/fan_network_dump_15.parquet	__index_level_19__	8eb887845d74c3a9b651c8a725a927ae6b4be2fcc900a61f957664cb9f0f5045	32
upc	representation.numeric.integer_number	sample	/Users/hugh/datasets/gittables/id/ed771fc2f43e507a6512Format_CSV_Karyawan.parquet	nomor_telepon	aa550a77f1e4199a492153bef32b25f5f62ce4fe5fab66de5740f08c1405ed57	5
ua	representation.text.plain_text	sample	/Users/hugh/datasets/gittables/data_rate/ext-pending-properties_8.parquet	comment	9982334a15d09ac91dae67747d301105945419ea962e825c0de80683ad985af3	32
ua	representation.text.plain_text	sample	/Users/hugh/datasets/gittables/show_time/September_14.parquet	Request Description	d6393fc872451a46f309c848915d24aa2b6637375dd550482b651f82dafb6b9f	32
ua	representation.text.plain_text	sample	/Users/hugh/datasets/gittables/safe_period/bugs.parquet	General	27a8190589394782bcffa897c0657a7eefc5d05321864c36dbef6d099ee84ecd	32
ua	representation.text.plain_text	sample	/Users/hugh/datasets/gittables/data_rate/example_data_file.parquet	Q14	b9379e7be407131adadd495f060f499ae0eee6789fa7a7ebdea3d12d6f1c4fa7	6
ua	representation.text.plain_text	sample	/Users/hugh/datasets/gittables/data_rate/map_ads1220.parquet	Bit Field Enumerations	8904cca0e7a93ffd98e6bfd6eadc42500c0dc5edc21ddf9d2026cb4135ea5613	16
ua	representation.text.plain_text	sample	/Users/hugh/datasets/gittables/growth_rate/nextstrain_measles_metadata_9.parquet	Labels	1eb799e7bde66fb2609629b22fda548490140fa8ae993bec9bf75111ef969631	32
npi	datetime.epoch.unix_seconds	sample	/Users/hugh/datasets/gittables/id/test_data_185.parquet	_indextime	3e031b985aeecc6945340f35bc3590ed91ad03a4eb08ffc0fbbe3d7da30a21cf	5
ua	representation.text.plain_text	sample	/Users/hugh/datasets/gittables/whole/bugs.parquet	Signs	1ac1b7a6c76c5fd9b0f92d8f45ba77bfab700d04d9b982014caef2ad2234e4fb	32
locale	representation.text.word	sample	/Users/hugh/datasets/gittables/object/docker_images.parquet	domain	49c4b7d23bf8bf5e9bd278c48c0ad874c707f8c98de0b11bf6472f4c1b7a4dff	6
ua	representation.text.plain_text	sample	/Users/hugh/datasets/gittables/processing_time/yunjey__show-attend-and-tell.parquet	code	588e5072bbbfa4375590b4a20ac26c5dc2d56c1273d5b255cb54608c0387cd19	9
ymdfix	datetime.date.compact_ymd	sample	/Users/hugh/datasets/gittables/seek_time/news_20180608_1.parquet	20180608	3365e7e8fb1abdfea6d9d62bfb168b14e241eed79c731360026199d304201f3f	32
ymdfix	datetime.date.compact_ymd	sample	/Users/hugh/datasets/gittables/whole/8652da2117d959f3e0b90b743ae39b4f6a1c53079ff3660b6a5b5790bc8c9cd5_5.parquet	FirstAddedDate	9ac2d514f0d6935b0c9fa56cbda136a00152b1f8595dbf3346460578a8b6c759	32
height	representation.text.plain_text	sample	/Users/hugh/datasets/gittables/dose_rate/concepts_hcpcs.parquet	Body Height	a19dc2fc62df47c3b96df74da845e416977b69212484da874b24c1a0b156d005	32
height	representation.numeric.integer_number	sample	/Users/hugh/datasets/gittables/parent/filter-chd_5.parquet	display_height	4231eb4704c163f0b10029788e087c08e64c732ca92092ca7384fe73cc253b97	32
weight	representation.numeric.decimal_number	sample	/Users/hugh/datasets/gittables/id/Persons_per_Household_3.parquet	Weight	67878989ba7d452d7383bfa3f881b38be667ae26216fae4327fa198c57cd04fb	10
ymdfix	datetime.date.compact_ymd	sample	/Users/hugh/datasets/gittables/cease/79cdc3e1c43097bd770fcf43fbd54109178ef6c6e8ed0aa7903914919bb3094e_6.parquet	FirstAddedDate	0281922c39717dccce3962603906bfe6c4cb0c16ec3873882129e61f5b582797	32
weight	representation.numeric.decimal_number	sample	/Users/hugh/datasets/gittables/object/ForeignUnprov_cons.parquet	weight	80062f4d67f5b369eef9b40bb1917fe0555412defdbdd511ef3642c427ec7655	32
locale	representation.text.word	sample	/Users/hugh/datasets/gittables/id/metadata_old.parquet	experiment	4113563b056e8a43cc6244e6cc922724a8e9b31e56baaf63dad2ab8374824769	30
locale	representation.text.word	sample	/Users/hugh/datasets/gittables/show_time/HUASOVKWSKMU_1.parquet	V8	3fc5d963e13d21e031d96e53251be039637146632a12e5a8b875a8dcbc5426e1	32
weight	representation.text.plain_text	sample	/Users/hugh/datasets/gittables/data_rate/NIST2_Sandia_Helium_Plume_dataplot_config.parquet	Exp_y_Col_Name	79499a6b8feb2c9042d1823a8fba805d6aa294ee94ef388a464bf90995dabd03	32
height	representation.numeric.decimal_number	sample	/Users/hugh/datasets/gittables/id/1596111442example.parquet	height	6c9975820d8bf5692342ac7560f3137c0bbab7d73378a23d61c48ec89ef08a29	20
ua	representation.text.plain_text	sample	/Users/hugh/datasets/gittables/data_rate/ext-pending-properties_7.parquet	comment	065741d329168bd2a50bf6ad245d3399cbece09292e23a54b5ce9270fc918037	32
weight	representation.text.word	sample	/Users/hugh/datasets/gittables/object/EDCD.d06b_6.parquet	an..3	203f1e5582ae738449f3ac529ee3fa2560586f70876aaf6949f011c3dfc38917	32
ua	representation.text.plain_text	sample	/Users/hugh/datasets/gittables/processing_time/ISMIR%20music%20program%20_%20Streaming%20ready%20submission%20(Responses)%20-%20Form%20Responses%201%20for%20site.parquet	Short bio (100-200 words)	6cfe7009a82b4905fe137b95d8a7b3cb51dfeee383856d6cf2cae3a9cf0805cd	17
weight	representation.numeric.decimal_number	sample	/Users/hugh/datasets/gittables/id/progress_258.parquet	info/weights_std	fe38c947d8ecd3ce1c356d14b60cedbd58cd49dab140882168f2dbd9e763617f	23
ua	representation.text.plain_text	sample	/Users/hugh/datasets/gittables/then/sw_0398_2504.utt.parquet	parse_tree	07a473c9fe275dc6979e6cff62d453740ffb28223119cc3ed84c7556eef62b6b	32
ua	representation.text.plain_text	sample	/Users/hugh/datasets/gittables/real_time/test2-input1.parquet	PY	9f233a95e8d3a6659cdf4eda6eeab8c80bd0eec226c2799aa070123c41f926f9	10
weight	representation.numeric.decimal_number	sample	/Users/hugh/datasets/gittables/id/import-20180709105606-1_CSV_Laptop_code0902.parquet	weight	c481e397623effcc030dc9936a1f0211fbe84dcfdc602fca990a0a972a9a11e5	8
ua	representation.text.plain_text	sample	/Users/hugh/datasets/gittables/time_interval/Designite_NodaTime.Test_NamespaceMetrics.parquet	Ca types	b789c2d9fdb013fce0f0d28ddf3a6a79397d598ecdb74c57d39205195ebfe893	5
ua	representation.text.plain_text	sample	/Users/hugh/datasets/gittables/crime_rate/sw_0760_3291.utt_5.parquet	pos	a6ada3cb4ca2744a51b69b3396ff2ac058540f55cf5ec57eee94cbfb6e94f4cf	32
locale	representation.text.word	sample	/Users/hugh/datasets/gittables/parent/study_demo.parquet	arrangement	4e1acc3073793dde68fbe1c5a6c34a3e684172273377e181bcf32f14a1c76503	32
npi	datetime.epoch.unix_seconds	sample	/Users/hugh/datasets/gittables/in_time/2020-09-08_114.parquet	uvIndexTime	b6f80759cd945d4f94c3fb912786689fb0995186c99ceb68e0264fdc2d764aed	8
ua	representation.text.plain_text	sample	/Users/hugh/datasets/gittables/half_life/en_155.parquet	About	88550f91733a43bfa8caccad9fcdf71004cedaad06b9ee1b1186d17f5b793a51	32
locale	representation.text.word	sample	/Users/hugh/datasets/gittables/thing/sw_0663_3225.utt.parquet	act_tag	3430dae7586071cfe8b718bd83fa698affab79c710d9c1ded709d2b0eefd0187	32
ua	representation.text.plain_text	sample	/Users/hugh/datasets/gittables/question_time/sw_0499_3420.utt.parquet	parse_tree	8e19d1029e8f9d06ff96672d38627cd53db82589e6a8d258e08a41c84384d97b	32
ua	representation.text.plain_text	sample	/Users/hugh/datasets/gittables/real_time/1005_16.parquet	pos	a7d495bbeda5a80b6c9806daa6d0d0e004c8b4a3d72fe137f6ca4d8eaa069ead	32
ua	representation.text.plain_text	sample	/Users/hugh/datasets/gittables/whole/November.parquet	Request Description	3b50f2f30f070e23984fda1b7b22a5d74439f2a38ea89373f0c9f9bc72e0828b	32
ua	representation.text.plain_text	sample	/Users/hugh/datasets/gittables/thing/HCA-Healthcare.parquet	cons	55e692bcd39e192652e38a1ad671d8604544174cda4a4a75b86942a02c80271f	32
ua	representation.text.plain_text	sample	/Users/hugh/datasets/gittables/then/sw_0227_3093.utt.parquet	parse_tree	93647f04f5738a2063c65a983622899f54a18f97441505798507292da52b5a85	32
weight	representation.text.plain_text	sample	/Users/hugh/datasets/gittables/lead_time/dwbfpricesusawin28112013.parquet	EVENT_NAME	a7fba116b1660379ee492f32ad7fae2d2af8deb76f555e2a7683da85310f7cb3	32
ymdfix	datetime.date.compact_ymd	sample	/Users/hugh/datasets/gittables/object/2020-06-06-INCR_DATE_TAMP_RL_v2.parquet	DATA_RICEVIMENTO_TAMPONE	d6133cf36f84acdd88f2486b97e000e356388655c8f89b75c9a11e67397b7a53	32
locale	representation.text.word	sample	/Users/hugh/datasets/gittables/living_thing/sw_0663_3225.utt_7.parquet	act_tag	31394094fb13c5e8388d4d813f866f551fff4f6ee0f48dc3498c41d5170bb50b	32
ua	representation.text.plain_text	sample	/Users/hugh/datasets/gittables/parent/good.parquet	Description.note	0cf3304f14ed5105072829f78a62ccd3dc017c06ae2043f93e2706c463eb42af	17
ua	representation.text.plain_text	sample	/Users/hugh/datasets/gittables/then/export2021.03.29-05.53.35.parquet	INSPEC Non-Controlled Terms	e843a7172c1ccd7e42f9b3d5f47597502400fd27ef9020f2dcdf4c38bdfc62a5	15
ua	representation.text.plain_text	sample	/Users/hugh/datasets/gittables/data_rate/speakers-data-old-old.parquet	Ali Ahari received his B.Sc. and M.Sc. degrees in Computer Engineering from Sharif University of Technology in 2011 and 2013, respectively. He has been a research assistant at the Chair of Dependable Nano computing at Karlsruhe Institute of Technology and also he has collaborated with the Chair of Embedded Security at Ruhr University as a visiting scholar. Since September 2015 he works as a scientific staff at the Department of Microelectronic System Design (SIM) of the FZI Forschungszetruminformatik in Karlsruhe, Germany.	e7bb385ba175e3b25e14ab956741f217724dbc085987b6e272fea20af059ff45	23
locale	representation.text.word	sample	/Users/hugh/datasets/gittables/thing/testdata_13.parquet	Herkunftsort KomponistIn	3c57e8fbd6c2aff3f98d02204648ba48276e3265c397bc39ec09f6a2e31552dd	32
weight	representation.numeric.decimal_number	sample	/Users/hugh/datasets/gittables/lead_time/periodic-table-data_1.parquet	atomic_weight	f222c59716ac557a39170c8f8a519d422f84c9dad1ae6a5aa76e635fb171cda7	32
ua	representation.text.plain_text	sample	/Users/hugh/datasets/gittables/thing/sw_0268_2366.utt.parquet	parse_tree	c8b3254201aedd6c0696fb65d55afca9d323200054c7adbfcf89c0922a50fe29	32
locale	representation.text.word	sample	/Users/hugh/datasets/gittables/command_processing_overhead_time/grafit_public_article.parquet	find	58d2f183bb3ab30addb1c41c50c3a12a58be20176d4e515e58c54e516189df05	11
ua	representation.text.plain_text	sample	/Users/hugh/datasets/gittables/data_rate/Designite_Akka.Streams.Tests(net461)_ArchSmells.parquet	Participating Classes	490735761320ddf686cd59179d916ca1ed9ca36d4b0e9ba11dfa6830975fc06d	16
ua	representation.text.plain_text	sample	/Users/hugh/datasets/gittables/whole/Covid_Languagev1.1-Task-2161-DataHunt.parquet	target_text	0d2601fada5b3f15b4c199249408fef3c263eb26a0eaea090852d52ce806eccb	11
ua	representation.text.plain_text	sample	/Users/hugh/datasets/gittables/real_time/ds_42.parquet	coll_abstract	92856dff16582ea3b18acb585090a5b413fb5195041ed41fc9531f68790432af	9
ua	representation.text.plain_text	sample	/Users/hugh/datasets/gittables/show_time/2016_spring_post_level_2.parquet	Post Message	caf2bf596fe0273150065e2cee26d4f8eb52735f7946c973b31a645577024f6b	32
ua	representation.text.plain_text	sample	/Users/hugh/datasets/gittables/processing_time/Mac_2k.log_templates_13.parquet	EventTemplate	f840b8e94af6dc979dae37d8224ea4d531b79edbb485a6960e091367cbd6b2d5	32
ua	representation.text.plain_text	sample	/Users/hugh/datasets/gittables/data_rate/hydrogeology.parquet	Remarks	50ee436052aa61afe552bd82be3306c705f3dbcb47d0850069e91874e5ace08f	32
locale	representation.text.word	sample	/Users/hugh/datasets/gittables/show_time/XKAJNEYPNTWJ.parquet	V25	8fe6dfc042a03bced949fd201fdb01ad4691257bc5a2bb17eaf980c179a60061	32
ua	representation.text.plain_text	sample	/Users/hugh/datasets/gittables/data_rate/compendex-results-2016-06-07.parquet	Custom1	c24016eeceac678f850da22baeb704a4e8388501cfa489ac2305cf116ffa3763	22
locale	representation.text.word	sample	/Users/hugh/datasets/gittables/show_time/BIHPZEUDOGDI.parquet	V25	3f85fd3725efc9f2d76291160233c71e5f6224031ad9e5cdca60444bf07977d5	32
weight	representation.numeric.decimal_number	sample	/Users/hugh/datasets/gittables/whole/abalone-3_vs_11-5-1tra.parquet	Viscera_weight	73b1f414c61b914546bf0fed900f6c8be22fe61b20f689b145b4157bc22cd1e7	32
npi	representation.numeric.integer_number	sample	/Users/hugh/datasets/gittables/id/20210515.parquet	VISITOR_TEAM_ID	ec591dddfb56feb4c1f8801195c3120e25536100c4aa8f786e7ad9acd1655ed5	6
weight	representation.text.plain_text	sample	/Users/hugh/datasets/gittables/running_time/dwbfpricesusawin16022014.parquet	EVENT_NAME	ac9e1d6614e87a43ede1f73cd82b91f48a844e475d6db808a9768cb29453eca1	32
ua	representation.text.plain_text	sample	/Users/hugh/datasets/gittables/real_time/sw_0763_3402.utt_3.parquet	pos	77b12eb61cc424560951ce03829dc2f5308bbeb883485ad788f1b985fba7e787	32
height	representation.text.plain_text	sample	/Users/hugh/datasets/gittables/speed_of_light/civil01312.parquet	Initial Statute	fe1e9d3c64679836fe65bfbecae95c3baa225bcb93005bd73f607c9f0c2308af	32
ua	representation.text.plain_text	sample	/Users/hugh/datasets/gittables/object/ftpserver-jira-bug-fix-dataset.parquet	DescriptionTopWords	3fe1153a00ee964cd4d8baf3dca677f7f2053a08aac48c91bdc8e99d55920823	32
npi	representation.numeric.integer_number	sample	/Users/hugh/datasets/gittables/id/trades_14.parquet	order_id	cf7dbc148e95df57a4a2529e72f3ec293d652dbd17a23e4a8836eb340bf14e77	32
locale	representation.text.word	sample	/Users/hugh/datasets/gittables/show_time/GDNOCIPZVPUZ_1.parquet	V25	8c19546f30d1422bf758563c0db7e08d686e298c0e99ac0da2a3aa23aea4701d	32
ua	representation.text.plain_text	sample	/Users/hugh/datasets/gittables/reaction_time/project2_final_order.parquet	topic	fd4ff3b20d017a311a61f4f46839600ad04e6104df15ce515afdc40d72661701	21
ua	representation.text.plain_text	sample	/Users/hugh/datasets/gittables/id/070747cb51d68682cd9a42e6d3e7887cf1789164006238b4c3bd52d5243307b6_4.parquet	DevelopmentDescription	20be06396d0245f0685ec8e3d7ed4d4c7672c1e43cdd96f4e5ab9d6b51a177bb	8
weight	representation.text.plain_text	sample	/Users/hugh/datasets/gittables/half_life/NCA_single_dose_1.parquet	cmax	e232e46c0c3b30963241a3f7a18c98d5b50c4623f6816347b5f6e373ee5dd09d	32
ua	representation.text.plain_text	sample	/Users/hugh/datasets/gittables/whole/5b49dcaf1be010a126e9ef9a03723aa9e2aca5df2e1ef5a527c6d2655b967fe3_3.parquet	Notes	c28608b12baf3836210b66cd2aabb4995de9caf1cf230822316991398bf1afc7	32
npi	representation.numeric.integer_number	sample	/Users/hugh/datasets/gittables/id/20210424.parquet	VISITOR_TEAM_ID	cc34f1f38e6ae50ff6f194c3bc696610fe4d05226ad9b6253c821c3daa5c38e3	8
ua	representation.text.plain_text	sample	/Users/hugh/datasets/gittables/then/sw_0246_3615.utt.parquet	parse_tree	86343e7088084ae7c50d66e7df8f940fe9a07aed30c167cfdf022c94757605eb	32
locale	representation.text.word	sample	/Users/hugh/datasets/gittables/quick_time/train_30.parquet	__index_level_212__	86762dbe93267ed604af61cbdece9055db6cbca26da43267d0886528b449aa95	5
ua	representation.text.plain_text	sample	/Users/hugh/datasets/gittables/quick_time/news_temp.0d4f1a5f8f6c.parquet	summary	f3032d2e4ef1d801cc4fecf08157f97ff61a47c94c1f69a0a04813553474887f	32
ua	representation.text.plain_text	sample	/Users/hugh/datasets/gittables/rotational_latency/export2021.04.08-06.32.48.parquet	Author Affiliations	f94920edbc7fb62b777f35ca8e2b508903d777a2008037499f550fa7e3dd74f1	32
weight	representation.numeric.decimal_number	sample	/Users/hugh/datasets/gittables/id/frog_tongue_38.parquet	adhesive force / body weight	82d47821cfd48928a7da6cb284956ee2f9d04092d0cdc88611096527a96ca197	32
npi	datetime.epoch.unix_seconds	sample	/Users/hugh/datasets/gittables/in_time/2020-09-08_102.parquet	sunriseTime	119d1700327130afbf0ae6e7373b09fa5f1060201f094e3001a55920851452b1	8
ua	representation.text.plain_text	sample	/Users/hugh/datasets/gittables/question_time/sw_0402_2634.utt.parquet	parse_tree	f27f9e17cd130f799a69cacdda256a9f75dff20d56e9385db62e707222e9540f	32
weight	representation.numeric.decimal_number	sample	/Users/hugh/datasets/gittables/id/frog_tongue_23.parquet	adhesive force / body weight	50538d73a1e555b016d9d179c637a5bcf9e28d41dcbb7239eaa87c3bc930de53	32
ua	representation.text.plain_text	sample	/Users/hugh/datasets/gittables/then/sw_0692_2287.utt_15.parquet	parse_tree	12fae57c2718bb6cb653a6e01de52051c5497a6489bb56c5aa229a1fd562cff7	32
locale	representation.text.word	sample	/Users/hugh/datasets/gittables/show_time/MVRAEDZCSMMG_1.parquet	V5	2d7070600177ca735f19c10f92adb0a4751b441e9f0c4fd2ac691b80deff5871	32
ua	representation.text.plain_text	sample	/Users/hugh/datasets/gittables/whole/sw_0398_2504.utt.parquet	parse_tree	3a05b5b7b3ea876578569c4aec67821c1cf4d590d61e44727cb606e0c64e94cd	32
height	representation.text.plain_text	sample	/Users/hugh/datasets/gittables/parent/civil00545.parquet	Court Statute	118403709498bc81c2af34985bf2d2d46ee10d0cc676c32192cdc6bb910c32e7	32
ua	representation.text.plain_text	sample	/Users/hugh/datasets/gittables/show_time/sw_0629_4056.utt.parquet	parse_tree	59563e3af0f2db96768766a9c726001cc7959edd446441215fe0c3b4c7d833f1	32
ua	representation.text.plain_text	sample	/Users/hugh/datasets/gittables/then/sw_1072_3270.utt_8.parquet	pos	246955f47d8d63d6455ca83c4cb829bced4b37929e1a10dbf5e09115b5002c75	32
weight	representation.numeric.decimal_number	sample	/Users/hugh/datasets/gittables/id/Test_FillCULocationClimateStationWeights_out_ClimateStations.parquet	TEMPERATURE STATION WEIGHT (FRACTION)	1384cbeb043ee9cba149b083091093fd8129f80c1da27ca7f0e4e141aa285271	6
ua	representation.text.plain_text	sample	/Users/hugh/datasets/gittables/data_rate/sebgao__cTensor.parquet	code	f3e5ca239998837f24a6ff94e72859b33700e9d072b641a362ebc53d3aa7c277	9
weight	representation.numeric.decimal_number	sample	/Users/hugh/datasets/gittables/whole/abalone_app_3.parquet	whole_weight	0c860bc38aa5ab37db392be7d731097eeb33c64cc60d1d7c47a858ad8e5421c3	32
ua	representation.text.plain_text	sample	/Users/hugh/datasets/gittables/data_rate/example_data_file.parquet	Q384_1	b9379e7be407131adadd495f060f499ae0eee6789fa7a7ebdea3d12d6f1c4fa7	5
ua	representation.text.plain_text	sample	/Users/hugh/datasets/gittables/thing/sw_0482_3068.utt.parquet	parse_tree	2e4f4a2a6eca802f7f12a7ba9d73a0f85dc0d07eb8a938d38bd6af1cbd5c992d	32
npi	datetime.epoch.unix_seconds	sample	/Users/hugh/datasets/gittables/in_time/2020-09-08_32.parquet	uvIndexTime	817bbe7840a1153dbdbe662743531548c2ecb47fd4cd162c5c86c39f5b324419	8
ua	representation.text.plain_text	sample	/Users/hugh/datasets/gittables/thing/140.parquet	Item	cb3e1fafca28af5e99c39501feb1127c66126e38aa0a88dd4656f0140b435575	8
ua	representation.text.plain_text	sample	/Users/hugh/datasets/gittables/parent/ftpserver-jira-bug-fix-dataset.parquet	DescriptionTopWords	82091c31312da2c5128f60914c67b23cdcf8f1b3675ee43c9d2ec8d35edac6c3	32
ua	representation.text.plain_text	sample	/Users/hugh/datasets/gittables/dose_rate/MattDugal.parquet	Message	b1c4694545efc326556c57bb4d410e178c10074f364fffee4ff30277071f97d3	32
ua	representation.text.plain_text	sample	/Users/hugh/datasets/gittables/whole/sw_0627_3651.utt_8.parquet	pos	b95092b807b8526d85d3419754072c27519cfd6ad5a65e50486eb36f7b1ab1af	32
locale	representation.text.word	sample	/Users/hugh/datasets/gittables/show_time/JMGPDSMFREWG.parquet	V5	8bfdbc25f22a860cb0aa0ea2de7cdcb919ee3b222f1d63de11d1b9b227866871	32
ua	representation.text.plain_text	sample	/Users/hugh/datasets/gittables/show_time/yunjey__show-attend-and-tell.parquet	code	459b79ec7f4a0bacf90b050f4ee0a1ebb9b5baa693da979c2758151978bd207d	9
ua	representation.text.plain_text	sample	/Users/hugh/datasets/gittables/data_rate/meta_2020-07-06_aw.parquet	comments	8c91169c75b2dc1414bb3f9236641594ded6e8a554dedf4e69490629e41a1ec1	18
locale	representation.text.word	sample	/Users/hugh/datasets/gittables/show_time/HBRWEQBEOSXC_1.parquet	V25	ddcbce4a577c0b28f19e8a8c24380e141dbb6aa5db9f4a16356913c84d424e3d	32
ua	representation.text.plain_text	sample	/Users/hugh/datasets/gittables/object/down0637--template.json.parquet	True	26ef9914b9b53bc5f88089f1fde632b75883a6c20eb53b80e09952683f5a3bf3	28
ua	representation.text.plain_text	sample	/Users/hugh/datasets/gittables/respiratory_rate/meta_2020-05-19_aw.parquet	comments	08ef235eca303d75539ab6d954c6fc29b11060dd4b93fffaaacdcc22d909f02f	20
ua	representation.text.plain_text	sample	/Users/hugh/datasets/gittables/lead_time/output_248.parquet	Writer	877db60e427ef0717426396d17a02cf5a2d8da3ba9bc4c3b9954d5241f066295	32
ua	representation.text.plain_text	sample	/Users/hugh/datasets/gittables/reaction_time/project2_final.parquet	topic	fba05615fd66c0ca2251ba191e395da6e2a09826502d7e0a62818cc6b09384d1	22
ua	representation.text.plain_text	sample	/Users/hugh/datasets/gittables/object/Mac_2k.log_templates_9.parquet	EventTemplate	dc8ff7e5be8734add8208de721f1dde6bde1786800eeb40cf53e7670fc334439	32
ua	representation.text.plain_text	sample	/Users/hugh/datasets/gittables/data_rate/metadata-sample.parquet	pmcid	a3a60dc51997ed605bbe78ac5c2926e9a78254e7f7799484948e3822d263c88f	8
locale	representation.text.word	sample	/Users/hugh/datasets/gittables/processing_time/grafit_public_article.parquet	forgot	539431f7f073c72e9adee5d9297be73d2e924e6ca5daadb8845cb15c99f1cdb7	7
weight	representation.text.plain_text	sample	/Users/hugh/datasets/gittables/show_time/dwbfpricesusawin24012014.parquet	EVENT_NAME	c58769ad5e2bdd65cad4bc318386b400bf1e8ee3231de2a4475af49b0d7ce391	32
ua	representation.text.plain_text	sample	/Users/hugh/datasets/gittables/question_time/sample_198.parquet	summary	856e7aad5025b5d967aaf2fbaa69711408f4847aeec492b54dd683ff2ce03c27	25
locale	representation.text.word	sample	/Users/hugh/datasets/gittables/show_time/UGZSZBCIWZVQ_1.parquet	V8	9bb0c3cb6936c0f308f1ef552060d702ec29205dfb9fd92c5484351c1ce17c89	32
height	representation.numeric.decimal_number	sample	/Users/hugh/datasets/gittables/id/NEON.D01.HARV.DP1.10098.001.vst_apparentindividual.2015-08.basic.20190806T155155Z_1.parquet	height	8836197dadc21229e04542fe97823e04cdef182e61ec029402c70b1fe84e65fd	32
npi	representation.numeric.integer_number	sample	/Users/hugh/datasets/gittables/id/20210325.parquet	VISITOR_TEAM_ID	847f4723e7a80a05f1320d25efc8f9d92502a6c7365248b7a4d64dbddded17c7	5
ua	representation.text.plain_text	sample	/Users/hugh/datasets/gittables/question_time/export2021.03.29-05.53.35.parquet	INSPEC Non-Controlled Terms	a52e163dc64a8a55d502c1933c718ba39b978b902fb6727dbe4f4b4aa38aeff3	15
locale	representation.text.word	sample	/Users/hugh/datasets/gittables/show_time/SYJTBDTDKDEK_1.parquet	V8	83a5d4feb3883ae47ad6b06818f497966d085f41c256a44752b2859699cc7617	32
ua	representation.text.plain_text	sample	/Users/hugh/datasets/gittables/data_rate/lizhengwei1992__Fast_Portrait_Segmentation.parquet	code	0b8544e2539303170048b762199ec319d02937c39365f45433c6b0372c58feed	6
ua	representation.text.plain_text	sample	/Users/hugh/datasets/gittables/growth_rate/Complete_UAlberta_MechanicalEngineering_Courses.parquet	Course Description	cbbe86fff41eb2ea1778cab1c6078c9824e7801bf3fb2da3d8eb4b825cb354cd	32
ua	representation.text.plain_text	sample	/Users/hugh/datasets/gittables/lead_time/sw_0843_3738.utt_7.parquet	pos	92faa54f9841f2d898fd7b38d28f853f5a819ce9ed497d958a0d2d54ab93fa3b	32
ua	representation.text.plain_text	sample	/Users/hugh/datasets/gittables/data_rate/land-v08-i04.parquet	Abstract/Description	255390547f51f465d483e181d8920a02e09a20a1195ce521e66a8183517dbafb	20
ua	representation.text.plain_text	sample	/Users/hugh/datasets/gittables/object/MW_28_HIDS_3.parquet	data.win.system.message	856521722b128ddc05e238cc79da85aee647c983c561761cb1cd490a774526e3	5
weight	representation.text.plain_text	sample	/Users/hugh/datasets/gittables/parent/quality-100_1.parquet	monitor_type	9c4b8d491d4d0c0c6df6d6c07c365fc01e43bcbeb9c7859a72d38a848c3faa09	32
npi	representation.numeric.integer_number	sample	/Users/hugh/datasets/gittables/real_time/whs_DIVSR_divsr_2021-05-03.parquet	company_id	d3d4b4fcb3de8621f7cdad62d7fb855b8343ba0842c44eab72164febd1503eab	32
ua	representation.text.plain_text	sample	/Users/hugh/datasets/gittables/thing/Play_2017-08-09_23-52.parquet	Review Comment	45e57d4b5caf214003e003aef88cc936795b84ff637f359f9cf8faea179550f7	32
weight	representation.numeric.decimal_number	sample	/Users/hugh/datasets/gittables/whole/x_test_2.parquet	viscera_weight_g	dff41b2b1b218bdcb7c3d3ef630371257c27d0bca509a0eda4c8914c23c12ac7	32
weight	representation.numeric.decimal_number	sample	/Users/hugh/datasets/gittables/whole/x_valid.parquet	shell_weight_g	0702aa6a76683e9e2ddc38818e09767bc0d91148b32870559cd292807dfa47f1	32
ua	representation.text.plain_text	sample	/Users/hugh/datasets/gittables/cardiac_output/ACS_GSTT.parquet	National Code	ae46dde4489e315e6ca7286c8c7a23be83967506c0d51ddb484c5f044950b14d	32
locale	representation.text.word	sample	/Users/hugh/datasets/gittables/show_time/JRDIHVNGYIXE_1.parquet	V5	b5d75c7e2aba208695e2cff52e251a1bc93557ce5a71d86921b8a8fa9dd72dff	32
height	representation.text.plain_text	sample	/Users/hugh/datasets/gittables/running_time/ergstick2.parquet	Total work distance	f145f3cba4d5307dab0f4c7b15e3280bbb6024f232ceb6f7471dbabdcc3fb47b	32
ua	representation.text.plain_text	sample	/Users/hugh/datasets/gittables/data_rate/2011-08.parquet	Subject	0df801c56464651c9a0053a4f672330bde6f92a67f38bab80ab76528fb1e62af	32
ua	representation.text.plain_text	sample	/Users/hugh/datasets/gittables/thing/MiniPosts_2.parquet	body_text	5f3dd6182d299435a2f8c2d7f8ca8d24c14f739bb4e3cbbea936d8677f47ff25	9
ua	representation.text.plain_text	sample	/Users/hugh/datasets/gittables/living_thing/sw_0817_2379.utt_12.parquet	pos	de9267a7daee05d59e87f754cf4d560cdf609cb3e00e8c480d03aafcbd059e4b	32
height	representation.text.plain_text	sample	/Users/hugh/datasets/gittables/speed_of_light/civil00264.parquet	Court Statute	6aab242fa7be5377c1fa84b17087d2b4ff2f65f92e6c468ddddcecc36c202c7b	32
ua	representation.text.plain_text	sample	/Users/hugh/datasets/gittables/whole/compiled.parquet	A NUMBER OF OPERATIONAL LAND USE-TRANSPORTATION MODELS MAKE USE OF SPATIAL INPUT-OUTPUT (SIO) MODELS, SOME OF WHICH ARE BASED ON RANDOM-UTILITY THEORY. THE RANDOM-UTILITY-BASED MULTIREGIONAL INPUT-OUTPUT (RUBMRIO) MODEL HAS BEEN SOLVED IN PRACTICE BY ITERATIVELY APPLYING A SET OF EQUATIONS. EACH OF THE MODEL EQUATIONS DESCRIBES RELATIONSHIPS AMONG KEY MODEL VARIABLES. THIS PAPER EXAMINES THE EXISTENCE AND UNIQUENESS OF THE RUBMRIO SOLUTION, WHICH REPRESENTS THE SPATIAL ALLOCATION OF PRODUCTIVE ACTIVITIES AND COMMODITY FLOWS. FORMULATING THE SET OF EQUATIONS AS A FIXED-POINT PROBLEM ILLUMINATES THESE TWO KEY PROPERTIES, AND PROVIDES A GENERAL SOLUTION ALGORITHM. SEVERAL NUMERICAL EXAMPLES ILLUSTRATE THE SOLUTION UNIQUENESS AND ALGORITHM CONVERGENCE. THESE RESULTS ARE VALUABLE FOR EFFICIENT APPLICATION OF SUCH MODELS TO LARGE-SCALE PROBLEMS. BY PROVING THAT A UNIQUE SOLUTION DOES EXIST AND OFFERING AN ALGORITHM THAT IS GUARANTEED TO CONVERGE, THIS WORK ADDS VALUABLE SUPPORT TO THE GROWING POPULARITY OF THIS INTEGRATED TRANSPORTATION-LAND USE MODELING FRAMEWORK. (C) 2004 ELSEVIER LTD. ALL RIGHTS RESERVED.	18b9a4870e5c4640af676685027877687554b8a6f22805ffa7827f015ecf373d	15
ua	representation.text.plain_text	sample	/Users/hugh/datasets/gittables/real_time/zzh8829__yolov3-tf2.parquet	code	c334b51453f93f14dc1c9f5a65c08062c22d365453bbe9f6c678043e283eea8b	13
weight	representation.numeric.decimal_number	sample	/Users/hugh/datasets/gittables/id/field_level_data_Alison_D_Oreilly_Brassica_napus_Ireland_2019.parquet	fruit_weight	297b8014635591768cbeff0d2d5f424703b39322c944894cc16f167f9e4334af	5
ua	representation.text.plain_text	sample	/Users/hugh/datasets/gittables/object/capostcards.parquet	Description.note	488c363695b794fb3a902660bf944046345a77516b23419414145a0c145b866b	17
ua	representation.text.plain_text	sample	/Users/hugh/datasets/gittables/processing_time/mdanalysis_release-0-7-0_commits_clean.parquet	message	ae014c4c7caa010c212e88528cabfccc82e68616753af545812e2d5934624945	32
ua	representation.text.plain_text	sample	/Users/hugh/datasets/gittables/erythrocyte_sedimentation_rate/metadata(1).parquet	clinical_notes	1e1b2e03554d6bf83b6246cbe0afec93ac8254b643f1bec4a4f1de434aaa4375	32
ua	representation.text.plain_text	sample	/Users/hugh/datasets/gittables/reaction_time/2011-02.parquet	Subject	87a96962965953d135e9bde52ce88edcb55ef6fc9f298be9d1736a4f09e73367	32
ua	representation.text.plain_text	sample	/Users/hugh/datasets/gittables/show_time/fc-jira-bug-fix-dataset.parquet	CommentsTopWords	94c66154809c3bbd6e5f466981045ced8605fa0d4cfa3e5656099e8b4f1ca1b9	32
weight	representation.numeric.decimal_number	sample	/Users/hugh/datasets/gittables/whole/test_857.parquet	Shucked Weight	be799c7d55aae1f44a99955f19b3cc4633ed47a1fb10df59524b3312fa9635d1	32
ua	representation.text.plain_text	sample	/Users/hugh/datasets/gittables/object/PSY-courses.parquet	Focuses on stages of human development from infancy through the aging adult. Emphasis is on various theoretical approaches and the development associated with each stage. Psychology majors may not take for credit toward major.	1ad2d23076fe87d236da5e4fe6547512a454ad32edb9a6c9baeaeb47ab07302b	32
locale	representation.text.word	sample	/Users/hugh/datasets/gittables/show_time/NLHEBDDKIHHD_1.parquet	V25	97e87b03b769e3cb8d13c315f42ea9fe4e42994f2b052e9cb55a24d4c41648c3	32
ua	representation.text.plain_text	sample	/Users/hugh/datasets/gittables/question_time/0346_6.parquet	pos	d6616b7a96cca3835b8ebf5cd7c1f43bfe075db7d6f6bb60506a43f6ecbb4eeb	32
weight	representation.numeric.decimal_number	sample	/Users/hugh/datasets/gittables/whole/test_857.parquet	Viscera Weight	be799c7d55aae1f44a99955f19b3cc4633ed47a1fb10df59524b3312fa9635d1	32
locale	representation.text.word	sample	/Users/hugh/datasets/gittables/show_time/UZXSXFIMFPMO_1.parquet	V25	36b7042dddb3408acc00151859445eeb6db8d596c8a448aa274773cb31ba7e95	32
ua	representation.text.plain_text	sample	/Users/hugh/datasets/gittables/thing/dme_16_feedback.parquet	Answer.Q5FreeTextInput	010893883d46b25b94b4f15b3f4127e9ed598328b5aa29d5ca54d685a4e799d1	32
ua	representation.text.plain_text	sample	/Users/hugh/datasets/gittables/id/5ed83367d7722-ofrecimiento.parquet	Descripción detallada	620339fde04886a637a866aa4a22514206e13287635e1998ba5579299d850c7b	7
weight	representation.text.plain_text	sample	/Users/hugh/datasets/gittables/half_life/NCA_single_dose.parquet	doseamt	2428f4de982400d39d5ab6c95df3991fa3df2f09f2690769f0b0c05dcae44245	32
weight	representation.numeric.decimal_number	sample	/Users/hugh/datasets/gittables/id/trajectory-HMC_2nd-hidden.parquet	weight8	39636049efd712aa536466856c3d233d56185d19b6bdc17406649f9ae30bad63	15
locale	representation.text.word	sample	/Users/hugh/datasets/gittables/living_thing/0141_4.parquet	act_tag	6880958523511b3b12cfdb8a78632b6c558f4daea26b541465ece8478e220ab3	32
ua	representation.text.plain_text	sample	/Users/hugh/datasets/gittables/object/kevinzakka__pytorch-goodies.parquet	code	d3009c3d63e6b881453afe0b51f47f3c7797836046c568a12104c71113791d95	6
ua	representation.text.plain_text	sample	/Users/hugh/datasets/gittables/metabolic_rate/meta_2020-05-30_aw.parquet	comments	5d8276ab42c3929fa3008db9b8ef6374f0b730abe39baaf7128e52ebd0834e35	21
ua	representation.text.plain_text	sample	/Users/hugh/datasets/gittables/respiratory_rate/meta_2020-05-23_aw.parquet	comments	9e2dba26b05aeebc98daf81a7af221a3a6db9246bf49d680b2a95ed91bc3fdbd	20
npi	representation.numeric.integer_number	sample	/Users/hugh/datasets/gittables/id/20210404.parquet	HOME_TEAM_ID	5e39cb353ef6d558ec030322670ea21eab4eaea9d3b7139c96bd9da91df334df	7
ua	representation.text.plain_text	sample	/Users/hugh/datasets/gittables/data_rate/set-classics-lite-analog.parquet	chips_audio_details	2806213b02d76720e7929a5fe28a03a5130f35ded2dc9874de952314369704d1	32
npi	representation.numeric.integer_number	sample	/Users/hugh/datasets/gittables/id/20210313.parquet	VISITOR_TEAM_ID	7d8b9d3d6514b214e0410fc2cb42e7f30825200f5eb2ab5f4d73970d7913095d	8
locale	representation.text.word	sample	/Users/hugh/datasets/gittables/thing/testdata_13.parquet	Herkunftsort TexterIn	3c57e8fbd6c2aff3f98d02204648ba48276e3265c397bc39ec09f6a2e31552dd	32
ua	representation.text.plain_text	sample	/Users/hugh/datasets/gittables/question_time/sample_197.parquet	summary	fb09b48d90db75889a6228c5d41f69640a66f6c1c23abc1687206564a7ee8099	25
weight	representation.numeric.decimal_number	sample	/Users/hugh/datasets/gittables/id/frog_tongue_23.parquet	impact force / body weight	50538d73a1e555b016d9d179c637a5bcf9e28d41dcbb7239eaa87c3bc930de53	32
locale	representation.text.word	sample	/Users/hugh/datasets/gittables/parent/study_demo_wtest2_1.parquet	arrangement	8b1283aa0da9b8d31f408eccacf4573266727274099a5cbbf3156b483d8b6451	32
ua	representation.text.plain_text	sample	/Users/hugh/datasets/gittables/question_time/sw_0783_2622.utt.parquet	parse_tree	80660f8b9de75a104e80d07724afabea41b87ffa2b3d30c8c451fd772bbe0c3f	32
locale	representation.text.word	sample	/Users/hugh/datasets/gittables/whole/sw_1030_2064.utt_11.parquet	act_tag	1d755ca919785d43fb20027158d5f71b0fa5b590b3bce08ac1869368e1bc4f1b	32
weight	representation.numeric.decimal_number	sample	/Users/hugh/datasets/gittables/whole/abalone-3_vs_11-5-1tra.parquet	Shell_weight	73b1f414c61b914546bf0fed900f6c8be22fe61b20f689b145b4157bc22cd1e7	32
height	representation.numeric.integer_number	sample	/Users/hugh/datasets/gittables/quick_time/block_silhouette_survey_Exp2Pilot3_all.parquet	discreteEnvHeight	a3563b5a6e5f1790017afb68e0bcdb40f7c58ac50152b33cda5c5f405e4f89ff	32
weight	representation.text.plain_text	sample	/Users/hugh/datasets/gittables/show_time/dwbfpricesusawin16012016.parquet	EVENT_NAME	f5051526196b1d0e7a3f59c430fa0f37db72d94beb15de178f5a932d017bf131	32
ua	representation.text.plain_text	sample	/Users/hugh/datasets/gittables/half_life/T2_FtMmV2xJwOY_comment.parquet	comment	16135457dd932ba620a0a6c2d44f7dc7933337804b9f4e72f2e45bf3a5c8817d	32
ua	representation.text.plain_text	sample	/Users/hugh/datasets/gittables/metabolic_rate/meta_2020-05-28_aw.parquet	comorbidities	e554bed32b369751b0a9125f0143ba80e917a4eb4f33798c508907dc0552da93	5
locale	representation.text.word	sample	/Users/hugh/datasets/gittables/show_time/KSYVGPDAAMLQ_1.parquet	V25	8ad0f4b809f92e3cb9860cc56203f6fa8fe02386f4281b370a294c468747867b	32
ua	representation.text.plain_text	sample	/Users/hugh/datasets/gittables/rate_of_return/galsang__ABCNN.parquet	code	28c3099e7c92beceae28182233aa363f31b0e11f83306c2995afc9fe85184221	9
ua	representation.text.plain_text	sample	/Users/hugh/datasets/gittables/object/Standards.parquet	Standard Comments	30f74609d41392656c9ae6f9e422420be06715b85b2570103cde799d719f00c1	26
weight	representation.numeric.decimal_number	sample	/Users/hugh/datasets/gittables/then/Test_SetCULocationClimateStationWeightsFromHydroBase_out_ClimateStations.parquet	TEMPERATURE STATION WEIGHT (FRACTION)	4085ff929c75cdfc7badb0c6ff4b1bf3c100cde1238fec7f3b1da2201ecc17a1	6
ua	representation.text.plain_text	sample	/Users/hugh/datasets/gittables/data_rate/devendrachaplot__Neural-Localization.parquet	code	21a64b33edb5cd22290b4455e370aae401f151a19087f71ce733fa602298df65	9
ua	representation.text.plain_text	sample	/Users/hugh/datasets/gittables/whole/E07000084.parquet	Notes	ed5466bb533c4ea2934e8ef404ebd6bd344e169f49f65ebb083e97103ce3d7f1	32
height	representation.text.plain_text	sample	/Users/hugh/datasets/gittables/running_time/ergstick2.parquet	Rest distance	f145f3cba4d5307dab0f4c7b15e3280bbb6024f232ceb6f7471dbabdcc3fb47b	32
locale	representation.text.word	sample	/Users/hugh/datasets/gittables/show_time/DIUHAQYOFWJC_1.parquet	V25	053c5fd5344d399f6da5ac96d242c304e8caf904e790a38fbc4c5220ce9685fd	32
height	representation.text.plain_text	sample	/Users/hugh/datasets/gittables/object/FI1_2005.parquet	Height	0e487201ea29f42fd96832d7c874146620367708e165a1ef4d2b65725bc00e93	32
npi	representation.numeric.integer_number	sample	/Users/hugh/datasets/gittables/id/0021600208_4.parquet	TEAM_ID	3b9963e843313e552cf4b5f4aaff02e2242e2f6206582f81738784f72f602f35	16
ua	representation.text.plain_text	sample	/Users/hugh/datasets/gittables/then/rq2Summary.parquet	Please write your comment that describes the functionality of the above marked code segment.14	8245c0bbac94b0932f032793479c5fda79a328a646ea964742dfa671111835a9	10
ua	representation.text.plain_text	sample	/Users/hugh/datasets/gittables/lead_time/Play_2017-08-10_00-17.parquet	Review Comment	4fcd5247cf3e02261945904899835990b0f37e31cfdc2df0d13c4852a1b411b1	32
ua	representation.text.plain_text	sample	/Users/hugh/datasets/gittables/object/log_236.parquet	message	08f0fc083209d6c8564d12c3c3889dc614b1b681967c16d0af12d3dabbba8ac3	20
locale	representation.text.word	sample	/Users/hugh/datasets/gittables/show_time/SCOLVHTRSSHS_1.parquet	V8	a165cc8a189dd8bb59178aca26722eb4371bf196b85212498a3f25da83f6a3b9	32
ua	representation.text.plain_text	sample	/Users/hugh/datasets/gittables/data_rate/example_data_file.parquet	Q384_17	b9379e7be407131adadd495f060f499ae0eee6789fa7a7ebdea3d12d6f1c4fa7	5
ua	representation.text.plain_text	sample	/Users/hugh/datasets/gittables/running_time/log_12.parquet	message	96b8e73f9d85d36908df44a0e10a35cf4036c93ac86fc414fea978388dc6aabf	20
height	representation.text.plain_text	sample	/Users/hugh/datasets/gittables/parent/controls-lightgun.parquet	last_emulator	d764c41493be10b9577928be150ba5c4efc2eda99545229a80c3c250543f99a5	32
npi	representation.numeric.integer_number	sample	/Users/hugh/datasets/gittables/id/0021900122_4_1.parquet	TEAM_ID	ada9d65c69a7a58dc186061b0047a89410e73257d01b890f72091139d90ab30b	17
ua	representation.text.plain_text	sample	/Users/hugh/datasets/gittables/half_life/sw_0975_3009.utt_15.parquet	parse_tree	69f5bd79f3e8372bf1fe5d16a14011b975f1918a624e80b930cd0780c876c5f1	32
npi	datetime.epoch.unix_seconds	sample	/Users/hugh/datasets/gittables/in_time/2020-09-08_139.parquet	sunsetTime	98935f05c4666da4f2acd766cc723488e5e3269cf2d3355557c26a6eb846efbd	8
ua	representation.text.plain_text	sample	/Users/hugh/datasets/gittables/crime_rate/MattDugal.parquet	Message	65fef60a0baa31d5830056ef507c78780ab0ac2be68c46f234660829a930b7ef	32
ua	representation.text.plain_text	sample	/Users/hugh/datasets/gittables/id/msd_dic.parquet	metadata	f845426e8b52fe0a11a3c0ccb7f233e1908860e576fbb9ea7cb338c0559998db	6
npi	representation.numeric.integer_number	sample	/Users/hugh/datasets/gittables/show_time/whs_IC:R_AND_D_ic_r_and_d_2021-05-03 2.parquet	company_id	8585b15bbbfde7d54ed60a9dc7afaccc3143668c4884336c4181a61b25b5c643	15
weight	representation.text.plain_text	sample	/Users/hugh/datasets/gittables/show_time/dwbfpricesusawin28062014.parquet	EVENT_NAME	580cd31b288b788eb704dc1f2e9b1bd313526c5d1f3c1f3e2563b2621ec632bd	32
ua	representation.text.plain_text	sample	/Users/hugh/datasets/gittables/id/project2_final_order_1.parquet	topic	7c3fbf760ac0b069a7298a98265ce84816800a777f339677dc050f8ecca49d81	21
locale	representation.text.word	sample	/Users/hugh/datasets/gittables/parent/study_demo_wtest_1.parquet	arrangement	73cf9b8102af06be81978ed717d480eb20642cbda1707e73e9b03811c336ab59	32
ua	representation.text.plain_text	sample	/Users/hugh/datasets/gittables/question_time/fc-jira-bug-fix-dataset.parquet	DescriptionTopWords	c0e5c96ea1090253539df3138f2c1e51d1975a2e0c7935ce8c45e9a22bf64aad	32
ua	representation.text.plain_text	sample	/Users/hugh/datasets/gittables/half_life/land-v08-i12.parquet	Abstract/Description	2900c4f98bdfd0384b8da107e680f2e317b6e5b1f6d687f5b6ec5f2f75dc167b	20
locale	representation.text.word	sample	/Users/hugh/datasets/gittables/show_time/KAEAGFRXZQZH_1.parquet	V5	7338afc9668af58195b673afe0ee11b4d97f11b6dc29830d48db7d2ffd72717d	32
locale	representation.text.word	sample	/Users/hugh/datasets/gittables/then/REV.parquet	Management,	97266d8bac6120e3a9f4b5e423a896060d48737a10f678f42623e81f1aad7a27	6
locale	representation.text.word	sample	/Users/hugh/datasets/gittables/thing/grafit_public_article.parquet	events	291871c60ffbf116322c20f0170844d561c1ecaaef9f5b1dd1199095dbbd3aa5	11
ua	representation.text.plain_text	sample	/Users/hugh/datasets/gittables/data_rate/example_data_file.parquet	Q384_7	b9379e7be407131adadd495f060f499ae0eee6789fa7a7ebdea3d12d6f1c4fa7	5
ua	representation.text.plain_text	sample	/Users/hugh/datasets/gittables/data_rate/candidates_1.parquet	Summary	ecca4ce8b433084e9232b53c136341c40b14b65256517b6bf183b82a406410b5	18
locale	representation.text.word	sample	/Users/hugh/datasets/gittables/show_time/RHRQMKXYEHXX_1.parquet	V25	5d2bdfa9756bba124369a60fce8fdbefb82f3019d917f0350b969a51c83c0485	32
ua	representation.text.plain_text	sample	/Users/hugh/datasets/gittables/data_rate/land-v08-i01.parquet	Abstract/Description	d53b78db7f521d6a4c7c7b5b16fe649108d35913593d5175aa0d5831fcf9365f	21
ua	representation.text.plain_text	sample	/Users/hugh/datasets/gittables/data_rate/meta_2020-06-02_aw.parquet	comments	a06e917ee40bd48e7bee3cc4351892cb9a2a1cd812768cad036c5c23fbe732a3	20
ua	representation.text.plain_text	sample	/Users/hugh/datasets/gittables/running_time/sw_0323_2022.utt.parquet	parse_tree	7d1cd9cb08b15429c074e0f820fea92af16757e8d0cfee18f631450c1d6c300d	32
ua	representation.text.plain_text	sample	/Users/hugh/datasets/gittables/data_rate/meta_2020-06-15_aw.parquet	comments	c9aefc88062a5eb1da1f3d7edeeb8d0317bfae468f8f60d487d34546359ecb27	20
locale	representation.text.word	sample	/Users/hugh/datasets/gittables/show_time/TYRWYEIVTUYD_1.parquet	V8	bec976810d6ff747f8d5017cc24dcaf364f5e83fb989e533741729a77f2ec3c1	32
ua	representation.text.plain_text	sample	/Users/hugh/datasets/gittables/quick_time/MW_31_HIDS_3.parquet	data.win.system.message	d85439d22f1743e23ec26cb8402fe376723c0bcf9cdc5bcefbd0891b199ddb51	8
height	representation.text.plain_text	sample	/Users/hugh/datasets/gittables/quick_time/offers_corpus_english_v2_1000_parsed.parquet	height_text	2d045490487ea99f7cc75414e72065e7fbd2cc2d635ca7d880eff29bdd476369	16
ua	representation.text.plain_text	sample	/Users/hugh/datasets/gittables/real_time/sw_0763_3402.utt_12.parquet	pos	2e8d036ddad9ce261b69c8f9d9c5e75fe3fd4686db9ba2591fc1fff39bf04ca1	32
ua	representation.text.plain_text	sample	/Users/hugh/datasets/gittables/id/070747cb51d68682cd9a42e6d3e7887cf1789164006238b4c3bd52d5243307b6_3.parquet	Notes	ad438ceabc6e5c69e7371deac709e7efb4d5ea2c0fe4313c59655cf0e16fe45f	8
ua	representation.text.plain_text	sample	/Users/hugh/datasets/gittables/question_time/sw_0603_2962.utt.parquet	parse_tree	e900a31fe3a972f9992a36626975f55ae087836eeade4190c3d0a43b8208826d	32
ua	representation.text.plain_text	sample	/Users/hugh/datasets/gittables/rotational_latency/export2021.04.09-07.42.03.parquet	Author Affiliations	02e45bc2bd9766473e2f9b73bad7cbca1c7aca54d33db07b7090c2ae98ff73a1	32
weight	representation.numeric.decimal_number	sample	/Users/hugh/datasets/gittables/data_rate/lac_201027.parquet	normed_weight	a32e2136052df8f3d777623644ae46151001670c3062b24606080db7076b8637	24
ua	representation.text.plain_text	sample	/Users/hugh/datasets/gittables/data_rate/woojiahao__pds-analysis.parquet	code	2a55a7367d7371bbd18274fb73f0aac1f0b3f9e593cf5d6a91794710558fdad5	22
height	representation.text.plain_text	sample	/Users/hugh/datasets/gittables/show_time/906104__20160428_165701.parquet	screenHeight	bdacfc3ed11889c43398fd576842e6f6e59c6d1f5da0b5d48bdc2a6a9f9abf67	32
ua	representation.text.plain_text	sample	/Users/hugh/datasets/gittables/whole/Covid_SourceRelevancev1-Task-2057-DataHunt.parquet	target_text	8ae0c62950ee0bc750e6e8e80f8da63371a9c575857c31e6773ec68986b8188b	18
locale	representation.text.word	sample	/Users/hugh/datasets/gittables/show_time/NYTQLHNSJNZQ_1.parquet	V25	8cba20503b85bf775de699a0cc3745b312e685c2ccc93e5e7b47a7785e443f13	32
ua	representation.text.plain_text	sample	/Users/hugh/datasets/gittables/parent/spaces.parquet	Description.note	1768cc388ec371550001976237e6c073e92f2bde99924e579dfe030175bbb0ef	17
locale	representation.text.word	sample	/Users/hugh/datasets/gittables/id/site-column-mappings.parquet	attribute	bdee436e21cfacdab8e556f62a85f4ca76f1e2a19898383030f26a89b9eaff21	16
ua	representation.text.plain_text	sample	/Users/hugh/datasets/gittables/lead_time/sw_0853_2125.utt_1.parquet	parse_tree	3e9cb44b5beec43b762756bcbd1b16d8d6c0fbe004da01d5dfb5a4eab60fdb2b	32
locale	representation.text.word	sample	/Users/hugh/datasets/gittables/show_time/SMYONSDAAPYX.parquet	V5	dbb135137ec804c0ef308149a2bba127a7010a6d70b4d8cabe4dfe6574a1defd	32
ua	representation.text.plain_text	sample	/Users/hugh/datasets/gittables/interim/EmbeddedGraylog.parquet	message	584888ea3b19a77a2124bb1d5ee4760f8d4d4d30070827b0d0f03f7585a8bdc5	26
ua	representation.text.plain_text	sample	/Users/hugh/datasets/gittables/terminal_velocity/stations_utm.parquet	notes	622ca3d71105bb2bd9a1ff24a653e3ec7ba1505c494a2220aa4a4bbec8f91e9b	32
ua	representation.text.plain_text	sample	/Users/hugh/datasets/gittables/question_time/news_temp.0d4f1a5f8f6c.parquet	summary	93bbf25edcd126d9a6c84aca56c1a3d0fd36c291343c8fc6e695192ac79161e9	32
ua	representation.text.plain_text	sample	/Users/hugh/datasets/gittables/data_rate/vithursant__MagnetLoss-PyTorch.parquet	code	8e9d823d45f50aec06ca8ab1219ba0cd1ca2873c6ca9ed59f0199e5037b513dd	17
ua	representation.text.plain_text	sample	/Users/hugh/datasets/gittables/question_time/Covid2.1_Sources-Task-2571-DataHunt.parquet	target_text	4da4c83d6180bb0d03d0ae1ff1d1b90f02be56e7ece58bb2612abe1dc8274c5f	11
weight	representation.text.plain_text	sample	/Users/hugh/datasets/gittables/half_life/NCA_single_dose_1.parquet	clast	e232e46c0c3b30963241a3f7a18c98d5b50c4623f6816347b5f6e373ee5dd09d	32
ua	representation.text.plain_text	sample	/Users/hugh/datasets/gittables/lead_time/vysper-jira-bug-fix-dataset.parquet	DescriptionTopWords	1fd051fa9009e7a26012fc6c838ac5350133e0acaddb66dd7cb05c794f8a6fef	32
height	representation.text.plain_text	sample	/Users/hugh/datasets/gittables/speed_of_light/civil01271.parquet	Court Statute	cb5d3c3411b47b1fe1d065a24394939cdc9a82861e10777bdc0c5ca885a39b5f	32
npi	datetime.epoch.unix_seconds	sample	/Users/hugh/datasets/gittables/id/users_ip.parquet	registration_time	9dc750148810b80bdb7add363b5a4cd9acb035735760478c3a086ed1291e5797	10
height	representation.numeric.decimal_number	sample	/Users/hugh/datasets/gittables/whole/x_test_1.parquet	height_mm	5d2d97aa07296723ea66f7046cacd2e8a1e27dee6e914e93a66eb15115a2ac87	32
height	representation.text.plain_text	sample	/Users/hugh/datasets/gittables/rainy_day/dwbfpricesrsaplace17042016.parquet	MENU_HINT	2ac3c05c0c2406db6f0550dc64c819eb611c856c9f994503a4a415984091ca29	32
weight	representation.numeric.decimal_number	sample	/Users/hugh/datasets/gittables/parent/testprint_tpset_hier.parquet	ProbabilityWeight-zeroToOne	8d75ec2c2bcb1460e467ddb719a2597f2b67419545d2c3d5b74426ada99b1a9f	32
npi	representation.numeric.integer_number	sample	/Users/hugh/datasets/gittables/id/203998_7.parquet	TEAM_ID	92102548a90d2a8241c85880d4f6705af6928a4bbf39c63807171c9ce521f4fd	17
npi	representation.numeric.integer_number	sample	/Users/hugh/datasets/gittables/id/20210514.parquet	VISITOR_TEAM_ID	6d1534e37ad395fbb658f7ff02a11f627a108e0cf6f588e441e3100c118ef27f	8
ua	representation.text.plain_text	sample	/Users/hugh/datasets/gittables/whole/nextstrain_measles_metadata_18.parquet	Labels	aeaf1d4f94e03febc7ed1cfa4a9f6c51c2c9dd784985017ba28c52c3892ea975	32
ua	representation.text.plain_text	sample	/Users/hugh/datasets/gittables/episcopate/tsvInput-2020-06-10.parquet	edition1	ab5de8058f00995f727d1dd37c3485b8e0840a2f9a2f6b2ee1ff3561cff347d5	32
height	representation.numeric.decimal_number	sample	/Users/hugh/datasets/gittables/show_time/CamSites.parquet	height_rough	0c758c9cb9612bfb22c8138bb1e192990ba2096523250542276a3fc4d1bd93a5	32
locale	representation.text.word	sample	/Users/hugh/datasets/gittables/dose_rate/therps_qaqc_3.parquet	description	c4d734181876746e74da239f0347e6f4858e8ac4194767540fc16a8b3dca0e51	32
height	representation.numeric.decimal_number	sample	/Users/hugh/datasets/gittables/id/NEON.D04.GUAN.DP1.10098.001.vst_apparentindividual.2015-08.basic.20190806T155333Z_1.parquet	height	df3b81194e50a330dc61ea0b87021e9863c7866340a88f36b0cbecd0e659494f	16
weight	representation.text.plain_text	sample	/Users/hugh/datasets/gittables/parent/neo4JMockNodeData.parquet	RANK	e93dee25a8c9be351945ead1ba6bc25a7a28a7178c4ea5be5990fed468cbeeb3	32
ua	representation.text.plain_text	sample	/Users/hugh/datasets/gittables/whole/sw_0039_4628.utt_10.parquet	pos	f8485cbe8d0efbfca39d1626e40c1785063ab821ec8133e49635046f78c606df	32
locale	representation.text.word	sample	/Users/hugh/datasets/gittables/show_time/JJBDBMKZVYTF_1.parquet	V26	c8f0945e724cd832a976b153a130e4e2ec5c31b6699ea0ff19ce6e236bbeafd1	32
ua	representation.text.plain_text	sample	/Users/hugh/datasets/gittables/quick_time/vysper-jira-bug-fix-dataset.parquet	CommentsTopWords	f8d6a62cdc63e9cf9e72f22c5cd8f1bb8a702285001eb02a1aa96fe7dc43b3d1	32
ua	representation.text.plain_text	sample	/Users/hugh/datasets/gittables/object/blob.parquet	"var w = $("""	38458d8b7a3d70e75dd191081c93d62a28bd3ab274210008a785893935a1d727	32
weight	representation.text.plain_text	sample	/Users/hugh/datasets/gittables/parent/neo4JMockNodeData.parquet	SPTR_COMMON	e93dee25a8c9be351945ead1ba6bc25a7a28a7178c4ea5be5990fed468cbeeb3	32
locale	representation.text.word	sample	/Users/hugh/datasets/gittables/show_time/342643__20160428_160507.parquet	handedness	5108999d935e62f02633a80b400c78de552630d6fa5e8c7570d6370396fc8737	32
ua	representation.text.plain_text	sample	/Users/hugh/datasets/gittables/then/negative_reviews_4.parquet	I had a chance to check 2 units of it and this is what l found.....<br />1st router was good but it came with a noisy adapter! When connected to power it made sound like a fly.<br />Replaced the item with a new one.<br /><br />2nd router too had the adapter-noise issue along with that it had its own problems like<br />1) weaker signal strength<br />2) Page loading issue.  amazon.in,yahoomail etc were not opening. While these pages were loading without any trouble when I connected LAN cable directly to my laptop.<br /><br />Returned again and waiting for refund :|	4a9a8f26552e15d96f37449ab0fd88d933c12a3585a9fc9143d2c55d1ef0fb69	32
ua	representation.text.plain_text	sample	/Users/hugh/datasets/gittables/show_time/mileycyrus_facebook_statuses_2.parquet	status_message	fa394023fa988719c467452bda47adc67dd9b01ae775e248c9cde607203b9c41	32
locale	representation.text.word	sample	/Users/hugh/datasets/gittables/show_time/NYTQLHNSJNZQ_1.parquet	V5	8cba20503b85bf775de699a0cc3745b312e685c2ccc93e5e7b47a7785e443f13	32
ua	representation.text.plain_text	sample	/Users/hugh/datasets/gittables/thing/sw_0288_2828.utt.parquet	clean_text	1a2f40814cda72c9421b08cd912a5bc428526889b19f34eac65c677b1e72c19d	32
ua	representation.text.plain_text	sample	/Users/hugh/datasets/gittables/lead_time/PBF-Energy.parquet	advice_to_mgmt	11f59e4a47448e4bf45247694ae497df6f364ec47ae2b49d0ca695384f52faf3	32
weight	representation.text.plain_text	sample	/Users/hugh/datasets/gittables/half_life/NCA_single_dose_2.parquet	cmax	03935e75c6d71d624765230691053e6dc6cf46b34f3d23d0ae3d723a83aaadc1	32
weight	representation.text.plain_text	sample	/Users/hugh/datasets/gittables/question_time/dwbfpricesirewin17012014.parquet	EVENT_NAME	d9413c2eb1b6f0ac10e3ced832c99eb660e4c19b9eaddf8d25b14a7f904c08af	32
locale	representation.text.word	sample	/Users/hugh/datasets/gittables/show_time/UGZSZBCIWZVQ_1.parquet	V5	9bb0c3cb6936c0f308f1ef552060d702ec29205dfb9fd92c5484351c1ce17c89	32
weight	representation.numeric.decimal_number	sample	/Users/hugh/datasets/gittables/organism/testInputCredits.parquet	Cumulated weight of active principles of applied pesticides (Enter a numeric value in kg/ha)	52050899bafcfbe05f73cb09e4e2a17497904b99dc7f6605051f159046b857b5	5
ua	representation.text.plain_text	sample	/Users/hugh/datasets/gittables/data_rate/ext-pending-properties_10.parquet	comment	86c797efbb8d8bdda678bd817f0991207e387f735be99c4a96a70fb4e079374f	32
height	representation.numeric.decimal_number	sample	/Users/hugh/datasets/gittables/id/csv-data-import-format.parquet	height	2ff191f6576b72bc56cc68bc15e275206c37994d782ac9aebc269f1269c34ab5	20
height	representation.text.plain_text	sample	/Users/hugh/datasets/gittables/speed_of_light/civil01312.parquet	Court Statute	fe1e9d3c64679836fe65bfbecae95c3baa225bcb93005bd73f607c9f0c2308af	32
height	representation.text.plain_text	sample	/Users/hugh/datasets/gittables/speed_of_light/civil01062.parquet	Initial Statute	3ebcde0dc2d04dc0195044152d85659c173ad01b9c8f8ae6c005d84a6883113b	32
locale	representation.text.word	sample	/Users/hugh/datasets/gittables/thing/sw_1052_3198.utt_11.parquet	act_tag	b4b1d36e3dcccd1147a5252e273d54bbecb88cebec0ef429449ca925a96ef5a5	32
ua	representation.text.plain_text	sample	/Users/hugh/datasets/gittables/quick_time/870_8.parquet	Notes	6cec09afaaf62df9833dee031081c18cdfc8e323e56e175c4959c82d9a96e859	16
weight	representation.text.plain_text	sample	/Users/hugh/datasets/gittables/half_life/NCA_single_dose_2.parquet	auclast	03935e75c6d71d624765230691053e6dc6cf46b34f3d23d0ae3d723a83aaadc1	32
ua	representation.text.plain_text	sample	/Users/hugh/datasets/gittables/data_rate/ADGEfficiency__teaching-monolith.parquet	code	c8cf813a02616495d0f3936db10a0c86e303ac79e7866cde42b420b4aa96adad	14
ua	representation.text.plain_text	sample	/Users/hugh/datasets/gittables/data_rate/example_data_file.parquet	Q384_6	b9379e7be407131adadd495f060f499ae0eee6789fa7a7ebdea3d12d6f1c4fa7	5
ua	representation.text.plain_text	sample	/Users/hugh/datasets/gittables/id/E09000018_1.parquet	DevelopmentDescription	ad555a138f82fd99d8eb0309dda398e316e88401f5fdc1c310712b5555254a19	7
ua	representation.text.plain_text	sample	/Users/hugh/datasets/gittables/dwarf/news_temp.parquet	summary	3666d2d0cfdd005cdf599c4034d8b48a957be8c6f65bfeec134a22c0357a7b17	32
npi	representation.numeric.integer_number	sample	/Users/hugh/datasets/gittables/organism/AssemblyStats.parquet	ungapped_length	6048c1ef9aa7043c5e3c40748bdb4c479045c52552066e0cc2999e56fdf502e3	32
ua	representation.text.plain_text	sample	/Users/hugh/datasets/gittables/thing/sw_0933_2662.utt_5.parquet	parse_tree	fa726859da8c968d25267b636ba6f7ef54aa82e697198817ceda505a3d5ece17	32
ua	representation.text.plain_text	sample	/Users/hugh/datasets/gittables/data_rate/StrangerZhang__SiamFC-PyTorch.parquet	code	35e5572e4c93093186ca62f3645521e5a7285363651bb0ac3da086f4fd1c7e47	14
ua	representation.text.plain_text	sample	/Users/hugh/datasets/gittables/cardiac_output/ACS_UCL.parquet	Data Item Description	261473780f9ed7f98aab4b9e6fa2ad0dce20c41070e90bae1c1d16a42fde9a6d	32
ua	representation.text.plain_text	sample	/Users/hugh/datasets/gittables/object/MOCK_LICENSES_6.parquet	notes	15ee6f2769e0cce70b4331550d0ec1872ffcde8dff114a098ed59d5cf8b28485	32
height	representation.text.plain_text	sample	/Users/hugh/datasets/gittables/data_rate/set-classics-lite-noanalog.parquet	last_emulator	9966c19ccf93faa0f5e5bed4d0d5dddddd85763dae7da3e5437acacbf1876fc3	32
weight	representation.text.plain_text	sample	/Users/hugh/datasets/gittables/id/EPMA_SEM_Part_2.parquet	Blank Method: e.g. single sample, multi-sample weighted mean	23cd2dbdb36234f21b10a11fbc30793f7a3af414ac073a7fce4f9b1c956544d3	8
weight	representation.numeric.decimal_number	sample	/Users/hugh/datasets/gittables/id/frog_tongue_139.parquet	impact force / body weight	67479015a447153f2c27acdb2e740ade95e2e67959ae22cd08c8abaef84f0cab	32
ua	representation.text.plain_text	sample	/Users/hugh/datasets/gittables/data_rate/jakesnell__prototypical-networks.parquet	code	cffebe0d1e75f7e864af6f0f350c28faa88e572cd9dd372f63e9bcd10a060c73	20
ua	representation.text.plain_text	sample	/Users/hugh/datasets/gittables/erythrocyte_sedimentation_rate/metadata_38.parquet	clinical_notes	d34eb5b20ac3b31b86b28302b903a8c86a40341383b488ac7e7a7a4a322aa079	32
locale	representation.text.word	sample	/Users/hugh/datasets/gittables/show_time/JMGPDSMFREWG.parquet	V8	8bfdbc25f22a860cb0aa0ea2de7cdcb919ee3b222f1d63de11d1b9b227866871	32
ua	representation.text.plain_text	sample	/Users/hugh/datasets/gittables/data_rate/ACS_UCL.parquet	National Code	63eb982dc4f5a64da9962b13681717e1bfac741ee3d081d2c654342d8387e10b	32
npi	datetime.epoch.unix_seconds	sample	/Users/hugh/datasets/gittables/in_time/2020-09-08_35.parquet	precipIntensityMaxTime	42232a02debf82ee593b5427fc26fcbbf090f8a4389ba622ea9376ef055ea7cf	8
ua	representation.text.plain_text	sample	/Users/hugh/datasets/gittables/respiratory_rate/meta_2020-05-29_aw.parquet	comorbidities	425ed1a6b6fc3f84af1e71f6ce01e816404ad8a4b55c47e86b220b4f79d5fe3b	5
ua	representation.text.plain_text	sample	/Users/hugh/datasets/gittables/data_rate/meta_2020-05-30_aw.parquet	comorbidities	24e686e97b3fe3dac0cde3afdbff89546bf0be9b37dc4b97ebda37bf3fd34493	5
weight	representation.text.plain_text	sample	/Users/hugh/datasets/gittables/speed_of_light/dwbfpricesusawin14012016.parquet	EVENT_NAME	c379273f66ec4917a1f97b8a6a595d516eb2ec85f5c4b7b4c599752995cc786b	32
locale	representation.text.word	sample	/Users/hugh/datasets/gittables/show_time/342643__20160428_160507.parquet	other2	5108999d935e62f02633a80b400c78de552630d6fa5e8c7570d6370396fc8737	32
locale	representation.text.word	sample	/Users/hugh/datasets/gittables/show_time/HBRWEQBEOSXC_1.parquet	V5	ddcbce4a577c0b28f19e8a8c24380e141dbb6aa5db9f4a16356913c84d424e3d	32
ua	representation.text.plain_text	sample	/Users/hugh/datasets/gittables/whole/sw_0627_3651.utt.parquet	pos	e66cf327008707beac403122c2b779f3b39400fef14658f4600ced4072380649	32
ua	representation.text.plain_text	sample	/Users/hugh/datasets/gittables/respiratory_rate/meta_2020-08-03_aw.parquet	comorbidities	907712b684de86d9cf604376174df129fb12017da88cf710a5600cbd7653a9e7	5
weight	representation.numeric.decimal_number	sample	/Users/hugh/datasets/gittables/id/frog_tongue_25.parquet	impact force / body weight	4d390099d0db854617007f9c66e984c89551e01fbe544d2581685d8274855b4b	32
weight	representation.text.plain_text	sample	/Users/hugh/datasets/gittables/quick_time/offers_corpus_english_v2_1000_parsed.parquet	weight_text	2d045490487ea99f7cc75414e72065e7fbd2cc2d635ca7d880eff29bdd476369	32
ua	representation.text.plain_text	sample	/Users/hugh/datasets/gittables/real_time/sw_1072_3270.utt_11.parquet	pos	416e41bb5beb3b38cf7ca481f68a14bd706ce5463489ac45873f75d673d7e7f3	32
ua	representation.text.plain_text	sample	/Users/hugh/datasets/gittables/lapse/9b7db413319f68ac759d356bf44a62e48e78ab1d7dcaf39b5f68977a5c31df32.parquet	Notes	2af57eddc16d51715c4844605664100426305f8fe9c35d5d64319a5f34d24447	27
locale	representation.text.word	sample	/Users/hugh/datasets/gittables/quick_time/grafit_public_article.parquet	a.5	37d1fadc79121a9b307c02821c6aa6addec465f40cea4fbd67dc94835f985437	17
weight	representation.numeric.decimal_number	sample	/Users/hugh/datasets/gittables/whole/test_857.parquet	Shell Weight	be799c7d55aae1f44a99955f19b3cc4633ed47a1fb10df59524b3312fa9635d1	32
upc	representation.numeric.integer_number	sample	/Users/hugh/datasets/gittables/running_time/test_wrong_header.parquet	Project	1cfcf39cef58cb994d2037e217dab5adc8cb9c3e41b2c24747f3aab5fbaddd93	32
locale	representation.text.word	sample	/Users/hugh/datasets/gittables/show_time/JMQZDMDXTLNU_1.parquet	V25	07194edf7efc55c5991a80ef85cea43e70c56d8bcf0b9267b5b85249ce4a0a79	32
ua	representation.text.plain_text	sample	/Users/hugh/datasets/gittables/real_time/66329615_0_3585856495110277641.tar.gz.parquet	Reason(s)	8b58d25d42570c90df23c180790040bcff956712c9391f86279a09d9f309de7f	32
locale	representation.text.word	sample	/Users/hugh/datasets/gittables/crime_rate/datatypes.parquet	value_type	c03525769b4715c83b22ca7ab5ca48b87d408309f2a887c8074347ad2ff847f3	32
locale	representation.text.word	sample	/Users/hugh/datasets/gittables/then/REV.parquet	the.7	97266d8bac6120e3a9f4b5e423a896060d48737a10f678f42623e81f1aad7a27	5
npi	datetime.epoch.unix_seconds	sample	/Users/hugh/datasets/gittables/in_time/2020-09-08_106.parquet	uvIndexTime	280f0e1e777556370493932d5254e6000b04a6ca4e5917404dc647e60786d491	8
ua	representation.text.plain_text	sample	/Users/hugh/datasets/gittables/half_life/double_check_DRKS_original_results_IRR2%2B3.parquet	publication.value0	b157098c8cba388c8eebb40d6b3e8640adac118e795423fd161e0ce8e88023b5	12
ua	representation.text.plain_text	sample	/Users/hugh/datasets/gittables/living_thing/HCA-Healthcare.parquet	cons	98ea95806547001d40f1dc22c2fe70cb3393ea5c9495cdb1dca6f40f784a7313	32
locale	representation.text.word	sample	/Users/hugh/datasets/gittables/id/dim_fact_table.parquet	id_kpi_desc_fk	257ca42b8e1b2939c82168f57b574fef16b93de953e0884b30da0481fe21db8b	32
weight	representation.text.plain_text	sample	/Users/hugh/datasets/gittables/half_life/NCA_single_dose_2.parquet	doseamt	03935e75c6d71d624765230691053e6dc6cf46b34f3d23d0ae3d723a83aaadc1	32
ua	representation.text.plain_text	sample	/Users/hugh/datasets/gittables/question_time/sw_0047_4339.utt.parquet	parse_tree	74954e3785bef9d5cd21ca74a297de4ea08b456fdf123ca293406e7a5bd9a01b	32
ua	representation.text.plain_text	sample	/Users/hugh/datasets/gittables/organism/2011-04.parquet	Subject	bef1833ea55f662162e080c3ee0dc83ade89a4a1c1b42de7d51ebff69813bc7b	32
ua	representation.text.plain_text	sample	/Users/hugh/datasets/gittables/processing_time/Mac_2k.log_templates_7.parquet	EventTemplate	4d75405007120279ccb68b82c71bb2e1c2967f61e991acc75024dfb8813ce4d1	32
ua	representation.text.plain_text	sample	/Users/hugh/datasets/gittables/then/page4.parquet	reviews__review	9ca35a0b7a0456a646c4aab484d0c5c43923a4e079dfc693b896935a735baff3	10
locale	representation.text.word	sample	/Users/hugh/datasets/gittables/show_time/342643__20160428_172436.parquet	handedness	87b8947746531b863010ed5ffc04de00ff590ce5f05383d78bad76352291604b	32
weight	representation.text.plain_text	sample	/Users/hugh/datasets/gittables/whole/Glacier_Peak_Saturday.parquet	__index_level_30__	ae6d7f22075bd135b180785f3f909dcb4d3bfa7db7beaf4a35e9f873cce2f02b	32
npi	representation.numeric.integer_number	sample	/Users/hugh/datasets/gittables/id/20210404.parquet	VISITOR_TEAM_ID	5e39cb353ef6d558ec030322670ea21eab4eaea9d3b7139c96bd9da91df334df	7
npi	representation.numeric.integer_number	sample	/Users/hugh/datasets/gittables/id/20210329.parquet	HOME_TEAM_ID	3fa398634cdd859af3b16d294096c61ba875c50e48fa85c3ae4a89d84f3fe01b	11
ua	representation.text.plain_text	sample	/Users/hugh/datasets/gittables/then/export2021.03.29-05.59.09.parquet	Author Affiliations	ff2bb785591fbfbc4f6104bdd5ff51a2a065ceb9d8548120db7246cb1d8456f3	8
npi	representation.numeric.integer_number	sample	/Users/hugh/datasets/gittables/id/0021900122_6.parquet	TEAM_ID	1cb50136caf032f1b8c2a9ef4d1cf756dbfba7f06077631b920bc8cb4748e079	24
ua	representation.text.plain_text	sample	/Users/hugh/datasets/gittables/half_life/transport.parquet	Description (50-100 Words)	a7a44951545d996dc5f2613ad875fef3005d11f08c9d28d39951e1d8eaf20577	6
height	representation.numeric.decimal_number	sample	/Users/hugh/datasets/gittables/id/1596111820example.parquet	height	36c93e9613bef1c37b8aa839242eaaa28af2f0f18958c2b75467b9c34f7f481d	20
ua	representation.text.plain_text	sample	/Users/hugh/datasets/gittables/show_time/thry_editor_locale_3.parquet	Binary	aa254b8903a514fdee42e9df7bd0263b599df10074adbb4c84ededdd40df8d51	32
ua	representation.text.plain_text	sample	/Users/hugh/datasets/gittables/object/mac_2k.log_templates_1.parquet	EventTemplate	46ea6a3940688b169c2e6931aab519d907ef8524493f8e04d0c9b6e786693145	32
ua	representation.text.plain_text	sample	/Users/hugh/datasets/gittables/processing_time/EmbeddedGraylog_1.parquet	message	4a24e28cddec80765bf4b02b0668d926085753a33f6e92513a1ee88d4fa42b0b	26
ua	representation.text.plain_text	sample	/Users/hugh/datasets/gittables/object/hitvoice__DrQA.parquet	code	22ff495c79d3221b0c1ad86e12cf067789b4c62c326298a7032b92f3d047fb6d	7
locale	representation.text.word	sample	/Users/hugh/datasets/gittables/lead_time/is-the-school-uniform-a-good-or-bad-idea-_good.parquet	I'd	a45226793f1008209386ac77208eba9c5aa6ab34510b13a449f791bfde339c43	18
ua	representation.text.plain_text	sample	/Users/hugh/datasets/gittables/show_time/celinedion_facebook_statuses_2.parquet	status_message	0abcdb8e1acae8ebce87cc2d2b92c1ad1be0aa94322e0f437d1d246240718409	32
ua	representation.text.plain_text	sample	/Users/hugh/datasets/gittables/data_rate/galsang__ABCNN.parquet	code	6c7184612b4c8f3c52c2362450d4d0c69617218ab408df053ba046fbacf8e569	9
npi	datetime.epoch.unix_seconds	sample	/Users/hugh/datasets/gittables/in_time/2020-09-08_9.parquet	sunsetTime	dba5d37759db3b2ec26c56d800aface080dc413586d62ae393cf2e339dd40f47	8
locale	representation.text.word	sample	/Users/hugh/datasets/gittables/show_time/NYTQLHNSJNZQ_1.parquet	V8	8cba20503b85bf775de699a0cc3745b312e685c2ccc93e5e7b47a7785e443f13	32
ua	representation.text.plain_text	sample	/Users/hugh/datasets/gittables/living_thing/sw_0817_2379.utt_1.parquet	pos	78d3190306e6c2ce7abc8f7bc3ad13752ab1bbbb3e284965cbf55c13e7416da9	32
npi	representation.numeric.integer_number	sample	/Users/hugh/datasets/gittables/id/whs_DIVSR_divsr_2021-05-03.parquet	company_id	14c672a3e7008641aee4d680c7df1c802bc85e2c1f7922b715ae47f378dffdd7	32
ua	representation.text.plain_text	sample	/Users/hugh/datasets/gittables/then/sw_0644_2476.utt_4.parquet	pos	fea19d03ac342c2aeff3763b248236b68c28f979a55dd1c2bf34372ebf3c87d9	32
locale	representation.text.word	sample	/Users/hugh/datasets/gittables/lead_time/ir.model.access_10.parquet	group_id:id	00e42dfd7d1b6b321a3aebfe63fea21b60d184c5dfa68b4a7d8006fa166af61d	32
ua	representation.text.plain_text	sample	/Users/hugh/datasets/gittables/then/test2-input1.parquet	X4	0c5b1ef405324de9fe74078e735098cf4d405695c266d8fe896a0bf790de585f	10
weight	representation.numeric.decimal_number	sample	/Users/hugh/datasets/gittables/whole/abalone-20_vs_8-9-10-5-1tst.parquet	Shucked_weight	c7a3980b201f97b5e04b69afba2f3f6a85fe3a3b93054038ad9710ad207e875f	32
locale	representation.text.word	sample	/Users/hugh/datasets/gittables/show_time/RIFBOUBAJWTF_2.parquet	V8	564941a306100daa755bd42af4c5c62caaa0e514c4c647953aa271cc0b445bff	32
locale	representation.text.word	sample	/Users/hugh/datasets/gittables/terminal_velocity/grafit_public_article.parquet	forgot	ade1a59eb9f815cb1812891b68ccfb91f3ac3fb08fa01c51f9e4b87aaec4c7bf	7
ua	representation.text.plain_text	sample	/Users/hugh/datasets/gittables/show_time/news_temp.parquet	summary	23a4ac2e49e611f0a6f78e9e97da4627d2d25b112a2953978b45c00fd44c56cd	32
weight	representation.numeric.decimal_number	sample	/Users/hugh/datasets/gittables/whole/abalone_app_3.parquet	viscera_weight	0c860bc38aa5ab37db392be7d731097eeb33c64cc60d1d7c47a858ad8e5421c3	32
locale	representation.text.word	sample	/Users/hugh/datasets/gittables/show_time/PBIOJIRVRNDO_1.parquet	V8	9fc3cbaf1a54d93144a721c2c6a74022061f3756369685e3f68801e2f407ee89	32
ua	representation.text.plain_text	sample	/Users/hugh/datasets/gittables/real_time/speakers-data-old-old.parquet	Ali Ahari received his B.Sc. and M.Sc. degrees in Computer Engineering from Sharif University of Technology in 2011 and 2013, respectively. He has been a research assistant at the Chair of Dependable Nano computing at Karlsruhe Institute of Technology and also he has collaborated with the Chair of Embedded Security at Ruhr University as a visiting scholar. Since September 2015 he works as a scientific staff at the Department of Microelectronic System Design (SIM) of the FZI Forschungszetruminformatik in Karlsruhe, Germany.	17d55c9f340df4d55e4f8cb1b4fe72f75567b3f6a3b0155601609b1f100345e1	23
weight	representation.numeric.decimal_number	sample	/Users/hugh/datasets/gittables/id/frog_tongue_142.parquet	adhesive force / body weight	c70ee4588a14c0f97f27ce0b5609b0e9232cb0f3a1f95e9b38b6848fc2d2fd2f	32
ua	representation.text.plain_text	sample	/Users/hugh/datasets/gittables/cardiac_output/ACS_GSTT.parquet	Data Item Description	ae46dde4489e315e6ca7286c8c7a23be83967506c0d51ddb484c5f044950b14d	32
weight	representation.numeric.decimal_number	sample	/Users/hugh/datasets/gittables/id/frog_tongue_25.parquet	adhesive force / body weight	4d390099d0db854617007f9c66e984c89551e01fbe544d2581685d8274855b4b	32
height	representation.text.plain_text	sample	/Users/hugh/datasets/gittables/data_rate/set-classics-lite-analog.parquet	last_emulator	2806213b02d76720e7929a5fe28a03a5130f35ded2dc9874de952314369704d1	32
height	representation.text.plain_text	sample	/Users/hugh/datasets/gittables/object/PL1_2009.parquet	Height	31375d65086e942909f435a21fbe81e49b442883326d5891951e7555ca1e35df	32
ua	representation.text.plain_text	sample	/Users/hugh/datasets/gittables/rotational_latency/export2021.04.08-07.12.00.parquet	INSPEC Non-Controlled Terms	ee9206d66ebfe1a781f3359074769076eda91a3cd8c3412fbb1a3ae4ca116f19	32
ua	representation.text.plain_text	sample	/Users/hugh/datasets/gittables/half_life/QuickenLoans_glassdoor_ratings.parquet	advice_to_mgmt	6fb70c6ca679e355c87d50a1d5c704223f469c9024930d192e9dfb56f085949d	10
ua	representation.text.plain_text	sample	/Users/hugh/datasets/gittables/question_time/export2021.03.29-05.53.35.parquet	Author Affiliations	a52e163dc64a8a55d502c1933c718ba39b978b902fb6727dbe4f4b4aa38aeff3	17
weight	representation.numeric.decimal_number	sample	/Users/hugh/datasets/gittables/id/borough_values.parquet	f_dairy_weight	78d9ddb75996bc41dae810b7d67b776420302aae1083c5816fa2094bc83ebf53	32
locale	representation.text.word	sample	/Users/hugh/datasets/gittables/show_time/IGRDOEYFMEMH.parquet	V8	e38dc56318eec5e6f81291304ddfd0c0fd4c234942b2b6374b71fc4bdeae8249	32
npi	representation.numeric.integer_number	sample	/Users/hugh/datasets/gittables/id/8vs9work_agr.parquet	_id	d5cbb56bc2a23555fc3e5635c343d54075924a1dfe3b20c7f5365a6b19929baf	32
npi	datetime.epoch.unix_seconds	sample	/Users/hugh/datasets/gittables/in_time/2020-09-08_34.parquet	uvIndexTime	3845c7a7d9ee3fe419b8ccc2f5c798507ec22ebca4be7507ba87f8f1bb789f8d	8
ua	representation.text.plain_text	sample	/Users/hugh/datasets/gittables/whole/nextstrain_measles_metadata_11.parquet	Labels	a24e77bb43ce9dc1b01e05cf8ca32831819bbbfed0c5ec292d66b91d5d5609a1	32
ua	representation.text.plain_text	sample	/Users/hugh/datasets/gittables/reaction_time/project2_sketch2_1.parquet	topic	8aafb061b6f6250c7b3e46b056268b687f3e0c3cb40be19dac4440dd3a93b12b	22
ua	representation.text.plain_text	sample	/Users/hugh/datasets/gittables/crime_rate/sw_0760_3291.utt_4.parquet	pos	f08c04ac39f6d3f5bce8d716db1772e27ce88bfbd812cfab6440997bbb0c7335	32
ua	representation.text.plain_text	sample	/Users/hugh/datasets/gittables/object/yunjey__show-attend-and-tell.parquet	code	7b9bd8f7432eb8b9519ea31870c205821b084904c517c62217f74a24224ad95d	9
ua	representation.text.plain_text	sample	/Users/hugh/datasets/gittables/quick_time/Mac_2k.log_templates_11.parquet	EventTemplate	66e0688c0611dabbe4015d29a54067caa664a2afd26914e973833219d9a94413	32
locale	representation.text.word	sample	/Users/hugh/datasets/gittables/living_thing/reviews_sc1.parquet	forests,	0c8f64985a4ed2f340ebea2a36682118c9c51bc336fb90f8615f77ab12d3f701	32
weight	representation.numeric.decimal_number	sample	/Users/hugh/datasets/gittables/rate_of_return/summary_stats.parquet	Weighted Average Shares Growth	55cd066c93d09750544be68d96276688a4858e39b2098bea37455bd2afdc18bf	11
locale	representation.text.word	sample	/Users/hugh/datasets/gittables/show_time/BIHPZEUDOGDI.parquet	V5	3f85fd3725efc9f2d76291160233c71e5f6224031ad9e5cdca60444bf07977d5	32
ua	representation.text.plain_text	sample	/Users/hugh/datasets/gittables/show_time/Cpm_Component_Package__c_1.parquet	Description__c	1f8d1b2733abb6d2f5ae6573400b84ee47c99716b9982a1f98c778806de22455	32
ua	representation.text.plain_text	sample	/Users/hugh/datasets/gittables/whole/eb826f00e01b45dc51b4f179fc13c3f0b10230350b5133ff84f819ef8dd12ce0_5.parquet	Notes	ca5fa96df9b391096b5674b378f0533a27903e8a7b8bee4a2d39ea48a91424fd	32
ua	representation.text.plain_text	sample	/Users/hugh/datasets/gittables/object/log_232.parquet	message	43e3d1714a5e0097e92f18a387113e6bec64b4ef69810e091f7b1775ff7337ef	20
locale	representation.text.word	sample	/Users/hugh/datasets/gittables/show_time/HMIYBCOZVQNG_2.parquet	V8	9518d29f520aee38075d35b74ea08efd9ea99d15eeb9f7f9368625b54165a0d3	32
ua	representation.text.plain_text	sample	/Users/hugh/datasets/gittables/whole/0259cede12dc82d0c4cef68f444d2a1ae3a3d718787f8cdb8ff1fc05243ae004_5.parquet	Notes	7fab1da1a88f211ad29436214c5ab7866f7115d78bdde418f4b1ec31dbc34a41	32
locale	representation.text.word	sample	/Users/hugh/datasets/gittables/id/study_test_en_mk2_1.parquet	arrangement	e8f4bebf5831b8a6d5b4544b920cae63b7bf3bf34f9437028d38eca7de492da5	11
npi	representation.numeric.integer_number	sample	/Users/hugh/datasets/gittables/id/20210509.parquet	VISITOR_TEAM_ID	fd0c3a7057538c21a1669f6a15ed4109fd4b8debd0929ac02a8c105731c41a11	8
locale	representation.text.word	sample	/Users/hugh/datasets/gittables/processing_time/population0_2017-06-26-111013.parquet	response time:defaultUsageScenario	21a1e5850d2ae418b40452f660f687461e0903006024c7951ef143e41c5b8645	32
npi	representation.numeric.integer_number	sample	/Users/hugh/datasets/gittables/id/20210329.parquet	VISITOR_TEAM_ID	3fa398634cdd859af3b16d294096c61ba875c50e48fa85c3ae4a89d84f3fe01b	11
ua	representation.text.plain_text	sample	/Users/hugh/datasets/gittables/processing_time/australia.parquet	desc	653f7678c0a3d78d771fe1ea3957388ed1e74f6d6473aa5e6262468107213ea5	32
height	representation.text.plain_text	sample	/Users/hugh/datasets/gittables/object/MAL1_2011.parquet	Height	b4e49b1f7858715898f4788058686c7bd1d5d0bf833216d1b5f81e2ec63e3b7b	32
locale	representation.text.word	sample	/Users/hugh/datasets/gittables/dead_air/train_22.parquet	__index_level_212__	5d7fee32fa0212d2e93edbd4d6dfffa35864e7c31b7a5b0ff2b2fdce9e84dce3	5
height	representation.text.plain_text	sample	/Users/hugh/datasets/gittables/half_life/NCA_single_dose_1.parquet	vz_f_obs	e232e46c0c3b30963241a3f7a18c98d5b50c4623f6816347b5f6e373ee5dd09d	32
npi	representation.numeric.integer_number	sample	/Users/hugh/datasets/gittables/id/0021900202_3_1.parquet	TEAM_ID	64043d66b5f1d3386d595dbfe5e0581e065334d1eecc134b4bcd0bd90f0d2141	18
weight	representation.numeric.decimal_number	sample	/Users/hugh/datasets/gittables/speed_of_light/Dark%20Souls%202%20Armor%20-%20Arms.parquet	Weight	68bf607b702213873013247581a72fa786e520c66c1953129d47ef9ce1580857	32
locale	representation.text.word	sample	/Users/hugh/datasets/gittables/show_time/SFKFTVLJMGJJ.parquet	V25	81fd58872a24112d14572d314fb59b4b2499a98f02ea78c4f9cfee4bbaec0c77	32
ua	representation.text.plain_text	sample	/Users/hugh/datasets/gittables/lead_time/Play_2017-08-09_23-55.parquet	Review Comment	fa2bc7f6f47d9c22eaa6dee0b1f1fa97439b625b91438ce56885c1ab683de5af	32
weight	representation.numeric.decimal_number	sample	/Users/hugh/datasets/gittables/whole/abalone-20_vs_8-9-10-5-1tst.parquet	Viscera_weight	c7a3980b201f97b5e04b69afba2f3f6a85fe3a3b93054038ad9710ad207e875f	32
ua	representation.text.plain_text	sample	/Users/hugh/datasets/gittables/respiratory_rate/meta_2020-05-30_aw.parquet	comorbidities	bda013f101b5b00c4b2ca3931dcde1bd6b95843056f26852f307663288cf993b	5
npi	datetime.epoch.unix_seconds	sample	/Users/hugh/datasets/gittables/in_time/2020-09-08_139.parquet	uvIndexTime	98935f05c4666da4f2acd766cc723488e5e3269cf2d3355557c26a6eb846efbd	8
ua	representation.text.plain_text	sample	/Users/hugh/datasets/gittables/then/2011-06.parquet	Subject	5d44af9dad2be55d3781da5e5316f479314c84c3054130c5785d23ecce22def3	32
ua	representation.text.plain_text	sample	/Users/hugh/datasets/gittables/data_rate/r9y9__tacotron_pytorch.parquet	code	20c530dca11f68982af1c6c3eb4e3d04059936a8b34010189d3fb017a09f56cd	9
locale	representation.text.word	sample	/Users/hugh/datasets/gittables/show_time/NUJERVHBUXZC_1.parquet	V5	6e4c4bc84a9efabfc5c0a66a9758afb5d4ebbfb2b9420864a3138c887139ce0d	32
height	representation.numeric.decimal_number	sample	/Users/hugh/datasets/gittables/whole/abalone-20_vs_8-9-10-5-1tst.parquet	Height	c7a3980b201f97b5e04b69afba2f3f6a85fe3a3b93054038ad9710ad207e875f	32
locale	representation.text.word	sample	/Users/hugh/datasets/gittables/real_time/sw_0663_3225.utt_1.parquet	act_tag	f0dae7202da462d4ea0721d2f8deff08d97c10839c800ccc30b28528a96565f3	32
locale	representation.text.word	sample	/Users/hugh/datasets/gittables/show_time/NUJERVHBUXZC_1.parquet	V8	6e4c4bc84a9efabfc5c0a66a9758afb5d4ebbfb2b9420864a3138c887139ce0d	32
ua	representation.text.plain_text	sample	/Users/hugh/datasets/gittables/lead_time/train1_2.parquet	Complaint	01ed2b0c933ad7eb7c1cc531fc2f314e0ec4a381169ed6bcf6520d4c2750a4a7	32
ua	representation.text.plain_text	sample	/Users/hugh/datasets/gittables/then/sw_0763_3402.utt_5.parquet	pos	d741b35de493257f2c336f3db8f39615dd86dae86138d033324f01302b9cd845	32
weight	representation.text.plain_text	sample	/Users/hugh/datasets/gittables/half_life/NCA_single_dose_1.parquet	auclast	e232e46c0c3b30963241a3f7a18c98d5b50c4623f6816347b5f6e373ee5dd09d	32
ua	representation.text.plain_text	sample	/Users/hugh/datasets/gittables/crime_rate/sw_0760_3291.utt_8.parquet	pos	3cefaf13da6142c5a06ea9ba50d735d9a181b42845da786a97fb5f49d5ad2969	32
ua	representation.text.plain_text	sample	/Users/hugh/datasets/gittables/growth_rate/metadata_11.parquet	doi	b25fb4601d375e181fdb75b2b32b311085879f722e250601a0435e187a3635ff	9
height	representation.numeric.decimal_number	sample	/Users/hugh/datasets/gittables/whole/x_valid.parquet	height_mm	0702aa6a76683e9e2ddc38818e09767bc0d91148b32870559cd292807dfa47f1	32
npi	datetime.epoch.unix_seconds	sample	/Users/hugh/datasets/gittables/in_time/2020-09-08_81.parquet	sunriseTime	d5abf6d3ba361f67895ef142d1fcea2bd2aed744b5cf7c44c01c8a8068667693	8
height	representation.text.plain_text	sample	/Users/hugh/datasets/gittables/show_time/906104__20160429_060923.parquet	screenHeight	5c61c7ece20ee33b5ef8db1d63cb93e9e2cd71038889fb3d7a692a8dffbce847	32
locale	representation.text.word	sample	/Users/hugh/datasets/gittables/quick_time/grafit_public_article.parquet	events	37d1fadc79121a9b307c02821c6aa6addec465f40cea4fbd67dc94835f985437	11
ua	representation.text.plain_text	sample	/Users/hugh/datasets/gittables/whole/page5.parquet	reviews__review	fe1dfba416521f39ec78c985d192abbd44bf20dd6209210652e4e0ecfb3fac0f	10
weight	representation.text.plain_text	sample	/Users/hugh/datasets/gittables/real_time/dwbfpricesusawin20022013.parquet	EVENT_NAME	04b1252953719fd30b4802a8668ddc91b4c6a249e0caa44685e2129ba1a8300b	32
npi	datetime.epoch.unix_seconds	sample	/Users/hugh/datasets/gittables/in_time/Reviews_Only_Top_10_Records.parquet	Time	3d8d419dbc9198789cfe42e018de0480bc100c41e5113f23dc833dba51ee9a73	10
npi	datetime.epoch.unix_seconds	sample	/Users/hugh/datasets/gittables/in_time/2020-09-08_26.parquet	uvIndexTime	3faabd49a40c43b3084f0c198b20da3799b2ff7cc0bd2c6fd54ceecb2bb9de75	8
ua	representation.text.plain_text	sample	/Users/hugh/datasets/gittables/show_time/news_temp.0d4f1a5f8f6c.parquet	summary	9fc28f783deb8c1a522508326a7d067f156fe5aa5ff2d13babc44f417319ef2d	32
ua	representation.text.plain_text	sample	/Users/hugh/datasets/gittables/growth_rate/LynnHo__CycleGAN-Tensorflow-2.parquet	code	b27051c2522963da7e8befb0199fdba94087bdc613b70d0136df538e36af73af	25
weight	representation.text.plain_text	sample	/Users/hugh/datasets/gittables/real_time/dwbfpricesusawin03022015.parquet	EVENT_NAME	a7310945b1991d4698e0a392633177fce66bc9f4846db96efa8b2e1335897105	32
ua	representation.text.plain_text	sample	/Users/hugh/datasets/gittables/erythrocyte_sedimentation_rate/covid_trials_org_table_2020_04_27.parquet	Outcome	be8fa36db20a0cdc6d2c276dd9fda160c92db7070e4ae024fa2604c7f9dbc32f	32
ua	representation.text.plain_text	sample	/Users/hugh/datasets/gittables/show_time/compiled.parquet	A NUMBER OF OPERATIONAL LAND USE-TRANSPORTATION MODELS MAKE USE OF SPATIAL INPUT-OUTPUT (SIO) MODELS, SOME OF WHICH ARE BASED ON RANDOM-UTILITY THEORY. THE RANDOM-UTILITY-BASED MULTIREGIONAL INPUT-OUTPUT (RUBMRIO) MODEL HAS BEEN SOLVED IN PRACTICE BY ITERATIVELY APPLYING A SET OF EQUATIONS. EACH OF THE MODEL EQUATIONS DESCRIBES RELATIONSHIPS AMONG KEY MODEL VARIABLES. THIS PAPER EXAMINES THE EXISTENCE AND UNIQUENESS OF THE RUBMRIO SOLUTION, WHICH REPRESENTS THE SPATIAL ALLOCATION OF PRODUCTIVE ACTIVITIES AND COMMODITY FLOWS. FORMULATING THE SET OF EQUATIONS AS A FIXED-POINT PROBLEM ILLUMINATES THESE TWO KEY PROPERTIES, AND PROVIDES A GENERAL SOLUTION ALGORITHM. SEVERAL NUMERICAL EXAMPLES ILLUSTRATE THE SOLUTION UNIQUENESS AND ALGORITHM CONVERGENCE. THESE RESULTS ARE VALUABLE FOR EFFICIENT APPLICATION OF SUCH MODELS TO LARGE-SCALE PROBLEMS. BY PROVING THAT A UNIQUE SOLUTION DOES EXIST AND OFFERING AN ALGORITHM THAT IS GUARANTEED TO CONVERGE, THIS WORK ADDS VALUABLE SUPPORT TO THE GROWING POPULARITY OF THIS INTEGRATED TRANSPORTATION-LAND USE MODELING FRAMEWORK. (C) 2004 ELSEVIER LTD. ALL RIGHTS RESERVED.	0eac687346f0b1defa61fdf439b8c85eac1fe3e89cc3011e958521888e5764cb	15
ua	representation.text.plain_text	sample	/Users/hugh/datasets/gittables/half_life/indirect-answers.input.parquet	Question	09f3a66e6dbda019bc8d471dfe2a53a07ed8f11299416978200f93525fe34c17	32
locale	representation.text.word	sample	/Users/hugh/datasets/gittables/show_time/VWAKMJUKWPUH.parquet	V8	65eb590935d5e216aee9d294411d64aeb65f941780f1dc7c10439dcfaa55ee95	32
ua	representation.text.plain_text	sample	/Users/hugh/datasets/gittables/growth_rate/nextstrain_measles_metadata_4.parquet	Labels	618b4cc0fa77302521aaba9a763f482ad362ce083d89fc7b059bf2af105482c7	32
ua	representation.text.plain_text	sample	/Users/hugh/datasets/gittables/data_rate/fan_network_dump_13.parquet	__index_level_19__	d2e54a64dcffd1a177d1718fcdaec4f30ecb7fc579174d266b76fe5316c9b21f	32
ua	representation.text.plain_text	sample	/Users/hugh/datasets/gittables/half_life/entrezpubmed-student_suicide.parquet	Affiliation	ad926108854b4404d21f15ac232a858f561d7b45f0b37365fb8bb5ce22f2c683	28
ua	representation.text.plain_text	sample	/Users/hugh/datasets/gittables/data_rate/kevinzakka__nca.parquet	code	79b60613b8be8c3a06dfd481ef8d362427207da599e66b2d981490fb7aad9115	5
locale	representation.text.word	sample	/Users/hugh/datasets/gittables/show_time/ANUHEGFSFGLX_1.parquet	V25	11e2ef1d4474a155d106e9645508cebf1a63b75d59324cb435f1e18f78f7e1ad	32
ua	representation.text.plain_text	sample	/Users/hugh/datasets/gittables/physical_entity/2010-11.parquet	SUBJECT	cf6301984fe22fceefc70b64771b643421a31ed8d6e16f4848fe473145dad067	32
weight	representation.numeric.decimal_number	sample	/Users/hugh/datasets/gittables/id/frog_tongue_10.parquet	impact force / body weight	1830e1ed4a96f4c2cae70840436b6674f506345bc084dd0e2b6a86b7163187cb	32
locale	representation.text.word	sample	/Users/hugh/datasets/gittables/show_time/ZYBXBYRYFZPP_1.parquet	V8	68af232816fac2e2f768b06b0f0605955f0c15671a4fe7104a5a3c1549b84cb9	32
locale	representation.text.word	sample	/Users/hugh/datasets/gittables/show_time/VSJHEYXETREA_2.parquet	V8	7c589ebfde121183068884e122d5a7beb5afa680d23e4e2e2de894acf95122f5	32
npi	datetime.epoch.unix_seconds	sample	/Users/hugh/datasets/gittables/in_time/2020-09-08_81.parquet	uvIndexTime	d5abf6d3ba361f67895ef142d1fcea2bd2aed744b5cf7c44c01c8a8068667693	8
locale	representation.text.word	sample	/Users/hugh/datasets/gittables/show_time/UZXSXFIMFPMO_1.parquet	V5	36b7042dddb3408acc00151859445eeb6db8d596c8a448aa274773cb31ba7e95	32
ua	representation.text.plain_text	sample	/Users/hugh/datasets/gittables/whole/Covid_Evidencev1-Task-2191-DataHunt.parquet	target_text	e1fcdba56d1a4b72890f45d5f6ec20982ef0e5431bceae185404b95cfc5d0811	13
ua	representation.text.plain_text	sample	/Users/hugh/datasets/gittables/id/actions_23.parquet	actionDescription	19b099609fc5c981706cb66fc3fa576a56aa2efb0f43b84681c5b61e9fe2acfd	10
ua	representation.text.plain_text	sample	/Users/hugh/datasets/gittables/id/FabrikamComments.parquet	comment	1d1ccb90a508abc72a30e0d433bad529870405f39c1ab8ad33a2f7a63dcbce35	20
ua	representation.text.plain_text	sample	/Users/hugh/datasets/gittables/physical_entity/2011-02.parquet	Subject	e828ebf85888391add40ded6d3244646eb4940099e93dd7bb16fcd6042a4a26d	32
height	representation.text.plain_text	sample	/Users/hugh/datasets/gittables/running_time/ergstick2.parquet	Piece distance	f145f3cba4d5307dab0f4c7b15e3280bbb6024f232ceb6f7471dbabdcc3fb47b	32
ua	representation.text.plain_text	sample	/Users/hugh/datasets/gittables/real_time/A.J._Hildebrand_1_reviews.parquet	rComments	639009c8a42aac42ba530353156bd14cc6a9c8991143cc3b5f23d23468475135	20
ua	representation.text.plain_text	sample	/Users/hugh/datasets/gittables/quick_time/Cpm_Component_Package__c.parquet	Description__c	ee78f407f60108a1b5a070a325a4b8acc19f8d1e7f95fef58e4a1175d1463451	32
ua	representation.text.plain_text	sample	/Users/hugh/datasets/gittables/episcopate/test1.parquet	translation1	15389624b8736b6e1a8552748e2db6e5ffada4fccb7e27065282a2da28f7a2e9	32
ua	representation.text.plain_text	sample	/Users/hugh/datasets/gittables/thing/ftpserver-jira-bug-fix-dataset.parquet	DescriptionTopWords	37f2f823c435ea58ef7d089feae395b8608603c9595a806f41011e57d1ece5a7	32
ua	representation.text.plain_text	sample	/Users/hugh/datasets/gittables/cease/5b49dcaf1be010a126e9ef9a03723aa9e2aca5df2e1ef5a527c6d2655b967fe3_5.parquet	Notes	d13dba1222d13d2af12a9255c2b3a7099785e76c4f08cbb4e4bec3d77088e9d7	32
ua	representation.text.plain_text	sample	/Users/hugh/datasets/gittables/data_rate/MBA-courses.parquet	__index_level_2__	03bb86caba4520fc6a661c3d2d7923bfbc89422092e62a48ba2b2d5cec072cbb	32
ua	representation.text.plain_text	sample	/Users/hugh/datasets/gittables/object/rq2Summary.parquet	Please write your comment that describes the functionality of the above marked code segment.14	fd316d08f66b1200906051a30b3b5c359813568f5ca23a0c3a68d1cf275cdb23	10
ua	representation.text.plain_text	sample	/Users/hugh/datasets/gittables/data_rate/ext-pending-properties_3.parquet	comment	72fac7940d9639e06147106a56160d7ab49e82f7732104029af31bc651ccaefb	32
locale	representation.text.word	sample	/Users/hugh/datasets/gittables/living_thing/testdata_2.parquet	Herkunftsort KomponistIn	c13ada7ebed19baa36f35fd249d13b82b66c3298af8eceda89348dd9503514cf	32
ua	representation.text.plain_text	sample	/Users/hugh/datasets/gittables/half_life/Covid_Evidencev1-Task-2191-DataHunt.parquet	target_text	fc7d8769bbe05570b581e2f01ef9b9a5bb88bea5f8579941b5d2abfe02675f5b	13
ua	representation.text.plain_text	sample	/Users/hugh/datasets/gittables/data_rate/kentsommer__pytorch-value-iteration-networks.parquet	code	3bc09a1c7e2ebd664d546bb6e50c686f2970b038515308cc0a2309645f198f59	12
weight	representation.numeric.decimal_number	sample	/Users/hugh/datasets/gittables/speed_of_light/Dark%20Souls%202%20Armor%20-%20Chest.parquet	Poise/Weight	f07ea96324a0e170aeb97aa4d446ffd0db2489e09be2d2ff361c49d04df8aa31	32
weight	representation.text.plain_text	sample	/Users/hugh/datasets/gittables/half_life/NCA_single_dose.parquet	clast	2428f4de982400d39d5ab6c95df3991fa3df2f09f2690769f0b0c05dcae44245	32
weight	representation.text.plain_text	sample	/Users/hugh/datasets/gittables/id/EPMA_SEM_Part_2.parquet	Normalization Method: e.g. single sample, multi-sample weighted mean	23cd2dbdb36234f21b10a11fbc30793f7a3af414ac073a7fce4f9b1c956544d3	14
locale	representation.text.word	sample	/Users/hugh/datasets/gittables/show_time/JMSOQGHNFMYO_1.parquet	V25	44197c6b59893c511de5e4ad0f66647f14f1dba5c7d3f19af89249c00b71ee85	32
ua	representation.text.plain_text	sample	/Users/hugh/datasets/gittables/show_time/sw_0626_3596.utt.parquet	parse_tree	206ef99883a26dd4a3349104868403ce056ad89c9dd68490e152dab82ea395eb	32
locale	representation.text.word	sample	/Users/hugh/datasets/gittables/show_time/XWYLFEBQEDDW_2.parquet	V25	7c024af30db9e74d121d9979a13f4bfbd1348cb76b42adcea671c4c91ec53f31	32
ua	representation.text.plain_text	sample	/Users/hugh/datasets/gittables/quick_time/speakers-data-old-old.parquet	Ali Ahari received his B.Sc. and M.Sc. degrees in Computer Engineering from Sharif University of Technology in 2011 and 2013, respectively. He has been a research assistant at the Chair of Dependable Nano computing at Karlsruhe Institute of Technology and also he has collaborated with the Chair of Embedded Security at Ruhr University as a visiting scholar. Since September 2015 he works as a scientific staff at the Department of Microelectronic System Design (SIM) of the FZI Forschungszetruminformatik in Karlsruhe, Germany.	1869b6924227151e683d4021c616ec74a6909d632cb0e13373301cef14a11dff	23
ua	representation.text.plain_text	sample	/Users/hugh/datasets/gittables/safe_period/March.parquet	Subject	4496cdacc0fc24ce4113f0bd0f0cedbef617d2f84a5ec2440ba1dd286593890b	32
height	representation.text.plain_text	sample	/Users/hugh/datasets/gittables/show_time/551929__20160428_165553.parquet	screenHeight	b0534eda7ba8452d4e37c762adbe41ca83bddbe20ed7621fb9c8b050459afb59	32
ua	representation.text.plain_text	sample	/Users/hugh/datasets/gittables/growth_rate/nextstrain_measles_metadata_24.parquet	Labels	78d329c9dc81c022a3ace8be1250dd7326eec9b7f0663f241a1cd59b5d7a6639	32
ua	representation.text.plain_text	sample	/Users/hugh/datasets/gittables/data_rate/set-classics-lite-noanalog.parquet	chips_audio_details	9966c19ccf93faa0f5e5bed4d0d5dddddd85763dae7da3e5437acacbf1876fc3	32
ua	representation.text.plain_text	sample	/Users/hugh/datasets/gittables/data_rate/example_data_file.parquet	Q384_2	b9379e7be407131adadd495f060f499ae0eee6789fa7a7ebdea3d12d6f1c4fa7	5
npi	representation.numeric.integer_number	sample	/Users/hugh/datasets/gittables/id/0021900202_2.parquet	TEAM_ID	15fa74cd30ecc3367299defa32b10b588a3947224d766ca80fa26768098bae6b	19
height	representation.text.plain_text	sample	/Users/hugh/datasets/gittables/half_life/NCA_single_dose_1.parquet	vz_f_pred	e232e46c0c3b30963241a3f7a18c98d5b50c4623f6816347b5f6e373ee5dd09d	32
npi	datetime.epoch.unix_seconds	sample	/Users/hugh/datasets/gittables/in_time/2020-09-08_26.parquet	sunsetTime	3faabd49a40c43b3084f0c198b20da3799b2ff7cc0bd2c6fd54ceecb2bb9de75	8
locale	representation.text.word	sample	/Users/hugh/datasets/gittables/show_time/342643__20160428_160507.parquet	screenWidth	5108999d935e62f02633a80b400c78de552630d6fa5e8c7570d6370396fc8737	32
locale	representation.text.word	sample	/Users/hugh/datasets/gittables/show_time/SFKFTVLJMGJJ.parquet	V8	81fd58872a24112d14572d314fb59b4b2499a98f02ea78c4f9cfee4bbaec0c77	32
npi	representation.numeric.integer_number	sample	/Users/hugh/datasets/gittables/id/20210502.parquet	VISITOR_TEAM_ID	78fa5daea05712683d8f0a62229d4222c03f85a378425cd84668b92f446f4533	8
ua	representation.text.plain_text	sample	/Users/hugh/datasets/gittables/lead_time/double_check_DRKS_original_results_IRR2%2B3.parquet	intervention.value0	cc814e3b05a92e4e5bdd6f4fc56eb9224e60abbc8d0b3d1174501dc3698ea149	26
ua	representation.text.plain_text	sample	/Users/hugh/datasets/gittables/object/MOCK_LICENSES_4.parquet	notes	9ecdfb6eb8afec7664c6b8264e1d7e8501c786dce117deb31bd347aa189539b3	32
ua	representation.text.plain_text	sample	/Users/hugh/datasets/gittables/half_life/Complete_UAlberta_MechanicalEngineering_Courses.parquet	Course Description	199f3355dfd1d017829b005f954b8960d50d2b6169523ed028af73f0ab4f452f	32
ua	representation.text.plain_text	sample	/Users/hugh/datasets/gittables/metabolic_rate/meta_2020-06-12_aw.parquet	comorbidities	b7a0d722dd5b962a8227454490fcb1cbf6566504c43cb5e206cca774238cc4c7	5
ua	representation.text.plain_text	sample	/Users/hugh/datasets/gittables/data_rate/descriptinc__melgan-neurips.parquet	code	809039e9910076efe8afdb496242c218019c4d4c305d2f405e4d036c10b974e5	8
ua	representation.text.plain_text	sample	/Users/hugh/datasets/gittables/data_rate/quality-90.parquet	chips_audio_details	3ef45ae1094f948c6ed17dafbcf28f073ef2f720851a7275afe065b94c3810b5	32
ua	representation.text.plain_text	sample	/Users/hugh/datasets/gittables/growth_rate/sentiment_24.parquet	values	8b9b45abd572dad03189956fa96473b5fc6a21b2294715296bf8c4ee75024ed7	32
weight	representation.numeric.decimal_number	sample	/Users/hugh/datasets/gittables/organism/testInputCredits.parquet	Yield (fresh weight in t/ha)	52050899bafcfbe05f73cb09e4e2a17497904b99dc7f6605051f159046b857b5	5
ua	representation.text.plain_text	sample	/Users/hugh/datasets/gittables/lapse/9b7db413319f68ac759d356bf44a62e48e78ab1d7dcaf39b5f68977a5c31df32_5.parquet	Notes	db9de3a679347eb24d119fcd5d480b37096349f3f1f997049d7b307e5b126171	27
npi	representation.numeric.integer_number	sample	/Users/hugh/datasets/gittables/id/0021600208_4_1.parquet	TEAM_ID	62ddf04b636e9f4a0cc4762a8719b7b4b2cd67599672b35b9e6665d3e52bfbef	16
ua	representation.text.plain_text	sample	/Users/hugh/datasets/gittables/quick_time/MW_31_HIDS_3.parquet	full_log	d85439d22f1743e23ec26cb8402fe376723c0bcf9cdc5bcefbd0891b199ddb51	10
weight	representation.numeric.decimal_number	sample	/Users/hugh/datasets/gittables/organism/inputFileCroazia.parquet	Yield (fresh weight in t/ha)	a0e567a6ca3e01ab365b8a3a9fe454f63fcee25bd43c5304b058bca4a06083cb	16
ua	representation.text.plain_text	sample	/Users/hugh/datasets/gittables/cardiac_output/ACS_UCL.parquet	National Code	261473780f9ed7f98aab4b9e6fa2ad0dce20c41070e90bae1c1d16a42fde9a6d	32
ua	representation.text.plain_text	sample	/Users/hugh/datasets/gittables/growth_rate/nextstrain_measles_metadata_10.parquet	Labels	b4dbb4545487542352e7a97f11a5fa96fed3f9f1e6a7bfa6fb3c3d88a73dc03f	32
weight	representation.text.plain_text	sample	/Users/hugh/datasets/gittables/show_time/dwbfpricesusawin19022016.parquet	EVENT_NAME	38cea8f8f9a1b10b169602e8d03f2ed5fe766273bb51039890787cc31d2327c3	32
ua	representation.text.plain_text	sample	/Users/hugh/datasets/gittables/physical_entity/2011-05.parquet	Subject	37c8b1962bbcc87962d20652bc5d792fd55207eec6110de88a7d8cf0637e8dcd	32
ua	representation.text.plain_text	sample	/Users/hugh/datasets/gittables/cease/April.parquet	Subject	2367409d83e7224a3e7d2f11819290730c49f0a87e544349b695701f91f5ee8b	32
ua	representation.text.plain_text	sample	/Users/hugh/datasets/gittables/data_rate/mk43__python-practice.parquet	code	b8761ca35f09682c18a3a9810dc1aa5520c870f34b9e86ee03aae91219289a75	20
npi	representation.numeric.integer_number	sample	/Users/hugh/datasets/gittables/id/0022000168_3.parquet	TEAM_ID	088abbab669cbd2f2804d6cb050ed0a47ddcea2a1b63ad0afcc60915bf825ffd	17
ua	representation.text.plain_text	sample	/Users/hugh/datasets/gittables/lead_time/CHM-courses.parquet	CHM 201L	8f2b79fa95369aec973db3625ceeb0b7fedbd5c270188c32e2dcb1fb342edc77	32
locale	representation.text.word	sample	/Users/hugh/datasets/gittables/show_time/MACWXENZPSBN.parquet	V25	705c1ee0a6ffcc5b16a481c5421f17bce1829c858927377a8c6b96e33cb39bf3	32
ua	representation.text.plain_text	sample	/Users/hugh/datasets/gittables/lead_time/2011-04.parquet	Subject	4816f8b356d8ccb36e8ea66bb5a4e2270785d67c2efa7de658c66b0e9e0e70af	32
npi	datetime.epoch.unix_seconds	sample	/Users/hugh/datasets/gittables/in_time/2020-09-08_34.parquet	sunriseTime	3845c7a7d9ee3fe419b8ccc2f5c798507ec22ebca4be7507ba87f8f1bb789f8d	8
ua	representation.text.plain_text	sample	/Users/hugh/datasets/gittables/real_time/databases_1.parquet	Beispiele	d7127ec4b00f885f022a6e213373aed51096177deefbba88c867ccbb12d98fcf	32
locale	representation.text.word	sample	/Users/hugh/datasets/gittables/real_time/sw_0381_4784.utt_6.parquet	act_tag	2f1efa7fe1fd739711320b21c8f09c431707c378cea1a35c310843dabbad8987	32
weight	representation.text.plain_text	sample	/Users/hugh/datasets/gittables/thing/dwbfpricesusawin21042015.parquet	EVENT_NAME	bd2d5cf5cedb779d0ee46440c7f4add19ad75e53597a6574b4934a0a09248feb	32
ua	representation.text.plain_text	sample	/Users/hugh/datasets/gittables/then/870_4.parquet	Notes	3ee819444c88513a61d2676ce249d04e478a17f83513fb447b8b388f98f9797d	16
npi	representation.numeric.integer_number	sample	/Users/hugh/datasets/gittables/id/0021600208_3.parquet	TEAM_ID	4e8ab979dc043015b4080d24fe73e045a33b90587a1d243f807ffbb55b8246cd	17
weight	representation.numeric.decimal_number	sample	/Users/hugh/datasets/gittables/data_rate/resnet18_Tesla%20V100-SXM2-32GB_14.parquet	weight_decay	a9280528ac10c61ac89f76c28dfe7aa1c327c470835240007d12a323eaedff79	32
ua	representation.text.plain_text	sample	/Users/hugh/datasets/gittables/processing_time/ISMIR%20music%20program%20_%20Streaming%20ready%20submission%20(Responses)%20-%20Form%20Responses%201%20for%20site.parquet	Abstract of the piece. This abstract is going to be displayed on the ISMIR music program page. (150-250 words)	6cfe7009a82b4905fe137b95d8a7b3cb51dfeee383856d6cf2cae3a9cf0805cd	16
ua	representation.text.plain_text	sample	/Users/hugh/datasets/gittables/whole/0259cede12dc82d0c4cef68f444d2a1ae3a3d718787f8cdb8ff1fc05243ae004_12.parquet	Notes	19c8356e48fac5346e2bedf0b9bb278700ddc9524f8c48e7b707f5023afa0a29	32
locale	representation.text.word	sample	/Users/hugh/datasets/gittables/quick_time/population2_2017-06-26-111024.parquet	response time:defaultUsageScenario	453c71f4dcbde4ca69e5e7ff0d023143acda64cc775858bc9785783e81f566cf	32
ua	representation.text.plain_text	sample	/Users/hugh/datasets/gittables/then/sw_0038_4611.utt.parquet	parse_tree	dda97b35bf4a2d13b2884b332f6802ec480b729af66fd55619498784acd4f401	32
ua	representation.text.plain_text	sample	/Users/hugh/datasets/gittables/question_time/sw_0775_2006.utt.parquet	parse_tree	7949f332e43fd5cb1555479d15a194d179ace4d6e051c00832de2ad4389843e3	32
ua	representation.text.plain_text	sample	/Users/hugh/datasets/gittables/show_time/2021-03-09-15-12-13_master_video_list_above_10000.parquet	tags	0316e614d8f79a5daab8b25a3a9cddb458a7672c742972ea0d6c4cadf024fa09	14
ua	representation.text.plain_text	sample	/Users/hugh/datasets/gittables/orbit_period/ds_1.parquet	coll_abstract	8a9a155af9e6344585fed382c28d40c12cffbdc54b67d25d8ee637d570ec6775	15
weight	representation.text.plain_text	sample	/Users/hugh/datasets/gittables/half_life/NCA_single_dose_2.parquet	aucinf_pred	03935e75c6d71d624765230691053e6dc6cf46b34f3d23d0ae3d723a83aaadc1	32
ua	representation.text.plain_text	sample	/Users/hugh/datasets/gittables/question_time/Advices.parquet	Background	9d44e1af940161b045ae088a5ad281b56bd582fdd7459030be37d5b110f048ab	18
ua	representation.text.plain_text	sample	/Users/hugh/datasets/gittables/data_rate/hitvoice__DrQA.parquet	code	836202b75ab7a39c3cc97239e78cc7642108cacfeb20c9ed5fba83c7375875e3	7
ua	representation.text.plain_text	sample	/Users/hugh/datasets/gittables/metabolic_rate/meta_2020-07-20_aw.parquet	total.tested	92be092360d9406dfa93c36716daf09b43a6c8f897341d7605ec3cc7f1d520f5	26
ua	representation.text.plain_text	sample	/Users/hugh/datasets/gittables/running_time/dme_16_feedback.parquet	Answer.Q5FreeTextInput	df00e7151aac91e77d1e07bbb6a0cf7f696b15a9a3ef9eb26ea998484354bbcd	32
ua	representation.text.plain_text	sample	/Users/hugh/datasets/gittables/then/music_27.parquet	bio	7948e81da1e067983f8e8321b330bcdce1d253d77ed86ada73d5fce15733da55	14
weight	representation.numeric.decimal_number	sample	/Users/hugh/datasets/gittables/whole/abalone_app_3.parquet	shell_weight	0c860bc38aa5ab37db392be7d731097eeb33c64cc60d1d7c47a858ad8e5421c3	32
ua	representation.text.plain_text	sample	/Users/hugh/datasets/gittables/growth_rate/sentiment_13.parquet	values	0776a0689ba09f9dee629fc71634b89abb4082b0bcc70f4a7472fcf441fd18db	32
ua	representation.text.plain_text	sample	/Users/hugh/datasets/gittables/whole/nextstrain_measles_metadata_6.parquet	Labels	fe9c51e60f16d3c6c0e00f8e7b9e82d76ebbd46ffdd5389c85197e3ee846657f	32
weight	representation.numeric.decimal_number	sample	/Users/hugh/datasets/gittables/id/progress_258.parquet	info/weights_norm	fe38c947d8ecd3ce1c356d14b60cedbd58cd49dab140882168f2dbd9e763617f	23
ua	representation.text.plain_text	sample	/Users/hugh/datasets/gittables/dose_rate/RePORTER_PRJ_C_FY2018_003_1.parquet	PROJECT_TERMS	ac020e1e4a8f95bea1c55509e5cf2dc4e804f20f493efdb350b6ef530a18c647	9
npi	datetime.epoch.unix_seconds	sample	/Users/hugh/datasets/gittables/in_time/2020-09-08_118.parquet	sunriseTime	3609c32e24852c2a2833e44d99d71674a96d8c9cfb65d49b4ac7184e5f3f127f	8
ua	representation.text.plain_text	sample	/Users/hugh/datasets/gittables/lead_time/2016_spring_post_level_2.parquet	Post Message	8c78593da3fdfcb71856edecbe458cb7b149f9b56a4a9001a76d544abeb5fa43	32
weight	representation.numeric.decimal_number	sample	/Users/hugh/datasets/gittables/rate_of_return/summary_stats.parquet	Weighted Average Shs Out	55cd066c93d09750544be68d96276688a4858e39b2098bea37455bd2afdc18bf	11
weight	representation.numeric.decimal_number	sample	/Users/hugh/datasets/gittables/whole/abalone-20_vs_8-9-10-5-1tst.parquet	Whole_weight	c7a3980b201f97b5e04b69afba2f3f6a85fe3a3b93054038ad9710ad207e875f	32
npi	representation.numeric.integer_number	sample	/Users/hugh/datasets/gittables/id/20210506.parquet	VISITOR_TEAM_ID	b7a8dcdaf48138c35a5f866bb876a21820c673f905e5634390997ef954d0d7bb	7
npi	representation.numeric.integer_number	sample	/Users/hugh/datasets/gittables/id/1629234_3.parquet	TEAM_ID	ccf501d387c6865c5288119a10baaeea4f5bc137a52c0a14a4eefb321fe6937d	26
ua	representation.text.plain_text	sample	/Users/hugh/datasets/gittables/physical_entity/2011-06.parquet	Subject	cf25e76bfe7c306eef82e56b74989940e20f87c9ed7ff519efdec72b90f5000b	32
weight	representation.text.plain_text	sample	/Users/hugh/datasets/gittables/running_time/dwbfpricesusawin14012016.parquet	EVENT_NAME	4578c4db40be467292de6895187b2fde3cb85e1a529f2f4d13adaff5c4d38379	32
ua	representation.text.plain_text	sample	/Users/hugh/datasets/gittables/rotational_latency/export2021.04.08-07.12.00.parquet	Author Affiliations	ee9206d66ebfe1a781f3359074769076eda91a3cd8c3412fbb1a3ae4ca116f19	32
npi	representation.numeric.integer_number	sample	/Users/hugh/datasets/gittables/id/50_2.parquet	order_id	58761a3b1e22e92aacb6619050b2cdd41c99b81a884d2dae06c9e37f44509505	32
weight	representation.text.plain_text	sample	/Users/hugh/datasets/gittables/cease/dwbfpricesusawin29102015.parquet	EVENT_NAME	421126dc5278cf3c835aab3bf88cb623c2e7428ff8143de9ba6d2f840731e5b1	32
ua	representation.text.plain_text	sample	/Users/hugh/datasets/gittables/growth_rate/Not%20Picked.parquet	Abstract Note	02eaab540efab6bb34cb097aa9172f035977a5bafad7131e0bbb688dc34160fb	16
ua	representation.text.plain_text	sample	/Users/hugh/datasets/gittables/organism/Escherichia_not_ecoli_nor_sp.parquet	chromosome:NZ_AP014857.1/AP014857.1	d97e6fb8eede49374e15e17446e3af2f34f001a53662e7bd1c9c8201451a51b7	32
weight	representation.numeric.decimal_number	sample	/Users/hugh/datasets/gittables/whole/x_valid_1.parquet	whole_weight_g	1b9b1098945ee1878fa56cd8a2e7b20cbf473b6e007619a30d0b3dbc410648d1	32
ua	representation.text.plain_text	sample	/Users/hugh/datasets/gittables/question_time/Schmidt_Sourcesv4-from_IAA-MTurk-Task-3491-DataHunt.parquet	target_text	c7d47ba51e7dddb027475275aad9e1b761c8ed9e882268342d6a7bbf528eee4d	9
weight	representation.numeric.decimal_number	sample	/Users/hugh/datasets/gittables/whole/abalone-17_vs_7-8-9-10-5-1tst.parquet	Shucked_weight	1aa278e00000b869e9be0912289f85c47a8cf5107709b158956883376103c6bd	32
npi	representation.numeric.integer_number	sample	/Users/hugh/datasets/gittables/id/20210317.parquet	VISITOR_TEAM_ID	cdba74c4a90926d3c9d7eb67ed88f2f00c874d0670785b9f7e618cee094c6005	10
npi	representation.numeric.integer_number	sample	/Users/hugh/datasets/gittables/id/1627787_1.parquet	TEAM_ID	8cd57db22305c193f4102c565ea38b0700dddee948934c14cb5ed6ab6b089c33	14
weight	representation.text.plain_text	sample	/Users/hugh/datasets/gittables/show_time/dwbfpricesusawin26022013_1.parquet	EVENT_NAME	919dc45447c46a8b13de2f5b5b5eb210345d13b815d8508da00fd0eaa450abb7	32
ua	representation.text.plain_text	sample	/Users/hugh/datasets/gittables/data_rate/ext-pending-properties_22.parquet	comment	e0f3682507411d14dc1d349f65aa3cf52614566cdc5c17bcf63bf8e22301dfe9	32
ua	representation.text.plain_text	sample	/Users/hugh/datasets/gittables/then/StructureDefinition-ProfilePractitionerRole.parquet	Definition	a134e362fe9f758d290ed64d088cccd14b629bd7f44fbb033b5544a13e9a80f9	32
height	representation.numeric.decimal_number	sample	/Users/hugh/datasets/gittables/id/1596111071example.parquet	height	dfa6dfbed15faf6fc1ffbcc673961a6610d8a947b4f6e15755672b753a40bf69	20
height	representation.text.plain_text	sample	/Users/hugh/datasets/gittables/speed_of_light/civil01196.parquet	Court Statute	2b125747472ef4ed9e5d87a51d35f1f05992453596001c3be9bcb5656e3df1ff	32
ua	representation.text.plain_text	sample	/Users/hugh/datasets/gittables/question_time/sample_170.parquet	summary	8b60e2f2ca318120a25e8df0a20e8790f3ede9c2cb2854bb62529f7e849777d9	25
npi	representation.numeric.integer_number	sample	/Users/hugh/datasets/gittables/id/0022000168_3_1.parquet	TEAM_ID	3b26159a3c4fc1f80eb6bb7cadfcc6a168add2369c5fd21860ea0498a848a57b	17
ua	representation.text.plain_text	sample	/Users/hugh/datasets/gittables/dwarf/news_temp.0d4f1a5f8f6c.parquet	summary	a366600e5fd968f3813d21281f26f7367ac95c4e25d8a75bf4e5ced341d29787	32
ua	representation.text.plain_text	sample	/Users/hugh/datasets/gittables/erythrocyte_sedimentation_rate/metadata.parquet	clinical notes	c4cb0e6879f4d2f0dab4a06ae791f3f38a74bbed3c6e6dc5f49c3773b8dc86ef	32
weight	representation.numeric.decimal_number	sample	/Users/hugh/datasets/gittables/speed_of_light/Dark%20Souls%202%20Armor%20-%20Chest.parquet	Def/Weight	f07ea96324a0e170aeb97aa4d446ffd0db2489e09be2d2ff361c49d04df8aa31	32
ua	representation.text.plain_text	sample	/Users/hugh/datasets/gittables/quick_time/news_temp.parquet	summary	4364347c6438946e4e2a221a4c35ce3d343461a80d025ffef8484e5e17d21f2d	32
height	representation.numeric.decimal_number	sample	/Users/hugh/datasets/gittables/question_time/online_quizzes.parquet	height	7d835f37c236dc38a44e538c98fa2d2297ad08b59bb5a141872cd83150350377	32
npi	representation.numeric.integer_number	sample	/Users/hugh/datasets/gittables/id/50_4.parquet	order_id	09ac54a0b0bb9c27710a83a2df0bb985161eec2ff4bb931689707cf602dc3ff1	32
ua	representation.text.plain_text	sample	/Users/hugh/datasets/gittables/half_life/adderley_1.parquet	words	872ccdc8e7b5ad6566e5fe8c1dff5c23085be9e2ca8a7c2eb871348eb3c64651	32
ua	representation.text.plain_text	sample	/Users/hugh/datasets/gittables/dose_rate/IntoValue2_extended_DC_DRKS_changes.parquet	intervention.value0	6a89466d083891603e2fd16a17318041df92220a40096fb705949428d51a9511	24
ua	representation.text.plain_text	sample	/Users/hugh/datasets/gittables/real_time/rforge_description.parquet	Type	13fcaa1bd3864c6ed3b84f52f0e78f307ee59c26936d5fd4286c1d15faa586c3	7
ua	representation.text.plain_text	sample	/Users/hugh/datasets/gittables/data_rate/classics-mame2003.parquet	chips_audio_details	1314e3f0187d770680a5fbea50108f9de32db41ed719be9963c959006d263d25	32
npi	representation.numeric.integer_number	sample	/Users/hugh/datasets/gittables/id/20210313.parquet	HOME_TEAM_ID	7d8b9d3d6514b214e0410fc2cb42e7f30825200f5eb2ab5f4d73970d7913095d	8
ua	representation.text.plain_text	sample	/Users/hugh/datasets/gittables/dwarf/data_libreoffice_201611_201710.parquet	authors_alt1	17580082875980017b704b0251933cd6ac6fd76b23c80e4b59096acc582c8f35	17
weight	representation.numeric.decimal_number	sample	/Users/hugh/datasets/gittables/id/trajectory-HMC_2nd-hidden.parquet	weight2	39636049efd712aa536466856c3d233d56185d19b6bdc17406649f9ae30bad63	15
ua	representation.text.plain_text	sample	/Users/hugh/datasets/gittables/then/sw_0523_2092.utt.parquet	parse_tree	2ced59deb8ba953f562004b26767f5fb3e3dcea823b7395aeb09b8c4f9cd05df	32
ua	representation.text.plain_text	sample	/Users/hugh/datasets/gittables/lead_time/vysper-jira-bug-fix-dataset.parquet	CommentsTopWords	1fd051fa9009e7a26012fc6c838ac5350133e0acaddb66dd7cb05c794f8a6fef	32
ua	representation.text.plain_text	sample	/Users/hugh/datasets/gittables/id/project2_sketch_1.parquet	topic	0835ed9f3c20e8c6f092e6a1f84be43c44868fa3f99982a4440ca863b361f9c5	22
ua	representation.text.plain_text	sample	/Users/hugh/datasets/gittables/data_rate/example_data_file.parquet	Q384_15	b9379e7be407131adadd495f060f499ae0eee6789fa7a7ebdea3d12d6f1c4fa7	5
npi	representation.numeric.integer_number	sample	/Users/hugh/datasets/gittables/heterotroph/082919_dabs_in_genomes_wo_ca.parquet	Scaffold ID	0b5ce9d6126ff62e1a7b5100b02f63a1438817ecef360e23ff0a25b6eee9f62b	32
npi	representation.numeric.integer_number	sample	/Users/hugh/datasets/gittables/id/20210418.parquet	VISITOR_TEAM_ID	b25772ccb38e0d1aa7a155946d7732e9d5d77221838074ff3437df5d81155315	8
ua	representation.text.plain_text	sample	/Users/hugh/datasets/gittables/half_life/QuickenLoans_glassdoor_ratings.parquet	pros	6fb70c6ca679e355c87d50a1d5c704223f469c9024930d192e9dfb56f085949d	25
ua	representation.text.plain_text	sample	/Users/hugh/datasets/gittables/growth_rate/nextstrain_measles_metadata_12.parquet	Labels	d169efca4cc384011b9b659932744ab039d5513fdc554654979e26fe296827cf	32
npi	representation.numeric.integer_number	sample	/Users/hugh/datasets/gittables/id/9work_agr.parquet	_id	64aca059ec9e7df2b2ae138652659d448ec2a7dd11567d831cc3848a65bb213d	9
ua	representation.text.plain_text	sample	/Users/hugh/datasets/gittables/seek_time/state_policy_changes_1_1.parquet	Efforts to limit abortion access details	24e6bd414398f9a381f22a5262a0548b81403c510c413ae437f22483a4cdfab5	32
weight	representation.numeric.decimal_number	sample	/Users/hugh/datasets/gittables/id/frog_tongue_142.parquet	impact force / body weight	c70ee4588a14c0f97f27ce0b5609b0e9232cb0f3a1f95e9b38b6848fc2d2fd2f	32
npi	representation.numeric.integer_number	sample	/Users/hugh/datasets/gittables/id/20210317.parquet	HOME_TEAM_ID	cdba74c4a90926d3c9d7eb67ed88f2f00c874d0670785b9f7e618cee094c6005	10
weight	representation.text.plain_text	sample	/Users/hugh/datasets/gittables/lapse/dwbfpricesirewin14112011.parquet	EVENT_NAME	f1c55a42741fddf7d24400ea8bfe12317084107b8dcece589d2fd3dccb344497	32
ua	representation.text.plain_text	sample	/Users/hugh/datasets/gittables/growth_rate/sentiment_53.parquet	values	781f3851c867a6db9f2a313b16a53d51e270ffb655f154366658a5b53a920881	32
ua	representation.text.plain_text	sample	/Users/hugh/datasets/gittables/quick_time/lookups_1.parquet	usage	ad8edd88eb8fb72d0597d214dc7f6c3949f9d98c4c29dd330ce258fa37721413	32
height	representation.text.plain_text	sample	/Users/hugh/datasets/gittables/in_time/weatherDataScraped2013-12-22.parquet	Dew Point	575cabf7dace5a7953862c93fb4d2db199d070de7a7861c9af74bd84f25b9f21	32
weight	representation.numeric.decimal_number	sample	/Users/hugh/datasets/gittables/id/frog_tongue_13.parquet	adhesive force / body weight	75404ef55e95a2ed0fe9f57462f254ea5d36a4d7b9ae325d9d139ef791fc8e6b	32
npi	representation.numeric.integer_number	corpus	/Users/hugh/datasets/gittables/id/0021601145_4.parquet	TEAM_ID	5ddb11728ff115faeb3b4a24bef5c66fd6c4d86364bcd5348c12242190c8d1ef	16
npi	representation.numeric.integer_number	corpus	/Users/hugh/datasets/gittables/id/0022000362_4.parquet	TEAM_ID	64ea246e6ff6d98b3b848ea69b661235096a12e09518213294e6b7468a14e31d	16
upc	representation.numeric.integer_number	corpus	/Users/hugh/datasets/gittables/thing/dwbfpricesukwin09052011.parquet	MORNINGWAP	cab16ff0aae8a4261ed60f9cfb8969cb5859c4bddf2d2290b479b10c0d95f3b1	32
upc	representation.numeric.integer_number	corpus	/Users/hugh/datasets/gittables/running_time/00-01_472.parquet	Created	411c3ce72cd8b46b3befd521f8e1b39be37333b7a98647afc3636a97947ffd39	32
upc	representation.numeric.integer_number	corpus	/Users/hugh/datasets/gittables/processing_time/lists_k06_oplen_nn.parquet	ROC_AUC	539076154f19f7abb4eba38e0a32df4f8f10c99014a61bef8e967c14e8cd3bd9	32
npi	representation.numeric.integer_number	corpus	/Users/hugh/datasets/gittables/id/0021700712_3.parquet	TEAM_ID	c59cb8c51da270c4eb963f832d645b47a27d3ef2cfe70d783d388449bdc58331	17
npi	representation.numeric.integer_number	corpus	/Users/hugh/datasets/gittables/rate_of_return/06-07_229.parquet	ID	caafff7de919a03c88ef6325905b6a9d36063e7381fcb4be05d49039000db14b	32
npi	representation.numeric.integer_number	corpus	/Users/hugh/datasets/gittables/id/0021800099_4.parquet	TEAM_ID	388093d3e202e1846d080835994c01aec5f75cee3c088bc07738619262bb4193	18
npi	representation.numeric.integer_number	corpus	/Users/hugh/datasets/gittables/living_thing/02-03_472.parquet	ID	b60a8f7d5faf998a5e61ea6e4eac4907e60f0f5b53c621c6e9b6b9577880efff	32
npi	representation.numeric.integer_number	corpus	/Users/hugh/datasets/gittables/sampling_rate/01-02_10.parquet	ID	e38a2de1bcf27a00ca3e78f0eb6d3ded94f4a0ad7506db1888bd760fcb3e426b	32
upc	representation.numeric.integer_number	corpus	/Users/hugh/datasets/gittables/thing/02-03_1444.parquet	Parent	a87ceeef125b4a9af828d849a2e3fd344cf59cb811ae872acc8445896823b8d7	32
npi	representation.numeric.integer_number	corpus	/Users/hugh/datasets/gittables/id/0021601106_1.parquet	TEAM_ID	a98cfca09e93fa7e9a6f699cb4cf2c3f07ae9a2810a4a8a635e8070d2b16f855	16
upc	representation.numeric.integer_number	corpus	/Users/hugh/datasets/gittables/thing/results_All_boundsEcnmf_labelsENone_annot_beatsEFalse_featureEhpcp_framesyncEFalse_hE20_hierEFalse_RE16_R_labelsE16_rankE3_rank_labelsE4_20.parquet	DevE2R	2051eba4fff1bc1a3096ed9f3152a8a6d03a21c73e1da88ee548958e44540b97	32
npi	representation.numeric.integer_number	corpus	/Users/hugh/datasets/gittables/id/PD37239b_lo001.sample.dupmarked.bam_pilepy.parquet	pos	934e591b8fc0665fd9b0a4e73ee1b190af804aa9d76c128e06fdeb81647d36ad	32
npi	representation.numeric.integer_number	corpus	/Users/hugh/datasets/gittables/id/0022000675_2.parquet	TEAM_ID	d803b6b2704d98f02f8a7cb252f3da2b127385c774197756450fd86db374d0d9	18
upc	representation.numeric.integer_number	corpus	/Users/hugh/datasets/gittables/lead_time/04-05_296.parquet	Created	7c8e0a97515eca58bc563ed745387fa28280dbadf75c79de0a7cb5a718564fed	32
npi	representation.numeric.integer_number	corpus	/Users/hugh/datasets/gittables/id/0021900728_2.parquet	TEAM_ID	3faaa0888c1c9e5287a09c5bfe836f8fe742f55e6a2441aa4e0c0650d45f986b	21
upc	representation.numeric.integer_number	corpus	/Users/hugh/datasets/gittables/show_time/08-09_881.parquet	Created	4fe33e1427ea85846176684ee6bad65beb481e579185b1bb41a7874426034743	32
npi	representation.numeric.integer_number	corpus	/Users/hugh/datasets/gittables/whole/15-16_420.parquet	ID	dd42bd2cfce5fb5392a8637a077eb25772568fe2abfcfb12ff662d6503ea6525	32
npi	representation.numeric.integer_number	corpus	/Users/hugh/datasets/gittables/id/Noreen_Sugrue_1_reviews_1.parquet	id	37024f7acfc9e093585aaedc75262e0559937d8bec4ce994e8d1ae021f57120b	20
upc	representation.numeric.integer_number	corpus	/Users/hugh/datasets/gittables/id/orders-100_%CE%BB-60.0_space-2_case-2_Benchmark.parquet	loc_y	8fe9d7b2d5f062cff6538fc52d3f3dc67f794ee034c4cce4ead991685d96f5f3	32
upc	representation.numeric.integer_number	corpus	/Users/hugh/datasets/gittables/quick_time/dwbfpricesukplace03082016.parquet	PPWAP	cc82cb41a0419e1cff30284779622a8ae76f4748ef3d20895cfc00d80166a3fb	32
upc	representation.numeric.integer_number	corpus	/Users/hugh/datasets/gittables/thing/results_All_boundsEfoote_labelsENone_annotatorE0_annot_beatsEFalse_featureEmfcc_framesyncEFalse_hierEFalse_L_peaksE64_M_gaussianE96_m_medianE12_10.parquet	DevR2E	f4c4455023883cde44abf455a544709b09159c3726b9b4558f75570110888597	32
npi	representation.numeric.integer_number	corpus	/Users/hugh/datasets/gittables/id/0021800486_3_1.parquet	TEAM_ID	c89a5c511c21cef814e9787dfb6d082d79c1ab239a5dee63a207cc6fbcd06041	16
npi	datetime.epoch.unix_seconds	corpus	/Users/hugh/datasets/gittables/in_time/2021-04-20_12.parquet	precipIntensityMaxTime	0b9ca4d3943491de20a806adaa8bacd69f8da0ef89c4841eeb819978487d3079	8
npi	representation.numeric.integer_number	corpus	/Users/hugh/datasets/gittables/real_time/18-19_450.parquet	ID	49f65bbf1b40dc67578d801da5db97616c37ee36eefd663b4dd163a0c71a2a3f	32
npi	representation.numeric.integer_number	corpus	/Users/hugh/datasets/gittables/object/wpnservice.dll.csv__3203268758__.parquet	263168	bbff404edd57ddbe35c117dcc9c925d07e1a56b87e88a3a567f8437f2917d54d	32
npi	representation.numeric.integer_number	corpus	/Users/hugh/datasets/gittables/id/0021600568_1.parquet	TEAM_ID	f7030d81d608a23cc8ecbe7ea624ee6fa3589bb3eb61bc7e0686fcbad1c80427	17
npi	representation.numeric.integer_number	corpus	/Users/hugh/datasets/gittables/id/0021700421_6_1.parquet	TEAM_ID	27b6a297906458da6e5a66f91b4a6c6f2113348e216e3ddcecdecae3a4791a43	10
npi	representation.numeric.integer_number	corpus	/Users/hugh/datasets/gittables/id/0021800301_1.parquet	TEAM_ID	765f78e2b68c9501aa58f8f37728e6dd0f7809b18df16882791c8e3942d92de3	20
upc	representation.numeric.integer_number	corpus	/Users/hugh/datasets/gittables/living_thing/19-20_222.parquet	Created	6cb71ebe3e6d5aec46da5dedf0f44f0ac0600945f1daaf647ecaa86db1ea5c93	32
npi	representation.numeric.integer_number	corpus	/Users/hugh/datasets/gittables/object/fixmapi.exe.csv__582519522__.parquet	3512994844	23774ebaaadb2aa941b07e4298a28e58602eeae1c2ecb9fefdea533352bcb295	32
npi	representation.numeric.integer_number	corpus	/Users/hugh/datasets/gittables/id/0021900054_1.parquet	TEAM_ID	adc867682622899f60612ed2e84260b99e4578a5db55632ca3a5f88c7ca5ad39	19
upc	representation.numeric.integer_number	corpus	/Users/hugh/datasets/gittables/quick_time/reddit_comments_religion2_muslims_biased_valid_reduced_1.parquet	perplexity	b58ceecf5498b9fb1c0f1564b082acdfef8538401895439f9e15046151caf56d	32
npi	representation.numeric.integer_number	corpus	/Users/hugh/datasets/gittables/id/0021800925_4.parquet	TEAM_ID	8078874059aa0722f2fe3206b956b0be8a7919bbdbd13aba22cf5670a6747e6d	14
npi	representation.numeric.integer_number	corpus	/Users/hugh/datasets/gittables/id/0022000436_2_1.parquet	TEAM_ID	aff266bff730a276d6b7d2ebb0cbb972a3f50052114e7147fdd21dbf710cf61b	20
npi	representation.numeric.integer_number	corpus	/Users/hugh/datasets/gittables/data_rate/08-09_454.parquet	ID	69781669498c251c50c3601f9c0dade159041d07fade531eee66c9d0acd6a95b	32
upc	representation.numeric.integer_number	corpus	/Users/hugh/datasets/gittables/parent/10-11_1752.parquet	Created	db80526e659da601ce7353c530069b78a0cade0c3aa1ba67da20779b55f8daed	32
npi	representation.numeric.integer_number	corpus	/Users/hugh/datasets/gittables/id/PD37239b_lo036.sample.dupmarked.bam_pilepy.parquet	pos	7dcf85226b40b4374b73010cea6852a5f80477353eed7e187b254a3b68777db9	32
npi	datetime.epoch.unix_seconds	corpus	/Users/hugh/datasets/gittables/in_time/2020-09-08_134.parquet	precipIntensityMaxTime	09fb495ebdb891101c0b77ce3a7342b8ef5350db7da68848d057e71f6612e04f	8
upc	representation.numeric.integer_number	corpus	/Users/hugh/datasets/gittables/running_time/metrics_T36.parquet	process_start_time_seconds	e0ea47646c37e41263b0cf2b1d882ffc1eeb5376a81f07d1d3ef318e3d0f8b7b	32
upc	representation.numeric.integer_number	corpus	/Users/hugh/datasets/gittables/real_time/10-11_1233.parquet	Created	19d40d2d1b53ffa8a0ba8e02d9279fd37c499b84640b24a167d2ef6b60ea8d37	32
upc	representation.numeric.integer_number	corpus	/Users/hugh/datasets/gittables/parent/SWING2_community_omranian_clusters_2017-04-22_14:47:37 2.parquet	roc	2677e450b46218976cc2f1c891ac2b96aa0f449c909e18b9612ab8658048b63d	32
npi	datetime.epoch.unix_seconds	corpus	/Users/hugh/datasets/gittables/in_time/2020-09-08_153.parquet	uvIndexTime	599f9d8f8d129567290f1598e67eb4fe090ebd943505575c3ab5bbf8614cb931	8
npi	representation.numeric.integer_number	corpus	/Users/hugh/datasets/gittables/object/wwapi.dll.csv__3776278006__.parquet	2386336015	307c6d9849d4b928b18bb7b6e222fe0a67e95b4e60fb7645d35c392be133518b	32
npi	representation.numeric.integer_number	corpus	/Users/hugh/datasets/gittables/living_thing/03-04_369.parquet	ID	d52af0a50c9155340799dbce81b54d28c3ca5d6da15013cb7d0bcd44b986bc01	32
upc	representation.numeric.integer_number	corpus	/Users/hugh/datasets/gittables/thing/cleanpredictbio17602017-10-15.coefs.parquet	-4.51738771141	d8cacb379c7d5019ff17fa8e9283fc081f5d5591d41aab03b72a4ff59d3c5899	32
upc	representation.numeric.integer_number	corpus	/Users/hugh/datasets/gittables/lead_time/dwbfpricesirewin01122013.parquet	PPWAP	f3a7847f74090bc862772b01f0e889ee4a965ed832cd72aa7723a06515b3f971	32
npi	datetime.epoch.unix_seconds	corpus	/Users/hugh/datasets/gittables/in_time/2021-04-24_21.parquet	precipIntensityMaxTime	779de0773c063eefbca3ca37056ce8a52921a8f9e806aa1aaeda2d1c3af90651	8
npi	representation.numeric.integer_number	corpus	/Users/hugh/datasets/gittables/id/PD37243b_lo045.sample.dupmarked.bam_pilepy.parquet	pos	fd3374599154b9f9008d2baebe5c8ee794d44feae3c9891eba8de811c2d8e617	32
npi	representation.numeric.integer_number	corpus	/Users/hugh/datasets/gittables/parent/usbui.dll.csv__973359920__.parquet	3661135562	53638d64670b017198867f1ad16ca89004a2e54c918a240ae6f01b801786019b	32
upc	representation.numeric.integer_number	corpus	/Users/hugh/datasets/gittables/object/12-13_336.parquet	Created	90d869bdac053872e65265cffb0940f281dab50fb1f68cae888d98c4de9b681f	32
upc	representation.numeric.integer_number	corpus	/Users/hugh/datasets/gittables/respiratory_rate/9943_episode1_timeseries.parquet	Hours	92d9e95be74e4d9fe9e42059857ba67b14d17722cd78482f3d6b9732ce4cada7	32
upc	representation.numeric.integer_number	corpus	/Users/hugh/datasets/gittables/thing/results_All_boundsEscluster_labelsENone_annotatorE0_annot_beatsEFalse_featureEhpcp_framesyncEFalse_hierEFalse_medianEFalse_num_layersE10_num_typesENone_start_layerE1_verboseEFalse.parquet	DevE2R	cd0e5ae80609b078ba9be97fc7b1f87f7e2b0f1834952dd1db7b1618fbee3ac7	32
upc	representation.numeric.integer_number	corpus	/Users/hugh/datasets/gittables/rate_of_return/05-06_211.parquet	Parent	02ca35f2b1db4a777dcd2f1cd47aa3c60dcb338ac32da9fc7deefeaece7ad0b5	32
upc	representation.numeric.integer_number	corpus	/Users/hugh/datasets/gittables/thing/results_All_boundsEsiplca_labelsENone_annotatorE0_alphaZE0.0_annot_beatsEFalse_featureEhpcp_framesyncEFalse_hierEFalse_min_segment_lengthE16_niterE200_rankE4_viterbi_segmenterEFalse_winE32.parquet	DevE2R	ee5b5cb460ad68c399ea79473e59b8eb297ce5233d075f6c295f43a477e0888f	32
upc	representation.numeric.integer_number	corpus	/Users/hugh/datasets/gittables/respiratory_rate/item_id_stat_1.parquet	stdev	8fa86f5061da59a7a3749bb4e5763909965c1832653a8e20977120727849b34b	32
upc	representation.numeric.integer_number	corpus	/Users/hugh/datasets/gittables/lead_time/dwbfpricesukplace25042012.parquet	PPWAP	3c80264f1fc9cb58883b6a149887c5a244aa8e2a4774b92fefec623e1c7e30a9	32
npi	representation.numeric.integer_number	corpus	/Users/hugh/datasets/gittables/processing_time/14-15_156.parquet	ID	c22784090f3082b080176a4f76a2361efb2f822da8f3d4b2d3dd5c4a86c28ed1	32
npi	representation.numeric.integer_number	corpus	/Users/hugh/datasets/gittables/id/PD37114b_lo001.sample.dupmarked.bam_pilepy.parquet	pos	6be05c88d28fdaf65603d60f571ee8a09793450dc861f0884142a4b594f5a66d	32
upc	representation.numeric.integer_number	corpus	/Users/hugh/datasets/gittables/growth_rate/econFreedomCovMatrix_2.parquet	Inflation (%)	209a3c18b6af65e57b5030ad8227f1100a60184392bd16e599f82f3c11fdad65	29
upc	representation.numeric.integer_number	corpus	/Users/hugh/datasets/gittables/parent/git_16.parquet	0.5623300972129168	f5183b638339183f2ab39ca65b1272c6e445ffdcbd0d20ee966e8a004ec6e8f7	32
upc	representation.numeric.integer_number	corpus	/Users/hugh/datasets/gittables/running_time/07-08_566.parquet	Created	c0e070f4aebfca2680ade8b4e6cd5a467ed7ec074d3387e47f5d7005a267bf35	32
npi	representation.numeric.integer_number	corpus	/Users/hugh/datasets/gittables/object/cmmigr.dll.csv__1102067237__.parquet	2292861956	f43d82666a00d2f522d05603da8fd0d106f69b2d566754cf410e073ec4449f79	32
upc	representation.numeric.integer_number	corpus	/Users/hugh/datasets/gittables/show_time/07-08_881.parquet	Story	013a3ab7da905e58ef6f496f0e15d16d1c693aa93fd16343be80048f4e957381	32
upc	representation.numeric.integer_number	corpus	/Users/hugh/datasets/gittables/question_time/apmis.parquet	apmis	5c4fe9fa69365a4ccde20a495bede29058a5ce893ffdc87be5daba8d1c20c8e9	32
npi	representation.numeric.integer_number	corpus	/Users/hugh/datasets/gittables/running_time/12-13_335.parquet	ID	bb15c62b6eaf26e4af1a60e41b6a4dd2133e6f614e927fc118c1afed64fb5211	32
npi	representation.numeric.integer_number	corpus	/Users/hugh/datasets/gittables/object/23-24_172.parquet	ID	29726918d9e4238d89a0779932d9b609b11530351484f11e6b9516b52bffd1eb	32
upc	representation.numeric.integer_number	corpus	/Users/hugh/datasets/gittables/respiratory_rate/21460_episode1_timeseries.parquet	Hours	9f6b555ab60f0da7c949dd3d3734f0379370d47c4490bb685a00f88fc8eb9bbf	32
upc	representation.numeric.integer_number	corpus	/Users/hugh/datasets/gittables/show_time/dwbfpricesirewin07042015.parquet	PPWAP	ea3d4dfed082269b54cb9d6738c117b48c1cc602fbfff6ade2c144b27a75338f	32
upc	representation.numeric.integer_number	corpus	/Users/hugh/datasets/gittables/thing/results_All_boundsEsiplca_labelsENone_annotatorE0_alphaZE0.0_annot_beatsEFalse_featureEtonnetz_framesyncEFalse_hierEFalse_min_segment_lengthE16_niterE200_rankE4_viterbi_segmenterEFalse_winE32_1.parquet	DevtE2R	dd94d87d808b5ab0aca1a3bcda68c3f423fb221ddf593e24654211162ed5dc63	32
npi	representation.numeric.integer_number	corpus	/Users/hugh/datasets/gittables/id/IUCN.parquet	20155652	ec941175d42228d3da399fa7f7618a830bbbf5a0d40f563b0ed45b9884b1f04d	32
upc	representation.numeric.integer_number	corpus	/Users/hugh/datasets/gittables/centripetal_acceleration/all-fe-keywords.parquet	LL	92355e9f012473e195e195a398aa621a180d203f8a5557c45dba626e78c397d9	32
upc	representation.numeric.integer_number	corpus	/Users/hugh/datasets/gittables/respiratory_rate/26945_episode1_timeseries.parquet	Hours	3611ed6b3f55c31f5b26eb1a2693629ec165787032e7b81f6c23edb484ca9689	32
upc	representation.numeric.integer_number	corpus	/Users/hugh/datasets/gittables/thing/results_All_boundsEolda_labelsENone_annotatorE0_annot_beatsEFalse_featureEcqt_framesyncEFalse_hierEFalse_transformE_usr_local_lib_python2.7_site-packages_msaf-0.0.2-py2.7-macosx-10.9-x86_64.egg_msaf_algorithms_olda_models_EstBeats_SALAMI-i.npy.parquet	DevtE2R	fc49b94c76d194960c6f2437dc467b0a2094e7981bdec70c52b8ec402aa1e4db	32
upc	representation.numeric.integer_number	corpus	/Users/hugh/datasets/gittables/id/03_lvv_ri_lmer_feature_data_label.parquet	VdevL	286c21492d1c571fcb40990c56198eed9249afd9decc5126155c81eb211ad8d5	32
npi	representation.numeric.integer_number	corpus	/Users/hugh/datasets/gittables/object/spsrx.dll.csv__2172441490__.parquet	3275631585	163750c98a8e5ee7fffc32a37e0fbc2e487ce0a50e2f4750f171c4b2fb00e627	32
upc	representation.numeric.integer_number	corpus	/Users/hugh/datasets/gittables/lead_time/17-18_233.parquet	Created	5fbd3fe40b3291c095786b284e97e6acc769005239f13848e4532860039b60a9	32
npi	datetime.epoch.unix_seconds	corpus	/Users/hugh/datasets/gittables/in_time/2020-09-08_1.parquet	precipIntensityMaxTime	86f61a289ce8ff79af72e657023cf167afbdfcb45adbc891443c334b8697be49	8
upc	representation.numeric.integer_number	corpus	/Users/hugh/datasets/gittables/show_time/sfnojuv1920to1949v3.coefs.parquet	-9.01283924528	bde2a08da41af77fec4b393889115bd5035ad75876fd55138bc36a1ab823d071	32
npi	representation.numeric.integer_number	corpus	/Users/hugh/datasets/gittables/running_time/MSPhotography.dll.csv__1266822118__.parquet	2435300122	b8a4359cd3965d4a8888a87792278eec50ba3fc8879fae146c642e3a769abb45	32
upc	representation.numeric.integer_number	corpus	/Users/hugh/datasets/gittables/real_time/dwbfpricesireplace14122009.parquet	PPWAP	87b59ce0cb8629ad2c677a54541f27559a0bd6e6dbc4fe6b26aaa47c4d5274af	32
upc	representation.numeric.integer_number	corpus	/Users/hugh/datasets/gittables/thing/results_All_boundsEsf_labelsENone_annot_beatsEFalse_featureEhpcp_framesyncEFalse_hierEFalse_k_nearestE0.04_m_embeddedE3_M_gaussianE23_Mp_adaptiveE28_offset_thresE0.05_6.parquet	DevtR2E	35ff2b8a10075a02f7888479ede68dfe1c551f9ecb00ecf0379ecc32fca366cf	32
upc	representation.numeric.integer_number	corpus	/Users/hugh/datasets/gittables/growth_rate/11-12_76.parquet	Created	3a6cfc846e35a670d5f022965512085aa848d08206b51c3e82303175c4179757	32
upc	representation.numeric.integer_number	corpus	/Users/hugh/datasets/gittables/then/02-03_1165.parquet	Created	d50132c3af6b27b66945c479166e7c0d8bd8257865b9c07c07f89f1823223723	32
npi	representation.numeric.integer_number	corpus	/Users/hugh/datasets/gittables/quick_time/18-19_194.parquet	ID	ce4bc4d1c1d4fd253388922be8494a1b555b1ddc4fdfc9d0dda1dc8a64cb8283	32
upc	representation.numeric.integer_number	corpus	/Users/hugh/datasets/gittables/id/KaiWinding_Tiny'sBlues_Solo.parquet	onset	8e9e06ace1f198d795a1e68b3cb6979e01c14707eb8a7814338d48d73d1c575b	32
upc	representation.numeric.integer_number	corpus	/Users/hugh/datasets/gittables/id/RoyEldridge_Undecided_Solo.parquet	onset	4e2712845d49ada226f26856418f16c610969ca806f0c79abd1ef4c8ab79863f	32
upc	representation.numeric.integer_number	corpus	/Users/hugh/datasets/gittables/seek_time/out_conf2_ssd_hdd_sam_refactored.parquet	merge_time	45353de37562f0de385d988c33fafc9338f3a1002c3e151093372dc410c4251d	32
upc	representation.numeric.integer_number	corpus	/Users/hugh/datasets/gittables/whole/53780.parquet	15.302490234375	d9a3d410a2540d41ff461d03b80c4723c2ddba1d97ded58f6daf2c9998353e7d	32
upc	representation.numeric.integer_number	corpus	/Users/hugh/datasets/gittables/half_life/reddit_comments_religion1_christians_biased_valid_reduced_1.parquet	perplexity	6e4145782076022517fcaad791c19032042503175afe3023bf05b4fbf1bd34b9	32
npi	representation.numeric.integer_number	corpus	/Users/hugh/datasets/gittables/parent/10-11_1462.parquet	ID	4cce2adda79b72dac2af46acc38557c01ed0ae374ec37b134037fe1f77710d37	32
npi	representation.numeric.integer_number	corpus	/Users/hugh/datasets/gittables/growth_rate/18-19_81.parquet	ID	694d080179cbe60ba15306f0e611c526f342571d483f14267a7d04d2e60d3cb5	32
npi	representation.numeric.integer_number	corpus	/Users/hugh/datasets/gittables/object/MSAC3ENC.DLL.csv__3070207981__.parquet	242176	f3c047874dd2a75086ff385f31b1f7706e24ffe73e6b29d71df815a2a862785d	32
upc	representation.numeric.integer_number	corpus	/Users/hugh/datasets/gittables/id/2019-11-15_fs5_val_cresh15.parquet	user_grouped_cooler	4b4a344776150f1a4790835c3801dc7771089bdda86527e520299fa9a90edcd7	15
npi	representation.numeric.integer_number	corpus	/Users/hugh/datasets/gittables/real_time/MobileNet-v2_123.parquet	Theoretical Flops	d84854504ec51568bfb6f8e902060715b4b101d1d8778f733fe80fabfd7df3d3	32
npi	representation.numeric.integer_number	corpus	/Users/hugh/datasets/gittables/thing/06-07_1757.parquet	ID	c1ad1e4fb68853a7c172c3485a482c437131d3cc6a17925b88565e4e114b5e05	32
npi	representation.numeric.integer_number	corpus	/Users/hugh/datasets/gittables/then/04-05_1244.parquet	ID	5e0733d611d9f75d04934024c0b79cc2a2b0323535f537ef4194f617e9016fa5	32
npi	representation.numeric.integer_number	corpus	/Users/hugh/datasets/gittables/thing/18-19_669.parquet	ID	ca4e7f19ea0627f967640eeb8449027734554fc40f939b1ab3cb9e841d4ab411	32
upc	representation.numeric.integer_number	corpus	/Users/hugh/datasets/gittables/data_rate/resnet18_Tesla%20P100-PCIE-16GB_12.parquet	test_timings	b1cfc589134aed4d86b7a48841343d732e9e39acfe3495c16a2d614492f13e05	32
upc	representation.numeric.integer_number	corpus	/Users/hugh/datasets/gittables/then/theninehundred1950.coefs.parquet	-55.9702440191	a7e1ccaa6edb42f3bc972896ff7208601134af64f146867001a2ff7917dab441	32
npi	representation.numeric.integer_number	corpus	/Users/hugh/datasets/gittables/whole/14-15_427.parquet	ID	71e9cf6a773d41d4be13fc19a92292d4ac198994cf6f5fddb375b54b80d21525	32
npi	representation.numeric.integer_number	corpus	/Users/hugh/datasets/gittables/stopping_point/03-04_34.parquet	ID	a695e52fc2ab76219cc100c36f91c0d856c0fee4f6c6108a82a85157d7b4c67d	32
upc	representation.numeric.integer_number	corpus	/Users/hugh/datasets/gittables/id/1143093010359-EW.parquet	MJD	eae705b4b0f92d794436b072f487133811c65ac660242317b333ef40a539029f	32
upc	representation.numeric.integer_number	corpus	/Users/hugh/datasets/gittables/data_rate/01-02_363.parquet	Created	6d88c3e294d667cef9bdff61e4da91f2e0cf1b75b313d336ca3d9d54ec1d3091	32
npi	representation.numeric.integer_number	corpus	/Users/hugh/datasets/gittables/question_time/02-03_901.parquet	ID	6a9900cfac746397a1f72d064fa294099eeb73b64373fe8e3579d4b952a4a3a7	32
upc	representation.numeric.integer_number	corpus	/Users/hugh/datasets/gittables/object/lists_k39_oplen_lr.parquet	ROC_AUC	0d1ea22e67e7282eff8bca84616066e5d1bbcb8e0869b57bbca1cd7a26966dd5	32
npi	representation.numeric.integer_number	corpus	/Users/hugh/datasets/gittables/object/windows.internal.shellcommon.TokenBrokerModal.dll.csv__42954650__.parquet	2208859102	75ca4f0ffdd49b0926ab330526abc076a9b9c2fdd116eda96f7c5c5c65e5c8e7	32
upc	representation.numeric.integer_number	corpus	/Users/hugh/datasets/gittables/object/16-17_131.parquet	Created	10b00f5c3345899500d6754916aa52047a5309af94a6656af17f01a141af5bd3	32
upc	representation.numeric.integer_number	corpus	/Users/hugh/datasets/gittables/half_life/02-03_303.parquet	Created	fbf66308e73e1ea32b6d3804ad38d46d147ea5f3441df97b49c6a00bf62dc805	32
npi	representation.numeric.integer_number	corpus	/Users/hugh/datasets/gittables/living_thing/02-03_363.parquet	ID	fb72367bf69673450eb38188bbb34f9488310ef7d6e62ec44b64aa9751d15cf3	32
npi	representation.numeric.integer_number	corpus	/Users/hugh/datasets/gittables/object/WpnUserService.dll.csv__1401896956__.parquet	3927173205	80c06d88f3f2c653aad185ae0cebca4d804c92ba54a6d2225a1a62da23ce3187	32
npi	representation.numeric.integer_number	corpus	/Users/hugh/datasets/gittables/real_time/ResNet050-v2_172.parquet	Theoretical Flops	e1bfd70faad5fd69395e0319492b094ad4a2e77183679a19100e92b7d9cb8b79	32
upc	representation.numeric.integer_number	corpus	/Users/hugh/datasets/gittables/running_time/08-09_446.parquet	Created	a9d1c69cd57a03a36e9d86b9933d2dcb29827cf021626c04e6e319cfc6208029	32
upc	representation.numeric.integer_number	corpus	/Users/hugh/datasets/gittables/thing/dwbfpricesukwin24032010.parquet	MORNINGWAP	8826ee99ae44e10fa7aff7e0e888df72788422d57c41d26668f73cbaafd61087	32
upc	representation.numeric.integer_number	corpus	/Users/hugh/datasets/gittables/id/test-2536.parquet	MJD	fb83294372291d29fc7a861a87969137e17aa90e7c6a108080b543918630c16b	32
npi	representation.numeric.integer_number	corpus	/Users/hugh/datasets/gittables/half_life/02-03_297.parquet	ID	d0792d1f3399f603c79c3d6369906e3d124dc95e33b32e11683f37fe324d645d	32
upc	representation.numeric.integer_number	corpus	/Users/hugh/datasets/gittables/thing/01-02_1439.parquet	Created	2aee9924988f504c19910be12ee9d19beb974c373a23f8bf1f98d7bbfe82db4f	32
npi	representation.numeric.integer_number	corpus	/Users/hugh/datasets/gittables/then/12-13_726.parquet	ID	b9ca995f6c880d8b0d11a64c1936417fe2fed3b469b6e6938aab4305efabae55	32
npi	representation.numeric.integer_number	corpus	/Users/hugh/datasets/gittables/id/PD37243b_lo031.sample.dupmarked.bam_pilepy.parquet	pos	b50fcb0e3bb522edd98bd874a676c1a5697708b6f065b869a31c0221bafeedcd	32
npi	representation.numeric.integer_number	corpus	/Users/hugh/datasets/gittables/object/wwanprotdim.dll.csv__4268779618__.parquet	2920205143	ebffc5a3582f4bdfc443e846997bafea73c9718508715c9fc456fd65bab8d691	32
upc	representation.numeric.integer_number	corpus	/Users/hugh/datasets/gittables/whole/PecFinDataNovemberFINAL.parquet	pecFinLength	f17d66f7a33cc11a28d7d74cafcc6b37f501e7684664eac6e75210d96f5d1763	32
upc	representation.numeric.integer_number	corpus	/Users/hugh/datasets/gittables/id/test-4037.parquet	MJD	0ce64e860d8bc3b706076fefd9282d728307d3120fd247a90185edc9ecd05ec5	32
upc	representation.numeric.integer_number	corpus	/Users/hugh/datasets/gittables/question_time/topic_32_2.parquet	0.0038476735733237563	5c5e7ec89cadd1eaa98b02e9d14907c4072cd8ad1ddebac7ecc8491ce7bde3b5	32
npi	representation.numeric.integer_number	corpus	/Users/hugh/datasets/gittables/real_time/Inception-v1_201.parquet	Theoretical Flops	49f8d7c63fa3729ff455317887630da68bf1b76a61d1a2fcb4da1e8863b00311	32
upc	representation.numeric.integer_number	corpus	/Users/hugh/datasets/gittables/thing/10-11_1583.parquet	Created	76f66d7d0742566faa476cfebc5b389b80d3bf961af64b54ff487f612eec3499	32
npi	representation.numeric.integer_number	corpus	/Users/hugh/datasets/gittables/speed_of_light/06-07_101.parquet	ID	1f607282cd7185f60b11b135bc9682a4147488c8eae7117396c5477b6a0b13d7	32
npi	representation.numeric.integer_number	corpus	/Users/hugh/datasets/gittables/cease/07-08_10.parquet	ID	d3c3a3f8271d406bb8dbf57db66c9dd64b8b437a1286154afa63d291b44b70e7	32
npi	representation.numeric.integer_number	corpus	/Users/hugh/datasets/gittables/quick_time/10-11_253.parquet	ID	5a48f38797bef69c0534de7d8e8fd7381182d04ca4bec07042d1e996cf54d9ad	32
npi	representation.numeric.integer_number	corpus	/Users/hugh/datasets/gittables/thing/predictions_20.parquet	142744587	02ffd10c76730547076fc7e1b23e426fdb49f0222b0bb48e67ede2894dbc35cf	32
npi	representation.numeric.integer_number	corpus	/Users/hugh/datasets/gittables/show_time/03-04_560.parquet	ID	118100a3b1c10d04c88bb5a18b6630ce384eb0b8ff64d3135d4459f90492b4f1	32
npi	representation.numeric.integer_number	corpus	/Users/hugh/datasets/gittables/real_time/Inception-v2_243.parquet	Theoretical Flops	4b6546f9f4118f455c097d14cd6389a873f80fd84fc60f7229e6d07d28cef94b	32
npi	representation.numeric.integer_number	corpus	/Users/hugh/datasets/gittables/half_life/07-08_562.parquet	ID	76688062793f760df334fab63d71167192b76289878c0e6b606577e540a8e0f5	32
npi	representation.numeric.integer_number	corpus	/Users/hugh/datasets/gittables/parent/20-21_930.parquet	ID	fd7e9257d518be7b47809b3f5750e028052f38519dff72c84ea36cc1eb899415	32
npi	representation.numeric.integer_number	corpus	/Users/hugh/datasets/gittables/lead_time/06-07_466.parquet	ID	3d6344863f6ff0efde599a89d38c02013bb2cc43e03bdff957aebd357cee83d9	32
npi	representation.numeric.integer_number	corpus	/Users/hugh/datasets/gittables/whole/03-04_913.parquet	ID	c192463a2e91b28bcb9aea035c108182f0987f4a54233b99b8e4bea6afef66c3	32
npi	representation.numeric.integer_number	corpus	/Users/hugh/datasets/gittables/id/PD37243b_lo006.sample.dupmarked.bam_pilepy.parquet	pos	afe3532644e63f9672ad8c4e83b6edd1764ee4ce986e9b3c1791d5f8094d971b	32
npi	representation.numeric.integer_number	corpus	/Users/hugh/datasets/gittables/in_time/_books_51.parquet	asin	a7b6d21d1810dec6bafb5f05883c4992ce7c4c83df6c30083ad8ffc0a5fe26d1	14
npi	representation.numeric.integer_number	corpus	/Users/hugh/datasets/gittables/quick_time/05-06_444.parquet	ID	c6c10b37d463b8a5b510b89fac0c91f7e3c0e7aeba09d8203b3cac8777ef95a3	32
npi	representation.numeric.integer_number	corpus	/Users/hugh/datasets/gittables/speed_of_light/12-13_78.parquet	ID	2a234d0b921025a02310cc485cab3d7bd4585c0484c5c1604ea19c14147ccad5	32
npi	representation.numeric.integer_number	corpus	/Users/hugh/datasets/gittables/show_time/predictions_10.parquet	142744587	76ec5cfe379bbd0348d31a54236ead4ce43530d752d1053c9913bbca7d2f433d	32
npi	representation.numeric.integer_number	corpus	/Users/hugh/datasets/gittables/data_rate/07-08_670.parquet	ID	03038a0c8737ea364a49ea5f0b8430e3bab8b3dbd5b758910d723aaa160a9355	32
upc	representation.numeric.integer_number	corpus	/Users/hugh/datasets/gittables/whole/2701-0.parquet	y	2510475589d51d9eea33ae7dd52e468004e222f6d8cc7c9306aa909342289a21	32
upc	representation.numeric.integer_number	corpus	/Users/hugh/datasets/gittables/processing_time/res_sequential_med_rack_03_2.parquet	optimization_state_time	fc8d08d0b0a12696c1be255dc8c1fea7253dbc071bca9ad72edfa6ce5c0f04fb	32
upc	representation.numeric.integer_number	corpus	/Users/hugh/datasets/gittables/object/commons-lang-2.4_2.parquet	CDE	a44bb76e6dee913112a43520b898eb0d05f5d41acdb418e5036315c6c55859cd	32
npi	representation.numeric.integer_number	corpus	/Users/hugh/datasets/gittables/object/delegatorprovider.dll.csv__2096204088__.parquet	2260312269	516b31fc770f599096a8dc4db7262bca49cdd3e18dd1ed024eedc298bc5b88a3	32
upc	representation.numeric.integer_number	corpus	/Users/hugh/datasets/gittables/running_time/dwbfpricesusawin31102014.parquet	PPWAP	37073f195967592fb265c2eb1dc151949140a0689bda614fde2981c981276b71	32
upc	representation.numeric.integer_number	corpus	/Users/hugh/datasets/gittables/quick_time/population6_2017-06-26-111046.parquet	ContinuousProcessingRateDegreeImpl:DBServer:CPU	78ef35af30d8733c8c8108c128eada51fea08f4abb56568b7d82aed5a213af03	32
npi	representation.numeric.integer_number	corpus	/Users/hugh/datasets/gittables/real_time/ResNet050-v2_152.parquet	Theoretical Flops	51b8268ec77cc753009e34882769c4c3595fea29493d112f78dc2ebb5f70e6eb	32
npi	representation.numeric.integer_number	corpus	/Users/hugh/datasets/gittables/lead_time/20-21_235.parquet	ID	c8dbd1c535d99d734d56b442caf838ae0855755e13137668fb2e8d039516116b	32
npi	representation.numeric.integer_number	corpus	/Users/hugh/datasets/gittables/question_time/08-09_930.parquet	ID	7140543880f0c06080fa2fe47333a34b1dad3ca05f18e9d6a044c489480d2c3b	32
npi	representation.numeric.integer_number	corpus	/Users/hugh/datasets/gittables/inflation_rate/10-11_30.parquet	ID	a25c0913cbfff6c153077537e45166fd825254af1341f7a3c1cbd8a63dd71347	32
upc	representation.numeric.integer_number	corpus	/Users/hugh/datasets/gittables/real_time/21-22_515.parquet	Created	ad9630f69f6c6bf65177c99a571015ba2ba31da1bda6e4cad924c8aac5ca50f7	32
upc	representation.numeric.integer_number	corpus	/Users/hugh/datasets/gittables/abstraction/04-05_147.parquet	Created	52c3e26525256273fc786da7ba87d840b42dc67d3fd6edb934750cc8eb3a4583	32
npi	representation.numeric.integer_number	corpus	/Users/hugh/datasets/gittables/parent/18-19_809.parquet	ID	1981f489f7c0e09364b64ee16398bcab40886fd62f91905ec0106588129cfa3d	32
npi	representation.numeric.integer_number	corpus	/Users/hugh/datasets/gittables/id/Billing%20Information%20History.parquet	Apple ID Number	ff5a6339e0b5ec8d351b53445586f6a539745a04b32f31e92b86b7a028e2e35d	23
upc	representation.numeric.integer_number	corpus	/Users/hugh/datasets/gittables/parent/SWING2_community_omranian_clusters_2017-05-03_09:08:27 2.parquet	roc	d879abd198196aa6c436d84c6bd24d8e2a5a2e4404a477258627e8d30fc7a067	32
npi	representation.numeric.integer_number	corpus	/Users/hugh/datasets/gittables/thing/00-01_764.parquet	ID	2668984e289eeba92997815d6b3b3ed15588a72a0d16f0ed8fc360ad29ac1f8d	32
npi	representation.numeric.integer_number	corpus	/Users/hugh/datasets/gittables/real_time/Shufflenet_70.parquet	Theoretical Flops	e105cdbe6a4bf5a559f9c5a31c8153debd629fbad92d0a21010686dba0bc8d19	32
npi	representation.numeric.integer_number	corpus	/Users/hugh/datasets/gittables/lead_time/02-03_350.parquet	ID	940ecbc5a5f35f0e5a227339c8fa95031c58c5f1df10c4bde9a0d518e8e391d7	32
upc	representation.numeric.integer_number	corpus	/Users/hugh/datasets/gittables/thing/results_All_boundsEscluster_labelsENone_annotatorE0_annot_beatsEFalse_featureEhpcp_framesyncEFalse_hierEFalse_medianEFalse_num_layersE10_num_typesENone_start_layerE1_verboseEFalse.parquet	D	cd0e5ae80609b078ba9be97fc7b1f87f7e2b0f1834952dd1db7b1618fbee3ac7	32
upc	representation.numeric.integer_number	corpus	/Users/hugh/datasets/gittables/id/f_initial_cases_1.parquet	Cases	9538ae752b63e793eba413dbb0651ce54bf324c2aa946472c9b49a2b47b9ff05	32
npi	representation.numeric.integer_number	corpus	/Users/hugh/datasets/gittables/show_time/20-21_405.parquet	ID	e2994d4aa01f987302d555588d2378f7bf94e8e6c2fdca3edbf2e4fc7f3c3cb1	32
npi	datetime.epoch.unix_seconds	corpus	/Users/hugh/datasets/gittables/id/test_data_records_107.parquet	timemodified	63c09f37ebf31ec99901c65b466bf2e08777f9c86b1e9d109662e5144e92b673	32
npi	representation.numeric.integer_number	corpus	/Users/hugh/datasets/gittables/real_time/06-07_1160.parquet	ID	69c55cccc542e7c04bd5cc6e5ed40a893eeb1a8138338361ab2c87cf511019a9	32
npi	representation.numeric.integer_number	corpus	/Users/hugh/datasets/gittables/show_time/11-12_505.parquet	ID	19cc9a03053bdc2920a1d151e34895d78edd585d03576e3a91a179e23cd4d775	32
upc	representation.numeric.integer_number	corpus	/Users/hugh/datasets/gittables/show_time/11-12_804.parquet	Created	feee22299a444ae0cbdd8fe3edc3082ad8f7b33835beb9aae152feee5e89142d	32
upc	representation.numeric.integer_number	corpus	/Users/hugh/datasets/gittables/id/1157046016212-RRab.parquet	RA	7fa1d254a1ebccf1df149df2037ea0e39cdc050bd0d72aa1bbfb6f0285241057	32
upc	representation.numeric.integer_number	corpus	/Users/hugh/datasets/gittables/thing/results_All_boundsEcnmf_labelsENone_annot_beatsEFalse_featureEhpcp_framesyncEFalse_hE20_hierEFalse_RE16_R_labelsE16_rankE3_rank_labelsE4_19.parquet	DevE2R	cf74115715ec0d3cc45c2d9ee110e39fe97d48d26b30de2fa4ef3dfe76de05e9	32
npi	representation.numeric.integer_number	corpus	/Users/hugh/datasets/gittables/id/PD36713b_lo024.sample.dupmarked.bam_pilepy.parquet	pos	bccba34c04ebf78faa7ce3db7ab47d7d296be208cc0c6492613191611e19d119	32
upc	representation.numeric.integer_number	corpus	/Users/hugh/datasets/gittables/parent/_FINAL_GO_4.parquet	__index_level_12__	f65e201cc9cc4fdffd0e6db0c6e154878e4bb02a9640b976909949f86290dbdd	32
npi	representation.numeric.integer_number	corpus	/Users/hugh/datasets/gittables/safe_period/05-06_37.parquet	ID	30785454b5b088702f68d6294161caf5a75ba149cfe565a41fc7c5dffe0b5c5b	32
npi	representation.numeric.integer_number	corpus	/Users/hugh/datasets/gittables/running_time/00-01_234.parquet	ID	28391cdc32fd7104903b03db095b4f07fc5ff5c65a77a32d530e4ef384c80223	32
upc	representation.numeric.integer_number	corpus	/Users/hugh/datasets/gittables/inflation_rate/cleanedEconFreedomData_7.parquet	2017 Score	4c9c3698645314f53ce0c687d8322dc30b6870e4b4ccad9fba7fc8b096106d2d	32
npi	representation.numeric.integer_number	corpus	/Users/hugh/datasets/gittables/parent/07-08_1538.parquet	ID	a225735e969db86922134a5ec100ed392f7a543c60ac337055a551eb1e73e399	32
upc	representation.numeric.integer_number	corpus	/Users/hugh/datasets/gittables/stopping_point/23-24_46.parquet	Created	9c9baa245275dd5e9799f43a016f35bacbd13af589c5e3bcbd64e60dc462b7b1	32
upc	representation.numeric.integer_number	corpus	/Users/hugh/datasets/gittables/respiratory_rate/88008_episode2_timeseries.parquet	Hours	78416e57f7eea2ffde3e817c04398ddc1eee38daba45f650bf568108e42a6329	32
npi	representation.numeric.integer_number	corpus	/Users/hugh/datasets/gittables/parent/03-04_1594.parquet	ID	b3c41863360986c88c96d8f24825ff65ef6c2c45d397dc3959aed538ce572de9	32
npi	representation.numeric.integer_number	corpus	/Users/hugh/datasets/gittables/then/11-12_1496.parquet	ID	029a1f39537b012f7ce8b0aa2ef0b3a98d11e7e804b72e62d5cc6bd3e1b021e9	32
upc	representation.numeric.integer_number	corpus	/Users/hugh/datasets/gittables/seek_time/dwbfpricesukwin23022016.parquet	PPWAP	10faafb6faeea503a9b4b0f46f11eeb2a2f609f7fcb3eb983c1bbc9c11eebb37	32
upc	representation.numeric.integer_number	corpus	/Users/hugh/datasets/gittables/dead_air/03-04_32.parquet	Created	dd5b20183ef88898e08ceaa05bd116eab4db25d4561a41e53bf5f5e8857c864f	32
npi	representation.numeric.integer_number	corpus	/Users/hugh/datasets/gittables/running_time/05-06_861.parquet	ID	19759d291c3d3e5288ed1a54d81ec7ced361c4f11b73a0afaa75ec209c7b8399	32
npi	representation.numeric.integer_number	corpus	/Users/hugh/datasets/gittables/object/dscproxy.dll.csv__3185350870__.parquet	2352873630	1afdcae1ddd44d465dab2117b51eddb9d3fbc6d3ee40e9e1fb8f8bceedd9364b	32
upc	representation.numeric.integer_number	corpus	/Users/hugh/datasets/gittables/data_rate/Parameters_Global_20200617.parquet	Infection Rate	36c72793048f98bbb25a0f8b4e3a0936547c47ddb6d69344034999c5ffef8bed	32
npi	representation.numeric.integer_number	corpus	/Users/hugh/datasets/gittables/id/PD37243b_lo041.sample.dupmarked.bam_pilepy.parquet	pos	39695fc29ad5a9761a70e46b367081cad4d3533c8f9d0c8b2a34fe27def79d81	32
npi	representation.numeric.integer_number	corpus	/Users/hugh/datasets/gittables/real_time/BVLC_GoogleNet_126.parquet	Theoretical Flops	2eba14949d0106d7c8097912db0fecd0b2a4a21d2d044e1663b86e14c6355a41	32
npi	representation.numeric.integer_number	corpus	/Users/hugh/datasets/gittables/real_time/ResNet050-v1_614.parquet	Theoretical Flops	db5a34f6903e482a7a6ed464d5192de9c3a35aa9c6f8367be32e1af74ec06571	32
npi	representation.numeric.integer_number	corpus	/Users/hugh/datasets/gittables/object/msIso.dll.csv__5553546__.parquet	2812313185	a64efafa024f17a6521a02147e1f02fc06705b01869448ba2da67ef0b808619b	32
npi	datetime.epoch.unix_seconds	corpus	/Users/hugh/datasets/gittables/id/test_data_records_53.parquet	timemodified	278400f807f6852e92da0c6a4de8bb16636cdf313ca25277e51a6cbe20f9145d	32
npi	representation.numeric.integer_number	corpus	/Users/hugh/datasets/gittables/parent/DfsShlEx.dll.csv__3562501758__.parquet	2252174461	69fe5293588c3f086f9b01bf4a523b4c84c3cf257eec38c2c54a46a1266c8ba5	32
upc	representation.numeric.integer_number	corpus	/Users/hugh/datasets/gittables/id/Exercicio7_3_cluster_0_x_3.58_y_0.62_flags.parquet	$S^{2}$	ac2315cde87735e9c466a4e5d2ab39111b5e4708def3594c26f926bbb715852d	32
upc	representation.numeric.integer_number	corpus	/Users/hugh/datasets/gittables/beauty_sleep/dwbfpricesukplace22082016.parquet	PPWAP	e9b4ff1ef2ec69cb26bc702a2cc82550b398ca806652d0040ab02b6eec87c0c9	32
npi	representation.numeric.integer_number	corpus	/Users/hugh/datasets/gittables/parent/API-MS-Win-devices-config-L1-1-0.dll.csv__2827001216__.parquet	3856616258	cd55ee297949ea921862c7849787bba6a44c826ea5a0ce8eeeb586efeca84f8d	32
npi	representation.numeric.integer_number	corpus	/Users/hugh/datasets/gittables/real_time/MobileNet-v2_166.parquet	Theoretical Flops	a1a4892a014441f0b35d7462fc2bcca6005a559027fc7e65991ef20929cf6849	32
upc	representation.numeric.integer_number	corpus	/Users/hugh/datasets/gittables/growth_rate/20-21_76.parquet	Created	82027e7b2f0808b8610e0af28e12f86cdc0cf9cea1a2aac83e8ae892f8bdb6ab	32
upc	representation.numeric.integer_number	corpus	/Users/hugh/datasets/gittables/thing/results_All_boundsEfoote_labelsENone_annotatorE0_annot_beatsEFalse_featureEmfcc_framesyncEFalse_hierEFalse_L_peaksE64_M_gaussianE96_m_medianE12_11.parquet	DevtR2E	d588708604cf69fdd7023c814bc4a4d7754fd361e5c847d0057c0e9b7264149d	32
npi	representation.numeric.integer_number	corpus	/Users/hugh/datasets/gittables/object/VmHostAI.dll.csv__2455285702__.parquet	2721408892	eb86566fa097da1b52c0c8ec89d6cb3f5e40307dd8f436e7de6fd0321858b617	32
upc	representation.numeric.integer_number	corpus	/Users/hugh/datasets/gittables/real_time/dbo_runtime-98-small-15var_1.parquet	http://dbpedia.org/ontology/runtime	69c37f00a3b4340ddc678dc47b3e22ce5342dae26cf6aea4e2d32501116b691f	32
npi	datetime.epoch.unix_seconds	corpus	/Users/hugh/datasets/gittables/in_time/2020-09-08_90.parquet	precipIntensityMaxTime	9b6c5224db033f0872092f0cca14fe687f2f1fd913fe6d4500efba66dfbbb1f1	8
upc	representation.numeric.integer_number	corpus	/Users/hugh/datasets/gittables/id/test-1463_2.parquet	MJD	ab5904acd50b7b812f6390a92ce43a7e09f9e704877b2529c30c9618c5a861d9	32
upc	representation.numeric.integer_number	corpus	/Users/hugh/datasets/gittables/real_time/dwbfpricesirewin12062016.parquet	PPWAP	3b6d75a093b18abbbb9bd788c5cd9b4f270bb7178493c9a80ca42dc2e0aa8e95	32
upc	representation.numeric.integer_number	corpus	/Users/hugh/datasets/gittables/safe_period/theninehundred1950.coefs.parquet	-55.9702440191	fa0eee0348960b8fa131687667a16316cee833994e4f8ad20570212da83a69a3	32
upc	representation.numeric.integer_number	corpus	/Users/hugh/datasets/gittables/thing/results_All_boundsEsf_labelsENone_annot_beatsEFalse_featureEhpcp_framesyncEFalse_hierEFalse_k_nearestE0.04_m_embeddedE3_M_gaussianE23_Mp_adaptiveE28_offset_thresE0.05_6.parquet	D	35ff2b8a10075a02f7888479ede68dfe1c551f9ecb00ecf0379ecc32fca366cf	32
upc	representation.numeric.integer_number	corpus	/Users/hugh/datasets/gittables/parent/b2415.parquet	struct_RES_DEPTH-msms	e867d8b9ed493d6c75f6aa465a24241d1643a89b56565b0c9abc64920c18f775	32
npi	representation.numeric.integer_number	corpus	/Users/hugh/datasets/gittables/object/shifter_lexicon.parquet	02232813	3bd2b9754124fd3accde919af98988fddecb2f9e891f21459da923312c92691d	32
upc	representation.numeric.integer_number	corpus	/Users/hugh/datasets/gittables/processing_time/population6_2017-06-26-111046.parquet	ContinuousProcessingRateDegreeImpl:DBServer:HDD	18cd87e2701824caa51605a3321ed3e4e3453a8f9bcce05ed6ebad9ebca95379	32
npi	representation.numeric.integer_number	corpus	/Users/hugh/datasets/gittables/object/Winlangdb.dll.csv__3011348986__.parquet	2324666641	8c4071a745f9d9e079dc5873bdd4e9a742d655176ca677387f6e0aa13f6f247b	32
npi	datetime.epoch.unix_seconds	corpus	/Users/hugh/datasets/gittables/thing/comments_3799.parquet	comment_time	0a35bf094fbb02075094811243782659021108cff4d90e21265b58dd8976b9f1	32
upc	representation.numeric.integer_number	corpus	/Users/hugh/datasets/gittables/thing/07-08_948.parquet	Created	8b92d0b8e4b9123d27a0bc855f60fcfd7dbe3eb1009514ad4a62b58f2a2d8969	32
upc	representation.numeric.integer_number	corpus	/Users/hugh/datasets/gittables/parent/b1134.parquet	struct_RES_DEPTH-msms	e7dce6a7f0b1507bdfa48190281e3dfe691d8075c2ed89237d8a49727120e7cb	32
upc	representation.numeric.integer_number	corpus	/Users/hugh/datasets/gittables/processing_time/res_sequential_med_rack_03_2.parquet	stochastic_state_time	fc8d08d0b0a12696c1be255dc8c1fea7253dbc071bca9ad72edfa6ce5c0f04fb	32
npi	representation.numeric.integer_number	corpus	/Users/hugh/datasets/gittables/real_time/ResNet034-v1_237.parquet	Theoretical Flops	3bd6b6fac68f8792ac973fb453c168add770c9336956c509250edca4b1da1879	32
upc	representation.numeric.integer_number	corpus	/Users/hugh/datasets/gittables/living_thing/10-11_700.parquet	Created	314083e0db94fbc42dbcc4d152ecf62726e02d2750eafe45f1c298d23be781cd	32
upc	representation.numeric.integer_number	corpus	/Users/hugh/datasets/gittables/dead_air/sfsurprise1940to1969v11.coefs.parquet	-136602451.003	dab65b837dd6b07851fb795b8c0aa967aa0941e97e38b7e1eb81f90c54d732f5	32
upc	representation.numeric.integer_number	corpus	/Users/hugh/datasets/gittables/show_time/tsne-standard-coords_1.parquet	-303059.41230652435	d39b8ca141851cd42d1e8764e7a2526d877a453f261cc8ad1e230ca2e7aeb07d	32
upc	representation.numeric.integer_number	corpus	/Users/hugh/datasets/gittables/thing/dwbfpricesukwin01122015.parquet	PPWAP	d487ba0f2f62b6b65cf3894391f3e970eb94625fa865d3d4a178555e10f8be39	32
npi	representation.numeric.integer_number	corpus	/Users/hugh/datasets/gittables/time_slot/smartEXP3_run6_experiment_details_1.parquet	max gain	b9f2d877e544fb1e35c555708c960fa0c65ccbe9901c66331db60b13f74645df	32
upc	representation.numeric.integer_number	corpus	/Users/hugh/datasets/gittables/object/lists_k14_oplen_nn.parquet	ROC_AUC	6ff24e76b99ce6d3de949611cc4c522c390204d82620adedbd091ff800b78e29	32
upc	representation.numeric.integer_number	corpus	/Users/hugh/datasets/gittables/growth_rate/19-20_79.parquet	Created	d7a64b7ea48d1f8e674b60765dbc9dcf32f88ab083fd8e479c105110d06a4c01	32
upc	representation.numeric.integer_number	corpus	/Users/hugh/datasets/gittables/shiva/IT_results.parquet	ROLL_NO	3a157b32783b9b61932628b032745c9c9d64d48f0041aceb675537e80d00be59	32
upc	representation.numeric.integer_number	corpus	/Users/hugh/datasets/gittables/quick_time/dwbfpricesirewin11092016.parquet	PPWAP	51fa4e550455ffc124bb6a58b4275c465e7fcb61863c7daf3386b7312b2eb35f	32
upc	representation.numeric.integer_number	corpus	/Users/hugh/datasets/gittables/speed_of_light/dwbfpricesirewin23042013.parquet	PPWAP	cf7131ff6ac1df57ba4bf153cc7448d79556a83e161207a4b5928fed01e23dfb	32
upc	representation.numeric.integer_number	corpus	/Users/hugh/datasets/gittables/thing/21-22_767.parquet	Created	43747b43a3c71a2ffd01ab2d3ac6364fda9c269d5531672c5c29c1480597f189	32
upc	representation.numeric.integer_number	corpus	/Users/hugh/datasets/gittables/quick_time/dwbfpricesukwin11022013.parquet	PPWAP	bd4c48ef73d06d5d72b8e01449d68be26e2d175262f89652f7a617094a9c8007	32
upc	representation.numeric.integer_number	corpus	/Users/hugh/datasets/gittables/data_rate/12-13_243.parquet	Created	d05d59ee9bfce64a2bd5f9217e7678cd3269881fb7f61dbc14fb5166657bbacb	32
upc	representation.numeric.integer_number	corpus	/Users/hugh/datasets/gittables/respiratory_rate/10670_episode1_timeseries.parquet	Hours	7ffd1fcfb9ee29851e0274be69814f865403fb3b51f96168e73fe38172e547b3	32
upc	representation.numeric.integer_number	corpus	/Users/hugh/datasets/gittables/safe_period/04-05_134.parquet	Created	7c1392cd9228955ff9382702062ba8f2c3d70e52504f3935dba78a520f4d675b	32
upc	representation.numeric.integer_number	corpus	/Users/hugh/datasets/gittables/thing/results_All_boundsEscluster_labelsENone_annotatorE0_annot_beatsEFalse_featureEmfcc_framesyncEFalse_hierEFalse_medianEFalse_num_layersE10_num_typesENone_start_layerE1_verboseEFalse_6.parquet	DevtE2R	942d3d949e4cb67d97cbc9ece7e6039c470ef63d2700cfd609c38034a08598f9	32
npi	representation.numeric.integer_number	corpus	/Users/hugh/datasets/gittables/thing/sw_0778_2248.utt.parquet	conversation_no	ae7b656958a54e4a3ec10687716ea66867281c860e9fbca1858e03915e13fc8d	32
upc	representation.numeric.integer_number	corpus	/Users/hugh/datasets/gittables/thing/results_All_boundsEolda_labelsENone_annotatorE0_annot_beatsEFalse_featureEmfcc_framesyncEFalse_hierEFalse_transformE_usr_local_lib_python2.7_dist-packages_msaf-0.0.2-py2.7-linux-x86_64.egg_msaf_algorithms_olda_models_EstBeats_SALAMI-i.npy_11.parquet	DevtR2E	179c6cb2ea8c787f407e90397951f2f4bfb63598b2f36097874bb54dc1f8d3e7	32
npi	representation.numeric.integer_number	corpus	/Users/hugh/datasets/gittables/parent/Image%205_P5-1_1%20Region.parquet	IntensitySum2_TV2-T3-SR::Intensity Sum Squares of channel 'TV2-T3-SR'!!R	e7be4a366c7ae66f43ee98f4fcaefccb12fe85e8a2cb18893f9ad25c1a3516e5	19
npi	representation.numeric.integer_number	corpus	/Users/hugh/datasets/gittables/id/PD37918b_lo0041.sample.dupmarked.bam_pilepy.parquet	pos	6964e325267aa0be4828e9fb7de05fdfa394dd039c3737bdfed3386701bb5e21	32
upc	representation.numeric.integer_number	corpus	/Users/hugh/datasets/gittables/show_time/dwbfpricesirewin07032014.parquet	PPWAP	ee77ff8b8b6ac48656c2444650f976df73287262c801048608ee37a33db3d547	32
upc	representation.numeric.integer_number	corpus	/Users/hugh/datasets/gittables/lead_time/KW-baseline_1.parquet	fb_sae	41d8fa43fafe6d53651c01ee896897406ae694c8d27f33d0c929ce3ec3bd6b9d	32
upc	representation.numeric.integer_number	corpus	/Users/hugh/datasets/gittables/reaction_time/06-07_265.parquet	Created	a9cdeefbb8cf95e3924d98c1fe009bf785fc35be711cd4cc93ccf39714f5031f	32
npi	representation.numeric.integer_number	corpus	/Users/hugh/datasets/gittables/object/kmddsp.tsp.csv__1168778261__.parquet	2714766274	883ee8132b7ceff1d7748d07c2b676a36e678927ac525d2c2f8875b298f6cc2f	32
npi	representation.numeric.integer_number	corpus	/Users/hugh/datasets/gittables/id/all_questions_no_title_versions_5.parquet	PostId	fec0c62b3973fb261bcf0e15da600f2b71bd3d0629a8648cc7775d789200509f	32
npi	representation.numeric.integer_number	corpus	/Users/hugh/datasets/gittables/id/winrnr.dll.csv__1914466713__.parquet	2441631295	1a1a7519834ea497c7f5e965118e81bb4748a699e79ee5ae4f90ce1ecfd9f361	32
upc	representation.numeric.integer_number	corpus	/Users/hugh/datasets/gittables/interim/pym_data.parquet	-0.1234567901234568	673d5b2727d3ed156171143213f72ee8812e49647e0d8c995b8a0a16c4e019f7	32
upc	representation.numeric.integer_number	corpus	/Users/hugh/datasets/gittables/real_time/dwbfpricesusawin28052015.parquet	PPWAP	a2892dd8383e5517d93d4e807ada9882afb8dd77d12926b8467bc498aa9a69ef	32
npi	representation.numeric.integer_number	corpus	/Users/hugh/datasets/gittables/id/dxmasf.dll.csv__4244810623__.parquet	2872998417	1b60b67dfb9fef75af595ac36d80c71f349b66089dda1f2766b8a5fd0e2cf341	16
upc	representation.numeric.integer_number	corpus	/Users/hugh/datasets/gittables/parent/b0897.parquet	struct_RES_DEPTH-msms	3d006d3d7e71b5049da778a065b9a738bc3ae815e45c85ad972f556db623dc6b	32
upc	representation.numeric.integer_number	corpus	/Users/hugh/datasets/gittables/thing/results_All_boundsEsf_labelsENone_annotatorE0_annot_beatsEFalse_featureEmfcc_framesyncEFalse_hierEFalse_k_nearestE0.04_m_embeddedE3_M_gaussianE23_Mp_adaptiveE28_offset_thresE0.05_10.parquet	D	e121ddda5a81979b13c8f055844a226d7baf59db3b7fc087dd394daa6f6d2b71	32
npi	representation.numeric.integer_number	corpus	/Users/hugh/datasets/gittables/object/RacEngn.dll.csv__1247729832__.parquet	3793882125	9256c45ce49b78dfd2d346862089a45a557c487c99526add53ada5294599a50d	32
npi	representation.numeric.integer_number	corpus	/Users/hugh/datasets/gittables/real_time/BVLC_GoogleNet_232.parquet	Theoretical Flops	23d7eb2a6a13caf779746108a1998c5592714de3f2bb4b1ce20429e2d5baecc7	32
upc	representation.numeric.integer_number	corpus	/Users/hugh/datasets/gittables/reaction_time/lists_k31_oplen_nn.parquet	ROC_AUC	8f526406623231ce6debf46fb147ed94df5433a1f911f437dbe4594911c4aa89	32
npi	representation.numeric.integer_number	corpus	/Users/hugh/datasets/gittables/real_time/MobileNet-v2_117.parquet	Theoretical Flops	e11878dace7ae79a6a018347a97359441d66720310fb43e988e68a80db9ae7f9	32
upc	representation.numeric.integer_number	corpus	/Users/hugh/datasets/gittables/processing_time/population6_2017-06-26-111046.parquet	ContinuousProcessingRateDegreeImpl:Server2:HDD	18cd87e2701824caa51605a3321ed3e4e3453a8f9bcce05ed6ebad9ebca95379	32
npi	representation.numeric.integer_number	corpus	/Users/hugh/datasets/gittables/thing/tweets_cap_test_6.parquet	142744587	bf0647a851492c496edd76b5cd5e10ebd9272c1f3bbb308206e67d4119b6abd5	32
upc	representation.numeric.integer_number	corpus	/Users/hugh/datasets/gittables/thing/results_All_boundsEfoote_labelsENone_annotatorE0_annot_beatsEFalse_featureEmfcc_framesyncEFalse_hierEFalse_L_peaksE64_M_gaussianE96_m_medianE12_11.parquet	DevE2R	d588708604cf69fdd7023c814bc4a4d7754fd361e5c847d0057c0e9b7264149d	32
npi	representation.numeric.integer_number	corpus	/Users/hugh/datasets/gittables/id/imdb_scale_5_2_model_based_10.parquet	cardinality_true	af19ec799d35e2f436fad04c582cb84eb518ea420bccb69a6593a6338066bc7d	23
upc	representation.numeric.integer_number	corpus	/Users/hugh/datasets/gittables/data_rate/10-11_511.parquet	Created	df6a55320ed8507c8b68df10263b1c5eb281e9b15952a4e2be257a201a68dd4b	32
upc	representation.numeric.integer_number	corpus	/Users/hugh/datasets/gittables/living_thing/theninehundred1950.coefs.parquet	-55.9702440191	d6e30e3ff36baeae256a1163d5299172e42f9e322d40b30e1294f3d3fb00f12d	32
npi	datetime.epoch.unix_seconds	corpus	/Users/hugh/datasets/gittables/in_time/2021-04-24_16.parquet	precipIntensityMaxTime	70215d1f99e65dc9e3acc1863bc00053eefd7cd0b6c9e3adbe5e05aa36c95569	8
upc	representation.numeric.integer_number	corpus	/Users/hugh/datasets/gittables/abstraction/19-20_44.parquet	Created	29c07a355c954ed31b299d0c17da1199a909674287a4d47ed993151e3bb00e69	32
upc	representation.numeric.integer_number	corpus	/Users/hugh/datasets/gittables/id/DickieWells_SixCatsAndAPrince_Solo.parquet	onset	2a46164d5e550454b0b1b74e1fd1350f03ea8ecbb6e52ec85fddeeb5bb0cfb99	32
npi	representation.numeric.integer_number	corpus	/Users/hugh/datasets/gittables/real_time/DenseNet-121_68.parquet	Theoretical Flops	4d94efccad1f401ac1e9c6ddd6eb1a5b4dafb3e03f319de5fe20ef564fe5985f	32
npi	representation.numeric.integer_number	corpus	/Users/hugh/datasets/gittables/object/hidinterrupt.sys.csv__1065315814__.parquet	2340885656	4018a6acbb365c8d4a3a3bdbd3ac105db8cd713867813dbd994597068c933b4b	32
npi	representation.numeric.integer_number	corpus	/Users/hugh/datasets/gittables/object/PackageStateRoaming.dll.csv__379252090__.parquet	2861620829	9b69494f98ca52bcde742582250f7637bd0c6059bd55e3918dbf7b29df21ee03	32
upc	representation.numeric.integer_number	corpus	/Users/hugh/datasets/gittables/whole/04-05_1077.parquet	Parent	9dbebe313e4f6ac76eef4c3332e2db8dae43210343cf485d273579cd562b53a9	32
upc	representation.numeric.integer_number	corpus	/Users/hugh/datasets/gittables/parent/03-04_1513.parquet	Created	6b5003b0a0066cb6f6b4139085fd232f4c0d08a3745557ae0fe74c609cab3961	32
upc	representation.numeric.integer_number	corpus	/Users/hugh/datasets/gittables/id/1140017053041-RRab.parquet	MJD	15661f3fd83a3f308fb96c8c1d8f67a20201e47b808c7d7af9d53a7bfdade385	32
upc	representation.numeric.integer_number	corpus	/Users/hugh/datasets/gittables/question_time/15-16_525.parquet	Created	bfbb22f7ed39e5c27ca13c08bdf4d0b174e4dfa777cb453ce03077f3caddfaf7	32
npi	representation.numeric.integer_number	corpus	/Users/hugh/datasets/gittables/parent/nmbind.exe.csv__2667610167__.parquet	4188284900	4e4369af347ca49bc6d246d802c834d8ba800d91b66dd5639c384474011bf7fb	32
upc	representation.numeric.integer_number	corpus	/Users/hugh/datasets/gittables/then/03-04_1142.parquet	Created	dc1b9aa234c5cff73c644946e570b9613acada8cbf10d275d922151bc3b64d15	32
upc	representation.numeric.integer_number	corpus	/Users/hugh/datasets/gittables/id/halo_85004585823_particle_ID.parquet	y	14ed08fbdf0fa05984fd406648fdba6cd632b9b71a288fc288c63c9cc3cdc9af	32
npi	representation.numeric.integer_number	corpus	/Users/hugh/datasets/gittables/id/1629672.parquet	Player_ID	3ea6e503f0aff0636f79a68bbe14f442ee1284acbc228af9b7c647d80584ac17	32
upc	representation.numeric.integer_number	corpus	/Users/hugh/datasets/gittables/whole/fantasynojuv1970to1979v2.coefs.parquet	-11.6928474017	d7cba97ed8e8f40aff3ae3324dc81302721dbb1cb222b796c3a4d676a4f6cfcd	32
upc	representation.numeric.integer_number	corpus	/Users/hugh/datasets/gittables/lead_time/ES-baseline_3.parquet	fb_sae	d009480856a15b9c3130388734080d5b83fe9d4e2d0972f04d57fc38c31c6c07	32
upc	representation.numeric.integer_number	corpus	/Users/hugh/datasets/gittables/parent/b2272.parquet	struct_RES_DEPTH-msms	c8bdb99fe68c2d2bd211a8663692cfd83f11eacf39ff67afb34109186b354b39	32
upc	representation.numeric.integer_number	corpus	/Users/hugh/datasets/gittables/running_time/metrics_T22.parquet	process_start_time_seconds	42de0e5744f6f4a196879fb5c9d3fbbbd4010ee450d485b83abda08343e8e33b	32
upc	representation.numeric.integer_number	corpus	/Users/hugh/datasets/gittables/real_time/dwbfpricesukwin25012015.parquet	PPWAP	9a19190bd3d09cdcff5d5daea79398e6f9fc34426c3d4bcd104ddc2e2cba8a39	32
upc	representation.numeric.integer_number	corpus	/Users/hugh/datasets/gittables/crime_rate/20-21_43.parquet	Created	76ed152f0169bc1c43b439b037ad05ec7b61fd88619a2452423c279c152313ab	32
npi	representation.numeric.integer_number	corpus	/Users/hugh/datasets/gittables/id/PD37107b_lo035.sample.dupmarked.bam_pilepy.parquet	pos	1f7f14b6133fbb18be3aa20e81cdc353c4bd1bb1a825ce66f898a104032a0deb	32
upc	representation.numeric.integer_number	corpus	/Users/hugh/datasets/gittables/thing/results_All_boundsEcnmf_labelsENone_annot_beatsEFalse_featureEhpcp_framesyncEFalse_hE20_hierEFalse_RE16_R_labelsE16_rankE3_rank_labelsE4_18.parquet	D	8800bca6463652466355caefae77369b3132ea1a82464ad25100bf4da724140f	32
upc	representation.numeric.integer_number	corpus	/Users/hugh/datasets/gittables/real_time/IT-baseline_3.parquet	case_sae	7c2946376e31584a26bd4a2720757f489334d0f143b307e7d6655c3bf55954cd	32
upc	representation.numeric.integer_number	corpus	/Users/hugh/datasets/gittables/question_time/05-06_1113.parquet	Story	85cd270c4beaa1947826ccefddcf760328a079846bf3b1c196080acf09fa39bf	32
upc	representation.numeric.integer_number	corpus	/Users/hugh/datasets/gittables/parent/b2528.parquet	struct_RES_DEPTH-msms	f7c9c60fbeabd31470e5feb77f9f58bffeafbc5183f86fc9426424adc84ec047	32
upc	representation.numeric.integer_number	corpus	/Users/hugh/datasets/gittables/cease/blank_keeper_data.parquet	Dollar_Value	f9ec4ce6a31850c7abed8a5d4a22d7d5743a235f86e5c7ed61c6981e3f7f2d01	32
npi	representation.numeric.integer_number	corpus	/Users/hugh/datasets/gittables/object/WpcMigration.Uplevel.dll.csv__842745301__.parquet	3217725205	28d863b4bb1b77d4e9f9c4eb77ed6789d2635e9c764e98d4a310c2ca052b4ec9	32
upc	representation.numeric.integer_number	corpus	/Users/hugh/datasets/gittables/then/19-20_543.parquet	Created	44c3dd1055b08cf30b35de6e32cdc2659f933840d6f110bfad46988d0a5526d9	32
upc	representation.numeric.integer_number	corpus	/Users/hugh/datasets/gittables/real_time/21-22_398.parquet	Created	a68d6993bae26e48d66e51be70308e968443608dca85ead02eb3d035396e207f	32
upc	representation.numeric.integer_number	corpus	/Users/hugh/datasets/gittables/parent/Image%2016_P4-1%20Region.parquet	IntensityStd_TV2-T3-SR::Intensity Standard Deviation of channel 'TV2-T3-SR'!!R	32bce2249cc89b273c3fefe0ce31132eeddb2fa3fc38045111a5fd0ef001cb85	20
upc	representation.numeric.integer_number	corpus	/Users/hugh/datasets/gittables/processing_time/population5_2017-06-26-111041.parquet	ContinuousProcessingRateDegreeImpl:Server2:HDD	0aca882e39d8e2298088d7cd8f6c5ffb1f67cc3f93b6c495ca80244b9fa4d2bd	32
npi	representation.numeric.integer_number	corpus	/Users/hugh/datasets/gittables/real_time/Shufflenet_4.parquet	Theoretical Flops	cbb4dcd675ce138000a77525295cf61a7c2bd3c08a51da2f29417c3a583ccf37	32
upc	representation.numeric.integer_number	corpus	/Users/hugh/datasets/gittables/real_time/IT-baseline_2.parquet	case_sae	8468ebe3584ee87a752f75af5b2e4effdd6bc4534a74776a2d1f7dc37ad9b727	32
upc	representation.numeric.integer_number	corpus	/Users/hugh/datasets/gittables/parent/b2280.parquet	struct_RES_DEPTH-msms	ff49cc97ac390046b1d9f9bb42cac9bd62fb014b31c8c04b93da08dcc31db8f9	32
upc	representation.numeric.integer_number	corpus	/Users/hugh/datasets/gittables/real_time/15-16_623.parquet	Created	49c861f5690f8a49b237e39ba9962d5f9fb45718ff257028b264d3d9124a8b5f	32
upc	representation.numeric.integer_number	corpus	/Users/hugh/datasets/gittables/thing/results_All_boundsEfoote_labelsENone_annot_beatsEFalse_featureEhpcp_framesyncEFalse_hierEFalse_L_peaksE64_M_gaussianE96_m_medianE12_22.parquet	DevtR2E	9b217bcfe67c0c16d9f7d68905bcfdab48be9ac3c1031116f6ad4b2ea7bfff93	32
npi	representation.numeric.integer_number	corpus	/Users/hugh/datasets/gittables/object/PSHED.DLL.csv__2891624491__.parquet	2988416474	f36e56159ebc5bd49b7db5d8d8dd1b4b0bb1da10d389d1d5cafe066462cb05e3	32
upc	representation.numeric.integer_number	corpus	/Users/hugh/datasets/gittables/thing/dwbfpricesirewin24072012.parquet	PPWAP	4d89a07664931fc10dd59740228e9c4a4bb670d8c61643b2b7ecdcc73451cd53	32
upc	representation.numeric.integer_number	corpus	/Users/hugh/datasets/gittables/object/19-20_109.parquet	Created	c8a9ef91ee48bd4d66d011a7b8002da5e5fa6d0a6ecb44ccd1976fa4e971d441	32
upc	representation.numeric.integer_number	corpus	/Users/hugh/datasets/gittables/thing/21-22_833.parquet	Created	35dab823c7fc0a00b647c4bdc2db72448d735d3b3e54b937106ba818cadf08e5	32
upc	representation.numeric.integer_number	corpus	/Users/hugh/datasets/gittables/processing_time/PCA_occ_scores.parquet	PC3	b1c59f3fae7eafed77f3ee5f2658d4c38c25161f25fca5c62fb667c4287e3ffd	32
upc	representation.numeric.integer_number	corpus	/Users/hugh/datasets/gittables/rate_of_return/09-10_51.parquet	Created	71ba6516c503ce466f289bee4f8629248d79d5e5badb036c2091e8bdc3b9eb03	32
upc	representation.numeric.integer_number	corpus	/Users/hugh/datasets/gittables/thing/results_All_boundsEsf_labelsENone_annotatorE0_annot_beatsEFalse_featureEmfcc_framesyncEFalse_hierEFalse_k_nearestE0.04_m_embeddedE3_M_gaussianE23_Mp_adaptiveE28_offset_thresE0.05_3.parquet	DevtR2E	10f19525da08205e828f4e077694e7e348ce8988e7a4786fb6b7a6b0238bfbab	32
upc	representation.numeric.integer_number	corpus	/Users/hugh/datasets/gittables/quick_time/dwbfpricesireplace15102012.parquet	PPWAP	ae0af8a7a0ff6a7de48f89d40864f584819402cb9350f2325277178745d86ce1	32
upc	representation.numeric.integer_number	corpus	/Users/hugh/datasets/gittables/reaction_time/lists_k05_oplen_lr.parquet	ROC_AUC	59a9a7632a6ed8587774d36cd29e12237373c7cda9ba25fd7878c9b521371ae3	32
npi	datetime.epoch.unix_seconds	corpus	/Users/hugh/datasets/gittables/in_time/2020-09-08_150.parquet	precipIntensityMaxTime	e4f48f2b820ab74034ef67df2e0e60c1aaf58cfc8596b4722a73f7e4c8ffe991	8
npi	representation.numeric.integer_number	corpus	/Users/hugh/datasets/gittables/real_time/ResNet050-v1_620.parquet	Theoretical Flops	0d052cd33471deb47c0c3cc261d950d057fceb81b3637b0a15e44aa5fa032a75	32
npi	datetime.epoch.unix_seconds	corpus	/Users/hugh/datasets/gittables/in_time/2021-04-25_53.parquet	precipIntensityMaxTime	9e2c48e20248c88243223342aaf4e5905d0aba84887d9df3e316ad1762bd8b51	8
npi	representation.numeric.integer_number	corpus	/Users/hugh/datasets/gittables/id/PD37105b_lo029.sample.dupmarked.bam_pilepy.parquet	coord_id	732ad5019a66837441d06e5daf1c344576439e3866ddb5571e025182f137c2fd	32
npi	representation.numeric.integer_number	corpus	/Users/hugh/datasets/gittables/real_time/Shufflenet.parquet	Theoretical Flops	9f008b79b2c1c53c9426d820057f556effecf4e1ab10a1eae368e4195a92a389	32
npi	representation.numeric.integer_number	corpus	/Users/hugh/datasets/gittables/object/updatepolicy.dll.csv__2045891956__.parquet	3169632133	efc903cd6f095e81cd95a9d9ac212da6222ca9179e6e76e69a3b78c88db41b11	32
npi	representation.numeric.integer_number	corpus	/Users/hugh/datasets/gittables/real_time/ArcFace_16.parquet	Theoretical Flops	a8d714557dd5c6092d5f5245661cf16acd6e762a022c3853548b5bd3b6ce49e9	32
npi	representation.numeric.integer_number	corpus	/Users/hugh/datasets/gittables/real_time/Inception-v1_180.parquet	Theoretical Flops	77bbcd713f45377768dc140cfa8e27ea95f8ce27025cb659b1a798356c2e0cad	32
npi	representation.numeric.integer_number	corpus	/Users/hugh/datasets/gittables/real_time/ResNet050-v2_248.parquet	Theoretical Flops	86df80c8ad8197c69f707b8f95d264e3a4f66242e7717f1aed27ba67a2c9aa79	32
npi	representation.numeric.integer_number	corpus	/Users/hugh/datasets/gittables/id/PD37918a_lo0003.sample.dupmarked.bam_pilepy.parquet	pos	e578e6882c7a3e9794863ca401f5e2a4d5b646556a39b321d84347cadc8f677d	32
npi	representation.numeric.integer_number	corpus	/Users/hugh/datasets/gittables/rate_of_return/dwbfpricesusaplace03052014.parquet	SELECTION_ID	db923c78b7e86fa530cd51c4e772ac0993260ce0aa58683effcaad05cb141983	32
npi	representation.numeric.integer_number	corpus	/Users/hugh/datasets/gittables/object/WpdUpFltr.sys.csv__388328332__.parquet	2675144426	01fb6f34a183895b1c3e01f444151ce1c7e7bcd543d299b2c9891ad8c83358a1	18
npi	datetime.epoch.unix_seconds	corpus	/Users/hugh/datasets/gittables/in_time/2020-09-08_122.parquet	precipIntensityMaxTime	6300f0df415a606b3dfc84ca22e18fe25bb14674a4a558b6967321bf191deff3	8
npi	datetime.epoch.unix_seconds	corpus	/Users/hugh/datasets/gittables/count_per_minute/Reviews.parquet	Time	a9e3018d23e71c7f6bae70b9247b8bd586d55b2549b0e57b55d89199681fdbd5	32
npi	representation.numeric.integer_number	corpus	/Users/hugh/datasets/gittables/real_time/MobileNet-v2_107.parquet	Theoretical Flops	c1fc2bac14734d7955e1ff0015d05c248d33240a950e2f4a2351d80c96838f89	32
npi	representation.numeric.integer_number	corpus	/Users/hugh/datasets/gittables/real_time/ResNet050-v2_113.parquet	Theoretical Flops	4cb996b471a12bb3920db9044890b5da340604c46fa0c24bcd6624893e174651	32
npi	representation.numeric.integer_number	corpus	/Users/hugh/datasets/gittables/time_interval/je.stat.0_2.parquet	Checkpoints:lastCheckpointEnd	79df5441bbd445d30b3b1708aaccb578150b9542489d04574940d8e4d21d6651	28
npi	representation.numeric.integer_number	corpus	/Users/hugh/datasets/gittables/object/ipsecsnp.dll.csv__2076081170__.parquet	3691121952	422a8b5449f05dfab266b8ff86f97d29640ae5366ed7d32b8e584c456131b34f	32
npi	representation.numeric.integer_number	corpus	/Users/hugh/datasets/gittables/real_time/DUC_16.parquet	Theoretical Flops	62c184c023b66820b1f5f638a14cc82015ac21ecbd5794e1d497e9a14eb0c7e9	32
npi	representation.numeric.integer_number	corpus	/Users/hugh/datasets/gittables/real_time/BVLC_GoogleNet_156.parquet	Theoretical Flops	0b7e4b689abbc9f99af07de207f4983e2b73c5d66c1584972d0f67f659d7a6c3	32
npi	representation.numeric.integer_number	corpus	/Users/hugh/datasets/gittables/object/srm_ps.dll.csv__1399417846__.parquet	2852261673	16f20b1a85772412565e021e8c3cce43ec14cb1c7a709b9f0972c87999c8d71d	32
npi	representation.numeric.integer_number	corpus	/Users/hugh/datasets/gittables/real_time/ResNet050-v1_586.parquet	Theoretical Flops	3ca85bcbd0979be0b5e5564de3596cf1d8e132f3d1ef2b5ac085594b0825a581	32
npi	representation.numeric.integer_number	corpus	/Users/hugh/datasets/gittables/object/Windows.System.UserProfile.DiagnosticsSettings.dll.csv__3396852287__.parquet	48128	1b9d0fbe033a53f25d550c72fb8daa015646c5354b67f46bc8bbc85751d16113	32
npi	representation.numeric.integer_number	corpus	/Users/hugh/datasets/gittables/object/bootsect.exe.csv__1751435068__.parquet	3815727034	ac077a355c6bef6a45abb746efccf232584f92edc5372d87844137fe1bf80827	32
npi	datetime.epoch.unix_seconds	corpus	/Users/hugh/datasets/gittables/in_time/2020-09-08_48.parquet	windGustTime	3c19c054025a6f523168a5b58a17c459ff2f0a01349674ad7b2e62240e92801f	8
npi	representation.numeric.integer_number	corpus	/Users/hugh/datasets/gittables/id/msidle.dll.csv__26407745__.parquet	2886258137	cfb58029560c4504429ca41221b3fd259e5584eb1be63354672dd9341bcfa6d5	21
npi	representation.numeric.integer_number	corpus	/Users/hugh/datasets/gittables/id/PD37237b_lo046.sample.dupmarked.bam_pilepy.parquet	pos	a3fbac6f3ed8dce3dd5df17c7eb40ded7c06212f000e2352aea0859ed609c9c3	32
npi	representation.numeric.integer_number	corpus	/Users/hugh/datasets/gittables/object/ThumbnailExtractionHost.exe.csv__2901181255__.parquet	2419606372	0ffe3cc9e3b1c06d90b20cbdadce97a2c89a98beb87574f73faeb1738a28fbd9	32
npi	representation.numeric.integer_number	corpus	/Users/hugh/datasets/gittables/object/efsutil.dll.csv__330556939__.parquet	3325512511	d17460d428873a8c8c9738f01dbf022b3be00529e4881a15dbe9ecb9499c2c1f	32
npi	representation.numeric.integer_number	corpus	/Users/hugh/datasets/gittables/parent/Magnification.dll.csv__3118153961__.parquet	2543411838	cee6f43ac1164b3c6f6bffdcaded0c9c319cef2452971c5fab5e79890d34cda9	32
npi	representation.numeric.integer_number	corpus	/Users/hugh/datasets/gittables/parent/API-MS-Win-devices-config-L1-1-0.dll.csv__3867355813__.parquet	3856616258	409ef5806a47a59a249020b0b166cf670f1f699429317d4511865415efff6ca5	32
npi	representation.numeric.integer_number	corpus	/Users/hugh/datasets/gittables/object/offlinesam.dll.csv__4203923671__.parquet	3338377215	a927c4b6f614c67f467e8e278ec6b5b57e9385d3386f9eb6f8cb1b49e992eb8b	32
npi	representation.numeric.integer_number	corpus	/Users/hugh/datasets/gittables/show_time/metadata_sample_1.parquet	pubmed_id	b51802edad5b7c9212253953907053cc940ac970da6033a4c4cd39fbb26cfc7b	20
npi	representation.numeric.integer_number	corpus	/Users/hugh/datasets/gittables/id/profile_8506812387_BDMW_ID.parquet	bdmId	2d885167bf77a150f614b6d5886dd51dda883e17fbda9e0502597495793b6399	30
npi	representation.numeric.integer_number	corpus	/Users/hugh/datasets/gittables/object/Cortana.Persona.dll.csv__3789684164__.parquet	218624	80183cd56d914a1859c34aaa820e9cd0271a6bdadacae2aab65db657d85cdd49	32
npi	representation.numeric.integer_number	corpus	/Users/hugh/datasets/gittables/id/PD37114b_lo026.sample.dupmarked.bam_pilepy.parquet	pos	e638c33a9fe60f3550c7af657ed2f523cde25d32fe51de8721a373c1e5603a95	32
npi	representation.numeric.integer_number	corpus	/Users/hugh/datasets/gittables/object/PaymentMediatorServiceProxy.dll.csv__253338099__.parquet	2236815986	6aeb3cc0c32ac0456400d6e825ca5e4f33c780a834f167b0cfe5aa1ca4c54403	32
npi	representation.numeric.integer_number	corpus	/Users/hugh/datasets/gittables/then/sw_0778_2248.utt_11.parquet	conversation_no	a85543b30180ae6ec26746bfeac4c75b4c7f21ca6d1968ccd8092803cf153a91	32
npi	representation.numeric.integer_number	corpus	/Users/hugh/datasets/gittables/then/expected-paraphrasing-rejects.parquet	Input.id2	6c210b30b407a75beb8daa707f2660eb00829e7957a71e6f04511df609d22b5b	6
npi	representation.numeric.integer_number	corpus	/Users/hugh/datasets/gittables/show_time/Storprop.dll.csv__2898155333__.parquet	3801452585	34974246966d999829e5af518d6a9b264780dbb830bde833b1be25ceffa5b71f	32
npi	representation.numeric.integer_number	corpus	/Users/hugh/datasets/gittables/show_time/mike_pence_users_2.parquet	User Id	11bea52f03aee9f9f86f5b38246f6baca00cc59287814863634b1b6bfde2fbb7	32
npi	representation.numeric.integer_number	corpus	/Users/hugh/datasets/gittables/real_time/ResNet101-v1_159.parquet	Theoretical Flops	c3684ddeaa0c68cfdff00ecf4e180f18955665054564a320c3dd548cda2ad9fd	32
npi	datetime.epoch.unix_seconds	corpus	/Users/hugh/datasets/gittables/show_time/53_249.parquet	relativeTimeSeconds	4514d9a55ad29ef4f12b3ebaf0b487b5990976ca834582ddb7d14c690d1be9f5	32
npi	representation.numeric.integer_number	corpus	/Users/hugh/datasets/gittables/object/PCShellCommonProxyStub.dll.csv__2234271969__.parquet	2805271859	ff0e0fa62cc20f157798556fd2ebef81efb5b420e30413d8a517ab650c9c92ed	32
npi	representation.numeric.integer_number	corpus	/Users/hugh/datasets/gittables/object/itss.dll.csv__1971879635__.parquet	4137205260	5f4883bcfcf1442e0f746e0f9e64caf1e8add939df09d93397b21854a50a0591	32
npi	representation.numeric.integer_number	corpus	/Users/hugh/datasets/gittables/object/autopilot.dll.csv__3369992432__.parquet	2408841034	bb129fcf92e4c6500331a5cc4e97d384ba55c9ca250fa3a0bee93e45db58e129	32
npi	representation.numeric.integer_number	corpus	/Users/hugh/datasets/gittables/real_time/Inception-v1_130.parquet	Theoretical Flops	c066e69fb009950973c2144e2bda4969b0d23f275308cbeeb4d2fceb2a96445f	32
npi	representation.numeric.integer_number	corpus	/Users/hugh/datasets/gittables/object/klist.exe.csv__2774394577__.parquet	3174852688	4901c2355cda786a7dc6b2981bbc6cc04163794575a9129d06335f2e71d7a7d5	32
npi	representation.numeric.integer_number	corpus	/Users/hugh/datasets/gittables/object/Magnification.dll.csv__1313654315__.parquet	2543411838	b11595e1cba6ad2fef866b1175abd871276ee4911973bebaed26e825197e0de1	32
npi	representation.numeric.integer_number	corpus	/Users/hugh/datasets/gittables/object/usbport.sys.csv__2106440425__.parquet	2704762811	ac50925703dc763c074e66d32fb322048f9faacf23a37747a24b0bb77ca76c07	32
npi	representation.numeric.integer_number	corpus	/Users/hugh/datasets/gittables/id/PD36717b_lo038.sample.dupmarked.bam_pilepy.parquet	pos	6b218f52eedf993acf92a24171acf4378514010f1f6e0acfaa14d8a2cd6f18d9	32
npi	representation.numeric.integer_number	corpus	/Users/hugh/datasets/gittables/real_time/BVLC_GoogleNet_212.parquet	Theoretical Flops	270b7223c65caff6d34ecf8a2d81d1acb72bb0a0197c9e1decdd6fcaa266911f	32
npi	datetime.epoch.unix_seconds	corpus	/Users/hugh/datasets/gittables/in_time/2020-09-08_87.parquet	uvIndexTime	bf2cf61eb00a67811eeafa725aba3792e95904199a6e42b9293978c2febaa035	8
npi	representation.numeric.integer_number	corpus	/Users/hugh/datasets/gittables/id/PD37904b_lo0003.sample.dupmarked.bam_pilepy.parquet	pos	c9766ecd2e32451737910f15f96ecf9ca24fbd3f33c0587845a92263947e9415	32
npi	representation.numeric.integer_number	corpus	/Users/hugh/datasets/gittables/object/DockInterface.ProxyStub.dll.csv__2620883658__.parquet	3153995833	38f541aeebd5bde53224375ddd118f0e68ea34e639d6b01821a2eecd139b4bf9	32
npi	datetime.epoch.unix_seconds	corpus	/Users/hugh/datasets/gittables/id/test_data_records_31.parquet	timemodified	54c4acc5efa043c1474f9f5130f2d886e486357b001c6d7f18c9f1f67ee42c89	32
npi	representation.numeric.integer_number	corpus	/Users/hugh/datasets/gittables/id/0011900009.parquet	PLAYER_ID	43aaa92519cd927ab72e72580330444df8403932fbb87c6c5d9c94c7d9d036ed	32
npi	representation.numeric.integer_number	corpus	/Users/hugh/datasets/gittables/real_time/ResNet050-v2_165.parquet	Theoretical Flops	5a1ca2386957971b3714d1aed84ba1c791a0348405a15159f18162e89d887cdb	32
npi	representation.numeric.integer_number	corpus	/Users/hugh/datasets/gittables/id/PD37105b_lo015.sample.dupmarked.bam_pilepy_1.parquet	pos	c2b42212184aaae64b829b50a26fded77d8b453a940c501c3b170fa446f4a7ed	32
npi	datetime.epoch.unix_seconds	corpus	/Users/hugh/datasets/gittables/in_time/2020-09-08_17.parquet	uvIndexTime	5f142e4d9ee7f3f2773e40bf20dd19de3697edef88541792b02250366ded818b	8
npi	representation.numeric.integer_number	corpus	/Users/hugh/datasets/gittables/id/PD37239b_lo001.sample.dupmarked.bam_pilepy.parquet	coord_id	934e591b8fc0665fd9b0a4e73ee1b190af804aa9d76c128e06fdeb81647d36ad	32
npi	representation.numeric.integer_number	corpus	/Users/hugh/datasets/gittables/object/msctfmig.dll.csv__1640120766__.parquet	2715432535	466f8667908d58801a1930801700a6019cddd7600abecf5524acaa656a6f16b3	32
npi	representation.numeric.integer_number	corpus	/Users/hugh/datasets/gittables/id/profile_8506841772_BDMW_ID.parquet	bdmId	e1c0a490967cb1667f57d8d9bb1c6c670d7e10e71bd01aabd117f5ca82e56547	30
npi	representation.numeric.integer_number	corpus	/Users/hugh/datasets/gittables/object/WdNisDrv.sys.csv__173537136__.parquet	2614761267	664deca8cfa84163ea414d5e81c84fe90c93b1ffe6d0229dccb097af9e417c43	32
npi	representation.numeric.integer_number	corpus	/Users/hugh/datasets/gittables/show_time/irprops.cpl.csv__1054099516__.parquet	4130424923	24931b505c1040f2c9b7a9a9a8df02b45a7a870a5333716173c96727fa6b3a5f	32
npi	representation.numeric.integer_number	corpus	/Users/hugh/datasets/gittables/real_time/ResNet034-v1_211.parquet	Theoretical Flops	64cf9fd1e693b55c1b17885413db73660e5806f2742165c25756b7caeea3f27b	32
npi	representation.numeric.integer_number	corpus	/Users/hugh/datasets/gittables/object/ComposableShellProxyStub.dll.csv__3144438121__.parquet	4206970614	a0b8158347b43c0534852b5f737477c2a0323633b4967a1e60176e82549d349d	32
npi	datetime.epoch.unix_seconds	corpus	/Users/hugh/datasets/gittables/in_time/2021-04-20_21.parquet	sunriseTime	3eb15a9706d31989c8a3d22c1ca3586b7e0085f9da4fc841965057ecbe5b0b21	8
npi	representation.numeric.integer_number	corpus	/Users/hugh/datasets/gittables/object/ngcksp.dll.csv__1231236293__.parquet	3844124930	93f0124677ae13423559150d8a9549b1b783b05f21267067819d7934351e41f9	32
npi	representation.numeric.integer_number	corpus	/Users/hugh/datasets/gittables/dead_air/exemploDatasetLivros.parquet	393325792	06189071d01c08725d36be52c0b2f37f1780f7476128d4576de2de02ba3bd793	32
npi	representation.numeric.integer_number	corpus	/Users/hugh/datasets/gittables/object/regidle.dll.csv__545386197__.parquet	2729777329	8f1247fec0e046186f87173480c6c05ce743c99202ce970f7304ad1af11eaa49	32
npi	representation.numeric.integer_number	corpus	/Users/hugh/datasets/gittables/show_time/dwbfpricesrsawin26062016.parquet	SELECTION_ID	7d33150f57e921ba4cc274adf9aab7b559bed5182916c082110b6c501a1d8221	32
npi	representation.numeric.integer_number	corpus	/Users/hugh/datasets/gittables/lead_time/dwbfpricesirewin06102008.parquet	EVENT_ID	77d868e62ae4e74f7ecd83d72ba5652d18ddc6511c3c603e9258cc5d198db72b	32
npi	representation.numeric.integer_number	corpus	/Users/hugh/datasets/gittables/id/PD37238b_lo036.sample.dupmarked.bam_pilepy.parquet	pos	c1d813b4269120b76bca4264291627383bb10984d575ecb686db2ccaf0acfdb1	32
npi	representation.numeric.integer_number	corpus	/Users/hugh/datasets/gittables/object/mskeyprotcli.dll.csv__522283674__.parquet	187392	7234cd3ea0a78af7da9402f4b73094988e6abb8259fa62da95a5ab4f8b9b22cf	32
npi	representation.numeric.integer_number	corpus	/Users/hugh/datasets/gittables/real_time/ResNet101-v1_132.parquet	Theoretical Flops	7ba780cea3adb18976b47e4e3a7cd5981de9adb35693b9742fc3a60ab21ec53b	32
npi	representation.numeric.integer_number	corpus	/Users/hugh/datasets/gittables/real_time/Inception-v1_186.parquet	Theoretical Flops	18cebde03999f499ad90160e157409a044ee28b491cbc137e5f2f5874ad6f02b	32
npi	representation.numeric.integer_number	corpus	/Users/hugh/datasets/gittables/real_time/ResNet050-v1_418.parquet	Theoretical Flops	be798053b9354e64bd695f8fe91fef770357507ad8f77908d90e85ff70d1d491	32
npi	representation.numeric.integer_number	corpus	/Users/hugh/datasets/gittables/object/prncache.dll.csv__2646613315__.parquet	2913003249	a7c9446a67818868692a85a9556c004c4803e722bc1abcaf6282e60302cda447	32
npi	datetime.epoch.unix_seconds	corpus	/Users/hugh/datasets/gittables/in_time/2021-04-20_37.parquet	precipIntensityMaxTime	8f936192898c23e5e143a649a5f0b3b2033199ac409d9d5181fe2733b69e72ed	8
npi	representation.numeric.integer_number	corpus	/Users/hugh/datasets/gittables/object/winprint.dll.csv__2110685031__.parquet	2219374010	c631dedda624efa8c905b24c61e4faeaa5d3be06c28de825b040bbb425665c0b	32
npi	representation.numeric.integer_number	corpus	/Users/hugh/datasets/gittables/id/1628421_2.parquet	PLAYER_ID	2a5935c3d8a43965194c22bbc93aa95e74b2a0c38bf1e4b9a8fa0d49f26d2ac5	32
npi	representation.numeric.integer_number	corpus	/Users/hugh/datasets/gittables/parent/fde.dll.csv__306937565__.parquet	3215528683	5c6e5f6450494be83497ce5cc4cdc341fb53166a0bd8c9b5914269d46d3f76d7	32
npi	representation.numeric.integer_number	corpus	/Users/hugh/datasets/gittables/real_time/BVLC_GoogleNet_152.parquet	Theoretical Flops	ec729b550111838d61ceb06e0df195197e595bf5dd98044e5dd39a517986c99b	32
npi	representation.numeric.integer_number	corpus	/Users/hugh/datasets/gittables/real_time/ResNet050-v1_546.parquet	Theoretical Flops	5bf8956420b39266fb7421f60389aa41f049d0a9069971922ac3c5becdf3fd5f	32
npi	representation.numeric.integer_number	corpus	/Users/hugh/datasets/gittables/id/ExploreProjects%20-%20Sheet1.parquet	project_id	87653b1eba7ce8183fc045176e32e460f5e8ad86501b8527d1e1860733564e9f	32
npi	datetime.epoch.unix_seconds	corpus	/Users/hugh/datasets/gittables/in_time/2020-09-08_117.parquet	uvIndexTime	adc9dda30fc03e83b258da217fed880a6ba2afd2f57d29b297f25b8b37a34447	8
npi	representation.numeric.integer_number	corpus	/Users/hugh/datasets/gittables/object/WindowsCodecsRaw.dll.csv__3195254337__.parquet	2717062112	936a028008dfd2a7f8d249cb590ce18830e9a58d2980d572a7a6e98d6d53ec73	32
npi	representation.numeric.integer_number	corpus	/Users/hugh/datasets/gittables/real_time/metadata_sample_1.parquet	pubmed_id	492ed6cd98f988af7a40e416b0b7febf6657a0d2d9846dfa8b16e094f8add22d	20
npi	representation.numeric.integer_number	corpus	/Users/hugh/datasets/gittables/real_time/ResNet034-v2_214.parquet	Theoretical Flops	a7d1651a7a9337f4eee19198611b8156f6082f062ba89e2809ee5035e8e1fc71	32
npi	datetime.epoch.unix_seconds	corpus	/Users/hugh/datasets/gittables/in_time/2020-09-08_158.parquet	uvIndexTime	9bbeafdb47b4544c4e017f34ca61d71c7c8adf92d18e59febc1f369baef050c1	8
npi	representation.numeric.integer_number	corpus	/Users/hugh/datasets/gittables/object/USBSTOR.SYS.csv__381347036__.parquet	2633631625	c1caaf372142f8c033234e0f4fce3b8c1c71dd1f45a559cc815c11e5d48fcca5	32
npi	representation.numeric.integer_number	corpus	/Users/hugh/datasets/gittables/object/IumSdk.dll.csv__3544180090__.parquet	4172860273	05e7a77e46d21fd4812fae984ff48157421625d0207a63dc462de190a2fe3b53	32
npi	representation.numeric.integer_number	corpus	/Users/hugh/datasets/gittables/real_time/ResNet050-v1_298.parquet	Theoretical Flops	1db6e5af8477dbf145b7fbf4b3bb166ad3f6db4f8c3a7e71280de7ddaedd7173	32
npi	representation.numeric.integer_number	corpus	/Users/hugh/datasets/gittables/thing/DDF_2.parquet	multiverseid	6372b3437ccaf17c9a72da571fa42252a438cadb0120891f1ef72ef9654595cf	32
npi	representation.numeric.integer_number	corpus	/Users/hugh/datasets/gittables/id/PD37114b_lo021.sample.dupmarked.bam_pilepy.parquet	pos	4db376effd32808f75de25c91f049e309657695a58eeb54f01a3409358e0a24d	32
npi	representation.numeric.integer_number	corpus	/Users/hugh/datasets/gittables/object/pnrpsvc.dll.csv__1040163596__.parquet	3084520671	7fae19ed6a1c7813926c265a10fbd16cf07c22f1d393926407dd1044e82a9e59	32
npi	representation.numeric.integer_number	corpus	/Users/hugh/datasets/gittables/id/PD37239b_lo007.sample.dupmarked.bam_pilepy_1.parquet	pos	38e5e15de90c141b8b4f54a928d0919fbc12bbc0bd62974264a399cf493efd2d	32
npi	representation.numeric.integer_number	corpus	/Users/hugh/datasets/gittables/object/MSWB7.dll.csv__3809539091__.parquet	3301263670	81fe21989f4802b67f386b51b670792b67a5b2c9164cccb1d9fece41fddad3c5	32
npi	datetime.epoch.unix_seconds	corpus	/Users/hugh/datasets/gittables/id/1078_9.parquet	creationTimeSeconds	0f5208b4f0df75eaccdfc77816532d2310c5793ff8e21898511e07f4546eceaf	32
npi	representation.numeric.integer_number	corpus	/Users/hugh/datasets/gittables/real_time/ResNet050-v1_648.parquet	Theoretical Flops	33a37e76c759ebed93c6ec7667cb0f768652be2982e528ff0e401a670f85c577	32
npi	representation.numeric.integer_number	corpus	/Users/hugh/datasets/gittables/id/PD37114b_lo032.sample.dupmarked.bam_pilepy.parquet	pos	16e4d5b1dd4dfde379b37b8edf66cb6593385b977a4e69f80e333ca33f6d91b3	32
npi	datetime.epoch.unix_seconds	corpus	/Users/hugh/datasets/gittables/id/test_data_records_141.parquet	timemodified	e945be36a1f739de51692354fb852081434a2a5236da4889756dcab084528917	32
npi	datetime.epoch.unix_seconds	corpus	/Users/hugh/datasets/gittables/in_time/2020-09-08_113.parquet	uvIndexTime	288a4a9bb23c77b693c7bd97b63e04230b0c0d09fb96c1c5148fbe128d1d0bc5	8
npi	representation.numeric.integer_number	corpus	/Users/hugh/datasets/gittables/id/PD37232b_lo003.sample.dupmarked.bam_pilepy.parquet	pos	6fe28db18e5d7708601540c749ad89ed7368e754f3d0e5a6e9d42d63f4914e95	32
npi	representation.numeric.integer_number	corpus	/Users/hugh/datasets/gittables/id/PD37116b_lo025.sample.dupmarked.bam_pilepy.parquet	pos	77c788c9afc239c3e0f0cdab9ca432bf0fe40b1190bafa1631a1eb289214c9b5	32
npi	representation.numeric.integer_number	corpus	/Users/hugh/datasets/gittables/id/PD36718b_lo041.sample.dupmarked.bam_pilepy.parquet	pos	f14ce6fd3107ac1ac727432d8b137c7649acda446189023bdb2eb78a52a3a735	32
npi	representation.numeric.integer_number	corpus	/Users/hugh/datasets/gittables/id/PD36714b_lo032.sample.dupmarked.bam_pilepy.parquet	pos	d376c6fa37d2e6e5d002554e3a76bc4d09f7200f4b1ec28c0ca9099d4680e2cd	32
npi	representation.numeric.integer_number	corpus	/Users/hugh/datasets/gittables/real_time/ResNet050-v2_140.parquet	Theoretical Flops	f4a4ed23578671f752710e93c3205c331aa31a94f8554e62492400b8ba944205	32
npi	representation.numeric.integer_number	corpus	/Users/hugh/datasets/gittables/real_time/MobileNet-v2_102.parquet	Theoretical Flops	26ad5dbb0dad1c1edca60c60d610a56e3675a1956f79a395ff5bd7371068c487	32
npi	representation.numeric.integer_number	corpus	/Users/hugh/datasets/gittables/then/sw_0778_2248.utt_15.parquet	conversation_no	4355e9bca7aa262c0456009bcdd09c83353c27bbdd85f3c7530be19931758331	32
npi	representation.numeric.integer_number	corpus	/Users/hugh/datasets/gittables/parent/VAN.dll.csv__3744168772__.parquet	327168	6480aedb2eb700cf175a14f6328bef707f2c034b4814bf24b1908706bb23e54d	32
npi	representation.numeric.integer_number	corpus	/Users/hugh/datasets/gittables/then/SPIN_20190926-135320.parquet	msg_id	57ab60236aefdce0d5f68a5ef9ced6b09d0ac79598ba8e33f4ed188c8bbe397b	32
npi	representation.numeric.integer_number	corpus	/Users/hugh/datasets/gittables/object/signdrv.dll.csv__1874068611__.parquet	4180496229	1923bcf85eef2699088540af89884a5a3de480a0b51c421133283e47db3529ad	32
npi	representation.numeric.integer_number	corpus	/Users/hugh/datasets/gittables/id/PD37113a_lo008.sample.dupmarked.bam_pilepy.parquet	pos	9831f5c622d37d00a429514694e6e9724a5278a70e79a4dadc4b52452b58aa15	32
npi	datetime.epoch.unix_seconds	corpus	/Users/hugh/datasets/gittables/speed_of_light/2021-04-20.parquet	uvIndexTime	951596b9cc59deefe3c3e39dfe30736a4533803ca3c73154512613f6370f9e31	8
npi	datetime.epoch.unix_seconds	corpus	/Users/hugh/datasets/gittables/id/storybook-events-CHIMPLE_2018-10-12.parquet	start_time	d3849256da5deabae50732cbc3390ffa7dc43004ad8ba42a31a436a1c88dc397	32
npi	representation.numeric.integer_number	corpus	/Users/hugh/datasets/gittables/show_time/mciqtz32.dll.csv__350638746__.parquet	4283242241	ff46fc33ad1c426fdf9c8f9629619b727d6186e305814d97bd03e4dcf784e1d5	32
npi	representation.numeric.integer_number	corpus	/Users/hugh/datasets/gittables/show_time/icsigd.dll.csv__1706045565__.parquet	2471407908	208c63b51ced11367fe868d54fb497bb5f3a81dc6b2e17c0194e93c55e7d3845	32
npi	representation.numeric.integer_number	corpus	/Users/hugh/datasets/gittables/object/Cortana.Persona.dll.csv__1541488170__.parquet	2610767854	c7a9bbd4fc6a9e7ebaaee2fe85d8050d03da5156fd9702b675e7e3a5ae54f3eb	32
npi	representation.numeric.integer_number	corpus	/Users/hugh/datasets/gittables/object/serwvdrv.dll.csv__77656691__.parquet	2257190967	f4272ea60553ff7dac08d6537c2ea56bf5c9f038cb5856547e01ed65b352bd97	32
npi	representation.numeric.integer_number	corpus	/Users/hugh/datasets/gittables/object/MP4SDECD.DLL.csv__4034819433__.parquet	4203004148	5fc361ba356102932998e1b0789d0713f8e93e4e764a4e87bd75bb158ec2f595	32
npi	datetime.epoch.unix_seconds	corpus	/Users/hugh/datasets/gittables/id/test_data_records_12.parquet	timemodified	c21cd9738ea915e03a6790b8777783bcc71851185492e8b8c5a38ee7be1fcfbb	32
npi	representation.numeric.integer_number	corpus	/Users/hugh/datasets/gittables/object/rdrleakdiag.exe.csv__2914631535__.parquet	2219637137	b5f4fee9dc7147f483476d3805f9a04977b4349323f33800c4a942837d478253	32
npi	representation.numeric.integer_number	corpus	/Users/hugh/datasets/gittables/id/data_mutation_1.parquet	End	f6c906324e541a26dbef5a73652c84d3bca41ffe8bfb2c226042f3e6c100ed47	32
npi	representation.numeric.integer_number	corpus	/Users/hugh/datasets/gittables/real_time/BVLC_GoogleNet_135.parquet	Theoretical Flops	8bb27521b4c85c8eeb043dabc8d31a7598f5b1b132baef92d6e73de740826f7d	32
npi	representation.numeric.integer_number	corpus	/Users/hugh/datasets/gittables/id/7work_agr.parquet	_id	b9e99298f74d7bb76887b8dc97c5ab522a7b01ecbeec35c6f7121b40f1a3f853	7
npi	representation.numeric.integer_number	corpus	/Users/hugh/datasets/gittables/real_time/Inception-v1_176.parquet	Theoretical Flops	4240be7e2ba7ee838f47f8c0384cbe57072d6c89776fef40b9ef0a8390f8b361	32
npi	representation.numeric.integer_number	corpus	/Users/hugh/datasets/gittables/object/PrintIsolationHost.exe.csv__1380925256__.parquet	2315553061	322d2ff00a019f5bca064a71717f78fae43a58dcd19282bd554fcbceb71d5e69	32
npi	representation.numeric.integer_number	corpus	/Users/hugh/datasets/gittables/in_time/_books_98.parquet	asin	545f8b6fe8d0226ff570be6c6938ab63c1630d2caacc48ce3d475d1ede87af19	14
npi	datetime.epoch.unix_seconds	corpus	/Users/hugh/datasets/gittables/in_time/2021-04-20_12.parquet	sunriseTime	0b9ca4d3943491de20a806adaa8bacd69f8da0ef89c4841eeb819978487d3079	8
npi	datetime.epoch.unix_seconds	corpus	/Users/hugh/datasets/gittables/id/test_data_records_94.parquet	timemodified	6d62617d363b8efaf397ef7869323f241a8dfb2bebf448caab8ab50f3bd5663b	32
npi	representation.numeric.integer_number	corpus	/Users/hugh/datasets/gittables/object/ias.dll.csv__2854444591__.parquet	3972732251	de3450e9173bc26a91238fd68a95b25ef57558d88a6641daa181818c812db09d	32
npi	representation.numeric.integer_number	corpus	/Users/hugh/datasets/gittables/id/PD36718b_lo026.sample.dupmarked.bam_pilepy.parquet	pos	f5d706ec6345989652c159d567d21303ededfa069d6014c999c3961468f47ae7	32
npi	representation.numeric.integer_number	corpus	/Users/hugh/datasets/gittables/id/PD37105b_lo031.sample.dupmarked.bam_pilepy.parquet	pos	2ae6096704062ddc7d57e1be9c9fe7a1f67a6152423451ef1f812fe656797d6f	32
npi	representation.numeric.integer_number	corpus	/Users/hugh/datasets/gittables/parent/msctfui.dll.csv__732588473__.parquet	3114386772	9038a3a9415e421d5217f8c230dc07785280eca73cea3e7f83d6926caab098a9	32
npi	representation.numeric.integer_number	corpus	/Users/hugh/datasets/gittables/id/PD37111b_lo034.sample.dupmarked.bam_pilepy.parquet	pos	abe9f2a978f3c63d754372b191336a42f6896443414811b049846f6e94fc4ee3	32
npi	representation.numeric.integer_number	corpus	/Users/hugh/datasets/gittables/id/FaceRecognitionEngineAdapterResourcesCore.dll.csv__848625965__.parquet	3905535876	46af32095d9d01cb859e2b80fe452b7f9cac2193c2c686581bd4e70cf3594445	23
npi	representation.numeric.integer_number	corpus	/Users/hugh/datasets/gittables/show_time/srmshell.dll.csv__2443524514__.parquet	124928	d2aefe0a4afd52107fb1cb9bb405c5944221ee75e63221eee147554b4e282dfd	32
npi	representation.numeric.integer_number	corpus	/Users/hugh/datasets/gittables/real_time/Inception-v2_109.parquet	Theoretical Flops	2018c4e3ee2abafe955a8ff4f356265077d8fe66914789061bca51d6977f0679	32
npi	datetime.epoch.unix_seconds	corpus	/Users/hugh/datasets/gittables/in_time/2020-09-08_136.parquet	uvIndexTime	d6301d53a837865090a3b1099c97e130d896680e69c8a56086cf047d85ec2a5b	8
npi	representation.numeric.integer_number	corpus	/Users/hugh/datasets/gittables/lead_time/mike_pence_users_2.parquet	User Id	304113385270545c9d6ca8d5e61400618e42d5b2e86717a5ef1c52bf4338bd79	32
npi	representation.numeric.integer_number	corpus	/Users/hugh/datasets/gittables/object/wshom.ocx.csv__4265910992__.parquet	142848	16b526dd5f87c33ed87da8cebf286f76be0cd12c1a0097911fc59def36d36d39	32
npi	representation.numeric.integer_number	corpus	/Users/hugh/datasets/gittables/object/baaupdate.exe.csv__345973647__.parquet	3321456671	688fff2e9484de552c2ec5724d651c36a2d1386be612f47c4c1d6fb73981c46b	32
npi	representation.numeric.integer_number	corpus	/Users/hugh/datasets/gittables/real_time/ResNet050-v2_123.parquet	Theoretical Flops	8c634e7588dbf98d4b8597135c84a671895cc3dd0ba16f56aea63e5d1c41ccf1	32
npi	representation.numeric.integer_number	corpus	/Users/hugh/datasets/gittables/id/PD37231b_lo024.sample.dupmarked.bam_pilepy.parquet	pos	9f01a51af6459f6d3c022e969db58bc3524c7bed25b2c5c19d3842af466a1a6f	32
npi	representation.numeric.integer_number	corpus	/Users/hugh/datasets/gittables/object/timesync.dll.csv__2276132858__.parquet	2519843317	1ec9ebffc22332cb77b15897417eb7cd8212a86f6c7c905f9e7a7cd5cd8c49f3	32
npi	representation.numeric.integer_number	corpus	/Users/hugh/datasets/gittables/object/lsass.exe.csv__4218989621__.parquet	3585014387	ff0ce1b21d0b6aed531dbddbb0156ce840a456e38f632cbd4eaedf8d30bb3817	32
npi	representation.numeric.integer_number	corpus	/Users/hugh/datasets/gittables/object/processr.sys.csv__574745132__.parquet	2209882543	8ec93244dfae6b9deecc8c33a15dbfd9a013013a559c7ce35d3cc7e9778b311b	32
npi	representation.numeric.integer_number	corpus	/Users/hugh/datasets/gittables/parent/ipsmsnap.dll.csv__3391044117__.parquet	3142053427	31fcfd1f5cd9c6f7920aefe4fdc52f423ca05c5b527ac264f79375ebe911d1e7	32
npi	representation.numeric.integer_number	corpus	/Users/hugh/datasets/gittables/id/PD37909a_lo0004.sample.dupmarked.bam_pilepy_1.parquet	pos	929f11316727d0f8140a6f27123d30b27957344a7f10dddd8c00a8c09a1e1fa7	32
npi	representation.numeric.integer_number	corpus	/Users/hugh/datasets/gittables/object/TtlsExt.dll.csv__1741725879__.parquet	2911520286	6a54f7bb80994db4a733579a81f66c89b42b153d83b6c85cf29f4ec0af3d2409	32
npi	datetime.epoch.unix_seconds	corpus	/Users/hugh/datasets/gittables/in_time/2021-04-25_43.parquet	precipIntensityMaxTime	5d93cb137dc55e915d198360ccc7b1091235166474f2b91100414108ca9f9971	8
npi	representation.numeric.integer_number	corpus	/Users/hugh/datasets/gittables/real_time/BVLC_GoogleNet_166.parquet	Theoretical Flops	d97708dc9cd500f512fc18e7e98c4cd286795a16f20778e5f0780738034eb571	32
npi	representation.numeric.integer_number	corpus	/Users/hugh/datasets/gittables/id/PD37239b_lo047.sample.dupmarked.bam_pilepy_1.parquet	pos	0ac3d1ef55851f9b22b27aed5dddcbf056aad9ab266a6759c6e0e4b7b3e497f5	32
npi	representation.numeric.integer_number	corpus	/Users/hugh/datasets/gittables/id/1596110615example.parquet	ReportNo	e2b48c63379fe43383d689954d5476df084f7c061985daeb679bb84afdf59533	20
npi	representation.numeric.integer_number	corpus	/Users/hugh/datasets/gittables/id/PD36717b_lo025.sample.dupmarked.bam_pilepy.parquet	pos	a9acacebc3c8fdc43d3439841953b9ca9defaf5baeddc72c3d0aa6c463d0de37	32
npi	representation.numeric.integer_number	corpus	/Users/hugh/datasets/gittables/real_time/ResNet050-v1_266.parquet	Theoretical Flops	d6be2043bc4d5a944bd5473e713a4da17c5395e487d470b42a4639214bb8f3f5	32
npi	datetime.epoch.unix_seconds	corpus	/Users/hugh/datasets/gittables/in_time/2020-09-08_27.parquet	sunriseTime	bccf8ccd154fc92c4b8fe9da3722f4fb579e59ee75ca9a6c48b062531b81feef	8
npi	datetime.epoch.unix_seconds	corpus	/Users/hugh/datasets/gittables/in_time/2020-09-08_61.parquet	sunriseTime	7405cc2542fe35a689157d9adab60581162f11ad62691c0291113a02d51944db	8
npi	representation.numeric.integer_number	corpus	/Users/hugh/datasets/gittables/parent/tweets_cap_test.parquet	142744587	612827da07c260dd337c6cf1669aa9ffa4592c32558b9c0aba9afec1b3bf113d	32
npi	datetime.epoch.unix_seconds	corpus	/Users/hugh/datasets/gittables/in_time/2020-09-08_128.parquet	sunsetTime	8fdd8e3b7ed4066ee51a6b3d19f75671b53af058cc480c331401b2ec52530f87	8
npi	datetime.epoch.unix_seconds	corpus	/Users/hugh/datasets/gittables/in_time/2021-04-25_48.parquet	precipIntensityMaxTime	2a772ac75a979143513911feed8017b3b1147f29e9bf092e310b445a11dadaf9	8
npi	representation.numeric.integer_number	corpus	/Users/hugh/datasets/gittables/id/PD37237b_lo040.sample.dupmarked.bam_pilepy.parquet	pos	0feac58e7a9c22d37b85994cf0fa7b1412308320c7b37aa8cbd83f1dc4f065b1	32
npi	representation.numeric.integer_number	corpus	/Users/hugh/datasets/gittables/object/fdprint.dll.csv__3174284126__.parquet	184832	220b0470fc0559b3f9f3d8ff20f8449ac9f4e2a451becefc577a4cec611b45d7	32
npi	representation.numeric.integer_number	corpus	/Users/hugh/datasets/gittables/running_time/NYC_Restaurant_Inspection_Results.parquet	CAMIS	a4940e4c176d53bbed37f9bdf76141c6b37d7c91e34d2a511931def7aca96a6d	32
npi	representation.numeric.integer_number	corpus	/Users/hugh/datasets/gittables/real_time/BVLC_GoogleNet_158.parquet	Theoretical Flops	d64252ebae2b628a2c596b721b9afdc2bd48648caa747ccf4ce181fa6d36b4c7	32
npi	representation.numeric.integer_number	corpus	/Users/hugh/datasets/gittables/id/PD37909b_lo0018.sample.dupmarked.bam_pilepy.parquet	pos	6d204ec11cf61cf8c42ea17d931f5391433d0e1731d90c74a0dd7f435aea8481	32
npi	representation.numeric.integer_number	corpus	/Users/hugh/datasets/gittables/id/PD37116b_lo037.sample.dupmarked.bam_pilepy.parquet	pos	d2413064e0e3b42eda8e5ae13b34f13b1d54d16a26ceb8905ee96e25cba1b1e9	32
npi	representation.numeric.integer_number	corpus	/Users/hugh/datasets/gittables/real_time/DenseNet-121_95.parquet	Theoretical Flops	60b7ce8f91e8f8bd97abd157fe63203e86c6166da1de05f5237d9db25610b6cb	32
npi	representation.numeric.integer_number	corpus	/Users/hugh/datasets/gittables/id/PD37111b_lo033.sample.dupmarked.bam_pilepy.parquet	pos	c6094ebc2f6f04a63b14d163f6cd447d4599774599fe764099fc0b820bedc2ef	32
npi	representation.numeric.integer_number	corpus	/Users/hugh/datasets/gittables/id/PD37909b_lo0034.sample.dupmarked.bam_pilepy.parquet	pos	3180c1789e8584f2139c078145fd67b7e25b101d9a62184b79e9b63202f4a42d	32
npi	representation.numeric.integer_number	corpus	/Users/hugh/datasets/gittables/real_time/Inception-v2_133.parquet	Theoretical Flops	f6f3c309c07e8d034d57944a17b5d878ee50b44219dda1e6f5d9068dc7a39961	32
npi	datetime.epoch.unix_seconds	corpus	/Users/hugh/datasets/gittables/in_time/2020-09-08_5.parquet	sunriseTime	e012246c54804ade914b6a50d85acd9e1a2fe1781f25d54ae5015c694ae7fcf3	8
npi	representation.numeric.integer_number	corpus	/Users/hugh/datasets/gittables/parent/xwtpw32.dll.csv__1579775492__.parquet	143872	a2132c96e514c2826ff2536a02b167b738f5ad7abde9c809b0fb80df2d5b9175	32
npi	representation.numeric.integer_number	corpus	/Users/hugh/datasets/gittables/object/itircl.dll.csv__2368540236__.parquet	4144521925	0670066a0750ea7970e1a519c7d24db4e95bbbb14c97b1d1130582a8c88467ed	32
npi	datetime.epoch.unix_seconds	corpus	/Users/hugh/datasets/gittables/id/test_data_records_79.parquet	timemodified	5be5cdf19b7100a268bbdc2af2ef0368c9fd468da0080b8763e0fd2503676e7b	32
npi	datetime.epoch.unix_seconds	corpus	/Users/hugh/datasets/gittables/in_time/2020-09-08_143.parquet	sunriseTime	77f1b724ba9c418bcae6eab755e9641b012b64654b4d3020a0bba1ed3794c98b	8
npi	representation.numeric.integer_number	corpus	/Users/hugh/datasets/gittables/id/PD37105a_lo002.sample.dupmarked.bam_pilepy.parquet	coord_id	ea4220763dc9255056badaf33444f5f7c976a2e10f8bb3e898b2f85a12309de1	32
npi	representation.numeric.integer_number	corpus	/Users/hugh/datasets/gittables/object/cacls.exe.csv__3915742969__.parquet	3713812486	d6dc9cdaee442f0c9cf324094877a95252d14de2e8dee6e943bd1ae9dbb1fc93	32
npi	datetime.epoch.unix_seconds	corpus	/Users/hugh/datasets/gittables/in_time/2020-09-08_88.parquet	precipIntensityMaxTime	403a4cfc10df3adc50e483d309d644d083851c54e4fcd7f573efd0bc3362d95d	8
npi	representation.numeric.integer_number	corpus	/Users/hugh/datasets/gittables/in_time/_books_72.parquet	asin	c5744d73695260f9b5ff33be6f7206420291ac6c9e0c09e6334f6e6d8e3590a7	14
npi	representation.numeric.integer_number	corpus	/Users/hugh/datasets/gittables/id/PD37231b_lo010.sample.dupmarked.bam_pilepy.parquet	pos	a4edf271a927e388c27fb5bf4d2c33bcc496c741edbd4f2666d42d100e7cf2e3	32
npi	representation.numeric.integer_number	corpus	/Users/hugh/datasets/gittables/real_time/ResNet050-v2_158.parquet	Theoretical Flops	d355ad1bf1507135cd96de388f64ebb594f3384feaacae00406205a20040f527	32
npi	representation.numeric.integer_number	corpus	/Users/hugh/datasets/gittables/id/PD36715b_lo046.sample.dupmarked.bam_pilepy.parquet	pos	a8829db6d9f7740c79a57decb90d7d57bcbe5cd374fca1fa68d05905b97b4089	32
npi	representation.numeric.integer_number	corpus	/Users/hugh/datasets/gittables/real_time/ResNet101-v1_103.parquet	Theoretical Flops	9ee8cd6adeabf7d71820c4dc307c6974074d129bf5ab101ffc2c2bb9a16bd32b	32
npi	representation.numeric.integer_number	corpus	/Users/hugh/datasets/gittables/object/PDFRenderFilter.dll.csv__2714436562__.parquet	2898441429	f4888de1e1bd237f8c65a2766f10b98317bcabd1658b331777e21a22e1829b57	32
npi	representation.numeric.integer_number	corpus	/Users/hugh/datasets/gittables/show_time/predictions_13.parquet	142744587	7de74ecaad71b4026b361ad7c954c7ca09fac7cdaf692c456ab3f2ad8f9149cd	32
npi	representation.numeric.integer_number	corpus	/Users/hugh/datasets/gittables/object/CompPkgSrv.exe.csv__3167966716__.parquet	2299634314	f36ed913ab79f04d9b7e5cdd0cacbdf1d2d8bd483a6ad759a099c14d22f1946f	32
npi	representation.numeric.integer_number	corpus	/Users/hugh/datasets/gittables/object/imjpskey.DLL.csv__4210843620__.parquet	3859177833	0f6db43090b19d9afa5e8c6794697ea9192bd09a27575d5cd1e44c872a162045	32
npi	representation.numeric.integer_number	corpus	/Users/hugh/datasets/gittables/object/RemoveDeviceContextHandler.dll.csv__2137969887__.parquet	2809985731	e2108f5921c9fcb19e2efd84ff2f74a83326f0f52c7ab916282e19f60cd5f937	32
npi	representation.numeric.integer_number	corpus	/Users/hugh/datasets/gittables/object/asyncmac.sys.csv__906279646__.parquet	3211863214	13fffd252cbeef5463c6454d8f21314434196210e0026390522dcd017a77b963	32
npi	representation.numeric.integer_number	corpus	/Users/hugh/datasets/gittables/object/LanguageComponentsInstallerComHandler.exe.csv__296325663__.parquet	2707851383	6778ad0e15d3851e4a04ed068c498c864c0c25eb16e407ae91ea2a242afb09c3	32
npi	representation.numeric.integer_number	corpus	/Users/hugh/datasets/gittables/real_time/predictions_12.parquet	142744587	de313f5d059cde221b272d314503891d9549f8ee246ceb73373d2e69374ac929	32
npi	representation.numeric.integer_number	corpus	/Users/hugh/datasets/gittables/id/PD37116b_lo030.sample.dupmarked.bam_pilepy.parquet	pos	284035ad1c99f84084cb47636913ed1c94fe30f510895bbf0ecae1866b0b9e8f	32
npi	representation.numeric.integer_number	corpus	/Users/hugh/datasets/gittables/object/w32tm.exe.csv__3561351651__.parquet	3334848591	64e8260694100bbf8435d7864244413adba978cf1cdecd18e4527e184b7f6f87	32
npi	representation.numeric.integer_number	corpus	/Users/hugh/datasets/gittables/id/c_GSM7.DLL.csv__1698793350__.parquet	4087058892	a5f95485ed4a647e0b8b4cf80541bd2ac78c21f7513a26a3eb6066524419daf3	20
npi	representation.numeric.integer_number	corpus	/Users/hugh/datasets/gittables/id/1629628_1.parquet	Player_ID	f320677262873075974f3039d05c1858d21938a6e72e155b4133c1bf4a2afe1f	32
npi	representation.numeric.integer_number	corpus	/Users/hugh/datasets/gittables/rainy_day/dwbfpricesrsaplace13062016.parquet	SELECTION_ID	455c44661fd3ed66dd5e6f8e56c30459fb81cd9098a67d112d232d82a58fa447	32
npi	representation.numeric.integer_number	corpus	/Users/hugh/datasets/gittables/show_time/exemploDatasetLivros.parquet	393325792	28adcc8c464fd1892f4f68b7b76d4f9c30507df68efcc126eed2603e0a2b6d39	32
npi	representation.numeric.integer_number	corpus	/Users/hugh/datasets/gittables/object/CompPkgSrv.exe.csv__3167966716__.parquet	187392	f36ed913ab79f04d9b7e5cdd0cacbdf1d2d8bd483a6ad759a099c14d22f1946f	32
npi	datetime.epoch.unix_seconds	corpus	/Users/hugh/datasets/gittables/in_time/2021-04-25_35.parquet	uvIndexTime	5b622707c672ef98c1d8a4cf4d7d429e5a58ddc876a69d4ca05161f81705a5b3	8
npi	representation.numeric.integer_number	corpus	/Users/hugh/datasets/gittables/object/tlscsp.dll.csv__4260931199__.parquet	2446943701	86292efa2e1053009ef963c8507f3afd7a21fefe91a1d6c4a028d87388fbdaa5	32
npi	representation.numeric.integer_number	corpus	/Users/hugh/datasets/gittables/object/tpm.sys.csv__3734385531__.parquet	3201931825	37cc4240e2785ce34ef551d2624e49971cf81a4d5b9cd33851f1e35e93f59ce1	32
npi	representation.numeric.integer_number	corpus	/Users/hugh/datasets/gittables/object/kmddsp.tsp.csv__1913275564__.parquet	2714766274	f885f7348b6a6fc2e31c713832110198f90f80020017aea2f86322bd6129b2f7	32
npi	representation.numeric.integer_number	corpus	/Users/hugh/datasets/gittables/object/WmiDcPrv.dll.csv__2518760916__.parquet	2568132801	66378bce0aa8d1360333b17c1bc599f509290de6f4ca59a0e0330f6f3c860e91	32
npi	representation.numeric.integer_number	corpus	/Users/hugh/datasets/gittables/parent/umpdc.dll.csv__1661587801__.parquet	2731332627	14e1941a07df91bde3a4016c7de69d374ec4d15362c7054e02050ac8da8959d9	32
npi	representation.numeric.integer_number	corpus	/Users/hugh/datasets/gittables/id/PD37238b_lo035.sample.dupmarked.bam_pilepy.parquet	pos	d8deef3235fd66712e7b4d489e253edee87b564c96b1acdcda99145f515a914f	32
npi	representation.numeric.integer_number	corpus	/Users/hugh/datasets/gittables/then/sw_0778_2248.utt_3.parquet	conversation_no	adaa6f1cd22a1a01259321e2805fa403892ebcef502f5d766f40d3d2b7e3a44b	32
npi	representation.numeric.integer_number	corpus	/Users/hugh/datasets/gittables/object/iashlpr.dll.csv__884480179__.parquet	2421083700	6f96e078dd96bc946ae7823c17a3c0e4f7f67f7ad0692132c0db51dc4953394b	32
npi	representation.numeric.integer_number	corpus	/Users/hugh/datasets/gittables/object/FntCache.dll.csv__3421827074__.parquet	4041843821	69cc913f1b3195048c753a8065b794033eb98f5efe468bf688360c157b44c80b	32
npi	representation.numeric.integer_number	corpus	/Users/hugh/datasets/gittables/object/UserLanguageProfileCallback.dll.csv__3095044216__.parquet	4281458803	5c520c13d3a6139de614b2a17926624a6ff11410ec7992e51a6e03dfe67f27cd	32
npi	representation.numeric.integer_number	corpus	/Users/hugh/datasets/gittables/object/wksprtPS.dll.csv__2101685074__.parquet	2558571457	4443c30174c476c1ec0c42214a8dc02823765bb90c42901dcc4c768155e44281	32
npi	representation.numeric.integer_number	corpus	/Users/hugh/datasets/gittables/id/PD37113b_lo007.sample.dupmarked.bam_pilepy.parquet	pos	9a26f410262a9a949e5c90740189cd2583a9fd334d56e13e2a104eed775fe6bd	32
npi	representation.numeric.integer_number	corpus	/Users/hugh/datasets/gittables/object/USBXHCI.SYS.csv__951883417__.parquet	2501577337	9ae3d764f3a931d81c1f916d767dbb4905f9ed77f5229e7fca48c0da38411581	32
npi	representation.numeric.integer_number	corpus	/Users/hugh/datasets/gittables/id/IUCN_1.parquet	20155652	1e45894b02a9e44ccd05404e3acba3ae6e28ba6d7d0fe27fd3e5346ed654b6db	32
npi	representation.numeric.integer_number	corpus	/Users/hugh/datasets/gittables/object/WpnUserService.dll.csv__1607784324__.parquet	3927173205	c38ddb8defa64881367c14d47e6c83ea47e23d3198797d054a1b268114478e63	32
npi	representation.numeric.integer_number	corpus	/Users/hugh/datasets/gittables/id/PD36713b_lo020.sample.dupmarked.bam_pilepy_1.parquet	pos	68c33f46033f6b2ffa62d234772762c736595ebe6429968bf7b2711f25c07475	32
npi	representation.numeric.integer_number	corpus	/Users/hugh/datasets/gittables/object/BookList.parquet	4627847416	1fa4a0c86b3d7c55d944dbdd8bdef4a91444e40dd7eb278644743ad720102179	32
npi	representation.numeric.integer_number	corpus	/Users/hugh/datasets/gittables/show_time/dwbfpricesrsaplace25092016.parquet	SELECTION_ID	7b4f444780ccc78bc6e94d45147a5ad4b71de14961bfc044af952d7966591537	32
npi	representation.numeric.integer_number	corpus	/Users/hugh/datasets/gittables/show_time/Storprop.dll.csv__1251722050__.parquet	3801452585	77309452033bf444a893e88f7515b2824371b93f0d1c1ca3b49e73a41bd80717	32
npi	representation.numeric.integer_number	corpus	/Users/hugh/datasets/gittables/id/PD37239b_lo020.sample.dupmarked.bam_pilepy.parquet	coord_id	c00290305e3ec43455da06891444161d9e1cff1ca43c6336d7168bc4579794dd	32
npi	datetime.epoch.unix_seconds	corpus	/Users/hugh/datasets/gittables/in_time/2020-09-08_47.parquet	sunsetTime	b85e4b7e32cb086cd112082f97544bcba228c642c31f7de7a9110a7cbebb0759	8
npi	representation.numeric.integer_number	corpus	/Users/hugh/datasets/gittables/id/PD37231b_lo020.sample.dupmarked.bam_pilepy.parquet	pos	69a6e0703603ce8fbeb65050da1c31cc74cba503fb4d5d4f3dc6ea2e086c49c9	32
npi	representation.numeric.integer_number	corpus	/Users/hugh/datasets/gittables/id/sent_4_2_2.parquet	nanoTime	84530d948aaeaf4edcd29d8d231064f77624af91647d237e18366e3aee09f741	32
npi	datetime.epoch.unix_seconds	corpus	/Users/hugh/datasets/gittables/in_time/2021-04-20_32.parquet	uvIndexTime	e1e6805068a4fce2d37d04a95dc673281805122599a07de1ce4648aa0ab4c295	8
npi	representation.numeric.integer_number	corpus	/Users/hugh/datasets/gittables/id/PD36713b_lo048.sample.dupmarked.bam_pilepy.parquet	pos	dac077927d19a4549b570352f9bc2972b30fcd39161ec1db79375dc1a656178f	32
npi	representation.numeric.integer_number	corpus	/Users/hugh/datasets/gittables/object/olesvr32.dll.csv__1368194311__.parquet	3724128173	fbbed24871104a3dcfaa55f8323b24d2f62fa7a439b4f6de0f0ec9421b5ebd49	32
npi	representation.numeric.integer_number	corpus	/Users/hugh/datasets/gittables/object/mofinstall.dll.csv__3413297629__.parquet	3278328118	27d3a30b5a9c9bb90a4616f62438dfc3da23d21f8928ff6a25a3134225ba5a3d	32
npi	datetime.epoch.unix_seconds	corpus	/Users/hugh/datasets/gittables/in_time/2020-09-08_131.parquet	precipIntensityMaxTime	92cc3e2d406812191eb3afdff4649006c2fecbc9a2643fa77d76989ab58acc67	8
npi	representation.numeric.integer_number	corpus	/Users/hugh/datasets/gittables/object/bnmanager.dll.csv__294412110__.parquet	4115235525	952dbb297140106d41093aea839807dcc10d7c46eb4720fda6707261fff6c7dd	32
npi	representation.numeric.integer_number	corpus	/Users/hugh/datasets/gittables/id/1629628.parquet	Player_ID	473465e4b7bb0c1d6f2ce931e029744e50c93edf6af2479e3bc718dd45f0faa7	32
npi	representation.numeric.integer_number	corpus	/Users/hugh/datasets/gittables/object/mciwave.dll.csv__1992967539__.parquet	3311522236	baf22d97bddcf612d73e2d9d28fddd1f4cd86941657ab0c59ccdc2559ab16961	32
npi	representation.numeric.integer_number	corpus	/Users/hugh/datasets/gittables/id/AppVSentinel.dll.csv__3286318803__.parquet	2626580076	81e9d281574e3a4a77568481d71269f45e2f3c89c866bc2c2b0a9cd65dc5b9d1	5
npi	representation.numeric.integer_number	corpus	/Users/hugh/datasets/gittables/id/PD36714b_lo023.sample.dupmarked.bam_pilepy.parquet	pos	48af9aee8f2d6625e6450732c2aaa4771250a9210fd58b58e288d8a2120e8c29	32
npi	representation.numeric.integer_number	corpus	/Users/hugh/datasets/gittables/real_time/predictions_19.parquet	142744587	dd727c87994612ce9ab201c43c293f1c0fb3c0e90ef5e3a9a0e13a37cc670a47	32
npi	representation.numeric.integer_number	corpus	/Users/hugh/datasets/gittables/id/1596112497example_1.parquet	ReportNo	32323e7b0f862e56b10fc49b86340d7aa08e05c92b5c7b87c2ccf4938a12b079	20
npi	datetime.epoch.unix_seconds	corpus	/Users/hugh/datasets/gittables/reaction_time/Reviews_4.parquet	Time	47b74d36d13014890edc9d58215b27bcdce86fedf6c1b9e1b574b88e42b3da1b	32
npi	representation.numeric.integer_number	corpus	/Users/hugh/datasets/gittables/object/wups2.dll.csv__4034770237__.parquet	2224716765	6ca10b7c8d9c86bd55fb8ff7f658e1431c2f20376f5af307208a4648e361f26b	32
npi	datetime.epoch.unix_seconds	corpus	/Users/hugh/datasets/gittables/object/20210102_164325_TRAIN_SOAP_BOTTLE_FRONT.parquet	Time	bd342909703bad03a8d1c2bc615b845887cebaf6e844246372ef6e20b1c35fa1	20
npi	representation.numeric.integer_number	corpus	/Users/hugh/datasets/gittables/object/PortableDeviceSyncProvider.dll.csv__3422442173__.parquet	3551250752	b9f3e11c4bbd29ad343beb4550c7aad4ab1bd23a2eb2df963091452f09a0cccd	32
npi	datetime.epoch.unix_seconds	corpus	/Users/hugh/datasets/gittables/in_time/2020-09-08_147.parquet	precipIntensityMaxTime	b01528c88e67d550a62cb00247fdbcfb1c147d7e5a9da4a435d4ea7714ff1747	8
npi	representation.numeric.integer_number	corpus	/Users/hugh/datasets/gittables/seek_time/mciwave.dll.csv__2604639920__.parquet	3371425472	f9ac01543b73297e3ada40e0138b096164e467f95b6dde109c39870c58b2de19	32
npi	representation.numeric.integer_number	corpus	/Users/hugh/datasets/gittables/id/PD37232b_lo020.sample.dupmarked.bam_pilepy.parquet	coord_id	ddd8052a9ff9f2471deb0c35f497531c06917ffa0e4d778ef7eaea919a5dbcdf	32
npi	representation.numeric.integer_number	corpus	/Users/hugh/datasets/gittables/object/d3d8thk.dll.csv__890061516__.parquet	4158709429	be81ccfd539669251d1a1e844da6a20b73f8fb3477f91c0887d39a641b2adfe7	32
npi	representation.numeric.integer_number	corpus	/Users/hugh/datasets/gittables/id/PD37107b_lo043.sample.dupmarked.bam_pilepy.parquet	pos	68ebce2b408a4c87890339d319dc56034648265e428d7d88b8f50fa6436084c1	32
npi	representation.numeric.integer_number	corpus	/Users/hugh/datasets/gittables/object/FaceRecognitionSensorAdapterVsmSecure.dll.csv__421668212__.parquet	2369342137	833ea5248cd1c0b8d3461742b57e49384b9f677d770450a5451e09a2f6613e45	32
npi	representation.numeric.integer_number	corpus	/Users/hugh/datasets/gittables/object/swprv.dll.csv__1046473040__.parquet	2925010674	61199c23ada0ae01849e63dec78ded771d945df567bbf66355d4d2a8508142f1	32
npi	datetime.epoch.unix_seconds	corpus	/Users/hugh/datasets/gittables/id/test_data_records_47.parquet	timemodified	9464abd8cfb26492aa64c9578665e0d72d33dc69505b5b06add0c58bec928689	32
npi	representation.numeric.integer_number	corpus	/Users/hugh/datasets/gittables/object/WpnDataTransformer.dll.csv__599965848__.parquet	2916952371	c1f42b4aa231012b8bdb722534d9636a4d3d057ab5076eaaaaff9b918c42c8a1	32
npi	representation.numeric.integer_number	corpus	/Users/hugh/datasets/gittables/thing/tweets_cap_test_9.parquet	142744587	a9664df181847ae5bd718fd51873cc73eba52149426ffc030cbde0a6940c8905	32
npi	representation.numeric.integer_number	corpus	/Users/hugh/datasets/gittables/id/PD37910b_lo0017.sample.dupmarked.bam_pilepy.parquet	pos	769484e19561c5a6eefe973f4864136e411cf76fe286e5af87dc07a34d095b75	32
npi	representation.numeric.integer_number	corpus	/Users/hugh/datasets/gittables/id/PD37239b_lo047.sample.dupmarked.bam_pilepy_1.parquet	coord_id	0ac3d1ef55851f9b22b27aed5dddcbf056aad9ab266a6759c6e0e4b7b3e497f5	32
npi	datetime.epoch.unix_seconds	corpus	/Users/hugh/datasets/gittables/in_time/2021-04-24_24.parquet	precipIntensityMaxTime	f61f98b32e46d83df4e8c1dc1b1213613b3f9fc6c8fed4670b19cee724eb9fa9	8
npi	representation.numeric.integer_number	corpus	/Users/hugh/datasets/gittables/object/DiagnosticsHub_is.dll.csv__2307056776__.parquet	2897062608	dd6beae6821d7352fec443abe7ecddc3e27d6df55438b26ab77fcecdb370ac37	32
npi	datetime.epoch.unix_seconds	corpus	/Users/hugh/datasets/gittables/in_time/2020-09-08_8.parquet	precipIntensityMaxTime	db6df03bd98d898fd8b237e51635a45f9e3feffd9bb46ac644b7e9670875bac3	8
npi	representation.numeric.integer_number	corpus	/Users/hugh/datasets/gittables/object/pngfilt.dll.csv__2471042566__.parquet	2336241242	d53c218b8d189a34fd8dcadc41ee37bd78edfd769acd9f2a571dd39162b6f51b	32
npi	representation.numeric.integer_number	corpus	/Users/hugh/datasets/gittables/id/PD37116b_lo021.sample.dupmarked.bam_pilepy.parquet	pos	a6445cdd4ed4f9a7c3e4fb92dc963447b2e1633156b7ea1a2e6599d12412ae37	32
npi	datetime.epoch.unix_seconds	corpus	/Users/hugh/datasets/gittables/in_time/2020-09-08_1.parquet	sunriseTime	86f61a289ce8ff79af72e657023cf167afbdfcb45adbc891443c334b8697be49	8
npi	representation.numeric.integer_number	corpus	/Users/hugh/datasets/gittables/id/PD37232b_lo035.sample.dupmarked.bam_pilepy.parquet	pos	4faabdb99b42f83435add96b6dd991962b998165d6f93d3d4e48bee1e74b5eaf	32
npi	representation.numeric.integer_number	corpus	/Users/hugh/datasets/gittables/then/sw_0692_2287.utt_15.parquet	conversation_no	12fae57c2718bb6cb653a6e01de52051c5497a6489bb56c5aa229a1fd562cff7	32
npi	representation.numeric.integer_number	corpus	/Users/hugh/datasets/gittables/object/AuditPolicyGPInterop.dll.csv__2497903823__.parquet	3285915060	cdcb1a101dabd4ff78ae1174de6f71ae86b36e091d0045ba747b07d0e0c6fb1f	32
npi	representation.numeric.integer_number	corpus	/Users/hugh/datasets/gittables/object/wlandlg.dll.csv__2320162637__.parquet	2897750931	9b3a3b3d40fa340473615b8a8dc53107ef50e31c8308434b10532885e287dc65	32
npi	representation.numeric.integer_number	corpus	/Users/hugh/datasets/gittables/parent/data_22.parquet	Document number	feb22c6062ccb7598076f22a569f12431463c298b844382d7d8291e523740bf7	8
npi	representation.numeric.integer_number	corpus	/Users/hugh/datasets/gittables/object/DragDropExperienceDataExchangeDelegated.dll.csv__3503292765__.parquet	3731848291	14b8cb5cdfb44cc191a8dfccc6f62e7cabc531a1a709db8bac55eb68aaf7ccad	32
npi	representation.numeric.integer_number	corpus	/Users/hugh/datasets/gittables/object/Data_190.parquet	NucMaskAlive	db488ce67dfc2ffa1e28e97ee343b520d592c4f07aa0fd84db44a51fffa31131	32
npi	representation.numeric.integer_number	corpus	/Users/hugh/datasets/gittables/thing/sw_1109_2842.utt.parquet	conversation_no	6d57211d461ced387b09820348afd6b5df06cb34327ebe2d030e2e1474427b4b	32
npi	representation.numeric.integer_number	corpus	/Users/hugh/datasets/gittables/object/netsh.exe.csv__3475650999__.parquet	82432	76efec5e97086b532368e7d3a768dc35758b4b80b354cf9d9197ed35246ef12f	32
npi	representation.numeric.integer_number	corpus	/Users/hugh/datasets/gittables/id/PD37239b_lo016.sample.dupmarked.bam_pilepy.parquet	coord_id	8dc3365929f078fd58e01062fbde4126906e9c6dd4c4027144d2f49d8217f4c9	32
npi	datetime.epoch.unix_seconds	corpus	/Users/hugh/datasets/gittables/in_time/2021-04-20_35.parquet	precipIntensityMaxTime	414c8de2e77157144dcc9614cf87f9627d76c249cd40d5a7717c3df6b7c0a815	8
npi	representation.numeric.integer_number	corpus	/Users/hugh/datasets/gittables/whole/literary_index.parquet	EEBO	7492158ad9693d6ae3c95280b882a35a966916976dba52418e7021ab78877f39	32
npi	representation.numeric.integer_number	corpus	/Users/hugh/datasets/gittables/parent/tweets_cap_test_8.parquet	142744587	7011772150d0d13814ee8875727adae7e02fea8634c1cf9e6a7ed93ba3138e0d	32
npi	representation.numeric.integer_number	corpus	/Users/hugh/datasets/gittables/object/mfmjpegdec.dll.csv__4193165319__.parquet	3281930257	ec2573cd2c4293298dac4f8c760e73458b020cb30c39efaabaf68e0c657b5a49	32
npi	representation.numeric.integer_number	corpus	/Users/hugh/datasets/gittables/object/MP4SDECD.DLL.csv__1045925851__.parquet	4203004148	7b5950928562c4e96237fb1311ebe08e15e9d4ca7abca7812c28500c14824e5d	32
npi	representation.numeric.integer_number	corpus	/Users/hugh/datasets/gittables/object/MSWebp.dll.csv__442641408__.parquet	2222286663	36769c5e3ac31380ce7353c95450b61f3f94a5122a5f32b543482c8c7e9c919f	32
npi	representation.numeric.integer_number	corpus	/Users/hugh/datasets/gittables/id/mtxex.dll.csv__9684244__.parquet	2332374861	00439f02e9e7cd61438fcc06a06747030c149851a3ac773c29c4c378e689f299	24
npi	representation.numeric.integer_number	corpus	/Users/hugh/datasets/gittables/object/raserver.exe.csv__55331320__.parquet	3097374721	51af84d4c7789193be53acb3e514ce45d4721896045d087698fef40ba1bfaaab	32
npi	representation.numeric.integer_number	corpus	/Users/hugh/datasets/gittables/id/msdxm.ocx.csv__2216408111__.parquet	2520756908	f3de4c83d3d04d238b2cd98a27c4676a53dcf42af8f5ebd4b7f5b88cbe8f3a1f	9
npi	datetime.epoch.unix_seconds	corpus	/Users/hugh/datasets/gittables/in_time/2020-09-08_128.parquet	uvIndexTime	8fdd8e3b7ed4066ee51a6b3d19f75671b53af058cc480c331401b2ec52530f87	8
npi	representation.numeric.integer_number	corpus	/Users/hugh/datasets/gittables/id/PD37239b_lo034.sample.dupmarked.bam_pilepy.parquet	coord_id	37737614d284a7e31540e3eb84614b6a68c5c38b10d1ceafabab8fcad5424cc7	32
npi	representation.numeric.integer_number	corpus	/Users/hugh/datasets/gittables/object/WpdUpFltr.sys.csv__3953136293__.parquet	2675144426	e37f06a601975dfa76c1cd33c6109c35850801437ff5bc1fe422af3d4f56f20f	18
npi	representation.numeric.integer_number	corpus	/Users/hugh/datasets/gittables/object/Sens.dll.csv__1971131907__.parquet	2233291328	8871ba5d98897eeab7c0d21f985f5a8719a46fcc9de3955688d878e8e9dcedd1	32
npi	datetime.epoch.unix_seconds	corpus	/Users/hugh/datasets/gittables/then/ReviewsSample.parquet	Time	e105fb50097a20de6123b4493fe3ee2cf52809304738965a2edb37a566747225	12
npi	representation.numeric.integer_number	corpus	/Users/hugh/datasets/gittables/id/PD37907b_lo0004.sample.dupmarked.bam_pilepy.parquet	coord_id	73cf4a252507b733faa845dda87978ce4a7f3b3bfc6a4cf471044a332a6173a9	32
npi	representation.numeric.integer_number	corpus	/Users/hugh/datasets/gittables/id/VSL_NAME_HISTORY_1.parquet	NAME ID	f3c3c5ad384973b2f10576ab31cc1e030d9aad00ee0dd6314adcfa12235b243d	32
npi	representation.numeric.integer_number	corpus	/Users/hugh/datasets/gittables/object/userinit.exe.csv__1192392054__.parquet	3368021732	759ab91e011048e7333fda4bcd9f8012bbb284b88d0afc58b0c9d804bc7c895b	32
npi	representation.numeric.integer_number	corpus	/Users/hugh/datasets/gittables/id/5_2_SPN_1.parquet	cardinality_true	c5658a395d1d51a030d682b1c476c145964e3bb2f42242be512cfef7f3e25329	23
npi	representation.numeric.integer_number	corpus	/Users/hugh/datasets/gittables/object/Windows.Networking.NetworkOperators.HotspotAuthentication.dll.csv__1040585104__.parquet	2633317151	7c95e13bb03763d9bd7f1f58749ecf659cd442f47d46a6f02cbbb96325442319	32
npi	representation.numeric.integer_number	corpus	/Users/hugh/datasets/gittables/object/Devexperts%23dlcheck.parquet	Unnamed: 21	ff05ae5640b5b2275c33588763147e9158dee311b386d9ecb17f8882f8662f29	6
npi	representation.numeric.integer_number	corpus	/Users/hugh/datasets/gittables/object/drt.dll.csv__514608518__.parquet	2978392117	815524674a1dd59114f6743bc3aee3677fd0cba997866004edca5fc03ee8b4f3	32
npi	datetime.epoch.unix_seconds	corpus	/Users/hugh/datasets/gittables/id/test_data_records_36.parquet	timemodified	f962be15943874e0f8a2a10ef506176dec29ed2821b6c917f179b9c12ff83d27	32
npi	datetime.epoch.unix_seconds	corpus	/Users/hugh/datasets/gittables/in_time/2020-09-08_4.parquet	uvIndexTime	140fb0a4920ac886c8c66ae46d7e59c5f74bd247330e9410a62c73507cf18e5b	8
npi	representation.numeric.integer_number	corpus	/Users/hugh/datasets/gittables/id/159097874188000167_3.parquet	ParentId	3b62ec9a3f147ad16f7ab617c795f445b4e1790e4ba192478d1b58619e34d5fd	32
npi	representation.numeric.integer_number	corpus	/Users/hugh/datasets/gittables/id/imdb_scale_5_2_model_based_8.parquet	cardinality_true	cd2603cb474fbc777828a0576f089aacf49c4c1f4d29dd673bc66dc1998d4da1	23
npi	representation.numeric.integer_number	corpus	/Users/hugh/datasets/gittables/parent/comsnap.dll.csv__3966968171__.parquet	2328613654	80630c07c844738d05d5da3396248b85c490d89cf7868f51fa3b87527e4faa9f	32
npi	representation.numeric.integer_number	corpus	/Users/hugh/datasets/gittables/object/usbprint.sys.csv__1921081888__.parquet	2908596136	be4798b28593c1515435cf7cad1a96c2dd6a995b02f1c03a94c922c013d401e3	32
npi	representation.numeric.integer_number	corpus	/Users/hugh/datasets/gittables/object/qdv.dll.csv__2491941882__.parquet	291328	237e0fb66a7ebcc2b6c17b47067e78e3da9a9af12acbb29fe6f88492892c73c3	32
npi	datetime.epoch.unix_seconds	corpus	/Users/hugh/datasets/gittables/in_time/2020-09-08_151.parquet	precipIntensityMaxTime	ae03b2352c464c905b3cbf2a99229f0cae85f40462fa70292beb45bcb9e4027d	8
npi	representation.numeric.integer_number	corpus	/Users/hugh/datasets/gittables/object/IdListen.dll.csv__1437024528__.parquet	3021150424	4b1f46ca24aca2da276a3845d108bc4ed870db7483f557e3b35c7a5b123caad5	32
npi	datetime.epoch.unix_seconds	corpus	/Users/hugh/datasets/gittables/in_time/2020-09-08_68.parquet	sunsetTime	cb2bd60a018cc3c288813d3e51763874fc2f85d6e1a70615f18a0e3a1a4278bb	8
npi	representation.numeric.integer_number	corpus	/Users/hugh/datasets/gittables/id/MSchedExe.exe.csv__3066104982__.parquet	3314763325	ccdef260fe55734ff2b3c1b4f9a0ccf7e442607a744a1fabc1cd154f55939249	31
npi	datetime.epoch.unix_seconds	corpus	/Users/hugh/datasets/gittables/in_time/2020-09-08_3.parquet	uvIndexTime	fbed1657928771651f30db6937301f3fbcb30939f808bb34e9394386e181a701	8
npi	representation.numeric.integer_number	corpus	/Users/hugh/datasets/gittables/show_time/dwbfpricesrsawin03082016.parquet	SELECTION_ID	0789474efd53858f8e8c4f88d8716d40c9b8bf75aedca256e0420af97f9f0fa5	32
npi	representation.numeric.integer_number	corpus	/Users/hugh/datasets/gittables/object/Cortana.Persona.dll.csv__3789684164__.parquet	3261157494	80183cd56d914a1859c34aaa820e9cd0271a6bdadacae2aab65db657d85cdd49	32
npi	representation.numeric.integer_number	corpus	/Users/hugh/datasets/gittables/object/LAPRXY.DLL.csv__3962785036__.parquet	3403105322	1b60b2c0608a0e8334508688abffa7e85b564cd4f821a26823f1e42e9d561e7d	32
npi	representation.numeric.integer_number	corpus	/Users/hugh/datasets/gittables/object/dumpsd.sys.csv__4025259876__.parquet	4063276136	35996b14768205d00f2aa482e9891cb8989f0e264b0092c8c065c816a670f6d9	32
npi	datetime.epoch.unix_seconds	corpus	/Users/hugh/datasets/gittables/in_time/2020-09-08_40.parquet	uvIndexTime	02cb406ac744a0a61ed797d430028e1c0ecc19119be55c0e6d1e42b3dcb3f309	8
npi	representation.numeric.integer_number	corpus	/Users/hugh/datasets/gittables/show_time/tweets_cap_test_5.parquet	142744587	931b59aaadf9db8d923517d67b8728c4cda6988289085d6db747806e85765a39	32
npi	datetime.epoch.unix_seconds	corpus	/Users/hugh/datasets/gittables/object/20210102_161943_TRAIN_WALL_BALL.parquet	Time	2c8c6fc677a1194ff6f3cc85962d50d007c91a300eec517bb65ceb843e31c24d	11
npi	representation.numeric.integer_number	corpus	/Users/hugh/datasets/gittables/id/dxmasf.dll.csv__3092559086__.parquet	2520756908	348eac7dcfe5c076e5b9eb898360a5ca314b5e0e140d929df50e8e14605ed005	9
npi	representation.numeric.integer_number	corpus	/Users/hugh/datasets/gittables/parent/fsquirt.exe.csv__323906173__.parquet	3657122465	49c4eb45bd052f1f3de20ea387848a7068886c4f89d683da1f54a8e014e51b2f	32
npi	representation.numeric.integer_number	corpus	/Users/hugh/datasets/gittables/object/partmgr.sys.csv__1428092841__.parquet	2311678673	87babab2ff8b5fa286c582175028a1f6bd155ec94043f06c7d9076553b22cec5	32
npi	representation.numeric.integer_number	corpus	/Users/hugh/datasets/gittables/living_thing/sw_1109_2842.utt.parquet	conversation_no	2bed59a9725719b250bb271d988e25b86101298470807c1b9aaf812e114de087	32
npi	representation.numeric.integer_number	corpus	/Users/hugh/datasets/gittables/object/mfmp4srcsnk.dll.csv__3298211041__.parquet	3515074628	3e81fba0198192af0b4714170fbe7e3a921ef918edaab911b9f40946852ab9d5	32
npi	datetime.epoch.unix_seconds	corpus	/Users/hugh/datasets/gittables/thing/comments_3807.parquet	comment_time	483df3e306a8a18aad1c649168c634a76a3e590994aada84f0193fb1e0e6cc7b	32
npi	datetime.epoch.unix_seconds	corpus	/Users/hugh/datasets/gittables/in_time/2020-09-08_37.parquet	sunsetTime	9d8cde8995a578f9deadd751db3bb66cc4c61bda28bfaf3e651e1920906ed6d7	8
npi	datetime.epoch.unix_seconds	corpus	/Users/hugh/datasets/gittables/object/20210106_113324_TRAIN_SQUARE_MILK_45.parquet	Time	900d03b4b9c3130bc9383f2d194c39e21b7374684e28a4751fc714b7a9eef70b	13
npi	representation.numeric.integer_number	corpus	/Users/hugh/datasets/gittables/time_slot/DotaPlayer_217906387_Matches.parquet	Match_ID	557aae2ea571974bacb089b798259193a0642160d1fd90db7fb12962806554ad	32
npi	datetime.epoch.unix_seconds	corpus	/Users/hugh/datasets/gittables/id/test_data_records_24.parquet	timemodified	bfe64fce4240555f1dd5e32e5e1137b159607f3bf3e22a4a9a9d3b5cc8cb15ff	32
npi	datetime.epoch.unix_seconds	corpus	/Users/hugh/datasets/gittables/in_time/2020-09-08_162.parquet	uvIndexTime	85b6e641e3f1a89a6cabb80c3d4aba99b530582a38ba1e4fecfe78e3eded2041	8
npi	representation.numeric.integer_number	corpus	/Users/hugh/datasets/gittables/thing/sw_1109_2842.utt_13.parquet	conversation_no	1ee252d7e3079d4cd58fa242ade42df65e6bb510a1abc622955fbb7202758a21	32
npi	datetime.epoch.unix_seconds	corpus	/Users/hugh/datasets/gittables/in_time/2020-09-08_68.parquet	uvIndexTime	cb2bd60a018cc3c288813d3e51763874fc2f85d6e1a70615f18a0e3a1a4278bb	8
npi	representation.numeric.integer_number	corpus	/Users/hugh/datasets/gittables/object/AppLaunch.exe.csv__3578918270__.parquet	124072	880ebc593e12d8c1ef3c482595cad9a28d1bc532ff72fc8f5d42735396f40e47	32
npi	representation.numeric.integer_number	corpus	/Users/hugh/datasets/gittables/object/Microsoft.Bluetooth.Legacy.LEEnumerator.sys.csv__3179283681__.parquet	2408729468	4cb9b09a2f3ff90da39e6a6e41d06becd76ce7eb2d54600698f172d2d5a05f71	32
npi	representation.numeric.integer_number	corpus	/Users/hugh/datasets/gittables/thing/dwbfpricesukplace22082008.parquet	SELECTION_ID	c11b4d85209dd5501570eaaae72f07f62f7eb6c75ecc7e05e1c6a3db173d9dab	32
npi	representation.numeric.integer_number	corpus	/Users/hugh/datasets/gittables/show_time/fdprint.dll.csv__2076546530__.parquet	184832	b56b35e2aa61315447f10f7c7830f116ccf511e2e26cef5ecf41674b69ccaa1d	32
npi	representation.numeric.integer_number	corpus	/Users/hugh/datasets/gittables/seek_time/WD-WCC4E0648999.parquet	Smart 3: Spin_Up_Time (Raw Value)	d009571ca14b9e155ccb3710bf2a6ce1738c62cb03669f9145edebcceee268a3	32
npi	representation.numeric.integer_number	corpus	/Users/hugh/datasets/gittables/object/EditionUpgradeManagerObj.dll.csv__3921540300__.parquet	213984	0ab1ff348658e9542bb4772173318e9bc06747e5ce0a4330b43cb91857f209a5	32
npi	representation.numeric.integer_number	corpus	/Users/hugh/datasets/gittables/id/PD37105b_lo023.sample.dupmarked.bam_pilepy.parquet	coord_id	740029514ebc5a32e6225e4d41fd60e29752e28aae0c3de5a2bc1e5c880571d1	32
npi	representation.numeric.integer_number	corpus	/Users/hugh/datasets/gittables/object/mfasfsrcsnk.dll.csv__3719989479__.parquet	4028677914	9f1b719d2c3ba4c4357f8ffbb12864d3ae38b96bee7ba726383aad4975c5067d	32
npi	representation.numeric.integer_number	corpus	/Users/hugh/datasets/gittables/reaction_time/study.parquet	Pubmed ID	9cb8cac4c18a563fa3356f6e077655b92a642d02baf0423d15e103e24b8b8e9d	32
npi	representation.numeric.integer_number	corpus	/Users/hugh/datasets/gittables/object/Mpeg2Data.ax.csv__2323097086__.parquet	2216089885	3e0d69371da0267800da8b9af6e0d27350a0b302733f704769e3c91895dc169f	32
npi	representation.numeric.integer_number	corpus	/Users/hugh/datasets/gittables/parent/dot3ui.dll.csv__1428782440__.parquet	316928	bd2a83fc410b84b1c6eb5579b3b9c3cc1385c9e8683b216cf07544cf74a81cb9	32
npi	representation.numeric.integer_number	corpus	/Users/hugh/datasets/gittables/then/sw_0691_2283.utt_8.parquet	conversation_no	cc874682b3699efd258b791558b4084974801777a37b3d4dce569ddd38468f2d	32
npi	datetime.epoch.unix_seconds	corpus	/Users/hugh/datasets/gittables/in_time/2020-09-08_128.parquet	sunriseTime	8fdd8e3b7ed4066ee51a6b3d19f75671b53af058cc480c331401b2ec52530f87	8
npi	datetime.epoch.unix_seconds	corpus	/Users/hugh/datasets/gittables/id/test_data_records_6.parquet	timemodified	6ee8b2ad8a87c0f7c0a2fb4cf6419fb9f7625e79c5a474f1b5913199045b74eb	32
npi	representation.numeric.integer_number	corpus	/Users/hugh/datasets/gittables/id/data_7584.parquet	SubscriptionId	df671b1434ca8d25feb912e80d7ae5ba30ec4ece9276b477610f2b63cec77907	14
npi	representation.numeric.integer_number	corpus	/Users/hugh/datasets/gittables/id/PD37239b_lo032.sample.dupmarked.bam_pilepy_1.parquet	coord_id	fd79bf6f17de30f963ec6fad8598494d18818dac3b2c08497b332a154a8cbca1	32
npi	representation.numeric.integer_number	corpus	/Users/hugh/datasets/gittables/object/MicrosoftEdgeDevTools.exe.csv__3158845495__.parquet	3468217313	c77b214e79f25c1c0b9c36dcfc82869e606e1a90babeed2172d76fdcdd413fc9	32
npi	representation.numeric.integer_number	corpus	/Users/hugh/datasets/gittables/object/dssec.dll.csv__1086819843__.parquet	4021236701	d039c45b924daa6dc45ee56aee09c415ed5087215e727c268c70b028d99120d3	32
npi	representation.numeric.integer_number	corpus	/Users/hugh/datasets/gittables/object/Mpeg2Data.ax.csv__1435644029__.parquet	2216089885	1b3672f8bbc178d15f3d7972bf5207256a02e0303c3edaffab068c8f022b1a51	32
npi	representation.numeric.integer_number	corpus	/Users/hugh/datasets/gittables/object/MSAMRNBEncoder.dll.csv__2443320640__.parquet	2213551968	5d942b119ca653e78a679b785ad17d9070a1e9909b07b6b39b86424b3821ca33	32
npi	representation.numeric.integer_number	corpus	/Users/hugh/datasets/gittables/whole/Strain_list.parquet	Total Bases	715704201d66fbab1bfc4d8ae081e3662ae73172e60e0b60b4eef25ea2236afd	32
npi	representation.numeric.integer_number	corpus	/Users/hugh/datasets/gittables/object/SpatialAudioLicenseSrv.exe.csv__963412062__.parquet	3133963255	c9e5fd69493331272541729f0ef01f40f3689621b1b2b8cc2b3f0c16006df0c7	32
npi	representation.numeric.integer_number	corpus	/Users/hugh/datasets/gittables/parent/playtomenu.dll.csv__1388102854__.parquet	2322449321	ba84d715e5cc2c5e9631d4ddc0df6cf1e3988a2f3a77447e3176b9c449b01823	32
npi	representation.numeric.integer_number	corpus	/Users/hugh/datasets/gittables/object/Windows.Internal.Graphics.Display.DisplayColorManagement.dll.csv__3974175802__.parquet	2679887112	2e7464b5a9e8ff084b132950d3ade40f45be718a2314effb55a1837c811e6bd1	32
npi	datetime.epoch.unix_seconds	corpus	/Users/hugh/datasets/gittables/in_time/2020-09-08_42.parquet	sunsetTime	96c6f3c3bfdc1cd62a8abce5af703a32ca18803e70afbe767316075b68e7027d	8
npi	datetime.epoch.unix_seconds	corpus	/Users/hugh/datasets/gittables/question_time/hours.parquet	sign_up_time	3f2d204dd2c7247ad940a918e52d47f504ace0dc935f2f82b96e4d4eacbf68a5	10
npi	representation.numeric.integer_number	corpus	/Users/hugh/datasets/gittables/object/CortanaSignalsManagerProxyStub.dll.csv__699068219__.parquet	4124314254	3a19dcd18b4666acfb0e7fd06eb0d6f87c552eda7d5c7089cb0c3b0d9f6ddd89	32
npi	datetime.epoch.unix_seconds	corpus	/Users/hugh/datasets/gittables/in_time/2020-09-08_76.parquet	uvIndexTime	d6c9ba58387d6f869dfdb9dae00ba15272b73f7035f71453d3a25e7300b2c5d5	8
npi	datetime.epoch.unix_seconds	corpus	/Users/hugh/datasets/gittables/then/comments_6231.parquet	comment_time	d7314bd9103b5d8f35b87bb689922ef23b8e05851037d635407d7847eda587a3	32
npi	representation.numeric.integer_number	corpus	/Users/hugh/datasets/gittables/object/WpdMtpbt.dll.csv__1681160189__.parquet	2514595293	0671263396887cd51481c495032998abeb5fc83c62ae9613b6cb71dd8d29e311	32
npi	representation.numeric.integer_number	corpus	/Users/hugh/datasets/gittables/object/grpconv.exe.csv__3670810567__.parquet	2440190236	45accad7aed24c65a8a662173011aeaf69b6ec3a66c66d664fab27bdcd939c07	32
npi	representation.numeric.integer_number	corpus	/Users/hugh/datasets/gittables/object/AtBroker.exe.csv__569684179__.parquet	3133446731	d8fc3fcbf7089a56c461e5371cb78939d21f13ba6d491c0477d0a4e5c7a44e4d	32
npi	representation.numeric.integer_number	corpus	/Users/hugh/datasets/gittables/dose_rate/pdf_title_pmid.parquet	PMID	057aaf24f08add1864ae9efceb240f8b40c874e3eec13deb6c99aff1ff519c7f	32
npi	representation.numeric.integer_number	corpus	/Users/hugh/datasets/gittables/object/FXSCOM.dll.csv__3547926012__.parquet	3624175850	3e1266b950940ddd2200ae0b1e793a1fcd27dcbf884f776dca180879efec5db3	32
npi	representation.numeric.integer_number	corpus	/Users/hugh/datasets/gittables/organism/AssemblyStats.parquet	scaffold_n50	6048c1ef9aa7043c5e3c40748bdb4c479045c52552066e0cc2999e56fdf502e3	32
npi	representation.numeric.integer_number	corpus	/Users/hugh/datasets/gittables/object/SystemUWPLauncher.exe.csv__727155743__.parquet	82432	a09a04c454a0002bbd786a2f417602b014d47f132ec2e64939b4e27a4f7c8c43	32
npi	representation.numeric.integer_number	corpus	/Users/hugh/datasets/gittables/object/BCP47mrm.dll.csv__856125500__.parquet	2638359431	bf36ebe6b80f61325bc34911bd6703f15fe74b11015426719d5e5f6bd7d8595b	32
npi	representation.numeric.integer_number	corpus	/Users/hugh/datasets/gittables/id/PD37239b_lo024.sample.dupmarked.bam_pilepy.parquet	coord_id	fb81468814f0cb2b7ee861e4813cf8a0a58b8cd77b5747bc43aaf4c6df04c9d9	32
npi	representation.numeric.integer_number	corpus	/Users/hugh/datasets/gittables/object/sqlxmlx.dll.csv__2766179339__.parquet	2912747081	1478ae7cd30914e39e78542bbc5b48cb96fb7b2a5132020490869f7bc5b5720b	32
npi	datetime.epoch.unix_seconds	corpus	/Users/hugh/datasets/gittables/in_time/2020-09-08_165.parquet	uvIndexTime	623b396aee43c4119e1cee15d8cfe897671c6ab273a2cbce8af2989cb88bd28b	8
npi	representation.numeric.integer_number	corpus	/Users/hugh/datasets/gittables/id/all_questions_no_title_versions_3.parquet	PostId	8f56f4756a22c952092eb647a80abec7014dffcf46b8755432572e686ada5e87	32
npi	representation.numeric.integer_number	corpus	/Users/hugh/datasets/gittables/object/Windows.Storage.Compression.dll.csv__85486421__.parquet	3345116228	5d55bd4f9c7f32afccf836b628b46a06bcf45811816e8b563edb01edd9b1fa1f	32
npi	representation.numeric.integer_number	corpus	/Users/hugh/datasets/gittables/object/rdvgocl32.dll.csv__267701056__.parquet	183296	781a6cf1bd59ca4956912b441d0fb3c2fdc88e21d29d42bba79913724ed03c39	32
npi	representation.numeric.integer_number	corpus	/Users/hugh/datasets/gittables/object/nmbind.exe.csv__2667610167__.parquet	4188284900	1e450b470d7d1e0652e1655ea9215344c8e4c0f05bdc2cc7de3d415ae4347f49	32
npi	datetime.epoch.unix_seconds	corpus	/Users/hugh/datasets/gittables/in_time/2020-09-08_128.parquet	windGustTime	8fdd8e3b7ed4066ee51a6b3d19f75671b53af058cc480c331401b2ec52530f87	8
npi	representation.numeric.integer_number	corpus	/Users/hugh/datasets/gittables/question_time/mike_pence_users_1.parquet	User Id	3e65ad3bde030dc1e5b3eb47741901d9c0659362c0ba20c32ae26fc7e840df95	32
npi	representation.numeric.integer_number	corpus	/Users/hugh/datasets/gittables/object/secproc_ssp_isv.dll.csv__1213869864__.parquet	2620583991	d2ec897b42c91269338b54c3ff7f5109baca2aabf3ab3e802f92d027af9bb703	32
npi	datetime.epoch.unix_seconds	corpus	/Users/hugh/datasets/gittables/in_time/2020-09-08_165.parquet	sunsetTime	623b396aee43c4119e1cee15d8cfe897671c6ab273a2cbce8af2989cb88bd28b	8
npi	representation.numeric.integer_number	corpus	/Users/hugh/datasets/gittables/parent/remotepg.dll.csv__465980216__.parquet	2692556381	8c22acafeb5e5de5b639965021ec3dcec5b90dd14616128d9faa782ad074ca93	32
npi	representation.numeric.integer_number	corpus	/Users/hugh/datasets/gittables/id/1596109396example.parquet	ReportNo	b0e2eeb7b14d7b31d48adcc3a291141e1ee3303fc047aeda6dd9c91725d8b6d3	20
npi	representation.numeric.integer_number	corpus	/Users/hugh/datasets/gittables/id/490449213296150202_3.parquet	ParentId	243935446a1cf8cf7d8cf9ee491478b6e8ec97e021fd6d0f72ee9a419cc9abcd	32
npi	representation.numeric.integer_number	corpus	/Users/hugh/datasets/gittables/object/DictationManager.dll.csv__1981008884__.parquet	2779316765	38143fffcddf14364289b82a6881e79ac0c2c0f66455097ffaf97ce12826d9f1	32
npi	representation.numeric.integer_number	corpus	/Users/hugh/datasets/gittables/object/Windows.Networking.Sockets.PushEnabledApplication.dll.csv__512009592__.parquet	122880	a81b8bdd0d74ac7455900f1a4c54049d178993e84a8e1002cf7a9a528902391f	32
npi	representation.numeric.integer_number	corpus	/Users/hugh/datasets/gittables/cease/shifters.english.verb.sense.parquet	02232813	2ab4d2eaed0f68d3a5c14ab3a07fc69a0778855f04112289437cbc8f51070977	32
npi	representation.numeric.integer_number	corpus	/Users/hugh/datasets/gittables/object/edgeangle.dll.csv__3658487626__.parquet	2125824	a924b5abb8a9b75f5cc9a85575fb51b27982aaf0df35d7543b6a38ed2115eb05	32
npi	representation.numeric.integer_number	corpus	/Users/hugh/datasets/gittables/show_time/dwbfpricesirewin02102008.parquet	SELECTION_ID	a7c3caf8464e4f01219e5cfe8161095db9f1ef59e4cce4cfa45d8156cd3cae5f	32
npi	representation.numeric.integer_number	corpus	/Users/hugh/datasets/gittables/object/MapsCSP.dll.csv__4131257795__.parquet	2275421134	481d176e3ea3fb1f6f91feb0b15bef0d58e38a334dd527c594e7c1b82e273a57	32
npi	representation.numeric.integer_number	corpus	/Users/hugh/datasets/gittables/object/comrepl.dll.csv__895228745__.parquet	3261363072	ee31833471debe57e0129488dd46049812cbb6ef3cfc34048681939f189bfbd9	32
npi	representation.numeric.integer_number	corpus	/Users/hugh/datasets/gittables/parent/msihnd.dll.csv__3442008593__.parquet	2479155027	7713e52f31544a5b19dd6f4621ea413f7d4409ac465ef1bae40adc68afe514f7	32
npi	representation.numeric.integer_number	corpus	/Users/hugh/datasets/gittables/object/edpauditapi.dll.csv__1592631808__.parquet	3158133552	358557b99f8d0406050e6e6dd99449d9ea6f6fdc0215982d9a6db7e6ce1d3029	32
npi	datetime.epoch.unix_seconds	corpus	/Users/hugh/datasets/gittables/in_time/2020-09-08_57.parquet	precipIntensityMaxTime	048ae13ac96420c60ce77d62a5039c565322296e8eed1dd5926d7c6676ecff07	8
npi	representation.numeric.integer_number	corpus	/Users/hugh/datasets/gittables/object/WinLGDep.dll.csv__3002363888__.parquet	3692012844	c7ed2af12ae7d2faf764ff3cd1684915b94dbc2ca2205268517346427a3f000d	32
npi	datetime.epoch.unix_seconds	corpus	/Users/hugh/datasets/gittables/in_time/2020-09-08_16.parquet	precipIntensityMaxTime	de4aa5cd714d987ab0b4539424d83f469ab16fa9b04f6d69dfb43152095869ab	8
npi	representation.numeric.integer_number	corpus	/Users/hugh/datasets/gittables/id/completed_25488162.parquet	PostId	0747c41e9e1c44f74fe375ad5b283546916e812dd8325bc8df7ccc1bbd0c3ef1	32
npi	representation.numeric.integer_number	corpus	/Users/hugh/datasets/gittables/id/csvfile_6.parquet	ReportNo	79700ec8e7202459a4398cbc817a273f2a3b8ae8eb80148c44de650f8e388fc9	20
npi	representation.numeric.integer_number	corpus	/Users/hugh/datasets/gittables/real_time/sw_0778_2248.utt_1.parquet	conversation_no	f8f2f4ec4d5ae69d4381cf38cbef85bb60d14542b2ffaaadcdda4774192e6eb5	32
npi	representation.numeric.integer_number	corpus	/Users/hugh/datasets/gittables/object/bnmanager.dll.csv__3884324470__.parquet	4115235525	d544a07eb051e6e65863eca33e1f85b62ed135dab59ed0f291d56d2da16a8a47	32
npi	representation.numeric.integer_number	corpus	/Users/hugh/datasets/gittables/object/windows.internal.shellcommon.AccountsControlExperience.dll.csv__3594530558__.parquet	3901916282	9b9e51a2acfb22a403b71144ddf563863dd6ff82302ea872be9e971a0eba2bc7	32
npi	datetime.epoch.unix_seconds	corpus	/Users/hugh/datasets/gittables/in_time/2020-09-08_61.parquet	uvIndexTime	7405cc2542fe35a689157d9adab60581162f11ad62691c0291113a02d51944db	8
npi	representation.numeric.integer_number	corpus	/Users/hugh/datasets/gittables/object/ssdpapi.dll.csv__2701845041__.parquet	2209215680	55b4830937b06747c07806eeb812e7ba9b635ebdc17842b4ee64434698a18609	32
npi	representation.numeric.integer_number	corpus	/Users/hugh/datasets/gittables/object/msctfmig.dll.csv__1316565965__.parquet	2715432535	cafb2429112877c376635ccdb90108caca0d1a929991e974f33c254d0ceb5d33	32
npi	representation.numeric.integer_number	corpus	/Users/hugh/datasets/gittables/parent/sti_ci.dll.csv__2435936910__.parquet	2236538513	81155db33e80a7caf212ce10a1419556d63f1ea4210d6b9dc87ed5e5d01a293f	32
npi	representation.numeric.integer_number	corpus	/Users/hugh/datasets/gittables/object/OSProvider.dll.csv__1994562862__.parquet	2943779315	5e27b5dd5fd28b3db1f4145bf2d5e96d7508b053302fb3227729a7850681d741	32
npi	representation.numeric.integer_number	corpus	/Users/hugh/datasets/gittables/object/rtwlane.sys.csv__273899911__.parquet	8432128	b4569d413695a4a4fda2d6b7178352dd2eee54c22487798f08283f6d45715a89	32
npi	representation.numeric.integer_number	corpus	/Users/hugh/datasets/gittables/object/TextInputFramework.dll.csv__2974321964__.parquet	642216	3ccc8165fe3af8cc45b5a5e1ea8d2dc55b36a8d687b13454bccd0a29c6102469	32
npi	datetime.epoch.unix_seconds	corpus	/Users/hugh/datasets/gittables/in_time/2020-09-08_37.parquet	precipIntensityMaxTime	9d8cde8995a578f9deadd751db3bb66cc4c61bda28bfaf3e651e1920906ed6d7	8
npi	representation.numeric.integer_number	corpus	/Users/hugh/datasets/gittables/object/proquota.exe.csv__2014090416__.parquet	2729038219	74e07bb1b2ab34eea41ff281f0a7ba97be69843dd5e964d4246238142d83fe45	32
npi	representation.numeric.integer_number	corpus	/Users/hugh/datasets/gittables/lead_time/sw_0692_2287.utt_15.parquet	conversation_no	2827483d0d47dbc3885298e18b163cbe66bc959fe116b82e32ffe19e9aca066b	32
npi	representation.numeric.integer_number	corpus	/Users/hugh/datasets/gittables/id/BdeSysprep.dll.csv__3294402504__.parquet	2513898834	c6e3b0e0774fe8fffa832e80c6c14afd588c68384c1fe1b3ce73bc1b9fe8d8e3	26
npi	representation.numeric.integer_number	corpus	/Users/hugh/datasets/gittables/object/XblAuthManagerProxy.dll.csv__4218840515__.parquet	2712232395	e9d90d3afba251d08ffc84ce81efa15cee4b2db990f27b2f172ec3ff3f6ec589	32
npi	representation.numeric.integer_number	corpus	/Users/hugh/datasets/gittables/object/ComposableShellProxyStub.dll.csv__3144438121__.parquet	327168	a0b8158347b43c0534852b5f737477c2a0323633b4967a1e60176e82549d349d	32
npi	representation.numeric.integer_number	corpus	/Users/hugh/datasets/gittables/id/7work_disagr.parquet	_id	601198565ffc4df4295bd4177fbf000fc8beb58ce054ae9db6b29cec7cc14527	7
npi	datetime.epoch.unix_seconds	corpus	/Users/hugh/datasets/gittables/in_time/2020-09-08_164.parquet	sunsetTime	2647f5a5c5104a6664d9d4989bbefdbadbd5bb086e3cb2e96747ae6291afef05	8
npi	datetime.epoch.unix_seconds	corpus	/Users/hugh/datasets/gittables/in_time/2021-04-20_32.parquet	sunriseTime	e1e6805068a4fce2d37d04a95dc673281805122599a07de1ce4648aa0ab4c295	8
npi	representation.numeric.integer_number	corpus	/Users/hugh/datasets/gittables/id/PD37907a_lo0001.sample.dupmarked.bam_pilepy.parquet	coord_id	204ec4d3e5746e8e29dd25adbe3894656f7bfb9a3dc8f7136b0c72edd51e7c09	32
npi	representation.numeric.integer_number	corpus	/Users/hugh/datasets/gittables/data_rate/NORDIC_SENSOR_HUB_HR_METRICS_3.parquet	abs_time_ms	c8ea897cfff5241aeefb97b89d76293a7b91f4dc73077fcbdc051b6b54d9f2e9	32
npi	datetime.epoch.unix_seconds	corpus	/Users/hugh/datasets/gittables/in_time/2021-04-20_7.parquet	sunriseTime	960988154df7b8cda0474515fd2c6976549494cfc5df192b54ce7495f9c1204b	8
npi	representation.numeric.integer_number	corpus	/Users/hugh/datasets/gittables/then/Hyaloscypha.parquet	indexfungorum_id	85d375ce95b0b74b9a235512986295de4313f80a2319dc1ffb43e5d27c187f93	32
npi	representation.numeric.integer_number	corpus	/Users/hugh/datasets/gittables/object/mgmtapi.dll.csv__751634656__.parquet	4227701562	34276a8b69f45729252588099b4a4a38da73abbfdb2107429aacb58468266fc7	32
npi	representation.numeric.integer_number	corpus	/Users/hugh/datasets/gittables/object/Windows.Graphics.dll.csv__2562230473__.parquet	525824	abee66d7316a3a2efd13342e78ff52b64aa38abfc242dbe5cfc9f5fa667915bb	32
npi	representation.numeric.integer_number	corpus	/Users/hugh/datasets/gittables/object/cmdl32.exe.csv__3810557631__.parquet	2578749581	a3f348e77aac35869978ea181c306123115c45d12bfab407922ce16cecec221f	32
npi	representation.numeric.integer_number	corpus	/Users/hugh/datasets/gittables/id/tweets_45.parquet	in_reply_to_user_id_str	f1bd83e423e12d4f39fc42f504b0a96b9ef2ab7bef108955f125e3932d5f1a21	32
npi	representation.numeric.integer_number	corpus	/Users/hugh/datasets/gittables/object/shmig.dll.csv__209943625__.parquet	4218266382	395d9380569657352f4684688842e998a590c2138f9d4559e2a2b70f88cdfb87	32
npi	representation.numeric.integer_number	corpus	/Users/hugh/datasets/gittables/then/sw_1109_2842.utt_13.parquet	conversation_no	7b2a04e31e80306736a64164fd0e3beb29f0d07e641697b1b3070c003bd12683	32
npi	representation.numeric.integer_number	corpus	/Users/hugh/datasets/gittables/object/dnsclientcim.dll.csv__1599278825__.parquet	3738138363	fc2306ee2766b18986d7f2e9c57300b655b30e35c003dc16ecd9f764975921af	32
npi	representation.numeric.integer_number	corpus	/Users/hugh/datasets/gittables/data_rate/SPIN_20190926-135320.parquet	msg_id	c23d69026e10d22b416d8f5534855de4aa8b680111c1d958c2986f16db0beb6d	32
npi	representation.numeric.integer_number	corpus	/Users/hugh/datasets/gittables/object/scrobj.dll.csv__2942143090__.parquet	3513232667	c8c643ff611972db04a2ada6d3c8775a2807ae51b7f9a02f4789669c08364231	32
npi	datetime.epoch.unix_seconds	corpus	/Users/hugh/datasets/gittables/in_time/2020-09-08_94.parquet	uvIndexTime	6a789c0bf786f8aa01f0be9ed8b1c4fcd86936b2f56447e0a2e3f8a47bcc3681	8
npi	representation.numeric.integer_number	corpus	/Users/hugh/datasets/gittables/object/WUAProvider.dll.csv__3507204857__.parquet	2283132186	e1e495caaba096d452a90df937d74619c6bbbbb58096d059eefd834c0df9273b	32
npi	representation.numeric.integer_number	corpus	/Users/hugh/datasets/gittables/id/PD37239b_lo039.sample.dupmarked.bam_pilepy.parquet	coord_id	240896fc6518a115b91a07f1b86868e7d4c198f9a47f1f8e0fa9390b8a5a3e27	32
npi	representation.numeric.integer_number	corpus	/Users/hugh/datasets/gittables/object/spsrx.dll.csv__4266310433__.parquet	3275631585	a74e1a669d1a8bf61317f51b76718cd1abb790210e942c770925fc91a9408bbb	32
npi	representation.numeric.integer_number	corpus	/Users/hugh/datasets/gittables/object/CfgSPPolicy.dll.csv__667356558__.parquet	2585104988	c4df408f0ef22166e65e837c6c515902813d56c647142cb1d2f68f96cebfa039	32
npi	representation.numeric.integer_number	corpus	/Users/hugh/datasets/gittables/time_slot/DotaPlayer_206144913_Matches.parquet	Match_ID	4f28950103ff7a11d8e97889865abfc918e6130246cf30c4d02f66cab2504f9b	32
npi	representation.numeric.integer_number	corpus	/Users/hugh/datasets/gittables/show_time/Kswdmcap.ax.csv__308302650__.parquet	2672128593	b9c3360437d4ffabc51427c4179b166f841db3469c708bf31e681a0d63ff8811	32
npi	representation.numeric.integer_number	corpus	/Users/hugh/datasets/gittables/object/blb_ps.dll.csv__3297730831__.parquet	4262168294	8900d78bfdb913e022faaa13339289f85ddb9185b6f6989fd4c845352f95bec1	32
npi	representation.numeric.integer_number	corpus	/Users/hugh/datasets/gittables/id/PD37239b_lo036.sample.dupmarked.bam_pilepy.parquet	coord_id	7dcf85226b40b4374b73010cea6852a5f80477353eed7e187b254a3b68777db9	32
npi	representation.numeric.integer_number	corpus	/Users/hugh/datasets/gittables/object/pwrshsip.dll.csv__88421849__.parquet	2914079583	1a4614c45c3cc650d999f3b022cfe3ef6ba5a88c85807664da4962631f347f3f	32
npi	representation.numeric.integer_number	corpus	/Users/hugh/datasets/gittables/object/cmdext.dll.csv__3258342064__.parquet	3873295271	f6428244bcdbbaa4209a57b8dc72d41d85c90f39b18133771ee5a8f6de6531eb	32
npi	datetime.epoch.unix_seconds	corpus	/Users/hugh/datasets/gittables/in_time/2020-09-08_47.parquet	uvIndexTime	b85e4b7e32cb086cd112082f97544bcba228c642c31f7de7a9110a7cbebb0759	8
npi	representation.numeric.integer_number	corpus	/Users/hugh/datasets/gittables/object/ttdinject.exe.csv__2846385412__.parquet	4278963219	b8a8bf4c953014f64cb7cd09d69c0c82e035404659306727ec6978677e073105	32
npi	representation.numeric.integer_number	corpus	/Users/hugh/datasets/gittables/object/tpm.sys.csv__2632418042__.parquet	3201931825	c2db8ec18f59bd083f1daffe0966fed4ce3bbf4e985f2ba0495850733cd08373	32
npi	representation.numeric.integer_number	corpus	/Users/hugh/datasets/gittables/parent/tweets_cap_test_3.parquet	142744587	aaaa1f8abd0a9d9063435e3766a403f498d3633d55f72822e2fa8e5abc2b6ce1	32
npi	datetime.epoch.unix_seconds	corpus	/Users/hugh/datasets/gittables/in_time/2020-09-08_39.parquet	sunsetTime	a68bb98f248b1e44216c5829b90d518d07c4edc0f3ecf06ae8fc216faaecd055	8
npi	representation.numeric.integer_number	corpus	/Users/hugh/datasets/gittables/respiratory_rate/metadata_sample_1.parquet	pubmed_id	f18a86e8c5e17efdc9f60d9a1e447ae9508b876ad0475d63fb6f3c5b5ab5fe47	20
npi	representation.numeric.integer_number	corpus	/Users/hugh/datasets/gittables/object/Windows.Globalization.JapanesePhoneme.dll.csv__3558676635__.parquet	4218879943	6fc24f3009acffe6699487d084218e62a2ae867236fc8c3d9bcf8275ae390829	32
npi	datetime.epoch.unix_seconds	corpus	/Users/hugh/datasets/gittables/id/test_data_records_122.parquet	timemodified	e79e87a5173ef98c3adf6f71b76c9ee6812d2685a0afe9564e5c1a444a428ffd	32
npi	datetime.epoch.unix_seconds	corpus	/Users/hugh/datasets/gittables/in_time/2021-04-20_11.parquet	precipIntensityMaxTime	9d1109e960b3a0a06d7fe3b9929122f8b7216071596665878aebabfca23359df	8
npi	representation.numeric.integer_number	corpus	/Users/hugh/datasets/gittables/object/bootsect.exe.csv__27532545__.parquet	3815727034	acef2bd8a456d5dc725ba7ef9b2c3146e77342dd81d5191994acf0e9c807fb6f	32
npi	representation.numeric.integer_number	corpus	/Users/hugh/datasets/gittables/parent/prnfldr.dll.csv__562029676__.parquet	214528	ba9a1b419e7a987ed67e8b2988ee6ae4c08ba46a39fda31244ec47b91484f6ed	32
npi	representation.numeric.integer_number	corpus	/Users/hugh/datasets/gittables/object/usbaudio2.sys.csv__629329193__.parquet	3488582136	b22aed10313bbdae57760355d535efe32f9f0ac4e4e0d4bb5a34fb20ea342ea7	32
npi	representation.numeric.integer_number	corpus	/Users/hugh/datasets/gittables/object/LanguageComponentsInstallerComHandler.exe.csv__3694084956__.parquet	2707851383	fa85c162492825a0e395f41c4cf7aa1e514963e300a448b2686e2fc514e440af	32
npi	representation.numeric.integer_number	corpus	/Users/hugh/datasets/gittables/object/wmiprov.dll.csv__2717898746__.parquet	218624	4af574cf42eaf268beed60c5b065febe49b42171ff983295396982040e5e44c3	32
npi	representation.numeric.integer_number	corpus	/Users/hugh/datasets/gittables/id/ir41_qc.dll.csv__4238888126__.parquet	2228695118	db418c80e86be84c9be093857897fdc49d9f879760a023370ba05d636b7e2c61	27
npi	datetime.epoch.unix_seconds	corpus	/Users/hugh/datasets/gittables/in_time/2021-04-25_6.parquet	precipIntensityMaxTime	4963fafce7e8edf6827ac9c316ff85f777ce82e4799acb6040c08f11d4adc1c1	8
npi	representation.numeric.integer_number	corpus	/Users/hugh/datasets/gittables/object/rq3_group2_reviewed.parquet	unsafe_scope_span	8b6213fa93692510d83dc86e4e89762e124e5dd43a16013fe517ff68b0700a55	32
npi	representation.numeric.integer_number	corpus	/Users/hugh/datasets/gittables/object/d3dxof.dll.csv__341642699__.parquet	3829168342	fe517f80bd9dd846ec741f23f9c6f19057ddbbe62c8e5b4ef1e32d6398d3fab7	32
npi	datetime.epoch.unix_seconds	corpus	/Users/hugh/datasets/gittables/in_time/2020-09-08_55.parquet	uvIndexTime	a2e31a914efee6ed388ac59e6b98e3eb861e09834cc6e0c68e70aa4415b646e9	8
npi	datetime.epoch.unix_seconds	corpus	/Users/hugh/datasets/gittables/id/ReviewsSample_1.parquet	Time	9ac0a9283a2dec16346ce75ed81631399157a24b19d91cf1141a6c28688cf2bb	12
npi	datetime.epoch.unix_seconds	corpus	/Users/hugh/datasets/gittables/id/test_data_records_63.parquet	timemodified	4206e3e14b7aee2f0d6a3e3473c5871f0ad14abf7a52eb6988944109d230cd7b	32
npi	datetime.epoch.unix_seconds	corpus	/Users/hugh/datasets/gittables/in_time/2021-04-20_37.parquet	sunriseTime	8f936192898c23e5e143a649a5f0b3b2033199ac409d9d5181fe2733b69e72ed	8
npi	datetime.epoch.unix_seconds	corpus	/Users/hugh/datasets/gittables/whole/Reviews_22.parquet	Time	278492651556da7f02027c95d8617d180e8922b6dc36536615c93525b88897df	32
npi	datetime.epoch.unix_seconds	corpus	/Users/hugh/datasets/gittables/id/test_data_records_49.parquet	timemodified	07ebd4506fb1e24e0f89cc7f74aa2bae197cca2438f91b323689fea9f41acbef	32
npi	datetime.epoch.unix_seconds	corpus	/Users/hugh/datasets/gittables/in_time/2021-04-20_29.parquet	precipIntensityMaxTime	a63d7b364bcf63592de0be782301f5e70f85201f2443cbb996e608e16b1101eb	8
npi	datetime.epoch.unix_seconds	corpus	/Users/hugh/datasets/gittables/id/test_data_records_98.parquet	timemodified	97b6dd05634a0db1bc7fd3b76fc76ee81e15f542c3cde9fca39531e432fd170f	32
npi	datetime.epoch.unix_seconds	corpus	/Users/hugh/datasets/gittables/in_time/2021-04-20_22.parquet	sunriseTime	4ae581c279713f08c7070a503201f9cad861287f9717d3d4cf8532056e65dddd	8
npi	datetime.epoch.unix_seconds	corpus	/Users/hugh/datasets/gittables/in_time/2020-09-08_16.parquet	uvIndexTime	de4aa5cd714d987ab0b4539424d83f469ab16fa9b04f6d69dfb43152095869ab	8
npi	datetime.epoch.unix_seconds	corpus	/Users/hugh/datasets/gittables/in_time/2020-09-08_68.parquet	sunriseTime	cb2bd60a018cc3c288813d3e51763874fc2f85d6e1a70615f18a0e3a1a4278bb	8
npi	datetime.epoch.unix_seconds	corpus	/Users/hugh/datasets/gittables/in_time/2021-04-24_13.parquet	precipIntensityMaxTime	daef70f1d630140dd2b8ca76b2c0032d62cb3cfab17e2377a8bf2cea98d56443	8
npi	datetime.epoch.unix_seconds	corpus	/Users/hugh/datasets/gittables/in_time/2021-04-25_36.parquet	precipIntensityMaxTime	cb13581f06e57a4a18f2b5da6136a9a2f58f3add1c36b05f050e8fb8af36bf51	8
npi	datetime.epoch.unix_seconds	corpus	/Users/hugh/datasets/gittables/in_time/2020-09-08_143.parquet	uvIndexTime	77f1b724ba9c418bcae6eab755e9641b012b64654b4d3020a0bba1ed3794c98b	8
npi	datetime.epoch.unix_seconds	corpus	/Users/hugh/datasets/gittables/in_time/2020-09-08_52.parquet	precipIntensityMaxTime	b38e0db0201707858b3857b373d03ebc6687ada514fb707b50e089fb1f307245	8
npi	datetime.epoch.unix_seconds	corpus	/Users/hugh/datasets/gittables/in_time/2021-04-25_61.parquet	precipIntensityMaxTime	20a81a2ff02f5cfcb661d99cf9780cd595872ef297f78c9c548b58832f6a2e9b	8
npi	datetime.epoch.unix_seconds	corpus	/Users/hugh/datasets/gittables/growth_rate/Company_info.parquet	sharesShortPreviousMonthDate	557fca7af15f46b722a27a480fd45b06adf7015add3af850c7a4ae86334c0f29	5
npi	datetime.epoch.unix_seconds	corpus	/Users/hugh/datasets/gittables/in_time/2021-04-20_43.parquet	sunriseTime	bfc17ee1aaa0884318a95f9703c9e4ba00b5eecee86bbf8ce44358ddf831f67d	8
npi	datetime.epoch.unix_seconds	corpus	/Users/hugh/datasets/gittables/in_time/2021-04-25_14.parquet	uvIndexTime	7d0b88a65b4396137fa8e05806ac585fbff2bc56a00365b1d8893667a21debdf	8
npi	datetime.epoch.unix_seconds	corpus	/Users/hugh/datasets/gittables/in_time/2020-09-08_52.parquet	sunsetTime	b38e0db0201707858b3857b373d03ebc6687ada514fb707b50e089fb1f307245	8
npi	datetime.epoch.unix_seconds	corpus	/Users/hugh/datasets/gittables/id/test_data_records_60.parquet	timemodified	e92a1ce7cfa61a8393514e2e0edd61870f9d3c9564a546b2d05fd21804c4a7f1	32
npi	datetime.epoch.unix_seconds	corpus	/Users/hugh/datasets/gittables/in_time/comments_3021.parquet	comment_time	5a3478dd0d8fb5e56a3f96934190190cf9f1314357ead9b38a0945b2faf7192d	32
