id	kind	verdict	deferred	current_gold	model_pred	panel_opus	c_opus	panel_sonnet	c_sonnet	panel_haiku	c_haiku	panel_adv	agree	mean_conf	sample_values
g0038	ac-03	PROPOSE		representation.numeric.integer_number	datetime.epoch.unix_milliseconds	unix_milliseconds	0.85	unix_milliseconds	0.85	integer_number	0.95	epoch_millis	2	0.85	1440043595022 | 1440043595132 | 1440046657017 | 1440047019365 | 1440049409017 | 1440054311054 | 1440044972396 | 1440045791928 | 1440048650938 | 1440049760776 | 1440051072729 | 1440051950624 | 1440052283006 | 1440052890047 | 1440054465167 | 0 | 1440043343094 | 1440045929744 | 1440046804733 | 1440053523599
g0060	ac-03	PROPOSE	Y	representation.text.plain_text	geography.location.city	categorical	0.6	categorical	0.85	plain_text	0.85	categorical	2	0.72	room_05_noalive | room_10_noalive | exit spawned | room_10_spawn | reset aranzebia | room_05_killed | aranzebia spawned | room_05_spawn | aranzebia killed | room_10_killed
g0061	ac-03	PROPOSE		representation.text.plain_text	geography.location.city	categorical	0.5	alphanumeric_id	0.8	alphanumeric_id	0.9	plain_text	2	0.85	ProductId | __locale | Locale | EmployeeId | CurrYear | TimesheetId | MessageId | PartnerId | PurchaseOrderId | SaleOrderId | StockMoveId | LeadId | ManufOrderId | PaymentVoucherId | TaskId | InventoryId | ProductIds | ProjectId | StockLocationId | HeaderHeight
g0062	ac-03	PROPOSE		representation.text.plain_text	geography.location.city	word	0.45	entity_name	0.75	entity_name	0.85	entity_name	2	0.8	ponderosa | Namibia | cinerea | pomonae
g0063	ac-03	PROPOSE		representation.text.plain_text	geography.location.region	categorical	0.8	categorical	0.95	entity_name	0.85	categorical	2	0.88	Grouping-1 | Grouping-3 | Grouping-2
g0064	ac-03	PROPOSE		representation.text.plain_text	representation.discrete.categorical	word	0.45	entity_name	0.75	entity_name	0.85	entity_name	2	0.8	sampathense | Trochodium | ajrekarii | ipomoeae
g0065	ac-03	PROPOSE		representation.text.plain_text	representation.discrete.categorical	alphanumeric_id	0.6	username	0.9	username	0.9	username	2	0.9	abasmayorr | analystabhishek | ehn | iimikay | KBjornOleary | davisonio | henrychanesq
g0067	ac-03	PROPOSE		representation.identifier.alphanumeric_id	representation.identifier.uuid	uuid	0.95	uuid	0.99	uuid	0.98	uuid	3	0.97	42c4a42e-9bac-11eb-a8a2-19ed5c03f8d3 | 7f971048-9bad-11eb-a8a2-19ed5c03f8d3 | ff3bd564-9bac-11eb-a8a2-19ed5c03f8d3 | ff3a6a8a-9bac-11eb-a8a2-19ed5c03f8d3 | ff3b2f74-9bac-11eb-a8a2-19ed5c03f8d3 | ff3b6674-9bac-11eb-a8a2-19ed5c03f8d3 | 232778b6-9bad-11eb-a8a2-19ed5c03f8d3 | ff3473c8-9bac-11eb-a8a2-19ed5c03f8d3 | 80cca360-9bad-11eb-a8a2-19ed5c03f8d3 | 59054670-9bad-11eb-a8a2-19ed5c03f8d3 | ff3ba27e-9bac-11eb-a8a2-19ed5c03f8d3 | 3f8482c0-9bac-11eb-a8a2-19ed5c03f8d3 | 23269b76-9bad-11eb-a8a2-19ed5c03f8d3 | 23270b2e-9bad-11eb-a8a2-19ed5c03f8d3 | 307696aa-9bad-11eb-a8a2-19ed5c03f8d3 | 2327436e-9bad-11eb-a8a2-19ed5c03f8d3 | 23285eac-9bad-11eb-a8a2-19ed5c03f8d3 | ff3c3928-9bac-11eb-a8a2-19ed5c03f8d3 | a6e3b454-9bac-11eb-a8a2-19ed5c03f8d3 | 5904dc12-9bad-11eb-a8a2-19ed5c03f8d3
g0072	ac-03	PROPOSE	Y	representation.numeric.decimal_number	representation.numeric.decimal_number	alphanumeric_id	0.5	alphanumeric_id	0.8	alphanumeric_id	0.9	alphanumeric_id	3	0.73	1799970.0 | 1800120.0 | 1801675.0 | 1801399.0 | 1801807.0 | 1801774.0 | 1801612.0 | 1801773.0 | 1801309.0 | 1801832.0 | 1801433.0 | 1799431.0 | 1801762.0 | 1801820.0 | 1801579.0 | 1801356.0 | 1801624.0 | 1798007.0 | 1801871.0 | 1801783.0
g0073	ac-03	PROPOSE	Y	representation.numeric.decimal_number	unknown	alphanumeric_id	0.5	alphanumeric_id	0.75	alphanumeric_id	0.9	alphanumeric_id	3	0.72	18813.0 | 18792.0 | 18742.0 | 18636.0 | 18660.0 | 18743.0 | 18699.0 | 18810.0 | 18186.0 | 18669.0 | 18802.0 | 18674.0
g0074	ac-03	PROPOSE	Y	representation.numeric.decimal_number	representation.numeric.decimal_number	alphanumeric_id	0.5	alphanumeric_id	0.8	alphanumeric_id	0.9	alphanumeric_id	3	0.73	1994671.0 | 1994989.0 | 1994906.0 | 1994776.0 | 1994824.0 | 1994193.0 | 1994614.0 | 1993801.0 | 1994493.0 | 1994793.0 | 1994903.0 | 1993988.0 | 1991657.0 | 1993902.0 | 1994890.0 | 1993145.0 | 1994724.0 | 1993129.0 | 1994529.0 | 1994951.0
g0075	ac-03	PROPOSE	Y	representation.numeric.decimal_number	unknown	alphanumeric_id	0.5	alphanumeric_id	0.8	alphanumeric_id	0.9	alphanumeric_id	3	0.73	199445.0 | 199540.0 | 198946.0 | 199231.0 | 199549.0 | 199569.0 | 199604.0 | 199435.0 | 199617.0 | 199474.0 | 199592.0 | 199524.0 | 1338.0 | 199548.0 | 199614.0 | 199493.0 | 199422.0 | 199593.0
g0076	ac-03	PROPOSE	Y	representation.numeric.decimal_number	representation.numeric.decimal_number	alphanumeric_id	0.5	alphanumeric_id	0.8	alphanumeric_id	0.9	alphanumeric_id	3	0.73	1903323.0 | 1904994.0 | 1905064.0 | 1904436.0 | 1900171.0 | 1904363.0 | 1904605.0 | 1903842.0 | 1904494.0 | 1903963.0 | 1904102.0 | 1897745.0 | 1904517.0 | 1904839.0 | 1897543.0 | 1905218.0 | 1903515.0 | 1905181.0 | 1903024.0 | 1905081.0
g0077	ac-03	PROPOSE	Y	representation.numeric.decimal_number	representation.numeric.decimal_number	alphanumeric_id	0.5	alphanumeric_id	0.8	alphanumeric_id	0.9	alphanumeric_id	3	0.73	1881262.0 | 1880890.0 | 1880827.0 | 1880691.0 | 1879512.0 | 1881156.0 | 1877668.0 | 1881239.0 | 1881338.0 | 1880412.0 | 1881217.0 | 1880334.0 | 1875306.0 | 1880202.0 | 1866952.0 | 1878829.0 | 1879965.0 | 1880554.0 | 1879776.0 | 1881369.0
g0078	ac-03	PROPOSE	Y	representation.numeric.decimal_number	representation.numeric.decimal_number	alphanumeric_id	0.5	alphanumeric_id	0.8	alphanumeric_id	0.9	alphanumeric_id	3	0.73	1775143.0 | 1773818.0 | 1774948.0 | 1774995.0 | 1774156.0 | 1775203.0 | 1775232.0 | 1774771.0 | 1774965.0 | 1771796.0 | 1774854.0 | 1773591.0 | 1775224.0 | 1771361.0 | 1755713.0 | 1773966.0 | 1771129.0 | 1773181.0 | 1775105.0 | 1770435.0
g0079	ac-03	PROPOSE	Y	representation.numeric.decimal_number	representation.numeric.decimal_number	alphanumeric_id	0.5	alphanumeric_id	0.8	alphanumeric_id	0.9	alphanumeric_id	3	0.73	1879440.0 | 1878836.0 | 1879399.0 | 1877916.0 | 1878818.0 | 1879327.0 | 1877311.0 | 1879314.0 | 1877779.0 | 1879230.0 | 1879340.0 | 1879279.0 | 1879411.0 | 1878735.0 | 1878096.0 | 1879349.0 | 1879251.0 | 1879282.0 | 1878849.0 | 1879019.0
g0102	ac-03	PROPOSE		representation.text.plain_text	representation.identifier.alphanumeric_id	alphanumeric_id	0.7	alphanumeric_id	0.88	alphanumeric_id	0.9	alphanumeric_id	3	0.83	POOLING_FWD2546610168451649291<CUDNN_POO | ADD_TENSOR12202121107654337629 | CONV_FWD_48927790867562783411<CUDNN_CONV | GEMV_FWD11035838480560253961 | CONV_FWD_13834659429299115773<CUDNN_CONV | POOLING_FWD11252459451785600465<CUDNN_PO | ACTIVATION_FWD7850337265161305475<CUDNN_ | SOFTMAX_FWD9955186565751125701<CUDNN_SOF | ADD_TENSOR9959339510440166639 | Total | CONV_FWD_16909287495758909848<CUDNN_CONV | ACTIVATION_FWD538251191083493810<CUDNN_A | GEMV_FWD5618815124593369765 | GEMV_FWD18430978388806864932 | ACTIVATION_FWD11629847960605767121<CUDNN | ADD_TENSOR8311727445409006365 | ACTIVATION_FWD11304941407100423307<CUDNN | POOLING_FWD10283823819865775171<CUDNN_PO | ACTIVATION_FWD10241879302339615324<CUDNN | CONV_FWD_47952735667442796269<CUDNN_CONV
g0103	ac-03	PROPOSE	Y	representation.numeric.integer_number	datetime.epoch.unix_milliseconds	alphanumeric_id	0.55	alphanumeric_id	0.85	alphanumeric_id	0.95	alphanumeric_id	3	0.78	1583003222358 | 1581546711081 | 1571255982433 | 1583433121210 | 1585603128148
g0104	ac-03	PROPOSE		representation.text.plain_text	representation.identifier.alphanumeric_id	alphanumeric_id	0.7	alphanumeric_id	0.88	alphanumeric_id	0.9	alphanumeric_id	3	0.83	POOLING_FWD9570965962646194981<CUDNN_POO | ACTIVATION_FWD2972221743649795636<CUDNN_ | ADD_TENSOR1834118433427873348 | ACTIVATION_FWD3700692825224730099<CUDNN_ | CONV_FWD_012713605078284829758<CUDNN_CON | ADD_TENSOR3124104522231198520 | CONV_FWD_19289154756865292993<CUDNN_CONV | ACTIVATION_FWD8307591912869336118<CUDNN_ | CONV_FWD_16263392324595654988<CUDNN_CONV | ACTIVATION_FWD11635618705632016737<CUDNN | ADD_TENSOR2445532663196731366 | CONV_FWD_416380903792648844542<CUDNN_CON | ADD_TENSOR11023668153830679612 | ACTIVATION_FWD17215024788201045314<CUDNN | ADD_TENSOR6376371572328723688 | ADD_TENSOR4426374455362538684 | CONV_FWD_22877963466974091689<CUDNN_CONV | CONV_FWD_010247046300356755671<CUDNN_CON | ACTIVATION_FWD5229742042898716061<CUDNN_ | CONV_FWD_110443831484766577551<CUDNN_CON
g0107	ac-03	PROPOSE		representation.text.plain_text	geography.address.full_address	alphanumeric_id	0.7	alphanumeric_id	0.88	alphanumeric_id	0.9	alphanumeric_id	3	0.83	CONV_FWD_49468083144363003049<CUDNN_CONV | ACTIVATION_FWD11850385587381362736<CUDNN | ACTIVATION_FWD17304104803804646124<CUDNN | CONV_FWD_43094948528741430769<CUDNN_CONV | ADD_TENSOR2645893572799547352 | POOLING_FWD9743187963333347066<CUDNN_POO | ADD_TENSOR9933737494526478144 | CONV_FWD_39232532707132936799<CUDNN_CONV | CONV_FWD_01717875631016186812<CUDNN_CONV | CONV_FWD_016924646240514992939<CUDNN_CON | ACTIVATION_FWD1573998084906966604<CUDNN_ | ADD_TENSOR4092821391806230492 | ADD_TENSOR14523496027619681363 | CONV_FWD_26120227530095794789<CUDNN_CONV | POOLING_FWD4592817317240616509<CUDNN_POO | ACTIVATION_FWD1452503474627227178<CUDNN_ | CONV_FWD_12863412519646859491<CUDNN_CONV | ADD_TENSOR18405516494411579011 | CONV_FWD_416049641769439239270<CUDNN_CON | ACTIVATION_FWD915822045856640829<CUDNN_A
g0108	ac-03	PROPOSE		representation.text.plain_text	representation.identifier.alphanumeric_id	alphanumeric_id	0.7	alphanumeric_id	0.88	alphanumeric_id	0.9	alphanumeric_id	3	0.83	CONV_FWD_113263158875914035742<CUDNN_CON | CONV_FWD_28676097769651472263<CUDNN_CONV | CONV_FWD_215024477037375371343<CUDNN_CON | ADD_TENSOR10276880299715701694 | GEMV_FWD1978698214874783447 | Total | ACTIVATION_FWD3098601073903236690<CUDNN_ | ADD_TENSOR8213638121664259161 | CONV_FWD_39721128221367368170<CUDNN_CONV | POOLING_FWD12614776895784977783<CUDNN_PO | GEMV_FWD6840713707582210859 | DROPOUT_FWD921963430543153032 | POOLING_FWD3055694612687775433<CUDNN_POO | POOLING_FWD151330512643727433<CUDNN_POOL | CONV_FWD_010711182729233396017<CUDNN_CON | ACTIVATION_FWD13491423864519241330<CUDNN | ACTIVATION_FWD10947970248581594505<CUDNN | ACTIVATION_FWD3323006981282104596<CUDNN_ | GEMV_FWD11862958995973593516 | ADD_TENSOR7534256082947234810
g0109	ac-03	PROPOSE		representation.text.plain_text	representation.identifier.alphanumeric_id	alphanumeric_id	0.7	alphanumeric_id	0.88	alphanumeric_id	0.9	alphanumeric_id	3	0.83	ADD_TENSOR11023668153830679612 | ACTIVATION_FWD17215024788201045314<CUDNN | ADD_TENSOR6376371572328723688 | ADD_TENSOR4426374455362538684 | CONV_FWD_22877963466974091689<CUDNN_CONV | CONV_FWD_010247046300356755671<CUDNN_CON | ACTIVATION_FWD5229742042898716061<CUDNN_ | CONV_FWD_110443831484766577551<CUDNN_CON | POOLING_FWD7540285098489405913<CUDNN_POO | CONV_FWD_010169059261604063318<CUDNN_CON | CONV_FWD_07983244446450416925<CUDNN_CONV | ACTIVATION_FWD8018231500763011608<CUDNN_ | CONV_FWD_39696852098053729889<CUDNN_CONV | ACTIVATION_FWD950203678692330733<CUDNN_A | POOLING_FWD11005451017383827592<CUDNN_PO | ACTIVATION_FWD6743892577385200438<CUDNN_ | CONV_FWD_311169038692955379676<CUDNN_CON | POOLING_FWD9570965962646194981<CUDNN_POO | ACTIVATION_FWD2972221743649795636<CUDNN_ | ADD_TENSOR1834118433427873348
g0137	ac-03	PROPOSE	Y	technology.internet.top_level_domain	technology.internet.top_level_domain	top_level_domain	0.9	categorical	0.85	categorical	0.9	categorical	2	0.88	ch | gov | me | co.uk | ie | int | au | com | net | uk | ca | in | co.nz | org | pl | edu
g0138	ac-03	PROPOSE	Y	technology.internet.top_level_domain	representation.alphanumeric.alphanumeric_id	top_level_domain	0.9	categorical	0.85	categorical	0.9	categorical	2	0.88	.ar | .aw | .by | .bj | .bq | .bn | .cv | .ky | .cx | .dj | .dm | .do | .ee | .gm | .ge | .gr | .hm | .ke | .lu | .mq
g0139	ac-03	PROPOSE	Y	technology.internet.top_level_domain	technology.internet.top_level_domain	top_level_domain	0.9	categorical	0.85	categorical	0.9	categorical	2	0.88	com | net | uk | ch | co.nz | org | pl | edu | ie | int | au | ca | in | gov | me | co.uk
g0140	ac-03	PROPOSE		representation.text.plain_text	representation.text.word	categorical	0.85	categorical	0.92	categorical	0.95	categorical	3	0.91	apache-2.0 | lgpl-2.1 | gpl-3.0 | other | isc | bsd-3-clause | lgpl-3.0 | bsd-2-clause | gpl-2.0 | unlicense | mit
g0142	ac-03	PROPOSE	Y	representation.numeric.integer_number	representation.numeric.integer_number	alphanumeric_id	0.55	alphanumeric_id	0.8	alphanumeric_id	0.95	alphanumeric_id	3	0.77	8441 | 51 | 220181 | 220179 | 677 | 223761 | 225664 | 837 | 220545 | 491 | 227457 | 220546 | 1162 | 226537 | 224639 | 227468 | 220274 | 789 | 224643 | 211
g0155	ac-03	PROPOSE		representation.numeric.decimal_number	representation.numeric.decimal_number	unix_seconds	0.85	unix_seconds	0.9	unix_timestamp	0.95	epoch_seconds	2	0.88	1240707249.0 | 1240706553.0 | 1240706418.0 | 1240705057.0 | 1240704226.0 | 1240707065.0 | 1240704980.0 | 1240704249.0 | 1240704103.0 | 1240706931.0 | 1240706250.0 | 1240706141.0 | 1240705771.0 | 1240707334.0 | 1240707147.0 | 1240706979.0 | 1240705705.0 | 1240705661.0 | 1240704565.0 | 1240707120.0
g0156	ac-03	PROPOSE	Y	representation.numeric.decimal_number	representation.numeric.decimal_number	alphanumeric_id	0.5	alphanumeric_id	0.8	alphanumeric_id	0.9	alphanumeric_id	3	0.73	236788.0 | 236639.0 | 236641.0 | 236473.0 | 236794.0 | 236583.0 | 235489.0
g0157	ac-03	PROPOSE	Y	representation.numeric.decimal_number	representation.numeric.decimal_number	alphanumeric_id	0.5	alphanumeric_id	0.8	alphanumeric_id	0.9	alphanumeric_id	3	0.73	1474768.0 | 1474629.0 | 1473844.0 | 1471300.0 | 1471841.0 | 1470996.0 | 1471273.0 | 1474602.0 | 1474094.0 | 1472401.0 | 1466520.0 | 1472444.0 | 1471771.0 | 1474455.0 | 1474668.0 | 1474239.0 | 1474395.0 | 1473770.0 | 1474262.0 | 1473316.0
g0158	ac-03	PROPOSE	Y	representation.numeric.decimal_number	representation.numeric.decimal_number	alphanumeric_id	0.5	alphanumeric_id	0.8	alphanumeric_id	0.9	alphanumeric_id	3	0.73	363789.0 | 363987.0 | 363968.0 | 363923.0 | 363408.0 | 363888.0 | 363751.0 | 363652.0 | 364004.0 | 363768.0 | 363979.0 | 364009.0 | 363470.0 | 363778.0 | 363624.0 | 364034.0 | 364010.0 | 363913.0 | 363937.0 | 364039.0
g0159	ac-03	PROPOSE	Y	representation.numeric.decimal_number	representation.numeric.decimal_number	alphanumeric_id	0.5	alphanumeric_id	0.8	alphanumeric_id	0.9	alphanumeric_id	3	0.73	150162.0 | 150660.0 | 150643.0 | 150318.0 | 150412.0 | 150697.0 | 150618.0 | 150578.0 | 150699.0 | 150587.0 | 150390.0 | 150689.0 | 150635.0 | 150679.0 | 150530.0 | 150675.0 | 150555.0 | 150672.0 | 150670.0 | 150626.0
g0160	ac-03	PROPOSE		representation.numeric.decimal_number	representation.numeric.decimal_number	unix_seconds	0.85	unix_seconds	0.9	unix_timestamp	0.95	epoch_seconds	2	0.88	1285437125.0 | 1285436919.0 | 1285436504.0 | 1285436233.0 | 1285436209.0 | 1285436070.0 | 1285435868.0 | 1285435768.0 | 1285435179.0 | 1285434994.0 | 1285434426.0 | 1285434365.0 | 1285434255.0 | 1285437580.0 | 1285437490.0 | 1285437386.0 | 1285437281.0 | 1285436871.0 | 1285436641.0 | 1285436324.0
g0161	ac-03	PROPOSE		representation.numeric.decimal_number	representation.numeric.decimal_number	unix_seconds	0.85	unix_seconds	0.9	unix_timestamp	0.95	epoch_seconds	2	0.88	1177678129.0 | 1177676020.0 | 1177678451.0 | 1177676187.0 | 1177677999.0 | 1177676334.0 | 1177678175.0 | 1177678595.0 | 1177678537.0 | 1177677769.0
g0162	ac-03	PROPOSE	Y	representation.numeric.decimal_number	representation.numeric.decimal_number	alphanumeric_id	0.5	alphanumeric_id	0.8	alphanumeric_id	0.9	alphanumeric_id	3	0.73	1553842.0 | 1553459.0 | 1553506.0 | 1553291.0 | 1553798.0 | 1553407.0 | 1552067.0 | 1552263.0 | 1552589.0 | 1553862.0 | 1553166.0 | 1553430.0 | 1553701.0 | 1540997.0 | 1552723.0 | 1550713.0 | 1553743.0 | 1553416.0 | 1553779.0 | 1553824.0
g0164	ac-03	PROPOSE	Y	representation.numeric.decimal_number	representation.numeric.decimal_number	alphanumeric_id	0.5	alphanumeric_id	0.8	alphanumeric_id	0.9	alphanumeric_id	3	0.73	4492025.0 | 4491022.0 | 4491789.0 | 4492370.0 | 4491408.0 | 4492619.0 | 4492244.0 | 4489211.0 | 4491216.0 | 4492687.0 | 4491850.0 | 4491766.0 | 4492208.0 | 4490157.0 | 4492112.0 | 4492532.0 | 4492875.0 | 4488682.0 | 4489364.0 | 4492287.0
g0165	ac-03	PROPOSE	Y	representation.numeric.decimal_number	representation.numeric.decimal_number	alphanumeric_id	0.5	alphanumeric_id	0.8	alphanumeric_id	0.9	alphanumeric_id	3	0.73	2610846.0 | 2609180.0 | 2610709.0 | 2609950.0 | 2610734.0 | 2610940.0 | 2610958.0 | 2610328.0 | 2610827.0 | 2610532.0 | 2610914.0 | 2608317.0 | 2610417.0 | 2610145.0 | 2610109.0 | 2609962.0 | 2610952.0 | 2610725.0 | 2610856.0 | 2604013.0
g0168	ac-03	PROPOSE		representation.text.plain_text	representation.text.entity_name	plain_text	0.75	entity_name	0.85	entity_name	0.9	entity_name	2	0.88	Adobe AIR Vs Microsoft Silverlight: It’s | Building a green PC | Bedework: open source calendar for the e | Paid Links - The Steroids of SEO | dotfiles.org | community for sharing dot | Network Solutions Sued For Defrauding Mi | The art of Flash  (wait 4 seconds after  | Thoughts on Startups | Working on a social network? Read this. | The Paradox of Choice: The Advantages of | IBM brings out new a MainFrame.. Power o | Functional Pattern Matching in JavaScrip
g0169	ac-03	PROPOSE		representation.text.plain_text	representation.text.plain_text	categorical	0.5	categorical	0.8	categorical	0.95	categorical	3	0.75	Username | Login | Charlie Shen | Password | Browser
g0170	ac-03	PROPOSE		representation.text.plain_text	representation.text.word	categorical	0.75	categorical	0.9	categorical	0.95	categorical	3	0.87	relu_1 | maxpool_2 | relu_6 | relu_7 | maxpool_1 | softmax_1 | conv_1 | relu_5 | gemm_2 | conv_2 | conv_4 | conv_3 | relu_3 | relu_4 | maxpool_3 | relu_2 | conv_5 | gemm_1 | gemm_3
g0171	ac-03	PROPOSE		representation.text.plain_text	representation.text.plain_text	categorical	0.65	categorical	0.88	categorical	0.95	categorical	3	0.83	purchase.requisition.line | purchase.requisition manager | purchase.requisition | purchase.requisition.line manager
g0214	ac-03	PROPOSE		representation.text.plain_text	geography.location.city	entity_name	0.85	entity_name	0.95	entity_name	0.95	entity_name	3	0.92	Goroka Airport | Reykjavik Airport | Vestmannaeyjar Airport | Baker Lake Airport | Princeton Airport | Deer Lake Airport | Estevan Airport | Dryden Regional Airport | Meadow Lake Airport | Kenora Airport | Rivière-du-Loup Airport | Nanisivik Airport | Summerside Airport | Timmins/Victor M. Power | Vermilion Airport | Buffalo Narrows Airport | Petawawa Airport | Williams Lake Airport | Pangnirtung Airport | Earlton (Timiskaming Regional) Airport
g0219	ac-03	PROPOSE		representation.text.plain_text	container.array.comma_separated	entity_name	0.7	entity_name	0.9	entity_name	0.9	entity_name	3	0.83	Elevator Operator | Agnes Martin : her life and art / Nancy  | Cloud nine / by Caryl Churchill. | Latin Dance Mix | Who stole Halloween? / Martha Freeman. | Disgraced : a play / Ayad Akhtar. | Make Your Kid a Money Genius (Even If Yo | Rarity and the Curious Case of Charity | Arata, the legend. 3 / story & art by Yu | The Wayside Motor Inn / by A. R. Gurney. | Le démantèlement [videorecording] = The  | Applesauce season / Eden Ross Lipson ; i | Brain maker : [the power of gut microbes | A devil and her love song. Volume 1 / st | Home by nightfall [sound recording] / Ch | The Metamorphosis (Unabridged) | Murder at the Pentagon / Margaret Truman | Girl Talk: 52 Weekly Devotions | Improving Your Memory | You & I
g0224	ac-03	PROPOSE	Y	representation.numeric.integer_number	representation.discrete.categorical	alphanumeric_id	0.6	alphanumeric_id	0.9	alphanumeric_id	0.95	alphanumeric_id	3	0.82	123734717 | 322011265 | 421600921 | 321195755 | 420659638 | 220553069 | 340739623 | 421672755 | 121329204 | 420065734 | 200998279 | 320625249 | 421266267 | 121208987 | 440655792 | 322060130 | 421949235 | 320730517 | 320846974 | 121207906
g0238	ac-03	PROPOSE		representation.text.plain_text	representation.text.entity_name	entity_name	0.85	entity_name	0.95	entity_name	0.95	entity_name	3	0.92	Delta Shores Airport | Livingston Healthcare Heliport | North Raleigh Airport | McKenzie Bridge State Airport | Flying O Airport | Alpine Range Airport | Lazy J. Aerodrome | Yat Heliport | Berlin Fairgrounds Heliport | Rybolt Ranch Airport | Myers Field | Caldwell Municipal Airport | Flying N Ranch Airport | Country Breeze Airport | McGee 01 Heliport | Avita Health System Galion Hospital Heli | Garner Field | Benes Service Airport | Iroquois Landing Seaplane Base | Penske Heliport
g0254	ac-03	PROPOSE	Y	technology.internet.top_level_domain	representation.discrete.categorical	top_level_domain	0.9	categorical	0.85	categorical	0.9	categorical	2	0.88	me | gov | watch | nz | microsoft | mil | ai | hk | la | now | tw | cern | do | im | bs | pa | ls | iq | pn | ao
g0255	ac-03	PROPOSE	Y	technology.internet.top_level_domain	representation.discrete.categorical	top_level_domain	0.85	categorical	0.85	categorical	0.9	categorical	2	0.88	me | gov | watch | nz | microsoft | mil | ai | hk | la | now | tw | cern | do | im | bs | pa | ls | iq | pn | ao
g0026	ac-03	CONTESTED		representation.text.plain_text	representation.discrete.categorical	plain_text	0.55	filepath	0.9	alphanumeric_id	0.9	file_path	1	0.55	d:\Develop\AutoChess-Simulator\README.md | d:\Develop\AutoChess-Simulator\build\web | d:\Develop\AutoChess-Simulator\build\web | d:\Develop\AutoChess-Simulator\package-l | d:\Develop\AutoChess-Simulator\src\pages | d:\Develop\AutoChess-Simulator\static\va | d:\Develop\AutoChess-Simulator\static\va | d:\Develop\AutoChess-Simulator\static\va | d:\Develop\AutoChess-Simulator\static\va | d:\Develop\AutoChess-Simulator\static\va | d:\Develop\AutoChess-Simulator\static\va | d:\Develop\AutoChess-Simulator\static\va | d:\Develop\AutoChess-Simulator\static\va | d:\Develop\AutoChess-Simulator\static\va | d:\Develop\AutoChess-Simulator\static\va | d:\Develop\AutoChess-Simulator\static\va | d:\Develop\AutoChess-Simulator\static\va | d:\Develop\AutoChess-Simulator\static\va | d:\Develop\AutoChess-Simulator\static\va | d:\Develop\AutoChess-Simulator\static\va
g0042	ac-03	CONTESTED		representation.numeric.integer_number	representation.numeric.integer_number	integer_number	0.5	year	0.7	categorical	0.8	year	1	0.5	0 | 2006 | 2008 | 2010
g0055	ac-03	CONTESTED		representation.numeric.integer_number	representation.numeric.integer_number	amount	0.55	integer_number	0.8	categorical	0.85	monetary_amount	1	0.55	0 | 1950 | 2925 | 975
g0081	ac-03	CONTESTED		datetime.date.iso	datetime.date.iso	iso	0.95	calendar_date	0.99	date	0.95	iso_date	1	0.95	2013-03-15 | 2013-06-01 | 2013-04-20 | 2013-02-01
g0082	ac-03	CONTESTED		datetime.date.iso	datetime.timestamp.sql_standard	sql_standard	0.9	datetime	0.99	timestamp	0.95	iso_datetime	1	0.9	2014-04-30 14:38:28 | 2019-05-23 20:12:22 | 2019-08-02 22:37:25 | 2020-05-21 06:44:14 | 2020-09-14 06:01:21 | 2021-02-13 17:56:56 | 2018-09-07 21:36:06 | 2014-11-24 17:11:12 | 2017-11-20 19:50:46 | 2017-12-26 10:20:38 | 2018-11-18 17:11:47 | 2013-12-26 13:05:46 | 2014-05-01 17:45:34 | 2012-06-13 04:18:26 | 2018-08-09 10:57:23 | 2017-04-05 17:09:53 | 2019-09-06 18:00:31 | 2018-02-14 04:26:27 | 2014-11-22 03:13:10 | 2018-02-05 15:05:54
g0083	ac-03	CONTESTED		datetime.date.iso	datetime.timestamp.sql_standard	sql_standard	0.9	datetime	0.99	timestamp	0.95	iso_datetime	1	0.9	2001-06-05 20:35:20 | 2002-02-05 07:19:10 | 2002-02-22 03:56:11 | 2001-05-24 04:35:41 | 2001-11-15 20:14:35 | 2001-10-11 22:52:49 | 2002-03-04 15:27:59 | 2002-02-28 20:58:54 | 2002-02-05 07:28:13 | 2002-02-06 06:00:02 | 2002-01-10 13:24:51 | 2002-01-29 15:03:22 | 2001-11-15 18:10:14 | 2002-03-22 18:11:02 | 2002-01-29 02:18:19 | 2002-01-29 04:02:54 | 2001-05-28 18:58:58 | 2001-10-11 17:21:05 | 2001-03-05 10:31:00 | 2001-10-26 05:21:59
g0084	ac-03	CONTESTED		datetime.date.iso	datetime.timestamp.sql_standard	sql_standard	0.9	datetime	0.99	timestamp	0.95	iso_datetime	1	0.9	2001-10-01 07:46:01 | 2002-01-09 08:26:27 | 2001-10-29 06:22:07 | 2001-10-25 06:11:56 | 2001-10-23 16:38:07 | 2001-10-17 14:15:05 | 2001-10-29 16:35:12 | 2001-07-23 14:46:41 | 2001-09-04 10:38:42 | 2001-10-01 06:50:56 | 2002-01-07 15:40:13 | 2002-01-24 10:55:56 | 2002-01-24 04:59:08 | 2002-01-22 15:40:25 | 2002-02-26 07:07:57 | 2001-08-17 09:05:03 | 2001-06-13 06:21:23 | 2001-12-11 10:42:41 | 2001-10-17 13:27:01 | 2001-08-24 06:55:36
g0173	ac-03	CONTESTED		datetime.date.iso	datetime.date.iso	iso	0.95	calendar_date	0.99	date	0.95	iso_date	1	0.95	2013-07-30 | 2013-08-02 | 2013-08-05 | 2013-08-06 | 2013-08-21 | 2013-08-12 | 2013-08-19 | 2013-08-26 | 2013-08-08 | 2013-08-23 | 2013-08-22 | 2013-08-07 | 2013-08-15 | 2013-08-27 | 2013-08-14 | 2013-08-16 | 2013-08-28 | 2013-07-31 | 2013-08-09 | 2013-08-20
g0174	ac-03	CONTESTED		datetime.date.iso	datetime.date.iso	iso	0.95	calendar_date	0.99	date	0.95	iso_date	1	0.95	2014-05-02 | 2014-05-16 | 2014-05-23 | 2014-05-27 | 2014-05-29 | 2014-06-14 | 2014-06-18 | 2014-06-25 | 2014-06-28 | 2014-07-10 | 2014-07-12 | 2014-07-25 | 2014-07-27 | 2014-08-10 | 2014-08-12 | 2014-08-14 | 2014-08-23 | 2014-08-27 | 2014-08-29 | 2014-09-10
g0175	ac-03	CONTESTED		datetime.date.iso	datetime.date.iso	iso	0.9	calendar_date	0.99	date	0.95	iso_date	1	0.9	2018-10-06 | 2017-11-01 | 2018-05-09 | 2018-05-08 | 2018-05-05 | 2018-10-16 | 2018-09-06 | 2018-09-12
g0176	ac-03	CONTESTED		datetime.date.iso	datetime.date.iso	iso	0.95	calendar_date	0.99	date	0.95	iso_date	1	0.95	2014-06-25 | 2014-06-28 | 2014-07-10 | 2014-07-12 | 2014-07-25 | 2014-07-27 | 2014-08-10 | 2014-08-12 | 2014-08-14 | 2014-08-23 | 2014-08-27 | 2014-08-29 | 2014-09-10 | 2014-10-04 | 2014-10-06 | 2014-10-17 | 2014-10-18 | 2014-10-22 | 2014-10-23 | 2014-10-28
g0177	ac-03	CONTESTED		datetime.date.iso	datetime.date.iso	iso	0.95	calendar_date	0.99	date	0.95	iso_date	1	0.95	2014-06-25 | 2014-06-28 | 2014-07-10 | 2014-07-12 | 2014-07-25 | 2014-07-27 | 2014-08-10 | 2014-08-12 | 2014-08-14 | 2014-08-23 | 2014-08-27 | 2014-08-29 | 2014-09-10 | 2014-10-04 | 2014-10-06 | 2014-10-17 | 2014-10-18 | 2014-10-22 | 2014-10-23 | 2014-10-28
g0178	ac-03	CONTESTED		datetime.date.iso	datetime.date.iso	iso	0.9	calendar_date	0.99	date	0.95	iso_date	1	0.9	2009-04-27 | 2010-04-07 | 2009-04-28 | 2008-11-03 | 2010-04-05 | 2010-10-29 | 2009-10-20 | 2010-04-06 | 2009-04-26 | 2010-10-26 | 2008-11-06 | 2010-10-24 | 2010-04-04 | 2008-11-07
g0179	ac-03	CONTESTED		datetime.date.iso	datetime.date.iso	iso	0.95	calendar_date	0.99	date	0.95	iso_date	1	0.95	2016-06-22 | 2016-06-23 | 2016-06-13 | 2016-06-20 | 2016-06-25 | 2016-06-28 | 2016-06-18 | 2016-06-24 | 2016-06-12 | 2016-06-21 | 2016-06-30 | 2016-06-29 | 2016-06-11 | 2016-06-14 | 2016-06-16 | 2016-06-17 | 2016-06-19 | 2016-06-27 | 2016-06-26 | 2016-06-10
g0180	ac-03	CONTESTED		datetime.date.iso	datetime.date.iso	iso	0.95	calendar_date	0.99	date	0.95	iso_date	1	0.95	2016-05-26 | 2016-05-30 | 2016-06-07 | 2016-06-08 | 2016-06-13 | 2016-06-20 | 2016-06-25 | 2016-06-28 | 2016-05-14 | 2016-05-23 | 2016-05-28 | 2016-06-18 | 2016-06-24 | 2016-05-15 | 2016-05-22 | 2016-05-25 | 2016-06-01 | 2016-06-02 | 2016-06-29 | 2016-05-11
g0181	ac-03	CONTESTED		datetime.date.iso	datetime.date.iso	iso	0.95	calendar_date	0.99	date	0.95	iso_date	1	0.95	2016-10-31 | 2017-12-14 | 2018-06-13 | 2019-09-06 | 2019-10-17 | 2017-09-27 | 2019-12-05 | 2018-03-06 | 2020-04-02 | 2018-02-16 | 2019-04-10 | 2019-05-14 | 2007-10-15 | 2019-06-06 | 2017-09-19 | 2018-08-03 | 2018-11-06 | 2017-06-02 | 2019-08-01
g0182	ac-03	CONTESTED		datetime.date.iso	datetime.date.iso	iso	0.95	calendar_date	0.99	date	0.95	iso_date	1	0.95	2013-09-23 | 2019-11-08 | 2016-08-05 | 2015-09-03 | 2015-08-28 | 2014-12-11 | 2017-10-10 | 2013-05-06 | 2016-02-29 | 2015-09-14 | 2014-09-23 | 2013-08-08 | 2017-01-20 | 2014-10-02 | 2012-08-09 | 2016-12-01 | 2018-08-08 | 2013-09-17 | 2012-12-24 | 2015-10-01
g0183	ac-03	CONTESTED		datetime.date.iso	datetime.date.iso	iso	0.9	calendar_date	0.99	date	0.95	iso_date	1	0.9	2002-06-18 | 2000-02-16 | 2011-07-28 | 2007-08-08 | 1974-03-28 | 2013-07-31 | 1987-09-23 | 1983-12-01 | 2005-06-24
g0184	ac-03	CONTESTED		datetime.date.iso	datetime.date.iso	iso	0.95	calendar_date	0.99	date	0.95	iso_date	1	0.95	2011-12-28 | 2011-12-04 | 2011-11-20 | 2011-11-06 | 2011-12-11 | 2011-12-18 | 2011-11-13
g0185	ac-03	CONTESTED		datetime.date.iso	datetime.date.iso	iso	0.9	calendar_date	0.99	date	0.95	iso_date	1	0.9	2015-11-27 | 2015-11-25 | 2015-11-26
g0186	ac-03	CONTESTED		datetime.date.iso	datetime.date.iso	iso	0.9	calendar_date	0.99	date	0.95	iso_date	1	0.9	2017-02-03 | 2017-02-15 | 2017-02-17 | 2017-01-25 | 2017-01-27 | 2017-02-08 | 2017-02-09 | 2017-02-18 | 2017-01-24 | 2017-02-01 | 2017-02-06 | 2017-02-11 | 2017-02-14 | 2017-01-15 | 2017-01-17 | 2017-01-19 | 2017-01-22 | 2017-01-28 | 2017-02-16 | 2017-01-12
g0187	ac-03	CONTESTED		datetime.date.iso	datetime.date.iso	iso	0.9	calendar_date	0.99	date	0.95	iso_date	1	0.9	1925-07-01 | 1928-07-01 | 1936-11-01 | 1926-04-15 | 1942-02-01 | 1897-06-30 | 1923-07-01 | 1919-07-01 | 1940-01-22 | 1930-01-01 | 1929-01-01 | 1933-11-26 | 1936-04-12 | 1934-11-01 | 1897-01-01 | 1937-08-20 | 1904-04-01 | 1940-04-22 | 1938-12-20 | 1932-01-01
g0188	ac-03	CONTESTED		datetime.date.iso	datetime.date.iso	iso	0.9	calendar_date	0.99	date	0.95	iso_date	1	0.9	2020-09-09 | 2020-09-08 | 2020-09-15 | 2020-09-10 | 2020-09-14 | 2020-09-12 | 2020-09-13 | 2020-09-11
g0189	ac-03	CONTESTED		datetime.date.iso	datetime.date.iso	iso	0.95	calendar_date	0.99	date	0.95	iso_date	1	0.95	2009-05-17 | 2009-06-07 | 2009-07-01 | 2009-05-31 | 2009-06-14 | 2009-05-24
g0190	ac-03	CONTESTED		datetime.date.iso	datetime.date.iso	iso	0.9	calendar_date	0.99	date	0.95	iso_date	1	0.9	2000-01-02 | 2000-01-04 | 2000-01-01 | 2000-01-06 | 2000-01-03 | 2000-01-05
g0191	ac-03	CONTESTED		datetime.date.iso	datetime.date.iso	iso	0.95	calendar_date	0.99	date	0.95	iso_date	1	0.95	2014-10-06 | 2014-09-28 | 2014-09-12 | 2014-10-20 | 2014-08-26 | 2014-08-17 | 2014-09-15 | 2014-10-02 | 2015-01-09 | 2014-09-23 | 2014-09-09 | 2015-01-12 | 2014-10-11 | 2014-08-31 | 2014-10-15 | 2014-09-24 | 2014-09-05
g0192	ac-03	CONTESTED		datetime.date.iso	datetime.date.iso	iso	0.95	calendar_date	0.99	date	0.95	iso_date	1	0.95	2015-09-03 | 2016-12-22 | 2015-07-31 | 2016-07-01 | 2016-07-28
g0193	ac-03	CONTESTED		datetime.date.iso	datetime.date.iso	iso	0.9	calendar_date	0.99	date	0.95	iso_date	1	0.9	2015-05-01 | 2017-04-18 | 2016-04-30 | 2017-11-11 | 2012-10-27 | 2014-05-11 | 2013-04-25 | 2016-11-11 | 2013-04-27 | 2016-05-01 | 2018-05-09 | 2015-04-28 | 2017-04-17 | 2015-11-12 | 2012-10-26 | 2018-11-11 | 2017-04-20 | 2018-05-08 | 2014-05-09 | 2016-11-08
g0194	ac-03	CONTESTED		datetime.date.iso	datetime.date.iso	iso	0.95	calendar_date	0.99	date	0.95	iso_date	1	0.95	2012-06-06 | 2012-05-27 | 2012-06-03 | 2012-05-13
g0195	ac-03	CONTESTED		datetime.date.iso	datetime.date.iso	iso	0.95	calendar_date	0.99	date	0.95	iso_date	1	0.95	2010-02-28 | 2010-02-14 | 2010-03-01 | 2010-01-17
g0196	ac-03	CONTESTED		datetime.date.iso	datetime.date.iso	iso	0.95	calendar_date	0.99	date	0.95	iso_date	1	0.95	2019-05-30 | 2019-06-18 | 2019-06-24 | 2019-06-10 | 2019-07-03 | 2019-05-20
g0197	ac-03	CONTESTED		datetime.date.iso	datetime.date.iso	iso	0.9	calendar_date	0.99	date	0.95	iso_date	1	0.9	2020-01-05 | 2020-05-11 | 2020-05-12 | 2019-12-12 | 2020-05-06
g0198	ac-03	CONTESTED		datetime.date.iso	datetime.date.iso	iso	0.9	calendar_date	0.99	date	0.95	iso_date	1	0.9	2019-02-26 | 2018-12-07 | 2019-03-17
g0199	ac-03	CONTESTED		datetime.date.iso	datetime.date.iso	iso	0.9	calendar_date	0.99	date	0.95	iso_date	1	0.9	2016-04-09 | 2016-11-09 | 2017-11-19 | 2018-04-08 | 2018-04-06 | 2017-03-11 | 2017-03-12 | 2018-11-14 | 2017-11-14 | 2016-11-08 | 2015-11-10 | 2017-03-21 | 2018-11-12 | 2015-11-13 | 2016-11-10 | 2016-04-10 | 2017-03-10 | 2017-11-12 | 2015-11-07 | 2018-11-13
g0200	ac-03	CONTESTED		datetime.date.iso	datetime.date.iso	iso	0.95	calendar_date	0.99	date	0.95	iso_date	1	0.95	2016-09-02 | 2016-11-09 | 2017-08-03 | 2015-07-23 | 2015-11-18 | 2016-11-11 | 2007-07-25 | 2006-06-21 | 2016-05-13 | 2016-12-23 | 2016-12-16 | 2017-05-19 | 2017-03-01 | 2014-08-22 | 2017-01-20 | 2017-03-02 | 2017-02-02 | 2017-03-08 | 2017-07-31 | 2017-09-15
g0201	ac-03	CONTESTED		datetime.date.iso	datetime.date.iso	iso	0.95	calendar_date	0.99	date	0.95	iso_date	1	0.95	2014-08-14 | 2014-05-27 | 2014-05-29 | 2014-08-18 | 2014-01-28 | 2014-01-05 | 2013-11-02 | 2014-04-17 | 2014-01-11 | 2015-01-09 | 2013-09-30 | 2014-01-14 | 2013-12-20 | 2014-04-13 | 2015-01-12 | 2014-03-24 | 2014-04-25 | 2014-03-14 | 2013-12-18 | 2014-02-07
g0202	ac-03	CONTESTED		datetime.date.iso	datetime.date.iso	iso	0.95	calendar_date	0.99	date	0.95	iso_date	1	0.95	2018-05-04 | 2018-05-07 | 2018-05-09 | 2018-05-02 | 2018-05-10 | 2018-05-20 | 2018-05-06 | 2018-05-13 | 2018-05-15 | 2018-05-16 | 2018-05-18 | 2018-05-19 | 2018-05-14 | 2018-05-05 | 2018-05-08 | 2018-05-17 | 2018-05-11 | 2018-05-12
g0203	ac-03	CONTESTED		datetime.date.iso	datetime.date.iso	iso	0.95	calendar_date	0.99	date	0.95	iso_date	1	0.95	2021-02-08 | 2020-10-26 | 2020-02-17 | 2020-04-15 | 2017-11-11 | 2021-01-29 | 2020-07-14 | 2020-08-14 | 2021-02-18 | 2021-01-18 | 2020-09-03 | 2021-02-03 | 2021-01-23 | 2020-05-17 | 2020-12-05 | 2021-02-15 | 2020-12-06 | 2020-01-03 | 2020-11-21 | 2018-10-08
g0204	ac-03	CONTESTED		datetime.date.iso	datetime.date.iso	iso	0.9	calendar_date	0.99	date	0.95	iso_date	1	0.9	2000-01-01 | 2000-01-02 | 2000-01-04 | 2000-01-03 | 2000-01-05 | 2000-01-06
g0205	ac-03	CONTESTED		datetime.date.iso	datetime.date.iso	iso	0.95	calendar_date	0.99	date	0.95	iso_date	1	0.95	2013-08-02 | 2013-08-05 | 2013-08-06 | 2013-08-21 | 2013-08-12 | 2013-08-19 | 2013-08-26 | 2013-08-29 | 2013-08-08 | 2013-08-23 | 2013-09-11 | 2013-08-09 | 2013-08-20 | 2013-08-14 | 2013-08-16 | 2013-08-28 | 2013-08-07 | 2013-08-15 | 2013-08-22 | 2013-08-27
g0206	ac-03	CONTESTED		datetime.date.iso	datetime.date.iso	iso	0.9	calendar_date	0.99	date	0.95	iso_date	1	0.9	2017-02-03 | 2017-02-15 | 2017-01-25 | 2017-01-27 | 2017-02-08 | 2017-02-09 | 2017-01-08 | 2017-01-24 | 2017-02-01 | 2017-02-06 | 2017-02-11 | 2017-02-14 | 2017-01-07 | 2017-01-15 | 2017-01-17 | 2017-01-19 | 2017-01-22 | 2017-01-28 | 2017-02-16 | 2017-01-09
g0207	ac-03	CONTESTED		datetime.date.iso	datetime.date.iso	iso	0.85	calendar_date	0.99	date	0.95	iso_date	1	0.85	2020-01-18 | 2020-01-22 | 2020-02-17 | 2020-03-01 | 2020-03-07 | 2020-03-26 | 2020-04-10 | 2020-04-15 | 2020-04-19 | 2020-05-01 | 2020-05-07 | 2020-05-10 | 2020-05-21 | 2020-05-23 | 2020-05-26 | 2020-05-27 | 2020-06-01 | 2020-06-08 | 2020-06-11 | 2020-06-20
g0208	ac-03	CONTESTED		datetime.date.iso	datetime.date.iso	iso	0.85	calendar_date	0.99	date	0.95	iso_date	1	0.85	2011-01-06 | 2013-01-07 | 2013-01-14 | 2013-01-24 | 2012-01-06 | 2010-01-06
g0209	ac-03	CONTESTED		datetime.date.iso	datetime.date.iso	iso	0.9	calendar_date	0.99	date	0.95	iso_date	1	0.9	2002-06-18 | 2000-02-16 | 1970-12-16 | 1997-02-20 | 1974-03-28 | 1976-05-07 | 1987-09-23 | 2007-05-04 | 2018-12-23 | 2005-06-24
g0210	ac-03	CONTESTED		datetime.offset.utc	datetime.offset.utc	utc	0.7	utc_offset	0.92	decimal_number	0.9	utc_offset	1	0.7	0.0 | -8.0 | 9.5 | 10.5 | -2.0 | 5.3 | 5.45 | -1.0 | -11.0 | 4.5 | 5.75 | 8.5 | -3.0 | -4.0 | 10.0 | 4.0 | 13.0 | 12.75 | 3.5 | 12.0
g0225	ac-03	CONTESTED		representation.text.plain_text	identity.person.full_name	full_address	0.5	street	0.9	entity_name	0.9	entity_name	1	0.5	WEST SERVICE ROAD | 73 AVE | WEST 86TH STREET | WEST 58TH STREET | JARVIS AVENUE | CLINTON STREET | ROBINSON AVENUE | CONNECTICUT STREET | DECATUR STREET | 60 DRIVE | FREDERICK DOUGLASS BLVD | RIVERSIDE DR. | STANHOPE STREET | WARREN STREET | GREENWICH STREET | PARK AVE | PUTNAM AVENUE | FORT WASHINGTON AVENUE | WATER STREET | NOSTRAND AVE
g0227	ac-03	CONTESTED		datetime.date.iso	unknown	sql_standard	0.9	datetime	0.99	timestamp	0.95	iso_datetime	1	0.9	2025-05-19 00:00:00 | 2009-06-15 00:00:00 | 2024-02-12 00:00:00 | 2024-09-09 00:00:00 | 2024-05-20 00:00:00 | 2017-08-14 00:00:00 | 2017-02-06 00:00:00 | 2024-06-10 00:00:00 | 2020-02-18 00:00:00 | 2018-03-05 00:00:00 | 2019-04-29 00:00:00 | 2017-10-23 00:00:00 | 2025-06-02 00:00:00 | 2011-10-24 00:00:00 | 2023-03-20 00:00:00 | 2001-08-27 00:00:00 | 2021-01-25 00:00:00 | 2006-05-15 00:00:00 | 2000-06-12 00:00:00 | 2018-10-29 00:00:00
g0242	ac-03	CONTESTED		datetime.date.iso	unknown	sql_standard	0.9	datetime	0.99	timestamp	0.95	iso_datetime	1	0.9	2026-05-31 23:46:00 | 2026-05-31 23:28:00 | 2026-05-31 23:19:00 | 2026-05-31 22:55:00 | 2026-05-31 21:45:00 | 2026-05-31 21:15:00 | 2026-05-31 20:45:00 | 2026-05-31 18:41:00 | 2026-05-31 18:38:00 | 2026-05-31 18:30:00 | 2026-05-31 18:10:00 | 2026-05-31 18:00:00 | 2026-05-31 17:30:00 | 2026-05-31 16:34:00 | 2026-05-31 15:35:00 | 2026-05-31 15:29:00 | 2026-05-31 14:57:00 | 2026-05-31 14:45:00 | 2026-05-31 14:38:00 | 2026-05-31 14:34:00
g0243	ac-03	CONTESTED		datetime.date.iso	datetime.timestamp.iso_8601_micros_offset	sql_standard	0.9	datetime	0.99	timestamp	0.95	iso_datetime	1	0.9	2026-06-07 15:43:51 | 2026-06-03 15:42:40 | 2026-05-30 15:44:16 | 2026-05-24 15:42:13 | 2026-05-11 15:43:10 | 2026-06-04 15:42:26 | 2026-06-05 15:43:59 | 2026-05-30 15:43:01 | 2026-05-23 15:42:11 | 2026-05-21 15:42:40 | 2026-05-20 15:42:35 | 2026-05-18 15:42:59 | 2026-05-17 15:41:15 | 2026-05-10 15:42:06 | 2026-06-08 15:42:19 | 2026-06-01 15:40:56 | 2026-05-29 15:45:19 | 2026-05-26 15:43:06 | 2026-05-25 15:41:30 | 2026-05-14 15:41:50
g0248	ac-03	CONTESTED		datetime.date.iso	datetime.timestamp.iso_8601_millis_offset	sql_standard	0.9	datetime	0.99	timestamp	0.95	iso_datetime	1	0.9	2006-01-01 00:00:00 | 2007-01-01 00:00:00 | 2016-11-16 00:00:00 | 2010-12-06 00:00:00 | 2011-09-07 00:00:00 | 2004-07-01 00:00:00 | 2018-02-28 00:00:00 | 1992-08-01 00:00:00 | 2017-11-20 00:00:00 | 1988-07-01 00:00:00 | 2017-08-07 00:00:00 | 2017-04-12 00:00:00 | 2017-10-28 00:00:00 | 2015-10-06 00:00:00 | 2007-08-21 00:00:00 | 2025-04-02 00:00:00 | 2005-08-18 00:00:00 | 2008-08-01 00:00:00 | 2020-11-06 00:00:00 | 1995-04-17 00:00:00
g0249	ac-03	CONTESTED		datetime.date.iso	representation.identifier.alphanumeric_id	sql_standard	0.9	datetime	0.99	timestamp	0.95	iso_datetime	1	0.9	2011-05-01 00:00:00 | 2006-01-01 00:00:00 | 2015-11-23 00:00:00 | 2014-06-24 00:00:00 | 2007-01-01 00:00:00 | 2016-11-16 00:00:00 | 2015-12-01 00:00:00 | 2011-09-07 00:00:00 | 2009-02-06 00:00:00 | 2018-02-28 00:00:00 | 2017-11-20 00:00:00 | 1988-07-01 00:00:00 | 2017-08-07 00:00:00 | 2012-08-17 00:00:00 | 2017-10-28 00:00:00 | 2015-10-06 00:00:00 | 2019-03-07 00:00:00 | 2007-08-21 00:00:00 | 2025-04-02 00:00:00 | 2020-10-15 00:00:00
g0251	ac-03	CONTESTED		datetime.date.iso	unknown	sql_standard	0.9	datetime	0.99	timestamp	0.95	iso_datetime	1	0.9	2021-09-30 00:00:00 | 2021-06-18 00:00:00 | 2021-03-26 00:00:00 | 2021-04-09 00:00:00 | 2021-10-07 00:00:00 | 2021-07-29 00:00:00 | 2021-03-11 00:00:00 | 2021-01-29 00:00:00 | 2021-09-03 00:00:00 | 2021-08-20 00:00:00 | 2021-09-10 00:00:00 | 2021-02-26 00:00:00 | 2021-11-30 00:00:00 | 2021-08-04 00:00:00 | 2021-06-08 00:00:00 | 2021-04-02 00:00:00 | 2021-01-16 00:00:00 | 2021-04-23 00:00:00 | 2021-03-19 00:00:00 | 2006-03-14 00:00:00
g0253	ac-03	CONTESTED		representation.text.plain_text	geography.address.street_address	full_address	0.5	street	0.9	entity_name	0.9	entity_name	1	0.5	WOLTERTON ROAD | DANTE WAY | RIVERSIDE WALK | BROOMFIELD | TYERSAL LANE | EDINBURGH ROAD | LON FFOS-LAS | MARTIN ROAD | CARNEGIE CLOSE | STONEY LANE | MOAT LANE | HEATHLAND | CLARKSON CRESCENT | RIPLEY LINK | CRANWELL CIRCLE | SHAFTESBURY ROAD | WESTDEANE COURT | DAVIS STREET | PORTLAND ROAD | BALHAM NEW ROAD
g0000	ac-03	CONFIRM		geography.coordinate.latitude	geography.coordinate.latitude	latitude	0.95	latitude	0.95	latitude	0.95	latitude	3	0.95	48.8495362 | 48.856614 | 48.8496661 | 48.8495328 | 48.8495986 | 48.8495347 | 48.84933 | 48.8495994 | 48.8493699 | 48.8495885 | 48.8499587 | 48.8495027 | 48.8496185 | 48.8497783 | 48.8497859
g0001	ac-03	CONFIRM		geography.coordinate.latitude	geography.coordinate.latitude	latitude	0.95	latitude	0.97	latitude	0.95	latitude	3	0.96	43.0981021387567 | 43.3824595871023 | 43.3369333035916 | 42.8365011303693 | 43.1905306901665 | 42.6747593485717 | 42.789240148117 | 43.0289932066368 | 42.7752777621736
g0002	ac-03	CONFIRM		geography.coordinate.latitude	geography.coordinate.latitude	latitude	0.95	latitude	0.95	latitude	0.95	latitude	3	0.95	48.8945358 | 48.8943528 | 48.8947481 | 48.8949169 | 48.8942462 | 48.8942005 | 48.8947467 | 48.8944613 | 48.8947615 | 48.8948638 | 48.8947593 | 48.894899 | 48.8949021 | 48.8947187 | 48.8942677 | 48.8948843 | 48.894335 | 48.8950442 | 48.856614 | 48.8941663
g0003	ac-03	CONFIRM		geography.coordinate.longitude	geography.coordinate.longitude	longitude	0.95	longitude	0.97	longitude	0.95	longitude	3	0.96	-121.83333 | -121.545 | -121.73333 | -121.78667 | -121.64 | -122.05667 | -121.7667 | -121.935 | -121.745 | -121.68667 | -121.77667 | -122.15667 | -121.51261 | -121.785 | -121.82 | -122.145
g0004	ac-03	CONFIRM		representation.numeric.integer_number	finance.banking.aba_routing	amount	0.7	integer_number	0.75	integer_number	0.9	monetary_amount	2	0.82	114068000 | 116088000 | 119313000 | 114815000
g0005	ac-03	CONFIRM		representation.numeric.integer_number	representation.numeric.integer_number	amount	0.7	integer_number	0.75	integer_number	0.9	monetary_amount	2	0.82	444817000 | 234775000 | 244333000 | 300691000
g0006	ac-03	CONFIRM		geography.coordinate.longitude	geography.coordinate.longitude	longitude	0.9	longitude	0.97	longitude	0.95	longitude	3	0.94	174.749873 | 174.752513 | 174.716052 | 174.713664 | 174.71935 | 174.717331 | 174.751048 | 174.750999 | 174.756722 | 174.740063 | 174.758535 | 174.720906 | 174.732459 | 174.714893 | 174.750244 | 174.718503 | 174.730392 | 174.747119 | 174.755981 | 174.715221
g0007	ac-03	CONFIRM		representation.numeric.integer_number	representation.numeric.integer_number	integer_number	0.55	integer_number	0.7	integer_number	0.85	categorical	3	0.7	-1 | 0 | 4
g0008	ac-03	CONFIRM		representation.numeric.integer_number	representation.identifier.increment	amount	0.7	integer_number	0.75	integer_number	0.9	monetary_amount	2	0.82	6603000 | 5957000 | 7272000 | 7583000
g0009	ac-03	CONFIRM		representation.numeric.integer_number	representation.numeric.integer_number	integer_number	0.55	integer_number	0.7	integer_number	0.85	categorical	3	0.7	-1 | 0 | 3
g0010	ac-03	CONFIRM		representation.numeric.integer_number	representation.numeric.integer_number	amount	0.7	integer_number	0.8	integer_number	0.9	monetary_amount	2	0.85	231000000 | 274000000 | 237000000
g0011	ac-03	CONFIRM		representation.numeric.integer_number	representation.identifier.numeric_code	amount	0.7	integer_number	0.8	integer_number	0.95	monetary_amount	2	0.88	13426753000 | 15557112000 | 16898552000 | 15204520000
g0012	ac-03	CONFIRM		representation.numeric.decimal_number	representation.numeric.decimal_number	decimal_number	0.75	decimal_number	0.8	decimal_number	0.9	decimal_number	3	0.82	837.0211 | 306.084 | -103.6036 | 6.8751 | -11.2931 | -75.823 | -21.6639 | -179.6688 | 598.6219 | -126.7786 | -84.6577 | -16.243 | -177.8893 | -106.8434 | 273.7906 | -142.4907 | 29.9808 | -84.5287 | 44.6624 | -144.602
g0013	ac-03	CONFIRM		representation.numeric.decimal_number	representation.numeric.decimal_number	decimal_number	0.75	decimal_number	0.8	decimal_number	0.9	decimal_number	3	0.82	-93.431 | -271.1006 | -10.3822 | -138.9825 | -95.0828 | -37.6456 | -171.9451 | -67.454 | -257.869 | -92.8687 | -133.1043 | -73.4966 | -118.4537 | -41.5635 | -53.9896 | -98.4734 | -84.4259 | -12.7292 | -61.5659 | -68.7575
g0014	ac-03	CONFIRM		technology.internet.url	technology.internet.url	url	0.97	url	0.99	url	0.95	url	3	0.97	https://www.scopus.com/inward/record.uri | https://www.scopus.com/inward/record.uri | https://www.scopus.com/inward/record.uri | https://www.scopus.com/inward/record.uri | https://www.scopus.com/inward/record.uri | https://www.scopus.com/inward/record.uri | https://www.scopus.com/inward/record.uri | https://www.scopus.com/inward/record.uri | https://www.scopus.com/inward/record.uri | https://www.scopus.com/inward/record.uri
g0015	ac-03	CONFIRM		technology.internet.url	technology.internet.url	url	0.97	url	0.99	url	0.95	url	3	0.97	https://doi.org/10.1038/s41567-018-0198- | https://doi.org/10.1038/s41567-018-0127- | https://doi.org/10.1038/s41567-018-0113- | https://doi.org/10.1038/s41567-018-0230- | https://doi.org/10.1038/s41567-018-0194- | https://doi.org/10.1038/s41567-018-0115- | https://doi.org/10.1038/s41567-018-0226- | https://doi.org/10.1038/s41567-018-0187- | https://doi.org/10.1038/s41567-018-0137- | https://doi.org/10.1038/s41567-018-0111- | https://doi.org/10.1038/s41567-018-0206- | https://doi.org/10.1038/s41567-018-0185- | https://doi.org/10.1038/s41567-018-0171- | https://doi.org/10.1038/s41567-018-0220- | https://doi.org/10.1038/s41567-018-0192- | https://doi.org/10.1038/s41567-018-0093- | https://doi.org/10.1038/s41567-018-0080- | https://doi.org/10.1038/s41567-018-0126- | https://doi.org/10.1038/s41567-018-0211- | https://doi.org/10.1038/s41567-018-0222-
g0016	ac-03	CONFIRM		technology.internet.url	technology.internet.url	url	0.97	url	0.99	url	0.95	url	3	0.97	https://doi.org/10.1038/nphoton.2016.54 | https://doi.org/10.1038/nphoton.2016.36 | https://doi.org/10.1038/nphoton.2016.78 | https://doi.org/10.1038/nphoton.2016.87 | https://doi.org/10.1038/nphoton.2016.21 | https://doi.org/10.1038/nphoton.2016.86 | https://doi.org/10.1038/nphoton.2016.71 | https://doi.org/10.1038/nphoton.2016.81 | https://doi.org/10.1038/nphoton.2016.83 | https://doi.org/10.1038/nphoton.2016.62 | https://doi.org/10.1038/nphoton.2016.89 | https://doi.org/10.1038/nphoton.2016.84 | https://doi.org/10.1038/nphoton.2016.85 | https://doi.org/10.1038/nphoton.2016.82 | https://doi.org/10.1038/nphoton.2016.19 | https://doi.org/10.1038/nphoton.2016.92 | https://doi.org/10.1038/nphoton.2016.88 | https://doi.org/10.1038/nphoton.2016.50 | https://doi.org/10.1038/nphoton.2016.90
g0017	ac-03	CONFIRM		technology.internet.url	technology.internet.url	url	0.97	url	0.99	url	0.95	url	3	0.97	https://www.facebook.com/time/videos/101 | http://ti.me/2oMyjfd | http://ti.me/2pyF9ZS | http://ti.me/2pwiEET | https://www.facebook.com/time/videos/153 | http://ti.me/2ouRSZj | http://ti.me/2pMz3BR | http://ti.me/2owARxT | http://ti.me/2pNoyBd | https://www.facebook.com/time/videos/101 | https://www.facebook.com/time/photos/a.1 | https://www.facebook.com/time/videos/103 | https://www.facebook.com/time/videos/102 | http://ti.me/2ptYBpS | http://ti.me/2oDCYUL | http://ti.me/2oyYhqC | http://ti.me/2ovGcJY | http://ti.me/2oF2gh7 | http://ti.me/2pVEK3m | http://ti.me/2q43cME
g0018	ac-03	CONFIRM		technology.internet.url	technology.internet.url	url	0.97	url	0.99	url	0.95	url	3	0.97	https://www.eventbrite.co.uk/e/becoming- | https://www.eventbrite.co.uk/e/the-data- | https://www.eventbrite.co.uk/e/keboola-d | https://www.eventbrite.co.uk/e/keboola-d | https://www.eventbrite.co.uk/e/data-fest | https://www.eventbrite.co.uk/e/nlp-how-t | https://www.eventbrite.co.uk/e/are-you-u | https://www.eventbrite.co.uk/e/conversio | https://www.eventbrite.co.uk/e/how-to-be | https://www.eventbrite.co.uk/e/data-tool | https://www.eventbrite.co.uk/e/how-to-be | https://www.eventbrite.co.uk/e/datagirls | https://www.eventbrite.co.uk/e/datagirls | https://www.eventbrite.co.uk/e/keboola-d
g0019	ac-03	CONFIRM		technology.internet.url	technology.internet.url	url	0.97	url	0.99	url	0.9	url	3	0.95	https://medrxiv.org/cgi/content/short/20 | https://doi.org/10.1016/j.jad.2021.04.05 | https://doi.org/10.1016/j.jsat.2021.1084 | https://doi.org/10.1016/j.micpath.2021.1 | https://doi.org/10.1111/jocn.15863 | https://doi.org/10.1038/s41398-021-01426 | https://doi.org/10.1136/bmjopen-2020-044 | https://doi.org/10.1038/s41398-021-01410 | https://doi.org/10.2196/27280 | https://doi.org/10.9778/cmajo.20210008 | https://doi.org/10.1016/j.psychres.2021. | https://doi.org/10.1002/1348-9585.12227 | https://doi.org/10.1111/inm.12883 | https://doi.org/10.1097/NCM.000000000000 | https://share.osf.io/preprint/46084-968-
g0020	ac-03	CONFIRM		technology.internet.url	technology.internet.url	url	0.97	url	0.99	url	0.95	url	3	0.97	https://southbucks.gov.uk/planning/cores | https://www.wycombe.gov.uk/uploads/publi | https://chiltern.gov.uk/planning/chalfon | https://www.aylesburyvaledc.gov.uk/sites | https://www.aylesburyvaledc.gov.uk/sites | https://chiltern.gov.uk/planning/chalfon | https://www.aylesburyvaledc.gov.uk/sites | https://www.aylesburyvaledc.gov.uk/sites | https://www.aylesburyvaledc.gov.uk/sites | https://www.aylesburyvaledc.gov.uk/sites | https://www.aylesburyvaledc.gov.uk/sites | https://www.buckscc.gov.uk/media/4514370 | https://www.aylesburyvaledc.gov.uk/sites | https://www.aylesburyvaledc.gov.uk/sites | https://www.wycombe.gov.uk/uploads/publi | https://www.wycombe.gov.uk/uploads/publi | https://www.aylesburyvaledc.gov.uk/sites | https://www.wycombe.gov.uk/uploads/publi | https://www.aylesburyvaledc.gov.uk/sites | https://www.wycombe.gov.uk/uploads/publi
g0021	ac-03	CONFIRM		technology.internet.url	technology.internet.url	url	0.97	url	0.99	url	0.95	url	3	0.97	https://doi.org/10.31662/jmaj.2021-0039 | https://doi.org/10.1017/S109285292000133 | https://doi.org/10.3889/oamjms.2021.5841 | https://doi.org/10.1007/s10943-021-01391 | https://doi.org/10.1007/s13178-021-00633 | https://doi.org/10.1016/j.ufug.2021.1272 | https://doi.org/10.1016/j.ajem.2021.08.0 | https://doi.org/10.3389/fpsyt.2021.70830 | https://doi.org/10.1109/JBHI.2021.310634 | https://doi.org/10.1136/bmjopen-2021-053 | https://medrxiv.org/cgi/content/short/20 | https://doi.org/10.1016/S2213-2600(21)00 | https://doi.org/10.1371/journal.pone.025 | https://doi.org/10.1007/s11469-021-00596 | https://doi.org/10.1109/UR52253.2021.949 | https://doi.org/10.1177/1524839921103331 | https://doi.org/10.7759/cureus.16420 | https://doi.org/10.1016/j.jadohealth.202 | https://doi.org/10.3390/ijerph18168485 | https://doi.org/10.1177/1533317521103908
g0022	ac-03	CONFIRM		technology.internet.url	technology.internet.url	url	0.97	url	0.99	url	0.95	url	3	0.97	https://doi.org/10.1038/nphys566 | https://doi.org/10.1038/nphys549 | https://doi.org/10.1038/nphys578 | https://doi.org/10.1038/nphys573 | https://doi.org/10.1038/nphys591 | https://doi.org/10.1038/nphys579 | https://doi.org/10.1038/nphys581 | https://doi.org/10.1038/nphys580 | https://doi.org/10.1038/nphys592 | https://doi.org/10.1038/nphys590 | https://doi.org/10.1038/nphys593 | https://doi.org/10.1038/nphys585 | https://doi.org/10.1038/nphys594 | https://doi.org/10.1038/nphys587 | https://doi.org/10.1038/nphys589
g0023	ac-03	CONFIRM		technology.internet.url	technology.internet.url	url	0.97	url	0.99	url	0.95	url	3	0.97	https://www.scopus.com/inward/record.uri | https://www.scopus.com/inward/record.uri | https://www.scopus.com/inward/record.uri | https://www.scopus.com/inward/record.uri | https://www.scopus.com/inward/record.uri | https://www.scopus.com/inward/record.uri | https://www.scopus.com/inward/record.uri | https://www.scopus.com/inward/record.uri | https://www.scopus.com/inward/record.uri | https://www.scopus.com/inward/record.uri | https://www.scopus.com/inward/record.uri | https://www.scopus.com/inward/record.uri
g0024	ac-03	CONFIRM		technology.internet.url	technology.internet.url	url	0.97	url	0.99	url	0.95	url	3	0.97	https://doi.org/10.1038/s41565-019-0570- | https://doi.org/10.1038/s41565-019-0591- | https://doi.org/10.1038/s41565-019-0573- | https://doi.org/10.1038/s41565-019-0581- | https://doi.org/10.1038/s41565-019-0579- | https://doi.org/10.1038/s41565-019-0568- | https://doi.org/10.1038/s41565-019-0590- | https://doi.org/10.1038/s41565-019-0597- | https://doi.org/10.1038/s41565-019-0592-
g0025	ac-03	CONFIRM		technology.internet.url	technology.internet.url	url	0.95	url	0.99	url	0.95	url	3	0.96	https://www.harp.lg.jp/opendata/dataset/ | https://www.pref.fukui.lg.jp/doc/toukei- | https://github.com/codeforosaka/covid19 | http://www.pref.fukushima.lg.jp/w4/covid | https://catalog.data.metro.tokyo.lg.jp/o | https://opendata.pref.shizuoka.jp/datase | https://yamaguchi-opendata.jp/ckan/datas | http://open-data.pref.hyogo.lg.jp/?page_ | https://www.pref.wakayama.lg.jp/prefg/04 | https://www.open-governmentdata.org/fuku | https://github.com/civictechzenchiba/cov | https://www.pref.kumamoto.jp/kiji_22038. | https://github.com/bpr-gunma/covid19 | https://www.pref.nagano.lg.jp/hoken-ship | https://data.gifu-opendata.pref.gifu.lg.
g0027	ac-03	CONFIRM		representation.numeric.integer_number	representation.numeric.integer_number	integer_number	0.85	integer_number	0.85	integer_number	0.95	integer_number	3	0.88	0 | 31 | 135 | 37 | 18 | 1 | 3 | 69 | 6
g0028	ac-03	CONFIRM		representation.numeric.integer_number	representation.numeric.integer_number	integer_number	0.85	integer_number	0.85	integer_number	0.95	integer_number	3	0.88	0 | 2 | 8 | 77 | 3 | 6
g0029	ac-03	CONFIRM		representation.numeric.integer_number	representation.numeric.integer_number	integer_number	0.85	integer_number	0.85	integer_number	0.95	integer_number	3	0.88	0 | 14 | 5 | 30 | 1
g0030	ac-03	CONFIRM		representation.numeric.integer_number	representation.boolean.binary	integer_number	0.85	integer_number	0.85	integer_number	0.95	integer_number	3	0.88	0 | 8 | 66 | 1 | 49 | 10 | 4
g0031	ac-03	CONFIRM		representation.numeric.integer_number	representation.numeric.integer_number	integer_number	0.85	integer_number	0.85	integer_number	0.95	integer_number	3	0.88	0 | 2 | 1 | 6 | 27 | 4
g0032	ac-03	CONFIRM		representation.numeric.integer_number	representation.numeric.integer_number	integer_number	0.85	integer_number	0.85	integer_number	0.95	integer_number	3	0.88	0 | 28 | 2 | 1 | 33 | 6
g0033	ac-03	CONFIRM		representation.numeric.integer_number	representation.numeric.integer_number	integer_number	0.85	integer_number	0.85	integer_number	0.95	integer_number	3	0.88	0 | 5 | 37 | 8 | 1 | 20 | 4
g0034	ac-03	CONFIRM		representation.numeric.integer_number	representation.numeric.integer_number	integer_number	0.8	integer_number	0.85	integer_number	0.95	integer_number	3	0.87	0 | 7 | 38
g0035	ac-03	CONFIRM		representation.numeric.integer_number	representation.numeric.integer_number	integer_number	0.85	integer_number	0.85	integer_number	0.95	integer_number	3	0.88	162 | 5 | 2 | 88 | 71 | 0 | 11 | 16 | 3 | 6 | 1 | 13
g0036	ac-03	CONFIRM		representation.numeric.integer_number	representation.boolean.binary	integer_number	0.6	integer_number	0.75	integer_number	0.9	integer_number	3	0.75	0 | 2 | 7 | 1 | 17 | 3
g0037	ac-03	CONFIRM		representation.numeric.integer_number	representation.boolean.binary	integer_number	0.6	integer_number	0.75	integer_number	0.9	integer_number	3	0.75	17 | 0 | 1 | 7 | 3 | 2
g0039	ac-03	CONFIRM		representation.numeric.integer_number	representation.numeric.integer_number	integer_number	0.55	integer_number	0.7	categorical	0.85	integer_number	2	0.62	0 | 15 | 16 | 11 | 5 | 17 | 14 | 9 | 8 | 7 | 13 | 19 | 4 | 2 | 18 | 10 | 1 | 12 | 3 | 6
g0040	ac-03	CONFIRM		representation.numeric.integer_number	representation.numeric.integer_number	integer_number	0.55	integer_number	0.65	categorical	0.85	integer_number	2	0.6	0 | 16 | 5 | 9 | 14 | 8 | 7 | 1 | 2 | 34 | 4 | 6 | 3
g0041	ac-03	CONFIRM		representation.numeric.integer_number	representation.numeric.integer_number	integer_number	0.55	integer_number	0.65	categorical	0.85	integer_number	2	0.6	0 | 16 | 2 | 34 | 5 | 9 | 14 | 8 | 7 | 1 | 4 | 6 | 3
g0043	ac-03	CONFIRM		representation.numeric.integer_number	representation.boolean.binary	integer_number	0.6	integer_number	0.7	categorical	0.85	integer_number	2	0.65	0 | 17 | 7 | 2 | 1 | 3
g0044	ac-03	CONFIRM		representation.numeric.integer_number	representation.numeric.integer_number	integer_number	0.55	integer_number	0.65	categorical	0.85	integer_number	2	0.6	0 | 16 | 5 | 9 | 14 | 2 | 34 | 1 | 4 | 8 | 7 | 6 | 3
g0045	ac-03	CONFIRM		representation.numeric.integer_number	representation.numeric.integer_number	integer_number	0.6	integer_number	0.7	categorical	0.85	integer_number	2	0.65	0 | 18 | 2 | 4 | 7 | 19 | 6 | 1
g0046	ac-03	CONFIRM		representation.numeric.integer_number	representation.numeric.integer_number	integer_number	0.65	integer_number	0.7	categorical	0.9	integer_number	2	0.68	0 | 2 | 1 | 8 | 6 | 12 | 4
g0047	ac-03	CONFIRM		representation.numeric.integer_number	representation.boolean.binary	integer_number	0.85	integer_number	0.85	integer_number	0.85	integer_number	3	0.85	0 | 15 | 11 | 91 | 26 | 22 | 32 | 16 | 5 | 37 | 139 | 192 | 1261 | 81397 | 1 | 33 | 78166 | 4 | 40 | 27
g0048	ac-03	CONFIRM		representation.numeric.integer_number	representation.numeric.integer_number	integer_number	0.6	integer_number	0.7	categorical	0.9	integer_number	2	0.65	0 | 35 | 2 | 1 | 3 | 6
g0049	ac-03	CONFIRM		representation.numeric.integer_number	representation.numeric.integer_number	integer_number	0.6	integer_number	0.75	categorical	0.85	integer_number	2	0.68	55 | 0 | 50 | 1
g0050	ac-03	CONFIRM		representation.numeric.integer_number	representation.numeric.integer_number	integer_number	0.55	integer_number	0.65	categorical	0.85	integer_number	2	0.6	0 | 16 | 8 | 7 | 1 | 4 | 6 | 3 | 5 | 9 | 14 | 2 | 34
g0051	ac-03	CONFIRM		representation.numeric.integer_number	representation.numeric.integer_number	amount	0.65	integer_number	0.8	integer_number	0.9	monetary_amount	2	0.85	0 | 22775000 | 914445000 | 759950000 | 33625000 | 416755000 | 316250000 | 82800000 | 25200000 | 50300000 | 744515000 | 292650000 | 40660000 | 64400000 | 67200000 | 825000000
g0052	ac-03	CONFIRM		representation.numeric.integer_number	representation.numeric.integer_number	integer_number	0.8	integer_number	0.75	categorical	0.8	integer_number	2	0.78	0 | 15 | 16 | 11 | 26 | 22 | 5 | 14 | 9 | 54 | 17 | 50 | 1 | 2 | 10 | 28 | 4 | 3 | 6 | 7
g0053	ac-03	CONFIRM		representation.numeric.integer_number	representation.numeric.integer_number	integer_number	0.6	integer_number	0.75	categorical	0.85	integer_number	2	0.68	0 | 365 | 361 | 4
g0054	ac-03	CONFIRM		representation.numeric.integer_number	representation.numeric.integer_number	integer_number	0.75	integer_number	0.8	categorical	0.8	integer_number	2	0.78	0 | 11 | 8 | 5 | 17 | 9 | 1 | 2 | 28 | 49 | 50 | 3 | 38 | 6 | 4
g0056	ac-03	CONFIRM		representation.numeric.integer_number	representation.numeric.integer_number	integer_number	0.6	integer_number	0.7	categorical	0.85	integer_number	2	0.65	0 | 18 | 2 | 1 | 4 | 7 | 19 | 6
g0057	ac-03	CONFIRM		representation.numeric.integer_number	representation.numeric.integer_number	integer_number	0.8	integer_number	0.75	integer_number	0.9	integer_number	3	0.82	0 | 15 | 16 | 22 | 11 | 30 | 17 | 9 | 19 | 8 | 21 | 18 | 10 | 12 | 36
g0058	ac-03	CONFIRM		representation.numeric.integer_number	representation.numeric.integer_number	integer_number	0.75	integer_number	0.75	integer_number	0.95	integer_number	3	0.82	62 | 5 | 8 | 10 | 72 | 4 | 0
g0059	ac-03	CONFIRM		geography.location.country_code	geography.location.country_code	country_code	0.95	country_code	0.99	country_code	0.95	country_code	3	0.96	JP | BR | ES | SG | ZA | FR | IT | RU | MX | AU | HK | TW | IE | AE | TH | IN | CN | US | CH | IL
g0066	ac-03	CONFIRM		representation.identifier.alphanumeric_id	representation.identifier.alphanumeric_id	alphanumeric_id	0.85	alphanumeric_id	0.95	alphanumeric_id	0.95	alphanumeric_id	3	0.92	wfo-0001083709 | wfo-0001042952 | wfo-0001083699 | wfo-0001083701 | wfo-0001083703 | wfo-4000018409 | wfo-0000725796 | wfo-0001083707 | wfo-0001083702 | wfo-0001083706
g0068	ac-03	CONFIRM		representation.identifier.alphanumeric_id	representation.identifier.alphanumeric_id	alphanumeric_id	0.85	alphanumeric_id	0.95	alphanumeric_id	0.95	alphanumeric_id	3	0.92	msg50490982 | msg50267581 | msg48838753 | msg49031699 | msg49198262 | msg47590094 | msg47682996 | msg47961742 | msg48251618 | msg47495627 | msg49354214 | msg49570787 | msg50131793 | msg48655903 | msg48900692 | msg49045840 | msg49139396 | msg49296295 | msg47717490 | msg47433017
g0069	ac-03	CONFIRM		representation.identifier.alphanumeric_id	unknown	alphanumeric_id	0.75	alphanumeric_id	0.9	alphanumeric_id	0.9	alphanumeric_id	3	0.85	131795-2 | 69732-1 | 774083-1 | 442514-1 | 69733-1 | 131797-2 | 325225-1
g0070	ac-03	CONFIRM		datetime.component.year	datetime.component.year	year	0.85	year	0.9	integer_number	0.95	year	2	0.88	1997 | 2004 | 2005
g0071	ac-03	CONFIRM		datetime.component.year	datetime.component.year	year	0.85	year	0.9	integer_number	0.95	year	2	0.88	1942 | 1968 | 1983 | 1978
g0080	ac-03	CONFIRM		datetime.epoch.unix_seconds	datetime.epoch.unix_seconds	unix_seconds	0.85	unix_seconds	0.9	unix_timestamp	0.95	epoch_seconds	2	0.88	1471606794 | 1405381123 | 1398295459 | 1398294511 | 1395404552 | 1395361889 | 1471611089 | 1471606765 | 1400290289 | 1396313214 | 1396312228 | 1395404636 | 1471607417 | 1398156914 | 1396360629 | 1396348716 | 1395404754 | 1405380889 | 1398294439 | 1396312885
g0085	ac-03	CONFIRM		identity.commerce.isbn	identity.commerce.isbn	isbn	0.95	isbn	0.99	isbn	0.98	isbn	3	0.97	9781421526768 | 9781421519104 | 9781421531359 | 9781421526003 | 9781421524726 | 9781421525686 | 9781427815798 | 9781427808271 | 9781421527642 | 9781427815934
g0086	ac-03	CONFIRM		identity.commerce.isbn	identity.commerce.isbn	isbn	0.95	isbn	0.99	isbn	0.98	isbn	3	0.97	9780679760801 | 9781786691378 | 9780590353427 | 9780747551003 | 9780747546245 | 9781933372600
g0087	ac-03	CONFIRM		identity.commerce.isbn	identity.commerce.isbn	isbn	0.95	isbn	0.99	isbn	0.98	isbn	3	0.97	978-1-4673-2312-3 | 978-1-4799-6929-6 | 978-1-5386-2671-9 | 978-0-7695-4439-7 | 978-0-7695-3383-4 | 978-1-4673-6564-2 | 978-1-7281-3925-8 | 978-1-7281-0872-8 | 978-1-5090-6471-7 | 978-1-4503-5663-3 | 978-1-5386-1449-5 | 978-0-7695-4670-4 | 978-1-4673-4529-3 | 978-1-4799-8676-7 | 978-1-4244-5540-9 | 978-1-4577-0687-5 | 978-1-7281-3018-7 | 978-1-5090-6734-3 | 978-1-4799-8547-0 | 978-1-5090-2612-8
g0088	ac-03	CONFIRM		identity.commerce.isbn	identity.medical.npi	isbn	0.9	isbn	0.95	isbn	0.95	isbn	3	0.93	031618201X | 1421541777 | 0316071129 | 1935654357 | 1421541521 | 1421542803 | 1612620272 | None | 1421541025
g0089	ac-03	CONFIRM		identity.commerce.isbn	identity.commerce.isbn	isbn	0.95	isbn	0.99	isbn	0.98	isbn	3	0.97	9780345510303 | 9781421536903 | 9780345485908 | 9782923563190 | 9781421531342 | 9781421529295 | 9781421528434 | 9781421528410 | 9782921548649 | 9781439576144
g0090	ac-03	CONFIRM		identity.commerce.isbn	identity.medical.npi	isbn	0.9	isbn	0.95	isbn	0.95	isbn	3	0.93	1612620248 | 0316250945 | 1612622593 | 1421552434 | 1421552485 | 0316250929 | 1612620078 | None | 1937867250 | 1612620957
g0091	ac-03	CONFIRM		identity.commerce.isbn	identity.commerce.isbn	isbn	0.95	isbn	0.99	isbn	0.98	isbn	3	0.97	9780316244299 | 9781612620077 | 9781421552439 | 9780316250948 | 9781937867256 | 9781612620954 | 9780316250924 | 9781421552484 | 9781612620244 | 9781612622590
g0092	ac-03	CONFIRM		identity.commerce.isbn	identity.commerce.isbn	isbn	0.9	isbn	0.95	isbn	0.95	isbn	3	0.93	1427808279 | 1421519100 | 0345510240 | 142152676X | 1421531356 | 142152600X | 1427815933 | 1421525682 | 1421527642 | 0345512421
g0093	ac-03	CONFIRM		identity.commerce.isbn	identity.commerce.isbn	isbn	0.95	isbn	0.99	isbn	0.98	isbn	3	0.97	9780759529687 | 9781421532257 | 9781421530734 | 9781421523552 | 9781421532325 | 9781427816269 | 9781421523873 | 9781421533049 | 9781421530079 | 9781421528441
g0094	ac-03	CONFIRM		identity.commerce.isbn	identity.commerce.isbn	isbn	0.95	isbn	0.99	isbn	0.98	isbn	3	0.97	9780061688676 | 9781427816870 | 9781421531373 | 9781421527680 | 9780345521590 | 9781421534749 | 9781421535135 | 9781421535432 | 9781421532707 | 9781421536309
g0095	ac-03	CONFIRM		identity.commerce.isbn	identity.commerce.isbn	isbn	0.95	isbn	0.99	isbn	0.98	isbn	3	0.97	978-1-7281-0369-3 | 978-1-7281-0234-4 | 978-1-5386-6420-9 | 978-1-4244-1115-3 | 978-1-4244-3803-7 | 978-1-4577-1787-1 | 978-1-7281-4540-2 | 978-1-4244-9637-2 | 978-1-4799-3128-6 | 978-1-4673-6358-7
g0096	ac-03	CONFIRM		identity.commerce.isbn	identity.commerce.isbn	isbn	0.9	isbn	0.99	isbn	0.98	isbn	3	0.96	978-0470685952 | 978-0060753672 | 978-0066620992 | 978-0300188226 | 978-0307407160 | 978-0393337648 | 978-0578096650 | 978-0691115276 | 978-0735611313 | 978-1455509126 | 978-1591845829 | 978-1591848264 | 978-1594039898 | 978-1904915379 | 978-0061723766 | 978-0812968255 | 978-0385542760 | 978-0393355475 | 978-0609809648 | 978-0615303765
g0097	ac-03	CONFIRM		identity.commerce.isbn	identity.commerce.isbn	isbn	0.9	isbn	0.95	isbn	0.95	isbn	3	0.93	978-1-7281-2999-0 | 978-1-5386-4283-2 | 978-0-7695-3325-4 | 978-1-5090-4731-4 | 978-1-4673-1666-8 | 978-1-4799-0774-8 | 978-1-7281-9186-7 | 978-1-7281-9231-4 | 978-1-4673-4662-7 | 978-1-4244-5861-5 | 0-7803-8439-3 | 978-1-5386-5896-3 | 0-7803-7222-0 | 978-1-7281-1935-9 | 978-0-7695-4445-8 | 0-7803-5841-4 | 978-1-5386-4328-0 | 978-1-4244-3943-0 | 978-1-4799-9967-5 | 978-1-4244-6551-4
g0098	ac-03	CONFIRM		identity.commerce.isbn	identity.medical.npi	isbn	0.9	isbn	0.95	isbn	0.95	isbn	3	0.93	1612620248 | 0316250945 | 1612622593 | 1421552434 | 1421552485 | 0316250929 | 1612620078 | None | 1937867250 | 1612620957
g0099	ac-03	CONFIRM		identity.commerce.isbn	identity.commerce.isbn	isbn	0.95	isbn	0.99	isbn	0.98	isbn	3	0.97	978-1-7281-0369-3 | 978-1-5386-6420-9 | 978-1-4244-1115-3 | 978-1-7281-0234-4 | 978-1-7281-4540-2 | 978-1-4244-9637-2 | 978-1-4799-3128-6 | 978-1-4244-3803-7 | 978-1-4577-1787-1 | 978-1-4673-6358-7
g0100	ac-03	CONFIRM		identity.commerce.isbn	identity.commerce.isbn	isbn	0.95	isbn	0.99	isbn	0.98	isbn	3	0.97	978-1-4673-4529-3 | 978-1-4799-8676-7 | 978-1-4244-5540-9 | 978-1-4577-0687-5 | 978-1-7281-3018-7 | 978-1-4673-2312-3 | 978-1-4799-6929-6 | 978-1-5090-6734-3 | 978-1-4799-8547-0 | 978-1-5386-2671-9 | 978-1-7281-3925-8 | 978-1-7281-0872-8 | 978-1-5090-6471-7 | 978-1-4503-5663-3 | 978-1-5090-2612-8 | 978-0-7695-4439-7 | 978-0-7695-3383-4 | 978-1-4673-6564-2 | 978-1-5386-1449-5 | 978-0-7695-4670-4
g0101	ac-03	CONFIRM		identity.commerce.isbn	identity.commerce.isbn	isbn	0.8	isbn	0.9	isbn	0.95	isbn	3	0.88	0470685956 | 0062076256 | 006236250X | 0393337642 | 0399184481 | 0471446912 | 0553418831 | 0679424733 | 0679720227 | 0691115273 | 0691160538 | 0735611319 | 0743299795 | 0787956317 | 0997560304 | 1101903201 | 1524758868 | 1583335307 | 1594039895 | 1933771712
g0105	ac-03	CONFIRM		representation.identifier.alphanumeric_id	representation.identifier.alphanumeric_id	alphanumeric_id	0.85	alphanumeric_id	0.95	alphanumeric_id	0.95	alphanumeric_id	3	0.92	wfo-0000159601 | wfo-4000015805 | wfo-0000159600 | wfo-0000159602
g0106	ac-03	CONFIRM		representation.numeric.integer_number	representation.numeric.integer_number	amount	0.75	integer_number	0.8	integer_number	0.9	monetary_amount	2	0.85	-1617000000 | 7786000000 | 3362000000 | 1041000000
g0110	ac-03	CONFIRM		representation.identifier.alphanumeric_id	representation.identifier.alphanumeric_id	alphanumeric_id	0.85	alphanumeric_id	0.95	alphanumeric_id	0.95	alphanumeric_id	3	0.92	wfo-0000903200 | wfo-4000036852 | wfo-0000903198 | wfo-0000903199 | wfo-0000903201
g0111	ac-03	CONFIRM		representation.numeric.integer_number	representation.numeric.integer_number	amount	0.75	integer_number	0.8	integer_number	0.9	monetary_amount	2	0.85	7636000000 | 7572000000 | 7586000000 | 7736000000
g0112	ac-03	CONFIRM		geography.address.postal_code	geography.address.postal_code	postal_code	0.9	postal_code	0.95	zipcode	0.95	postal_code	2	0.93	73120-5133 | 74107-2201 | 73102-2434 | 73023 | 73107 | 73109-6712 | 74554-0066 | 73449-5020 | 74107- | 73110-3333 | 73069-8224 | 74361 | 73106-7642 | 74601 | 73013-1991 | 73069 | 74012-4026 | 74120-3222 | 73003-6250 | 74133
g0113	ac-03	CONFIRM		representation.numeric.integer_number	representation.numeric.integer_number	integer_number	0.6	integer_number	0.7	integer_number	0.9	integer_number	3	0.73	5308 | 5315 | 5288 | 5301 | 5285 | 5321 | 5318 | 5320 | 5300 | 5281 | 5305 | 5317 | 5278 | 5319 | 5296 | 5322 | 5304 | 5316 | 5311 | 5295
g0114	ac-03	CONFIRM		representation.numeric.integer_number	representation.numeric.integer_number	integer_number	0.5	integer_number	0.65	integer_number	0.85	integer_number	3	0.67	3039 | 3479 | 7419 | 7106 | 5237 | 5377 | 1004 | 4079 | 3405 | 3311 | 7451 | 9019 | 3042 | 1516 | 5394 | 6063 | 7065 | 7402 | 8179 | 7124
g0115	ac-03	CONFIRM		representation.numeric.integer_number	representation.numeric.integer_number	integer_number	0.7	integer_number	0.8	integer_number	0.9	integer_number	3	0.8	406 | 5 | 225 | 184 | 360 | 363 | 306 | 317 | 264 | 356 | 243 | 311 | 36 | 392 | 312 | 60 | 398 | 315 | 259 | 343
g0116	ac-03	CONFIRM		representation.numeric.integer_number	representation.numeric.integer_number	amount	0.75	integer_number	0.8	integer_number	0.95	monetary_amount	2	0.88	-160853000 | -16724000 | -14638000 | -23289000
g0117	ac-03	CONFIRM		representation.numeric.decimal_number	representation.numeric.decimal_number	amount	0.7	decimal_number	0.9	decimal_number	0.9	monetary_amount	2	0.9	-270269883.0 | -2156893988.0 | 2701751944.0 | 396458184.0
g0118	ac-03	CONFIRM		representation.numeric.integer_number	representation.numeric.integer_number	amount	0.75	integer_number	0.8	integer_number	0.95	monetary_amount	2	0.88	185000000 | 1001000000 | 795000000 | 286000000
g0119	ac-03	CONFIRM		representation.numeric.integer_number	representation.numeric.integer_number	integer_number	0.85	integer_number	0.85	integer_number	0.95	integer_number	3	0.88	35 | 30 | 5 | 54 | 17 | 2 | 28 | 108 | 19 | 13 | 7 | 8 | 1 | 3 | 6 | 69 | 41 | 20 | 12 | 0
g0120	ac-03	CONFIRM		representation.numeric.integer_number	representation.numeric.integer_number	amount	0.75	integer_number	0.8	integer_number	0.95	monetary_amount	2	0.88	-89937000 | -43693000 | -40436000 | -40166000
g0121	ac-03	CONFIRM		representation.numeric.integer_number	representation.numeric.integer_number	amount	0.75	integer_number	0.8	integer_number	0.9	monetary_amount	2	0.85	-644000000 | 257000000 | 261000000 | -129000000
g0122	ac-03	CONFIRM		representation.numeric.integer_number	representation.numeric.integer_number	amount	0.75	integer_number	0.8	integer_number	0.95	monetary_amount	2	0.88	-21336000 | -13395000 | -19672000 | -14824000
g0123	ac-03	CONFIRM		representation.numeric.integer_number	representation.numeric.integer_number	amount	0.75	integer_number	0.8	integer_number	0.95	monetary_amount	2	0.88	-75000000 | -68000000 | -74000000 | -73000000
g0124	ac-03	CONFIRM		representation.numeric.integer_number	representation.numeric.integer_number	amount	0.75	integer_number	0.8	integer_number	0.95	monetary_amount	2	0.88	-13224000 | -6038000 | -12311000 | -8717000
g0125	ac-03	CONFIRM		representation.numeric.integer_number	representation.numeric.integer_number	amount	0.75	integer_number	0.8	integer_number	0.95	monetary_amount	2	0.88	-59000000 | -45888000 | -48854000 | -54200000
g0126	ac-03	CONFIRM		representation.numeric.integer_number	representation.numeric.integer_number	amount	0.6	integer_number	0.8	integer_number	0.9	monetary_amount	2	0.85	264280 | 2865532 | 366829
g0127	ac-03	CONFIRM		representation.numeric.integer_number	representation.numeric.integer_number	amount	0.7	integer_number	0.8	integer_number	0.9	monetary_amount	2	0.85	8118000 | 9481000 | 8281000
g0128	ac-03	CONFIRM		representation.numeric.integer_number	representation.numeric.integer_number	amount	0.75	integer_number	0.8	integer_number	0.95	monetary_amount	2	0.88	2381000000 | 2711000000 | 2454000000 | 2887000000
g0129	ac-03	CONFIRM		representation.numeric.integer_number	representation.numeric.integer_number	amount	0.75	integer_number	0.8	integer_number	0.95	monetary_amount	2	0.88	2882000000 | 3218000000 | 3019000000 | 3125000000
g0130	ac-03	CONFIRM		representation.numeric.integer_number	representation.numeric.integer_number	amount	0.75	integer_number	0.8	integer_number	0.95	monetary_amount	2	0.88	2119019000 | 2429910000 | 2784107000 | 2308015000
g0131	ac-03	CONFIRM		technology.internet.url	technology.internet.url	url	0.95	url	0.99	url	0.95	url	3	0.96	https://a0.muscache.com/im/pictures/2bdf | https://a0.muscache.com/im/pictures/user | https://a0.muscache.com/im/pictures/39a3 | https://a0.muscache.com/im/users/9815788
g0132	ac-03	CONFIRM		technology.internet.url	technology.internet.url	url	0.95	url	0.99	url	0.95	url	3	0.96	https://a0.muscache.com/im/pictures/2bdf | https://a0.muscache.com/im/users/9815788 | https://a0.muscache.com/im/pictures/39a3 | https://a0.muscache.com/im/pictures/user
g0133	ac-03	CONFIRM		technology.internet.url	technology.internet.url	url	0.95	url	0.99	url	0.95	url	3	0.96	https://a0.muscache.com/im/pictures/2bdf | https://a0.muscache.com/im/pictures/user | https://a0.muscache.com/im/users/9815788 | https://a0.muscache.com/im/pictures/39a3
g0134	ac-03	CONFIRM		technology.internet.url	technology.internet.url	url	0.95	url	0.99	url	0.95	url	3	0.96	https://a0.muscache.com/im/pictures/2bdf | https://a0.muscache.com/im/users/9815788 | https://a0.muscache.com/im/pictures/user | https://a0.muscache.com/im/pictures/39a3
g0135	ac-03	CONFIRM		technology.internet.url	technology.internet.url	url	0.95	url	0.99	url	0.95	url	3	0.96	https://a0.muscache.com/im/pictures/2bdf | https://a0.muscache.com/im/users/9815788 | https://a0.muscache.com/im/pictures/user | https://a0.muscache.com/im/pictures/39a3
g0136	ac-03	CONFIRM		technology.internet.url	technology.internet.url	url	0.95	url	0.99	url	0.95	url	3	0.96	https://i.ytimg.com/vi/1ZAPwfrtAFY/defau | https://i.ytimg.com/vi/puqaWrEC7tY/defau | https://i.ytimg.com/vi/d380meD0W0M/defau | https://i.ytimg.com/vi/2kyS6SvSYSE/defau | https://i.ytimg.com/vi/5qpjK5DgCt4/defau
g0141	ac-03	CONFIRM		representation.numeric.integer_number	representation.numeric.integer_number	integer_number	0.85	integer_number	0.85	integer_number	0.95	integer_number	3	0.88	0 | 5 | 1 | 2 | 23
g0143	ac-03	CONFIRM		representation.numeric.integer_number	representation.numeric.integer_number	integer_number	0.8	integer_number	0.85	integer_number	0.95	integer_number	3	0.87	0 | 173 | 1
g0144	ac-03	CONFIRM		representation.numeric.integer_number	representation.numeric.integer_number	integer_number	0.85	integer_number	0.85	integer_number	0.95	integer_number	3	0.88	0 | 22 | 11 | 1 | 65
g0145	ac-03	CONFIRM		representation.numeric.integer_number	representation.numeric.integer_number	integer_number	0.85	integer_number	0.85	integer_number	0.95	integer_number	3	0.88	0 | 11 | 2 | 1 | 25 | 3 | 51 | 4
g0146	ac-03	CONFIRM		representation.numeric.integer_number	representation.numeric.integer_number	integer_number	0.85	integer_number	0.85	integer_number	0.95	integer_number	3	0.88	0 | 15 | 1 | 4
g0147	ac-03	CONFIRM		representation.numeric.integer_number	representation.numeric.integer_number	integer_number	0.85	integer_number	0.85	integer_number	0.95	integer_number	3	0.88	0 | 55 | 5 | 19 | 1
g0148	ac-03	CONFIRM		representation.numeric.integer_number	representation.numeric.integer_number	integer_number	0.7	integer_number	0.8	integer_number	0.95	integer_number	3	0.82	5 | 0 | 2 | 1
g0149	ac-03	CONFIRM		representation.numeric.integer_number	representation.numeric.integer_number	integer_number	0.85	integer_number	0.85	integer_number	0.95	integer_number	3	0.88	0 | 2 | 21 | 1 | 4 | 262 | 3
g0150	ac-03	CONFIRM		representation.numeric.integer_number	representation.numeric.integer_number	integer_number	0.85	integer_number	0.85	integer_number	0.95	integer_number	3	0.88	0 | 32 | 7 | 3 | 1
g0151	ac-03	CONFIRM		representation.numeric.integer_number	representation.numeric.integer_number	integer_number	0.75	integer_number	0.8	integer_number	0.95	integer_number	3	0.83	18 | 33 | 98 | 7 | 71 | 12 | 156 | 28 | 462 | 658 | 672
g0152	ac-03	CONFIRM		representation.numeric.integer_number	representation.numeric.integer_number	integer_number	0.7	integer_number	0.75	categorical	0.85	integer_number	2	0.72	5 | 19 | 14 | 10 | 24 | 13 | 6 | 15 | 11 | 17 | 8 | 25
g0153	ac-03	CONFIRM		representation.numeric.integer_number	representation.numeric.integer_number	integer_number	0.65	integer_number	0.8	integer_number	0.9	bearing	3	0.78	174 | 175 | 346 | 158 | 330 | 168 | 50 | 147 | 141 | 142 | 348 | 164 | 165 | 337 | 347 | 162 | 349 | 69 | 332 | 151
g0154	ac-03	CONFIRM		representation.numeric.integer_number	representation.numeric.integer_number	integer_number	0.7	integer_number	0.8	integer_number	0.95	integer_number	3	0.82	8 | 126 | 105 | 83 | 13 | 15 | 46 | 68 | 101
g0163	ac-03	CONFIRM		representation.numeric.decimal_number	representation.numeric.decimal_number	decimal_number	0.75	decimal_number	0.85	decimal_number	0.9	decimal_number	3	0.83	1002.1 | 23621.3 | 42945.3 | 194.1 | 431.9 | 4546.7 | 9440.3 | 6510.0 | 4871.0 | 16429.1 | 1843.7 | 500109.7 | 284.6 | 5903.7 | 7524.1 | 1833.9 | 12478.1 | 15899.7 | 16346.1 | 6627.4
g0166	ac-03	CONFIRM		representation.text.plain_text	representation.text.plain_text	plain_text	0.9	plain_text	0.95	plain_text	0.9	plain_text	3	0.92	"The length of the statement  ""           | The length of the statement  ""           | The length of the statement  ""           | The length of the statement  ""           | The length of the statement  ""           | The following statement contains a magic | The following statement contains a magic | The length of the statement  ""           | The length of the statement  ""           | The length of the statement  ""           | The length of the statement  ""           | The length of the statement  ""           | The length of the statement  ""           | The length of the statement  ""           | The following statement contains a magic | The following statement contains a magic | The following statement contains a magic | The length of the statement  ""           | The length of the statement  ""           | The length of the statement  ""          "
g0167	ac-03	CONFIRM		representation.text.plain_text	representation.text.plain_text	plain_text	0.7	plain_text	0.85	plain_text	0.9	plain_text	3	0.82	Clearly shows clients that their perspec | Expresses negative feelings constructive | Builds on successful initiatives to gain | Sets clear self-development expectations | Achievement Focus | Flexible Thinking | Managing Resources | Proposes ways to do things differently. | Displays a positive attitude in the face | Strives to consistently meet service sta | Identifies main negotiating points of a  | Understands and uses the Organisation's  | Level 4 | Interpersonal | Teamwork and Team Leadership | Influencing | OECD | Competencies | Strategic | Organisational Alignment
g0172	ac-03	CONFIRM		representation.text.plain_text	representation.text.plain_text	plain_text	0.9	plain_text	0.95	plain_text	0.9	plain_text	3	0.92	"Twitter username or handle that appears  | Name indicated in Twitter API field 'nam | does this account belong to someone who  | Indicates which political party the acco | Indicates which level of government this | account holder's birthday | Have we as a team confirmed that this ac | Each present and former member of the Un | as of the ""last_updated"" time for this r | Indicates which state the account holder | when was metadata about this account las | Offline name of the account holder (e.g. | Indicates whether the account belongs to | index of this account within the Twitter | What type of entity does this account re | Indicates the number of the district/war | Twitter account id | Twitter account id in string format"
g0211	ac-03	CONFIRM		geography.coordinate.latitude	geography.coordinate.latitude	latitude	0.95	latitude	0.97	latitude	0.95	latitude	3	0.96	76.5311965942 | 49.079833 | 68.534401 | 68.30419921880001 | 45.868900299072266 | 60.8396987915 | 48.5442008972168 | 51.5175018311 | 63.61640167236328 | 46.2728004456 | 50.189998626708984 | 54.404998779296875 | 44.22999954223633 | 44.974700927734375 | 52.18220138549805 | 49.71080017089844 | 47.764400482177734 | 60.020301818847656 | 71.9938964844 | 55.151401519800004
g0212	ac-03	CONFIRM		geography.coordinate.longitude	geography.coordinate.longitude	longitude	0.95	longitude	0.97	longitude	0.95	longitude	3	0.96	144.29600524902344 | -51.6781005859 | -21.9405994415 | -84.5093994140625 | -121.939002991 | -130.031997681 | -102.966003418 | -68.555801 | -101.68199920654297 | -73.28109741210938 | -119.377998352 | -135.8679962158203 | -75.9906005859 | -139.83900451660156 | -130.445007324 | -82.95559692382812 | -118.885002136 | -94.9693984985 | -69.58470153808594 | -97.86419677734375
g0213	ac-03	CONFIRM		representation.numeric.integer_number	representation.numeric.integer_number	integer_number	0.65	integer_number	0.85	integer_number	0.9	elevation	3	0.8	11 | 522 | 92 | 132 | 32 | 1215 | 2298 | 110 | 997 | 1653 | 918 | 824 | 885 | 925 | 244 | 3048 | 3244 | 15 | 118 | 238
g0215	ac-03	CONFIRM		geography.coordinate.latitude	geography.coordinate.latitude	latitude	0.9	latitude	0.97	latitude	0.95	latitude	3	0.94	-32.7445 | -32.6921 | 38.820835113525 | 26.4771 | 1.5529 | 19.4425 | 53.411 | -24.0984 | -7.2968 | 36.037333333333 | 16.3879 | 51.2215 | 36.838 | 18.029166666667 | 62.284 | 61.99 | 61.553 | 0.9071 | -24.9333 | 11.6168
g0216	ac-03	CONFIRM		geography.coordinate.longitude	geography.coordinate.longitude	longitude	0.9	longitude	0.97	longitude	0.95	longitude	3	0.94	-68.3321 | -71.7918 | -122.85500335693 | -67.52 | 142.3484 | -88.2835 | -179.4026 | 160.9758 | 126.802 | 175.0062 | -147.878 | -117.80666666667 | -104.299 | -122.494 | -165.644 | -160.0713 | -139.9039 | 141.1381 | 54.6038 | -72.4559
g0217	ac-03	CONFIRM		representation.numeric.decimal_number	representation.numeric.decimal_number	decimal_number	0.8	decimal_number	0.85	decimal_number	0.95	decimal_number	3	0.87	6.52 | 109.562 | 196.6 | 169.054 | 11.9 | 29.03 | 16.892 | 19.9 | 0.0 | 3.42 | 5.101 | 36.098 | 63.036 | 4.76 | 383.168 | 226.81 | 88.395 | 261.309 | 35.86 | 121.709
g0218	ac-03	CONFIRM		representation.identifier.alphanumeric_id	identity.person.username	alphanumeric_id	0.85	alphanumeric_id	0.92	alphanumeric_id	0.95	alphanumeric_id	3	0.91	us7000spt3 | us7000spmq | aka2026krkrmg | us7000spjs | aka2026kqhpor | us7000sqck | tx2026koeaof | aka2026kptfgh | us7000sph4 | tx2026knggbt | us7000spb7 | us7000sqku | us7000sq51 | us7000sq4t | us7000sp7m | us7000sp6y | aka2026kmryah | tx2026kkwzra | aka2026kmjtur | us7000sp10
g0220	ac-03	CONFIRM		geography.coordinate.latitude	geography.coordinate.latitude	latitude	0.95	latitude	0.97	latitude	0.95	latitude	3	0.96	40.55486 | 40.767755 | 40.638667 | 40.844852 | 40.766902 | 40.695835 | 40.740909 | 40.687532 | 40.754889 | 40.824845 | 40.810025 | 40.756779 | 40.778409 | 40.708115 | 40.763769 | 40.731545 | 40.668899 | 40.777019 | 40.674267 | 40.574197
g0221	ac-03	CONFIRM		representation.discrete.categorical	technology.internet.http_method	categorical	0.85	categorical	0.95	categorical	0.95	categorical	3	0.92	IN PROCESS | RE-ISSUED | ISSUED
g0222	ac-03	CONFIRM		representation.discrete.categorical	geography.location.country_code	categorical	0.85	categorical	0.95	categorical	0.95	categorical	3	0.92	SG | EW | FO | EQ | NB | PL | AL | DM
g0223	ac-03	CONFIRM		representation.discrete.categorical	representation.discrete.categorical	categorical	0.85	categorical	0.95	categorical	0.95	categorical	3	0.92	BL | MH | FP | SD | FB | FA | OT | EQ | FS | CC | SP | PL
g0226	ac-03	CONFIRM		datetime.component.year	datetime.component.year	year	0.85	year	0.95	integer_number	0.9	year	2	0.9	2024 | 2025 | 2023
g0228	ac-03	CONFIRM		representation.discrete.categorical	technology.internet.http_method	categorical	0.85	categorical	0.95	categorical	0.95	categorical	3	0.92	ON SEPARATION LEAVE | ON LEAVE | CEASED | ACTIVE
g0229	ac-03	CONFIRM		representation.numeric.decimal_number	representation.numeric.decimal_number	decimal_number	0.8	decimal_number	0.9	decimal_number	0.9	decimal_number	3	0.87	2080.0 | -70.0 | 0.0 | 1378.25 | 1609.0 | 1375.0 | 890.5 | 1950.0 | 700.0 | 440.0 | 1442.0 | 749.5 | 1229.25 | 1267.0 | 6.45 | 313.5 | 91.75 | 1584.0 | 121.95 | 1246.0
g0230	ac-03	CONFIRM		representation.numeric.decimal_number	representation.numeric.decimal_number	decimal_number	0.8	decimal_number	0.9	decimal_number	0.9	decimal_number	3	0.87	0.0 | 91.75 | 1.5 | 229.5 | 25.25 | 3.25 | 478.0 | 20.5 | 37.75 | 428.75 | 634.75 | 76.5 | 556.25 | 222.25 | 128.75 | 276.75 | 77.5 | 2.5 | 113.0 | 264.0
g0231	ac-03	CONFIRM		geography.coordinate.latitude	geography.coordinate.latitude	latitude	0.95	latitude	0.97	latitude	0.95	latitude	3	0.96	39.427188 | 40.02560043334961 | 46.29999923706055 | 36.085201263427734 | 40.52090072631836 | 34.0093994140625 | 47.17839813232422 | 42.840361 | 32.47930145263672 | 42.625099182128906 | 47.899600982666016 | 29.012067 | 48.213401794433594 | 61.506147 | 37.64329910279999 | 34.202598571777344 | 38.190282 | 44.657100677490234 | 32.09071 | 41.376399993896484
g0232	ac-03	CONFIRM		geography.coordinate.longitude	geography.coordinate.longitude	longitude	0.95	longitude	0.97	longitude	0.95	longitude	3	0.96	-74.933689 | -82.21900177001953 | -89.1229019165039 | -84.61969757080078 | -74.47460174560547 | -77.495263 | -75.74690246582031 | -80.26719665527344 | -79.86609649658203 | -87.65950012207031 | -84.313851 | -77.73889923095703 | -122.210908 | -83.42900085449219 | -75.65550231933594 | -66.363773 | -112.98200225830078 | -110.088087 | -80.186561 | -83.975058
g0233	ac-03	CONFIRM		representation.numeric.integer_number	representation.numeric.integer_number	integer_number	0.7	integer_number	0.85	integer_number	0.9	elevation	3	0.82	35 | 970 | 96 | 719 | 2900 | 419 | 65 | 4600 | 500 | 154 | 715 | 160 | 165 | 710 | 9 | 760 | 168 | 1180 | 4240 | 4443
g0234	ac-03	CONFIRM		representation.discrete.categorical	representation.discrete.categorical	categorical	0.9	categorical	0.97	categorical	0.95	categorical	3	0.94	closed | balloonport | large_airport | heliport | small_airport | seaplane_base | medium_airport
g0235	ac-03	CONFIRM		representation.identifier.alphanumeric_id	identity.medical.dea_number	alphanumeric_id	0.6	alphanumeric_id	0.9	alphanumeric_id	0.95	alphanumeric_id	3	0.82	00AZ | 00FA | 00KS | 00MN | 00PA | 00XA | 01FL | 01GE | 01IN | 01MD | 01NJ | 01TE | 01TT | 01WN | 02GA | 02IA | 02MI | 02NY | 02OR | 02PA
g0236	ac-03	CONFIRM		technology.internet.url	technology.internet.url	url	0.95	url	0.99	url	0.95	url	3	0.96	https://eastvalleyhospital.com/ | http://www.aviationcadet.com/index.html | https://minutemanairfield.com/ | https://www.lajitasgolfresort.com/airpor | http://www.phillyseaplanebase.com/ | https://www.nauruair.com/ | https://white-desert.com/about-us/wolfsf | http://www.asysrl.com.ar/ | http://www.aeroclubrosario.com/ | http://guialocal.com.ar/agroaire.html | http://www.airchallenge.scalaria.com/ | http://mail.kilcoyairfield.org/ | http://www.yardie.com.au/Home.aspx | https://heritage.noosa.qld.gov.au/nodes/ | https://sydneypast.blogspot.com/2010/06/ | http://airgreenland.com/om_rejsen/efter_ | https://www.airports.gl/en/airport/nuuk/ | https://www.innanlandsflugvellir.is/en/g | http://aeroclubederioclaro.com.br/site/a | https://pergamum.anac.gov.br/arquivos/PA
g0237	ac-03	CONFIRM		technology.internet.url	technology.internet.url	url	0.97	url	0.99	url	0.95	url	3	0.97	https://en.wikipedia.org/wiki/McKenzie_B | https://en.wikipedia.org/wiki/Osborn_Air | https://en.wikipedia.org/wiki/Lucky_Land | https://en.wikipedia.org/wiki/North_Palm | https://en.wikipedia.org/wiki/Lida_Junct | https://en.wikipedia.org/wiki/Columbus_M | https://en.wikipedia.org/wiki/Lincoln_Mu | https://en.wikipedia.org/wiki/Shannons_P | https://en.wikipedia.org/wiki/Fulton-Ita | https://en.wikipedia.org/wiki/Marine_Cor | https://en.wikipedia.org/wiki/Propwash_A | https://en.wikipedia.org/wiki/Plateau_Sk | https://en.wikipedia.org/wiki/Harvey_You | https://en.wikipedia.org/wiki/Myricks_Ai | https://en.wikipedia.org/wiki/Eckert_Fie | https://en.wikipedia.org/wiki/Chase_Fiel | https://en.wikipedia.org/wiki/Lake_Wenat | https://en.wikipedia.org/wiki/Tri-County | https://en.wikipedia.org/wiki/Air_Park_S | https://en.wikipedia.org/wiki/Redwing_Ai
g0239	ac-03	CONFIRM		geography.coordinate.latitude	geography.coordinate.latitude	latitude	0.9	latitude	0.97	latitude	0.95	latitude	3	0.94	41.880673557 | 41.759080596 | 41.699403785 | 41.77314378 | 41.922628507 | 41.737634118 | 41.950320001 | 41.791952152 | 41.767036006 | 41.879319407 | 41.904579871 | 41.863659876 | 41.778680696 | 41.722725152 | 41.689873321 | 41.894645441 | 41.867097885 | 41.891581539 | 41.960576849 | 41.773957134
g0240	ac-03	CONFIRM		representation.numeric.integer_number	unknown	integer_number	0.55	integer_number	0.7	alphanumeric_id	0.9	projected	2	0.62	1194191 | 1140312 | 1174862 | 1156953 | 1176594 | 1143030 | 1139003 | 1178847 | 1174545 | 1192497 | 1171942 | 1175704 | 1184926 | 1157855 | 1163830 | 1173561 | 1150287 | 1152204 | 1178698 | 1164874
g0241	ac-03	CONFIRM		representation.numeric.integer_number	unknown	integer_number	0.55	integer_number	0.7	alphanumeric_id	0.9	projected	2	0.62	1865903 | 1884858 | 1859458 | 1833894 | 1833022 | 1892235 | 1871271 | 1840413 | 1871997 | 1886165 | 1835059 | 1855551 | 1921125 | 1856740 | 1873022 | 1846415 | 1853264 | 1830445 | 1875739 | 1914601
g0244	ac-03	CONFIRM		representation.discrete.categorical	identity.person.last_name	categorical	0.85	categorical	0.97	categorical	0.95	categorical	3	0.92	CRIMINAL TRESPASS | ASSAULT | NARCOTICS | PUBLIC PEACE VIOLATION | OBSCENITY | PROSTITUTION | INTERFERENCE WITH PUBLIC OFFICER | KIDNAPPING | BURGLARY | DECEPTIVE PRACTICE | CRIMINAL DAMAGE | HOMICIDE | INTIMIDATION | ROBBERY | OFFENSE INVOLVING CHILDREN | THEFT | CRIMINAL SEXUAL ASSAULT | CONCEALED CARRY LICENSE VIOLATION | HUMAN TRAFFICKING | SEX OFFENSE
g0245	ac-03	CONFIRM		representation.identifier.alphanumeric_id	representation.identifier.alphanumeric_id	alphanumeric_id	0.85	alphanumeric_id	0.95	alphanumeric_id	0.95	alphanumeric_id	3	0.92	JK276867 | JK276906 | JK276873 | JK277061 | JK277158 | JK278319 | JK276778 | JK276725 | JK276738 | JK277130 | JK276691 | JK276739 | JK277650 | JK277218 | JK276768 | JK276595 | JK276620 | JK277332 | JK280378 | JK283130
g0246	ac-03	CONFIRM		representation.numeric.integer_number	representation.numeric.integer_number	integer_number	0.55	integer_number	0.75	categorical	0.85	categorical	2	0.65	16 | 22 | 31 | 26 | 11 | 15 | 32 | 37 | 30 | 9 | 17 | 14 | 5 | 35 | 44 | 42 | 50 | 25 | 1 | 21
g0247	ac-03	CONFIRM		geography.location.city	geography.location.city	city	0.9	city	0.95	entity_name	0.9	city	2	0.93	So San Francisco | San Francisco | S San Fran | Livermore | San Mateo | Crockett | Fremont | Campbell | Foster City | Buffalo | Redwood City | Dallas | Los Altos | Milpitas | Lake Zurich | San Francsico | Turlock | Ross | Woburn | Fortuna
g0250	ac-03	CONFIRM		geography.address.postal_code	geography.address.postal_code	postal_code	0.9	postal_code	0.97	postcode	0.95	postal_code	2	0.94	BA7 7FP | GU19 5FL | DN4 9PP | TN23 4AR | CW4 8DE | ST4 1NZ | HP22 3BP | HP9 1SZ | SA32 7PR | DE65 6NP | TN22 3FN | WD7 7HT | S66 1DZ | LS29 8RU | W3 9SE | GL15 5FY | WN4 0AL | N6 5AD | LL16 3HZ | SA6 8LF
g0252	ac-03	CONFIRM		representation.discrete.categorical	representation.discrete.categorical	categorical	0.8	categorical	0.95	categorical	0.95	categorical	3	0.9	F | T | D | O | S
g0256	ac-03	CONFIRM		representation.numeric.integer_number	representation.discrete.ordinal	integer_number	0.7	integer_number	0.8	integer_number	0.95	integer_number	3	0.82	11 | 15 | 16 | 22 | 26 | 31 | 32 | 52 | 55 | 67 | 81 | 83 | 91 | 92 | 97 | 110 | 118 | 122 | 132 | 134
g0257	ac-03	CONFIRM		representation.numeric.integer_number	representation.discrete.ordinal	integer_number	0.7	integer_number	0.8	integer_number	0.95	integer_number	3	0.82	11 | 15 | 16 | 22 | 26 | 31 | 32 | 52 | 55 | 67 | 81 | 83 | 91 | 92 | 97 | 110 | 118 | 122 | 132 | 134
g0258	ac-03	CONFIRM		representation.numeric.integer_number	representation.numeric.integer_number	integer_number	0.85	integer_number	0.85	integer_number	0.95	integer_number	3	0.88	475637 | 271748 | 211673 | 189821 | 132894 | 129914 | 119852 | 107281 | 107067 | 104898 | 93954 | 89313 | 80116 | 78728 | 78232 | 68316 | 67380 | 66195 | 62550 | 56329
g0259	ac-03	CONFIRM		representation.numeric.integer_number	representation.numeric.integer_number	integer_number	0.85	integer_number	0.85	integer_number	0.95	integer_number	3	0.88	1855677 | 750789 | 676584 | 642211 | 388638 | 467310 | 264548 | 291711 | 325097 | 196617 | 173191 | 165999 | 144429 | 115547 | 116669 | 112611 | 133557 | 106899 | 103768 | 129536
g0260	control	PROPOSE		finance.currency.amount	representation.numeric.decimal_number	amount	0.75	decimal_number	0.9	decimal_number	0.95	monetary_amount	2	0.93	97593.0 | 53174.0 | 69239.0 | 67899.0 | 90041.0 | 64059.0 | 130832.0 | 95051.0 | 140106.0 | 100556.0 | 124261.0 | 143243.0 | 81213.0 | 107490.0 | 140612.0 | 66672.0 | 95133.0 | 69631.0 | 129705.0 | 87743.0
g0264	control	PROPOSE		representation.text.plain_text	technology.cloud.s3_uri	alphanumeric_id	0.5	alphanumeric_id	0.85	plain_text	0.85	alphanumeric_id	2	0.68	P:StockSharp.Poloniex.PoloniexMessageAda | M:StockSharp.Poloniex.PoloniexTrader. | P:StockSharp.Poloniex.PoloniexTrader.Key | P:StockSharp.Poloniex.PoloniexMessageAda | T:StockSharp.Poloniex.PoloniexTrader/sum | T:StockSharp.Poloniex.PoloniexOrderCondi | M:StockSharp.Poloniex.PoloniexMessageAda | M:StockSharp.Poloniex.PoloniexMessageAda | M:StockSharp.Poloniex.PoloniexMessageAda | M:StockSharp.Poloniex.PoloniexMessageAda | M:StockSharp.Poloniex.PoloniexOrderCondi | P:StockSharp.Poloniex.PoloniexTrader.Bal | P:StockSharp.Poloniex.PoloniexMessageAda | P:StockSharp.Poloniex.PoloniexTrader.Sec | P:StockSharp.Poloniex.PoloniexMessageAda | M:StockSharp.Poloniex.PoloniexMessageAda
g0273	control	PROPOSE		representation.text.word	technology.internet.url	categorical	0.6	categorical	0.88	plain_text	0.9	categorical	2	0.74	music-ipods | laptops | accessories-ipod
g0279	control	PROPOSE		representation.identifier.numeric_code	representation.identifier.numeric_code	alphanumeric_id	0.55	alphanumeric_id	0.8	alphanumeric_id	0.9	alphanumeric_id	3	0.75	453220 | 541512 | 449129 | 512210 | 62112 | 541400 | 312130 | 541110 | 311612 | 23 | 541611 | 517000 | 72 | 541720 | 5100-5199 5600-5699 | 456190 | 5400-5499 6100-6299 | 443142 | 445320 | 541613
g0285	control	PROPOSE		representation.discrete.categorical	representation.discrete.ordinal	entity_name	0.55	categorical	0.85	entity_name	0.9	entity_name	2	0.73	UnityContainerExtensions | Events | Topics | Subscriptions | EventsOrders | WorkerRole | PublisherProcessorAdapter | Commands | EventsAvailability
g0269	control	CONTESTED		datetime.timestamp.dmy_hm	datetime.timestamp.dmy_hm	dmy_hm	0.8	datetime	0.92	timestamp	0.9	iso_datetime	1	0.8	19/5/2020 06:49 | 28/5/2020 21:51 | 29/5/2020 13:49 | 3/6/2020 22:00 | 3/6/2020 22:07 | 28/5/2020 21:38 | 3/6/2020 22:10
g0261	control	CONFIRM		geography.coordinate.longitude	geography.coordinate.longitude	longitude	0.9	longitude	0.97	longitude	0.9	longitude	3	0.92	2.3611299 | 2.362072 | 2.3617566 | 2.3612701 | 2.3611676 | 2.3619796 | 2.3522219 | 2.3611774 | 2.3615623 | 2.3617307 | 2.361845 | 2.3612468 | 2.3613374 | 2.3613514 | 2.3622335 | 2.361304 | 2.3622336 | 2.3612969 | 2.3610461 | 2.36169
g0262	control	CONFIRM		geography.location.country	geography.location.country	country	0.85	country	0.92	country	0.95	country	3	0.91	Bulgaria | Singapore | Malta
g0263	control	CONFIRM		representation.discrete.categorical	geography.location.city	categorical	0.85	categorical	0.95	categorical	0.95	categorical	3	0.92	RightGate | PickedUp | LeftGate
g0265	control	CONFIRM		representation.numeric.decimal_number	representation.numeric.decimal_number	decimal_number	0.85	decimal_number	0.85	decimal_number	0.95	decimal_number	3	0.88	2.94770277922009 | 3.53244032938926 | 3.4246598369451897 | 3.73592635062903 | 0.0 | 3.25162916738782 | 4.07332970194952 | 3.50689059560852 | 3.32323142879762 | 1.58496250072116 | 3.1887218755408697 | 3.54659356429494 | 2.94503869754025 | 3.609496334425701 | 3.4548223999466097 | 2.25162916738782 | 3.0286393118385804 | 3.625 | 3.54174352060186 | 3.36854777648376
g0266	control	CONFIRM		geography.location.region	geography.location.region	region	0.7	region	0.9	region	0.95	region	3	0.85	NORFOLK | GLOUCESTERSHIRE | WOKINGHAM | HERTFORDSHIRE | NEATH PORT TALBOT | SHROPSHIRE | GWYNEDD | SLOUGH | ISLES OF SCILLY | SOMERSET | MEDWAY | CONWY | SWINDON | YORK | ISLE OF WIGHT | BOURNEMOUTH, CHRISTCHURCH AND POOLE | RUTLAND | HARTLEPOOL | MERTHYR TYDFIL | STOCKTON-ON-TEES
g0267	control	CONFIRM		representation.numeric.decimal_number	representation.numeric.decimal_number	decimal_number	0.85	decimal_number	0.9	decimal_number	0.95	decimal_number	3	0.9	0.658652 | 1.333807 | 5.787497 | 1.661858 | 0.622512 | 0.645334 | 1.600727 | 0.629896 | 0.641106 | 0.657914 | 3.129612 | 0.648925 | 0.63296 | 1.87038 | 0.668711 | 0.812533 | 1.916683 | 0.643286 | 1.658747 | 4.342188
g0268	control	CONFIRM		representation.identifier.alphanumeric_id	representation.alphanumeric.alphanumeric_id	alphanumeric_id	0.85	alphanumeric_id	0.9	alphanumeric_id	0.95	alphanumeric_id	3	0.9	1172168-12-171 | 0484972-03-001 | 1084616-07-161 | 1033494-07-151 | 0406901-01-999 | 1082518-07-161 | 1176581-01-181 | 0453999-11-999 | 0458444-01-999 | 0407522-02-999 | 0379224-01-001 | 0405898-01-999 | 1071616-05-161 | 0455388-01-999 | 0420941-01-999 | 1194933-07-181 | 0384449-01-999 | 0479506-03-999 | 1031201-06-151 | 1421932-05-261
g0270	control	CONFIRM		representation.numeric.decimal_number	representation.numeric.decimal_number	decimal_number	0.7	decimal_number	0.85	decimal_number	0.95	decimal_number	3	0.83	11.79414 | 12.24107 | 13.24765 | 13.35918 | 13.47013 | 14.02866 | 14.14034 | 15.48082 | 15.59278 | 16.03919 | 16.15161 | 16.37481 | 17.60313 | 18.2735 | 20.39598 | 20.61934 | 11.34727 | 11.90571 | 12.80011 | 13.69337
g0271	control	CONFIRM		representation.identifier.alphanumeric_id	unknown	categorical	0.6	alphanumeric_id	0.88	alphanumeric_id	0.95	alphanumeric_id	2	0.92	CORTO | EUMPER | LASCIN | MOLMOL | MYOAUS | MYOTHY | ARTJAM | LABOLASE | EUDMAC | EUMFLO | NYCMAC | MYOOCC | ANPAEPFU | MYCIMYVO | IDIPHY | LASSEM | LEPNIV | MORMEG | MYOVEL | LABOMYLU
g0272	control	CONFIRM		geography.location.country_code	geography.location.country_code	country_code	0.85	country_code	0.9	iso3166	0.98	country_code	2	0.88	GBR | USA | FRA
g0274	control	CONFIRM		representation.numeric.integer_number	representation.numeric.integer_number	integer_number	0.55	month	0.8	integer_number	0.9	categorical	2	0.73	9 | 5 | 10 | 4
g0275	control	CONFIRM		representation.discrete.categorical	representation.text.entity_name	categorical	0.85	categorical	0.95	categorical	0.95	categorical	3	0.92	Manufacturing | Transportation and Warehousing | Professional, Scientific, and Technical  | Financial Services | Utilities | Accommodations | Information | Wholesale Trade | Multiple | Real Estate and Rental and Leasing Servi | Construction | Certain Services | Food Services | Arts, Entertainment, and Recreation | Administrative and Support Services | Insurance | Retail Trade | Private Education and Health Services
g0276	control	CONFIRM		geography.location.city	geography.location.city	city	0.85	city	0.92	city	0.9	city	3	0.89	SHELBURNE | MORRISVILLE | GREENSBORO | WINDSOR | GLOVER | SAINT JOHNSBURY | COLCHESTER | BENNINGTON | NEWPORT | VERNON | ST ALBANS | BARRE | RUTLAND | SPRINGFIELD | MIDDLEBURY | BRATTLEBORO | BARTON | NORTHFIELD | SAINT ALBANS | BURLINGTON
g0277	control	CONFIRM		geography.location.region	geography.location.region	region	0.7	region	0.9	region	0.9	region	3	0.83	QUEENS | RICHMOND | MANHATTAN | BRONX | BROOKLYN
g0278	control	CONFIRM		geography.location.region	geography.location.city	region	0.75	region	0.9	region	0.95	region	3	0.87	Pastaza | Cañar | Chimborazo | Guayas | Tungurahua | Santo Domingo de los Tsáchilas | Carchi | Manabí | Azuay | Bolivar | Santa Elena | El Oro | Esmeraldas | Imbabura | Galápagos | Orellana | Morona Santiago | Zamora Chinchipe | Cotopaxi | Loja
g0280	control	CONFIRM		representation.numeric.decimal_number	representation.numeric.decimal_number	decimal_number	0.8	decimal_number	0.85	decimal_number	0.95	decimal_number	3	0.87	106.05 | 102.33 | 105.72 | 121.35 | 109.57 | 106.34 | 103.19 | 104.97 | 123.46 | 112.39 | 100.56 | 99.01 | 112.84 | 104.25 | 130.81 | 95.7 | 114.66 | 120.15 | 110.56 | 137.12
g0281	control	CONFIRM		geography.location.state_code	geography.location.state_code	state_code	0.85	state_code	0.9	state_code	0.95	state	3	0.9	TX | CA | LA | TN
g0282	control	CONFIRM		representation.numeric.decimal_number	representation.numeric.decimal_number	decimal_number	0.8	decimal_number	0.9	decimal_number	0.95	decimal_number	3	0.88	106.12 | 136.625 | 147.2 | 111.64 | 135.25 | 116.775 | 48.79 | 39.715 | 30.845 | 34.46 | 35.675 | 14.955 | 17.439999999999998 | 45.66 | 52.025000000000006 | 31.335 | 100.0 | 130.085 | 142.46 | 118.04
g0283	control	CONFIRM		geography.location.region	geography.location.region	region	0.8	region	0.9	region	0.95	region	3	0.88	Manicaland | Mashonaland West | Masvingo | Mashonaland Central | Midlands | Matabeleland North | Matabeleland South | Bulawayo | Mashonaland East | Harare
g0284	control	CONFIRM		representation.numeric.decimal_number	representation.numeric.decimal_number	decimal_number	0.85	decimal_number	0.9	decimal_number	0.95	decimal_number	3	0.9	75.1808 | 72.2521 | 72.2218 | 74.9495 | 72.7677 | 73.3632 | 72.9811
g0286	control	CONFIRM		representation.discrete.categorical	representation.discrete.categorical	categorical	0.55	categorical	0.85	entity_name	0.9	categorical	2	0.7	Date | Time | Strings | DateTimeOffsetExtensions | DateTimeExtensions
g0287	control	CONFIRM		representation.text.plain_text	geography.address.full_address	plain_text	0.7	plain_text	0.92	place	0.9	plain_text	2	0.81	28 km NE of San Martín, Argentina | 35 km NNW of Valparaíso, Chile | 86 km SSE of Nikolski, Alaska | Bonin Islands, Japan region | 61 km NNE of Miches, Dominican Republic | 52 km ENE of Kuji, Japan | 10 km NE of Skwentna, Alaska | Rat Islands, Aleutian Islands, Alaska | 101 km SSE of Sand Point, Alaska | 44 km S of Castro Barros, Argentina | 48 km SW of Ocós, Guatemala | 173 km SE of Vilyuchinsk, Russia | 63 km W of Catuday, Philippines | 10 km ESE of Adak, Alaska | 185 km SW of Yakutat, Alaska | 98 km SSE of Sand Point, Alaska | 254 km ESE of Severo-Kuril’sk, Russia | 254 km SE of Chiniak, Alaska | 31 km S of Amorgós, Greece | 50 km NNW of Kendari, Indonesia
