{
  "broad_acc": 0.8849487785657998,
  "entity_acc": 0.7800953516090584,
  "broad_report": {
    "entity": {
      "precision": 0.8208871420550252,
      "recall": 0.8712753277711561,
      "f1-score": 0.8453310205261636,
      "support": 1678.0
    },
    "format": {
      "precision": 0.817625458996328,
      "recall": 0.835,
      "f1-score": 0.826221397649969,
      "support": 800.0
    },
    "temporal": {
      "precision": 0.9824324324324324,
      "recall": 0.9616402116402116,
      "f1-score": 0.9719251336898396,
      "support": 756.0
    },
    "numeric": {
      "precision": 0.9555555555555556,
      "recall": 0.9514632405424697,
      "f1-score": 0.9535050071530758,
      "support": 1401.0
    },
    "geographic": {
      "precision": 0.8220502901353965,
      "recall": 0.8236434108527132,
      "f1-score": 0.8228460793804453,
      "support": 516.0
    },
    "text": {
      "precision": 0.91324200913242,
      "recall": 0.8375209380234506,
      "f1-score": 0.873743993010048,
      "support": 1194.0
    },
    "accuracy": 0.8849487785657998,
    "macro avg": {
      "precision": 0.8852988147178597,
      "recall": 0.8800905214716669,
      "f1-score": 0.8822621052349234,
      "support": 6345.0
    },
    "weighted avg": {
      "precision": 0.8869330421484037,
      "recall": 0.8849487785657998,
      "f1-score": 0.8854085723038869,
      "support": 6345.0
    }
  },
  "entity_report": {
    "person": {
      "precision": 0.6935483870967742,
      "recall": 0.6490566037735849,
      "f1-score": 0.6705653021442495,
      "support": 265.0
    },
    "place": {
      "precision": 0.7642045454545454,
      "recall": 0.8126888217522659,
      "f1-score": 0.787701317715959,
      "support": 331.0
    },
    "organization": {
      "precision": 0.6036363636363636,
      "recall": 0.5665529010238908,
      "f1-score": 0.5845070422535211,
      "support": 293.0
    },
    "creative_work": {
      "precision": 0.8742216687422167,
      "recall": 0.8897338403041825,
      "f1-score": 0.8819095477386935,
      "support": 789.0
    },
    "accuracy": 0.7800953516090584,
    "macro avg": {
      "precision": 0.733902741232475,
      "recall": 0.7295080417134809,
      "f1-score": 0.7311708024631057,
      "support": 1678.0
    },
    "weighted avg": {
      "precision": 0.7767392004226241,
      "recall": 0.7800953516090584,
      "f1-score": 0.7780191524304644,
      "support": 1678.0
    }
  },
  "broad_confusion": [
    [
      1462,
      56,
      5,
      8,
      79,
      68
    ],
    [
      82,
      668,
      2,
      27,
      6,
      15
    ],
    [
      9,
      12,
      727,
      4,
      0,
      4
    ],
    [
      9,
      50,
      4,
      1333,
      1,
      4
    ],
    [
      83,
      3,
      0,
      1,
      425,
      4
    ],
    [
      136,
      28,
      2,
      22,
      6,
      1000
    ]
  ]
}