sha	column	true	pred	confidence	quality_band	runner_up	rule	vetoed	correct
dd21a04f061cd4decbaa34fcfec2ba414e0d62d2cec42812bacc6aea9d7c5939	msg_id	representation.identifier.alphanumeric_id	representation.identifier.alphanumeric_id	0.29128679633140564	low	technology.cryptographic.hash	veto_fallback:id	True	1
5b58a2fcc543c5219334a294a0b766a8ff22225095622c2a108b716938ae75d7	msg_id	representation.identifier.alphanumeric_id	representation.identifier.alphanumeric_id	0.5395060777664185	low	technology.cryptographic.hash	veto_fallback:id	True	1
ef52ea92de46d1e625939329e36e0dfb746824a670699538827aaa0d864d8fa3	msg_id	representation.identifier.alphanumeric_id	representation.identifier.alphanumeric_id	0.5983758568763733	low	technology.cryptographic.hash	veto_fallback:id	True	1
c96a74644bec82ef1daf9cc15d449c7b0e5eba6007b62fce7554b1016927071f	msg_id	representation.identifier.alphanumeric_id	representation.identifier.alphanumeric_id	0.43788841366767883	low	technology.cryptographic.hash	veto_fallback:id	True	1
56139b2956c25c7e680002e4ca7bf15ba1f5ab53635704f739c7988957929961	nct_id	representation.identifier.alphanumeric_id	identity.government.eu_vat	0.7955220341682434	medium			False	0
cadfedff5b733334c862242d34fdcb2d0abaf12a06fccfc794ada5e012a4075f	msg_id	representation.identifier.alphanumeric_id	representation.identifier.alphanumeric_id	0.6143035292625427	low	technology.cryptographic.hash	veto_fallback:id	True	1
7458208a0cdd4de6cb3768392c7224335077ddea5e33e6deb58c16efb1e310a5	msg_id	representation.identifier.alphanumeric_id	representation.identifier.alphanumeric_id	0.5121621489524841	low	technology.cryptographic.hash	veto_fallback:id	True	1
a934955fcb6a2275affffd05f89040d6f802b76933ec5c1148abefef36c36529	msg_id	representation.identifier.alphanumeric_id	representation.identifier.alphanumeric_id	0.44956713914871216	low	technology.cryptographic.hash	veto_fallback:id	True	1
f28eca287a31129fcea05b63665abf52c1071d77ce6bf889a6e319fe2da2ce83	msg_id	representation.identifier.alphanumeric_id	representation.identifier.alphanumeric_id	0.5875037908554077	low	technology.cryptographic.hash	veto_fallback:id	True	1
4621bb40eda29db8615b595ee18f7f34dd9deef710143b16a606a4da4177afe7	msg_id	representation.identifier.alphanumeric_id	representation.identifier.alphanumeric_id	0.36047443747520447	low	technology.cryptographic.hash	veto_fallback:id	True	1
3e6f7bdc354250aa6bdf8f580d2ceda5055af570ffc866af4d9e405d793d4385	msg_id	representation.identifier.alphanumeric_id	representation.identifier.alphanumeric_id	0.5251924991607666	low	technology.cryptographic.hash	veto_fallback:id	True	1
9d563ab021d1a0e4b4bdba31f7fa0041617a8bafc6132cfd5bd8d4b3304e5bd5	msg_id	representation.identifier.alphanumeric_id	representation.identifier.alphanumeric_id	0.5816484689712524	low	technology.cryptographic.hash	veto_fallback:id	True	1
cd7cc39ea3c6aee6a2913b479e194fa02847711efb9017fc79f56bf97410aef7	msg_id	representation.identifier.alphanumeric_id	representation.identifier.alphanumeric_id	0.6461136341094971	low	technology.cryptographic.hash	veto_fallback:id	True	1
a3e8058674524969749d1719209754638a658fa6741b01b822532f49f4a86c3b	msg_id	representation.identifier.alphanumeric_id	representation.identifier.alphanumeric_id	0.4089301824569702	low	technology.cryptographic.hash	veto_fallback:id	True	1
2d4e0b00aa13308dcb38d0661b1e4ca0b84bf31143bfe3793bd88250172849e9	msg_id	representation.identifier.alphanumeric_id	representation.identifier.alphanumeric_id	0.563122570514679	low	technology.cryptographic.hash	veto_fallback:id	True	1
96ade317096e9b358b242dcb8d2a380310abeef2dcb3bf055eac0313884e4653	msg_id	representation.identifier.alphanumeric_id	representation.identifier.alphanumeric_id	0.5746210217475891	low	technology.cryptographic.hash	veto_fallback:id	True	1
583902414a1d0adc1864cec92777fd2baee27242f0db9608a4d533088eb37821	project_number	representation.identifier.alphanumeric_id	representation.identifier.alphanumeric_id	0.9506040215492249	high			False	1
b369d00f75700111dd732fe9716ee04db86b5e9c55028fa8f16457ab2da7b9b3	project_number	representation.identifier.alphanumeric_id	representation.identifier.alphanumeric_id	0.9506040215492249	high			False	1
37056ee953f3e8308adffc4423145a25abbf00f9f02d701b57609c5288537657	project_number	representation.identifier.alphanumeric_id	representation.identifier.alphanumeric_id	0.9665110111236572	high			False	1
626dd30d41fe3101c2a3f40f6d96371b9f4212792e7c51856c84949ac193aa5f	project_number	representation.identifier.alphanumeric_id	representation.identifier.alphanumeric_id	0.9665110111236572	high			False	1
f787a635ac1069322a4405bec849b25dc7b0ca56bc4ec1daa63141302e769e85	project_number	representation.identifier.alphanumeric_id	representation.identifier.alphanumeric_id	0.9621259570121765	high			False	1
eddb2cb1d114ba01edf11599b2d1cb9e5efe3c04b1b6750ef8e2b2176125bc75	msg_id	representation.identifier.alphanumeric_id	representation.identifier.alphanumeric_id	0.6154149770736694	low	technology.cryptographic.hash	veto_fallback:id	True	1
11fee01e8a2bb02d1d0c58744d9093fe266ea96a1bc1025863effe4987185ee5	msg_id	representation.identifier.alphanumeric_id	representation.identifier.alphanumeric_id	0.6063294410705566	low	technology.cryptographic.hash	veto_fallback:id	True	1
7d1664008091ab276f99c3df439461e31640640c501b0042e369186982ad1889	link_id	representation.identifier.alphanumeric_id	technology.internet.url	0.5	low	technology.cryptographic.hash	header_hint_hardcoded:link_id	False	0
7d1664008091ab276f99c3df439461e31640640c501b0042e369186982ad1889	msg_id	representation.identifier.alphanumeric_id	representation.identifier.alphanumeric_id	0.5595900416374207	low	technology.identifier.tsid	veto_fallback:id	True	1
2891bb6de64bdbde6f2f3c20a31a0eb1d2de97542c65e8b0d5841cef160b0543	msg_id	representation.identifier.alphanumeric_id	representation.identifier.alphanumeric_id	0.4305240511894226	low	technology.identifier.tsid	veto_fallback:id	True	1
4a97818bccd541ccc7d2fda44732578f27f63a68830eb6e794234a0466237549	msg_id	representation.identifier.alphanumeric_id	representation.identifier.alphanumeric_id	0.6901642680168152	low	technology.cryptographic.hash	veto_fallback:id	True	1
93261749de14bb1c77f2c7a7138879993dd63f56a4004b29d17054b8bd0ab89d	msg_id	representation.identifier.alphanumeric_id	representation.identifier.alphanumeric_id	0.5345866680145264	low	technology.cryptographic.hash	veto_fallback:id	True	1
4a584a9db9374c3ed257393f26add043af6d3c10138cbaba22207a054428a39d	msg_id	representation.identifier.alphanumeric_id	representation.identifier.alphanumeric_id	0.4362959563732147	low	technology.cryptographic.hash	veto_fallback:id	True	1
168d4b90975a01dd5e74951cba6c845fd33b7aacacbe2fe822feca4b1378a6b5	msg_id	representation.identifier.alphanumeric_id	representation.identifier.alphanumeric_id	0.7759140133857727	medium		veto_fallback:id	True	1
a2d34caf97b88b489fad46df0fd82892c9437ae17cb57277555fd4e0f04cfc91	country_code	geography.location.country_code	geography.location.country_code	1.0	high			False	1
b57b501497dc473c200b8a6ce4e4d6704bacb122ee1c0c8d2f6c51f2159d2b37	country_code	geography.location.country_code	geography.location.country_code	1.0	high			False	1
d2a70d9eb46a24528ae507115d30d3c30f2880e15d3bd3c267533819a4438b6b	country_code	geography.location.country_code	geography.location.country_code	1.0	high			False	1
459d0b28dd662c8eea7236af736fc6c5ab3cdce32644150e7d70284ff06147a1	CountryCode	geography.location.country_code	geography.location.country_code	0.9734734892845154	high			False	1
fe7745a5b4a54c912c7252a0ee14cf4e1c79ea20e794d6acf959fbe49e8820a3	NPPES_PROVIDER_COUNTRY	geography.location.country_code	geography.location.country_code	0.9874010682106018	high			False	1
c5cf6c7f0e1ff013c51be1af8f61c39aa4d34bbf0351b65d884515d42d077d83	NPPES_PROVIDER_COUNTRY	geography.location.country_code	geography.location.country_code	0.9874010682106018	high			False	1
f8d13d2fd31abc3efe986915b7ffc3685fd872f1df1e60f65c210e9aa3612efd	countryCode	geography.location.country_code	geography.location.country_code	0.9877843856811523	high			False	1
a12e91a5db77bbd391d47b8d647c0cdcf2c74673b4984073a859cdadfb3b5dd7	Country	geography.location.country_code	geography.location.country_code	0.9896278381347656	high		country_code_post_hint_guard:alpha2_rate=1.00	False	1
216f6a46b2a2dc3c7a2fbe0f7d831f875b2cc7a05ef56bd7b77fed1160389cfb	country	geography.location.country_code	geography.location.country_code	0.99112468957901	high		country_code_post_hint_guard:alpha2_rate=1.00	False	1
8331e5ebf40b3310c90edf9853a0375822b703af3733b0e6f3d3359d24616da3	Country	geography.location.country_code	geography.location.country_code	0.6000000238418579	low	geography.location.region	country_code_corroboration	False	1
58bbb3130117bf5703816dfc9fed0c34afc97b8b5f88e9f6c387e91bc04a4b01	country	geography.location.country_code	geography.location.country_code	0.800000011920929	medium		country_code_post_hint_guard:alpha2_rate=1.00	False	1
1aa886137d41355049f757b22009e37b8f05e71b8274b242e9c7605e15145801	countryCode	geography.location.country_code	geography.location.country_code	0.9877843856811523	high			False	1
0c01eda7366db7a2ddd011c85959095ca3982b56b510e1d335d07da61a546fab	countryCode	geography.location.country_code	geography.location.country_code	0.9877843856811523	high			False	1
e5f784d19c67804d6b437169757916117bbc4e8b62a801d5e47c6d2272b4ee13	country_code	geography.location.country_code	geography.location.country_code	1.0	high			False	1
c66bf266c7164fd9ead29c059e79bed974994d2a0567864002efc4172282179d	country_code	geography.location.country_code	geography.location.country_code	1.0	high			False	1
794aabff8bd3888e3c5b44efd5f2b5a83f44a09ac72ade10bf303e6b7fa7bfeb	country_code	geography.location.country_code	geography.location.country_code	1.0	high			False	1
ee0788c7023defa826223b8f46a592223032a91ea732e0af184a5a46fa514dd3	country_code	geography.location.country_code	geography.location.country_code	1.0	high			False	1
4c960d445e3bbf5c9f9348a0bb745496f86604f276bc76a34ce039a9e170f1b1	country_code	geography.location.country_code	geography.location.country_code	1.0	high			False	1
75c606cbf6c31e84c0a06251a323e75f0a23e2c27d1fdb4ff108bc88243ec00f	country_code	geography.location.country_code	geography.location.country_code	1.0	high			False	1
7378ddf58059479566ef3bf8f0f885028867008ab0245857893068b4b94d9305	country_code	geography.location.country_code	geography.location.country_code	1.0	high			False	1
3adafaf76c027f876adaad7df9eabf87b1f086e4c61c5de8adfaa54bc0bd0379	country_code	geography.location.country_code	geography.location.country_code	1.0	high			False	1
e997b12a559d1e7cdeb6d413ad61bb03c29e1952f5373fd14bc69c7fda6b7e4f	country_code	geography.location.country_code	geography.location.country_code	1.0	high			False	1
970651ad9f95ba8d68f69cd9ca583fcf8900f9901b5e01860db64352a4f68855	country_code	geography.location.country_code	geography.location.country_code	1.0	high			False	1
b66140608f73480ccc68821f8fa233a576996c1e8c3ee6264e0023ae4135a34b	Country	geography.location.country_code	geography.location.country_code	0.9941849112510681	high		country_code_post_hint_guard:alpha2_rate=1.00	False	1
87f33e3f51efa1d650e203b0b5e65e2b1c9714ac64e4a37066d71690ad54e73b	country	geography.location.country_code	geography.location.country_code	0.99112468957901	high		country_code_post_hint_guard:alpha2_rate=1.00	False	1
4d3a70cb10124b534d3b3520e3f1b5ee56a084b736fc7918182d1fc9c88163b1	country_id	geography.location.country_code	geography.location.country_code	0.9846650958061218	high			False	1
cd96c830f5f0d3f1d3903e7b94b7e6b62e350fded24030a551806eef3116699b	country_id	geography.location.country_code	geography.location.country_code	0.9846650958061218	high			False	1
ee4700db32b75facf1dc10eeff714cf541cb88e814dd2a1c8aae69581296d22b	country_id	geography.location.country_code	geography.location.country_code	0.7944484949111938	medium			False	1
499ca918d7af628e37a446acc706128554937889e7d31f325125a9369ac1872d	country_code	geography.location.country_code	geography.location.country_code	0.7003492116928101	medium			False	1
c12d7a78acfa366ed9850f1d314ff5ecc7f12db341568c4a17e2fdea20f6b9a7	country	geography.location.country_code	geography.location.country_code	0.800000011920929	medium		country_code_post_hint_guard:alpha2_rate=1.00	False	1
dac45352ba6c481779b4f48ec175ec6bf46191d7605532401eb7e8036d3e0b21	venue_localized_country_name	geography.location.country	identity.person.full_name	0.6244085431098938	low	geography.location.country	header_hint_person_override:venue_localized_country_name	False	0
d74d4d592bac70a01eb83811dfd39293e8609e303d19a0dea7700016f57fe6c9	exchange	representation.text.word	representation.text.word	0.8881123065948486	high		enum_reframe_residual<-header_hint_cross_domain:exchange	False	1
fe780b1a6eb99618029b34d7605bbb7bb6fe09cfc70af511257975e57f7ebaf9	exchange	representation.text.word	representation.text.word	0.8881123065948486	high		enum_reframe_residual<-header_hint_cross_domain:exchange	False	1
7d89500febc818ea0fe10cf268206ff53d094395f4e2f112795bdce7dd7fe967	exchange	representation.text.word	representation.text.word	0.8881123065948486	high		enum_reframe_residual<-header_hint_cross_domain:exchange	False	1
b50b64cda798fd326a32bc034ae87e59d8ad121e4b44be80c73d59ddeedf2a0d	exchange	representation.text.word	representation.text.word	0.8881123065948486	high		enum_reframe_residual<-header_hint_cross_domain:exchange	False	1
119034f59941263af8f4a686ee086e2cd2bfc8ba07f0b75ad62c823e0b738029	exchange	representation.text.word	representation.text.word	0.8881123065948486	high		enum_reframe_residual<-header_hint_cross_domain:exchange	False	1
ec08f0733657562cb8a067d419c4ecfeef10eda643cc0027a3ee47419f4a2d33	exchange	representation.text.word	representation.text.word	0.8881123065948486	high		enum_reframe_residual<-header_hint_cross_domain:exchange	False	1
4fa2e6624f820e66021ba8ecd754e32fc1308f18b89c2a0c789906a5837bdea9	exchange	representation.text.word	representation.text.word	0.8881123065948486	high		enum_reframe_residual<-header_hint_cross_domain:exchange	False	1
51ede784ec2b709d3949b7cdb8f718f29e37558e1242cd45e1718df164b60faf	exchange	representation.text.word	representation.text.word	0.8881123065948486	high		enum_reframe_residual<-header_hint_cross_domain:exchange	False	1
8a6728a52ce75ba0aae95c559b37065f0692830fe0d2cba9cc7ddce620b665c9	exchange	representation.text.word	representation.text.word	0.8881123065948486	high		enum_reframe_residual<-header_hint_cross_domain:exchange	False	1
0c41d3c433d4401a3d4918564347a1424db4026b96efb8d706994147bcc5a21b	exchange	representation.text.word	representation.text.word	0.8881123065948486	high		enum_reframe_residual<-header_hint_cross_domain:exchange	False	1
f32edd8ffdeb0f59f489eea4b71b2ad9176d4e9adf22e24592b857767fe5c5bd	exchange	representation.text.word	representation.text.word	0.8881123065948486	high		enum_reframe_residual<-header_hint_cross_domain:exchange	False	1
354b9d7b70355b273db76a89cf4601c1b08a66cfd13e3ddeafc519bf21c51e7d	exchange	representation.text.word	representation.text.word	0.8881123065948486	high		enum_reframe_residual<-header_hint_cross_domain:exchange	False	1
fbcca15341ba74691f8218209476294fc189d537947cbfcde08f390789b7c543	exchange	representation.text.word	representation.text.word	0.8881123065948486	high		enum_reframe_residual<-header_hint_cross_domain:exchange	False	1
2cca6dfba0c773c896168ff99b1ed97cc9f999ca1c08c2a6f2f203a20ba79505	exchange	representation.text.word	representation.text.word	0.8881123065948486	high		enum_reframe_residual<-header_hint_cross_domain:exchange	False	1
3ff70a03583eb06222e475cf0fdea33d2a0fbdab76a902fc9b6a306ca25cf095	exchange	representation.text.word	representation.text.word	0.8881123065948486	high		enum_reframe_residual<-header_hint_cross_domain:exchange	False	1
96b0c4699df6f807796d8db586a9c1c4ddc7a6f26a7491bcd16eb4df058cf0ed	exchange	representation.text.word	representation.text.word	0.8881123065948486	high		enum_reframe_residual<-header_hint_cross_domain:exchange	False	1
b6db1682f516e3bd5915a886da6a0e610adcfb62ddbba4d88281e0f3bd1539bd	exchange	representation.text.word	representation.text.word	0.8881123065948486	high		enum_reframe_residual<-header_hint_cross_domain:exchange	False	1
14d9f16204528760cf758230144fc3fbcdd5c0e8199956d19488527c0ac06fb3	exchange	representation.text.word	representation.text.word	0.8881123065948486	high		enum_reframe_residual<-header_hint_cross_domain:exchange	False	1
d6599f8d11aa42f1e26dccf549d71603a955c2e0cd6200d8794e2ebb41ee2d67	exchange	representation.text.word	representation.text.word	0.8881123065948486	high		enum_reframe_residual<-header_hint_cross_domain:exchange	False	1
f9a5e4f554d4ac2fa9cd00a5a29027f0fe146fd7961ecd96c6024d2d67ccadb9	exchange	representation.text.word	representation.text.word	0.8881123065948486	high		enum_reframe_residual<-header_hint_cross_domain:exchange	False	1
4dccbd38a799da7a481bb2c79807af3e9470ce45bfc0190641be844290d3df6f	exchange	representation.text.word	representation.text.word	0.8881123065948486	high		enum_reframe_residual<-header_hint_cross_domain:exchange	False	1
bb58c5989e76e6e7b79276f16f8e6090f5b4ee7a90d9a40c7cb88e9986752ff9	exchange	representation.text.word	representation.text.word	0.8881123065948486	high		enum_reframe_residual<-header_hint_cross_domain:exchange	False	1
34a03e50c229f02f6db7e85b7df1069906798dc1075bcdfc5554b8c9107e8891	exchange	representation.text.word	representation.text.word	0.8881123065948486	high		enum_reframe_residual<-header_hint_cross_domain:exchange	False	1
0c669fe7b5ed8f0b54bceadd3ac6e53b0cf0dd771f314f936b6ad20d96215499	exchange	representation.text.word	representation.text.word	0.8881123065948486	high		enum_reframe_residual<-header_hint_cross_domain:exchange	False	1
063caa53b5db4821cbe1cbd3062ceafabc3d5950af1856d242b4d3225b6b8cdf	exchange	representation.text.word	representation.text.word	0.8881123065948486	high		enum_reframe_residual<-header_hint_cross_domain:exchange	False	1
a368748c44a738ec437eb6cd2edf235420ee65b9a35ff12810edbe62efd378f7	exchange	representation.text.word	representation.text.word	0.8881123065948486	high		enum_reframe_residual<-header_hint_cross_domain:exchange	False	1
d777dd90ac932340b6377843d6bc1df30f0b33cb26afe883ff64c940a83a77b5	exchange	representation.text.word	representation.text.word	0.8881123065948486	high		enum_reframe_residual<-header_hint_cross_domain:exchange	False	1
4d92084db55e2d51cf6bce8385c3be3aecbc8837adab4f5874296ed43c62c82f	exchange	representation.text.word	representation.text.word	0.8881123065948486	high		enum_reframe_residual<-header_hint_cross_domain:exchange	False	1
33e27a9b82e3b59867b87437198827294c0eda6cfb352042dd659ddcd879711b	exchange	representation.text.word	representation.text.word	0.8881123065948486	high		enum_reframe_residual<-header_hint_cross_domain:exchange	False	1
6b40faab0b06523e85d45c35db5e6f0ca89443fad5ad03dfba829d6da71bd587	lat	geography.coordinate.latitude	geography.coordinate.latitude	0.579683780670166	low		coordinate_disambiguation	False	1
2cfd2180b6f1285812e4645c55a7050da8afb6636e5c9860e9636f9a36decff9	Latitude	geography.coordinate.latitude	geography.coordinate.latitude	0.9804137349128723	high		header_hint_cross_domain:latitude	False	1
d06e09fb11e8bcc14fd7236805d1bf1aec568b86b02dba379af4fd34061dfcb5	Latitude	geography.coordinate.latitude	geography.coordinate.latitude	0.9932765960693359	high		header_hint_cross_domain:latitude	False	1
02866d6d49509f82018c232b35cfd4fffaabf6874a842dbf03fbd533d651500f	Latitude	geography.coordinate.latitude	geography.coordinate.latitude	0.9736035466194153	high		header_hint_cross_domain:latitude	False	1
7e52c8463cb9d8e381e510c6cdb1441c834d414b19b8558947e6ede1e4d35331	Latitude	geography.coordinate.latitude	geography.coordinate.latitude	0.9175350069999695	high		header_hint_cross_domain:latitude	False	1
0a054b82ba877d9f84da4e87d91ea2e68ab1a54f28a77f98905ed53ec4b4a473	Latitude	geography.coordinate.latitude	geography.coordinate.latitude	0.9446726441383362	high		header_hint_cross_domain:latitude	False	1
5d625ca5d2ee2f0154f7e9f1f886176025c85a3388491a285fe50ade00e55e1f	Latitude	geography.coordinate.latitude	geography.coordinate.latitude	0.9899619817733765	high		header_hint_cross_domain:latitude	False	1
6f3795309d285c5a7c037c1afeb9e3da58695d3c10aaa8f1261b71b99ca01daf	Latitude	geography.coordinate.latitude	geography.coordinate.latitude	0.9946692585945129	high		header_hint_cross_domain:latitude	False	1
1da8a8118f987aac20f84f358cacac621d8ec361fe5547b8e9f904b60422f587	Latitude	geography.coordinate.latitude	geography.coordinate.latitude	0.9826639294624329	high		header_hint_cross_domain:latitude	False	1
523b85f058b1e970ffb76833fa4622162b8d0b3bcebe30a72f6775734911cf01	Latitude	geography.coordinate.latitude	geography.coordinate.latitude	0.9732159972190857	high		header_hint_cross_domain:latitude	False	1
3b453ba62475daf1997642dca113729483b21bcb5deb5881e446a6ce141d81d9	Latitude	geography.coordinate.latitude	geography.coordinate.latitude	0.9811311960220337	high		header_hint_cross_domain:latitude	False	1
e300e2c22b63311238897df874c9fb8e374c63881fe056d0c09dcfe0b0305643	Latitude	geography.coordinate.latitude	geography.coordinate.latitude	0.9641962051391602	high		header_hint_cross_domain:latitude	False	1
f622b84f11a91de0b33f466138f12192bffe856c5d84278da5038443fae856ad	Latitude	geography.coordinate.latitude	geography.coordinate.latitude	0.9641962051391602	high		header_hint_cross_domain:latitude	False	1
67a7484e239dc923eed82dea492b2a203da21c203847161506f2613b314e4e5b	Latitude	geography.coordinate.latitude	geography.coordinate.latitude	0.9501808285713196	high		header_hint_cross_domain:latitude	False	1
f92341afab9586bae664a574441d8456f52633b4dc3abb956867f00be95a5a49	Latitude	geography.coordinate.latitude	geography.coordinate.latitude	0.9735562205314636	high		header_hint_cross_domain:latitude	False	1
60da311bee2c7dd72e094b053fb1605bd63ad280dca9574552d606d3246538c9	Latitude	geography.coordinate.latitude	geography.coordinate.latitude	0.9829494953155518	high		header_hint_cross_domain:latitude	False	1
f8cb393823657b21e5ed0a2426c576a37fc47e2bcfbe5c29ac3496635131f0e9	Latitude	geography.coordinate.latitude	geography.coordinate.latitude	0.9620375633239746	high		header_hint_cross_domain:latitude	False	1
c32c1f55c77bd408ad937cc64d31e2a5d990b82b6712a9a184f2a3bb201bddad	Latitude	geography.coordinate.latitude	geography.coordinate.latitude	0.9753231406211853	high		header_hint_cross_domain:latitude	False	1
2a85eed7b3d27e11df3d141f1267f72be81250345b22d5ae02c29d0267121e53	Latitude	geography.coordinate.latitude	geography.coordinate.latitude	0.9866589307785034	high		header_hint_cross_domain:latitude	False	1
8bad4a25d792446fa43c03c20624c3ec1e46f63daa8258868c31f07be278fd47	Latitude	geography.coordinate.latitude	geography.coordinate.latitude	0.9883432984352112	high		header_hint_cross_domain:latitude	False	1
785932eccbb6a915d7f1ce69bfd27681bbc6c04ef6ebec1aad5e7959a3471853	Latitude	geography.coordinate.latitude	geography.coordinate.latitude	0.9831094145774841	high		header_hint_cross_domain:latitude	False	1
553a0ca480667ce7b85b9b1b9948d609e56d58e62bb366724293b500f949ac1b	Latitude	geography.coordinate.latitude	geography.coordinate.latitude	0.9805232882499695	high		header_hint_cross_domain:latitude	False	1
28cfb7b5cd43902709934a70867ce968bfb5f6dc5a4667e3fc38bb97d24b068b	Latitude	geography.coordinate.latitude	geography.coordinate.latitude	0.9677914381027222	high		header_hint_cross_domain:latitude	False	1
6c1c07802c34c7e7e4a7e772fe695e13a94844b655c4682d802552cf452490bb	Latitude	geography.coordinate.latitude	geography.coordinate.latitude	0.9865368604660034	high		header_hint_cross_domain:latitude	False	1
5c417a30865036d2b06db7bb2d822f5fa0db84b1c379ed7b5217e015997c956f	Latitude	geography.coordinate.latitude	geography.coordinate.latitude	0.9865303039550781	high		header_hint_cross_domain:latitude	False	1
b8138466dade4ef98802796857d224bd67003e53b94c2a2c27c48c036a8bef45	Latitude	geography.coordinate.latitude	geography.coordinate.latitude	0.9809370636940002	high		header_hint_cross_domain:latitude	False	1
ef46e78178a9156fdd0cc87a8f75a2c0b157696072f2ce47817da3817c2dbcb7	latitude	geography.coordinate.latitude	geography.coordinate.latitude	0.9879185557365417	high		header_hint_cross_domain:latitude	False	1
8e4529adf14fa9601791f04ec5ea2d1ad90f0a0517b892567682659acf5858a1	latitude	geography.coordinate.latitude	geography.coordinate.latitude	0.9462210536003113	high		header_hint_cross_domain:latitude	False	1
b4c4def9df1bb6a8f8def1a131e907a8b33363173d66d3645118a4afb5fbfd3d	latitude	geography.coordinate.latitude	geography.coordinate.latitude	0.9601258635520935	high		header_hint_cross_domain:latitude	False	1
18ff4dddb3b1e662ef13f76cada2a23c1797e3f6d0ad2e634ba0b17a93f3e871	Lat	geography.coordinate.latitude	geography.coordinate.latitude	0.9994775652885437	high		header_hint_cross_domain:lat	False	1
6b40faab0b06523e85d45c35db5e6f0ca89443fad5ad03dfba829d6da71bd587	lon	geography.coordinate.longitude	geography.coordinate.longitude	0.7521330714225769	medium		header_hint_cross_domain:lon	False	1
2cfd2180b6f1285812e4645c55a7050da8afb6636e5c9860e9636f9a36decff9	Longitude	geography.coordinate.longitude	geography.coordinate.longitude	0.9612134695053101	high		header_hint_cross_domain:longitude	False	1
d06e09fb11e8bcc14fd7236805d1bf1aec568b86b02dba379af4fd34061dfcb5	Longitude	geography.coordinate.longitude	geography.coordinate.longitude	0.9386311769485474	high		header_hint_cross_domain:longitude	False	1
02866d6d49509f82018c232b35cfd4fffaabf6874a842dbf03fbd533d651500f	Longitude	geography.coordinate.longitude	geography.coordinate.longitude	0.9715867638587952	high		header_hint_cross_domain:longitude	False	1
7e52c8463cb9d8e381e510c6cdb1441c834d414b19b8558947e6ede1e4d35331	Longitude	geography.coordinate.longitude	geography.coordinate.longitude	0.9848509430885315	high		header_hint_cross_domain:longitude	False	1
0a054b82ba877d9f84da4e87d91ea2e68ab1a54f28a77f98905ed53ec4b4a473	Longitude	geography.coordinate.longitude	geography.coordinate.longitude	0.8908142447471619	high		header_hint_cross_domain:longitude	False	1
5d625ca5d2ee2f0154f7e9f1f886176025c85a3388491a285fe50ade00e55e1f	Longitude	geography.coordinate.longitude	geography.coordinate.longitude	0.9748976230621338	high		header_hint_cross_domain:longitude	False	1
6f3795309d285c5a7c037c1afeb9e3da58695d3c10aaa8f1261b71b99ca01daf	Longitude	geography.coordinate.longitude	geography.coordinate.longitude	0.9233735799789429	high		header_hint_cross_domain:longitude	False	1
1da8a8118f987aac20f84f358cacac621d8ec361fe5547b8e9f904b60422f587	Longitude	geography.coordinate.longitude	geography.coordinate.longitude	0.9878958463668823	high		header_hint_cross_domain:longitude	False	1
523b85f058b1e970ffb76833fa4622162b8d0b3bcebe30a72f6775734911cf01	Longitude	geography.coordinate.longitude	geography.coordinate.longitude	0.9130443930625916	high		header_hint_cross_domain:longitude	False	1
3b453ba62475daf1997642dca113729483b21bcb5deb5881e446a6ce141d81d9	Longitude	geography.coordinate.longitude	geography.coordinate.longitude	0.9578946232795715	high		header_hint_cross_domain:longitude	False	1
e300e2c22b63311238897df874c9fb8e374c63881fe056d0c09dcfe0b0305643	Longitude	geography.coordinate.longitude	geography.coordinate.longitude	0.970960795879364	high		header_hint_cross_domain:longitude	False	1
f622b84f11a91de0b33f466138f12192bffe856c5d84278da5038443fae856ad	Longitude	geography.coordinate.longitude	geography.coordinate.longitude	0.970960795879364	high		header_hint_cross_domain:longitude	False	1
67a7484e239dc923eed82dea492b2a203da21c203847161506f2613b314e4e5b	Longitude	geography.coordinate.longitude	geography.coordinate.longitude	0.993528425693512	high		header_hint_cross_domain:longitude	False	1
f92341afab9586bae664a574441d8456f52633b4dc3abb956867f00be95a5a49	Longitude	geography.coordinate.longitude	geography.coordinate.longitude	0.9399352073669434	high		header_hint_cross_domain:longitude	False	1
60da311bee2c7dd72e094b053fb1605bd63ad280dca9574552d606d3246538c9	Longitude	geography.coordinate.longitude	geography.coordinate.longitude	0.9783461689949036	high		header_hint_cross_domain:longitude	False	1
f8cb393823657b21e5ed0a2426c576a37fc47e2bcfbe5c29ac3496635131f0e9	Longitude	geography.coordinate.longitude	geography.coordinate.longitude	0.9613655805587769	high		header_hint_cross_domain:longitude	False	1
c32c1f55c77bd408ad937cc64d31e2a5d990b82b6712a9a184f2a3bb201bddad	Longitude	geography.coordinate.longitude	geography.coordinate.longitude	0.992220938205719	high		header_hint_cross_domain:longitude	False	1
2a85eed7b3d27e11df3d141f1267f72be81250345b22d5ae02c29d0267121e53	Longitude	geography.coordinate.longitude	geography.coordinate.longitude	0.9766787886619568	high		header_hint_cross_domain:longitude	False	1
8bad4a25d792446fa43c03c20624c3ec1e46f63daa8258868c31f07be278fd47	Longitude	geography.coordinate.longitude	geography.coordinate.longitude	0.9862646460533142	high		header_hint_cross_domain:longitude	False	1
785932eccbb6a915d7f1ce69bfd27681bbc6c04ef6ebec1aad5e7959a3471853	Longitude	geography.coordinate.longitude	geography.coordinate.longitude	0.974819004535675	high		header_hint_cross_domain:longitude	False	1
553a0ca480667ce7b85b9b1b9948d609e56d58e62bb366724293b500f949ac1b	Longitude	geography.coordinate.longitude	geography.coordinate.longitude	0.9797980785369873	high		header_hint_cross_domain:longitude	False	1
28cfb7b5cd43902709934a70867ce968bfb5f6dc5a4667e3fc38bb97d24b068b	Longitude	geography.coordinate.longitude	geography.coordinate.longitude	0.9670522809028625	high		header_hint_cross_domain:longitude	False	1
6c1c07802c34c7e7e4a7e772fe695e13a94844b655c4682d802552cf452490bb	Longitude	geography.coordinate.longitude	geography.coordinate.longitude	0.9231657981872559	high		header_hint_cross_domain:longitude	False	1
5c417a30865036d2b06db7bb2d822f5fa0db84b1c379ed7b5217e015997c956f	Longitude	geography.coordinate.longitude	geography.coordinate.longitude	0.9744883179664612	high		header_hint_cross_domain:longitude	False	1
b8138466dade4ef98802796857d224bd67003e53b94c2a2c27c48c036a8bef45	Longitude	geography.coordinate.longitude	geography.coordinate.longitude	0.9466857314109802	high		header_hint_cross_domain:longitude	False	1
ef46e78178a9156fdd0cc87a8f75a2c0b157696072f2ce47817da3817c2dbcb7	longitude	geography.coordinate.longitude	geography.coordinate.longitude	0.9409353733062744	high		header_hint_cross_domain:longitude	False	1
8e4529adf14fa9601791f04ec5ea2d1ad90f0a0517b892567682659acf5858a1	longitude	geography.coordinate.longitude	geography.coordinate.longitude	0.699999988079071	medium		header_hint_same_category:longitude	False	1
b4c4def9df1bb6a8f8def1a131e907a8b33363173d66d3645118a4afb5fbfd3d	longitude	geography.coordinate.longitude	geography.coordinate.longitude	0.7650540471076965	medium		header_hint_same_category:longitude	False	1
18ff4dddb3b1e662ef13f76cada2a23c1797e3f6d0ad2e634ba0b17a93f3e871	Lon	geography.coordinate.longitude	geography.coordinate.longitude	0.9837657809257507	high		header_hint_cross_domain:lon	False	1
30e251b8b87fd9f6a7245b9ae575c3dca4156a96963024941061dea195b9b929	COG_PER_RATIO	representation.numeric.decimal_number	representation.numeric.decimal_number	0.9958213567733765	high			False	1
30e251b8b87fd9f6a7245b9ae575c3dca4156a96963024941061dea195b9b929	DEPTH	representation.numeric.decimal_number	representation.numeric.decimal_number	0.9968333840370178	high			False	1
30e251b8b87fd9f6a7245b9ae575c3dca4156a96963024941061dea195b9b929	DISTINCTIVENESS_KL	representation.numeric.decimal_number	representation.numeric.decimal_number	0.980258047580719	high			False	1
dd632db13a462201b45878e0037622fd5819fcf82922c7b94cdd63cbc8cfbf7f	fiftyTwoWeekLowChangePercent	representation.numeric.decimal_number	representation.numeric.decimal_number	0.6000000238418579	low	geography.coordinate.latitude	coord_header_veto:fiftytwoweeklowchangepercent	False	1
d220ae3af3db07d4a9fc32154854830b95c617169da46bd2bde20772d6d6c953	fiftyTwoWeekLowChangePercent	representation.numeric.decimal_number	representation.numeric.decimal_number	0.6000000238418579	low	geography.coordinate.latitude	coord_header_veto:fiftytwoweeklowchangepercent	False	1
9449be1b7f93aa8e8fa9d13144626b558af54cdef84b8dd59b06cc690d1798cd	fiftyTwoWeekLowChange	representation.numeric.decimal_number	representation.numeric.decimal_number	0.6000000238418579	low	geography.coordinate.latitude	coord_header_veto:fiftytwoweeklowchange	False	1
3ee578ebe539df50efb3f693d87841de60057f6796d5325569c32af8f5b90673	fiftyTwoWeekLowChange	representation.numeric.decimal_number	representation.numeric.decimal_number	0.6000000238418579	low	geography.coordinate.latitude	coord_header_veto:fiftytwoweeklowchange	False	1
ddf9e2106dd9d2ba2241b126c7401cb90c9a8c85ef0fece87cc555e8d7256207	__index_level_8__	representation.numeric.decimal_number	representation.numeric.decimal_number	0.9997368454933167	high			False	1
f2154b4e911ade341df891773907d2aca790f607b1fcc85722f7f028ccbc4d0b	fiftyTwoWeekLowChange	representation.numeric.decimal_number	representation.numeric.decimal_number	0.6000000238418579	low	geography.coordinate.latitude	coord_header_veto:fiftytwoweeklowchange	False	1
03bff6e59fa6c42bfe98a78b01f3fd685c60ef68a5fe4323008943503a0c3367	fiftyTwoWeekLowChange	representation.numeric.decimal_number	representation.numeric.decimal_number	0.6000000238418579	low	geography.coordinate.latitude	coord_header_veto:fiftytwoweeklowchange	False	1
cb10421e9a2de95ed0d535e3e0fccff4e51266505edbda2c872dc427665e6b47	fiftyTwoWeekLowChangePercent	representation.numeric.decimal_number	representation.numeric.decimal_number	0.6000000238418579	low	geography.coordinate.longitude	coord_header_veto:fiftytwoweeklowchangepercent	False	1
86fdd5e04f0328e21e0a24d75a521b0820c4a115585f5fbb6975f0bea2de5aa7	fiftyTwoWeekLowChange	representation.numeric.decimal_number	representation.numeric.decimal_number	0.6000000238418579	low	geography.coordinate.latitude	coord_header_veto:fiftytwoweeklowchange	False	1
da9fca5d2e3254c1fdbf1ea2840eb15a676befebe17170a21bd8c13eb59db677	fiftyTwoWeekLow	representation.numeric.decimal_number	representation.numeric.decimal_number	0.6000000238418579	low	geography.coordinate.latitude	coord_header_veto:fiftytwoweeklow	False	1
252623ce54d7066f1f07f89442e2ca1ba9850c9b972ae0ee2952edeb6b0b9203	fiftyTwoWeekLowChangePercent	representation.numeric.decimal_number	representation.numeric.decimal_number	0.6000000238418579	low	geography.coordinate.latitude	coord_header_veto:fiftytwoweeklowchangepercent	False	1
6f2f2efab8007695c525418d569dac69b79304bd2264faa29531826f9ed90bc9	fiftyTwoWeekLowChange	representation.numeric.decimal_number	representation.numeric.decimal_number	0.6000000238418579	low	geography.coordinate.latitude	coord_header_veto:fiftytwoweeklowchange	False	1
67eee8e0a50f249a93ba823df4e0ca371f0a1e4c646e6632d808991cdbe374db	fiftyTwoWeekLowChange	representation.numeric.decimal_number	representation.numeric.decimal_number	0.6000000238418579	low	geography.coordinate.latitude	coord_header_veto:fiftytwoweeklowchange	False	1
597ea9cdbacfd5cccedbe88a194c0b33ba2c629b2cdc3bdff0a047eab73b2e23	__index_level_8__	representation.numeric.decimal_number	representation.numeric.decimal_number	0.9997368454933167	high			False	1
fbe0e14124cb894d8b94ff7ada07b4578924e49bf768edad023b8842f99b5303	__index_level_8__	representation.numeric.decimal_number	representation.numeric.decimal_number	0.9979554414749146	high			False	1
41a81fd616df47827f9880ffc5076174e7e1ab83f0d7323d2327bc9173fe2459	__index_level_7__	representation.numeric.decimal_number	representation.numeric.decimal_number	0.9973143935203552	high			False	1
f636bb941d5febc42f3c411b756a9dbc99081f53d4d4c7c38a0d65ef8234c94b	rate_tx	representation.numeric.decimal_number	representation.numeric.decimal_number	0.9202070236206055	high			False	1
b5d3d2f4724e2959f88f3bc982f6b4fedea2d3553981b92a1b8b3efe62704cc1	rate_tx	representation.numeric.decimal_number	representation.numeric.decimal_number	0.8923719525337219	high			False	1
1f24fec97f390b3d7800ddeb6982a87e1942dc9173ab495a722ff21375c46b3b	rate_multiplier	representation.numeric.decimal_number	representation.numeric.decimal_number	0.9487837553024292	high			False	1
1f24fec97f390b3d7800ddeb6982a87e1942dc9173ab495a722ff21375c46b3b	rate_rx	representation.numeric.decimal_number	representation.numeric.decimal_number	0.9691004157066345	high			False	1
1f24fec97f390b3d7800ddeb6982a87e1942dc9173ab495a722ff21375c46b3b	rate_tx	representation.numeric.decimal_number	representation.numeric.decimal_number	0.8673250079154968	high			False	1
4f8d5951ce4825a84e0aecc528bae54970476950984b4552ff6538ddc673bfdd	mean_acc_[M0]	representation.numeric.decimal_number	representation.numeric.decimal_number	0.9568967819213867	high			False	1
6299249d3b086b4e14ba7ac4696ebb0c958fff2da7d2a6d61b313975e39984d3	mean_acc_[M0]	representation.numeric.decimal_number	representation.numeric.decimal_number	0.8839172720909119	high			False	1
6299249d3b086b4e14ba7ac4696ebb0c958fff2da7d2a6d61b313975e39984d3	mean_kappa_[M0]	representation.numeric.decimal_number	representation.numeric.decimal_number	0.9440717697143555	high			False	1
c5f49b598be73e463665d5184be57b40d0c8d5330acf1eb1e21169d36602d281	mean_acc_[M0]	representation.numeric.decimal_number	representation.numeric.decimal_number	0.9553412795066833	high			False	1
9dc1a65f02b4a94ac607e909ecd60b7b52a499bcbe2901f864babc3d1ba9f383	mean_acc_[M0]	representation.numeric.decimal_number	representation.numeric.decimal_number	0.9091790914535522	high			False	1
9dc1a65f02b4a94ac607e909ecd60b7b52a499bcbe2901f864babc3d1ba9f383	mean_kappa_[M0]	representation.numeric.decimal_number	representation.numeric.decimal_number	0.9090638160705566	high			False	1
b410beda5a9a35d04f37cc225050fc1be97838fa523e740a549956f535ef7ba1	Year	datetime.component.year	datetime.component.year	1.0	high		numeric_year_detection	False	1
f2aa77f20034f6d0c051e91084d262436b3e17d945544703a01895e0f251f0cb	Year	datetime.component.year	datetime.component.year	1.0	high		numeric_year_detection	False	1
9776c702ddebc48bbd32499e6dff9e4cb37cfd4e30e2ee2d39c5a855912984b9	year	datetime.component.year	datetime.component.year	1.0	high		numeric_year_detection	False	1
deacced01cf1a652abcb2eb018eb083770762b668c7e0ec405ec6d0cc5ce0b8d	year	datetime.component.year	datetime.component.year	1.0	high		numeric_year_detection	False	1
006226661bc24e86ddc33fad5947ff5651a8c905a157f29acbf4791e9232a4c9	year	datetime.component.year	datetime.component.year	1.0	high		numeric_year_detection	False	1
f9dfd3832d903ca03e001fc38bbe5d70c49c7e9a1e44b5221c0e75148f248c2d	Year	datetime.component.year	datetime.component.year	1.0	high		numeric_year_detection	False	1
6b01c2890476992aa27f6ac002fa029f6f7a3287772aa44b79ea6ccb88f4f843	Year	datetime.component.year	datetime.component.year	1.0	high		numeric_year_detection	False	1
b055b6c297d488cb6b2f6d86a54d7664b50e0c1c07340db3f27b975d10c65dc3	Year	datetime.component.year	datetime.component.year	1.0	high		numeric_year_detection	False	1
eaed7148d241ced9654931d5c659659a34b0c6e7cadff2572d37f81a4e435eef	Year	datetime.component.year	datetime.component.year	1.0	high		numeric_year_detection	False	1
20b8884e19e45856ba5515939903e977e620d1ca2bf973e6d66aa5da9de2fa79	Year	datetime.component.year	datetime.component.year	1.0	high		numeric_year_detection	False	1
116f0080e401375f841a0782ec60b042a2b10c14b15e17ae051ef843106ac355	Year	datetime.component.year	datetime.component.year	1.0	high		numeric_year_detection	False	1
b70afca6c39eb1af770bde86c1e24c5009d14548f0aa9db9ee60a5308c696daf	year	datetime.component.year	datetime.component.year	1.0	high		numeric_year_detection	False	1
7ec4c2fdcb3014b4e1e90736ce65774b44d6d719fc204f352577e492c1dffad9	year	datetime.component.year	datetime.component.year	1.0	high		numeric_year_detection	False	1
b3d2bbb894831d7f10afd995fb6c531d092e6309b8fb8fe926b152c44ce942fb	year	datetime.component.year	datetime.component.year	1.0	high		numeric_year_detection	False	1
49aecf46ed1ac8b14acdd2c1c59b50e0279d4842eff1843ed09080d3d06f0789	release_year	datetime.component.year	datetime.component.year	1.0	high		numeric_year_detection	False	1
fe75cccdb6d9162e14192393ef207296d9faede2661e6ffaea71760d73a8fddd	year	datetime.component.year	datetime.component.year	1.0	high		numeric_year_detection	False	1
edd41d8d992ecf299edcb1decf8e7c23c57093363c37c7f059a88423db2f4619	Year	datetime.component.year	datetime.component.year	1.0	high		numeric_year_detection	False	1
a5915ce477dc453a6892b4573dd7f780a123d4d2baad8e4d02a2b923b8fe46bf	Year	datetime.component.year	datetime.component.year	1.0	high		numeric_year_detection	False	1
040d144aae93037e71da5630f3c6902d8dc4862f4b5d2c3add8fd0c4cdce6e55	Year	datetime.component.year	datetime.component.year	1.0	high		numeric_year_detection	False	1
488a6fa342529c7e3478f7842b34b95395bcb321b6d35613ed226804f2db17dd	Year	datetime.component.year	datetime.component.year	1.0	high		numeric_year_detection	False	1
c24e7e8344866d5af5d076f5bfc34f719f4d6139d2c51f4697553a13e3c9fe6b	Year	datetime.component.year	datetime.component.year	1.0	high		numeric_year_detection	False	1
f00567d9d07804efee6d76ea63d92af0ebcde71b6f2bf93f92fa6271bc685989	Year	datetime.component.year	datetime.component.year	1.0	high		numeric_year_detection	False	1
0028d84c524aea37caaeae359539069833e6fc99961b5fc73b8177e4d99137e5	Year	datetime.component.year	datetime.component.year	1.0	high		numeric_year_detection	False	1
03e4e78414cb189046fcdec4adadd74d94da44f18100966ec8963d60fbdc9321	Year	datetime.component.year	datetime.component.year	1.0	high		numeric_year_detection	False	1
ae8553e95e2f74d5e00e2febe3edea327eb4937078b0a7a00e3d83753d8e172b	Year	datetime.component.year	datetime.component.year	1.0	high		numeric_year_detection	False	1
9f3fe5c0c1309c69ee0c2dc3512bfcd95c175eb878b3f19b5a3b9d224cbb81bb	Year	datetime.component.year	datetime.component.year	1.0	high		numeric_year_detection	False	1
ea634cda7a5a294c5b3357da52c626a8d4cc0eab9c91e8d0386e01a77fffe1f1	Year	datetime.component.year	datetime.component.year	1.0	high		numeric_year_detection	False	1
d196a26e20c81394ef5ed1750e196243e69eee084d42f39514e8afd32a060ac9	Year	datetime.component.year	datetime.component.year	1.0	high		numeric_year_detection	False	1
f2a63df7df9154da1c3a636c01c16e14e29376361be724c95ee93e929f48851d	PubYear	datetime.component.year	datetime.component.year	1.0	high		numeric_year_detection	False	1
1dfe3f9485b2d39cd230f522d6e709b36dec0dfa80d51709d57961637d53ca2b	year	datetime.component.year	datetime.component.year	1.0	high		numeric_year_detection	False	1
d35e045c7c8546af272b026ce2608bfeddd3188b6e70701e202bb51b711336b1	ID	representation.numeric.integer_number	representation.identifier.increment	0.699999988079071	medium		numeric_sequential_detection	False	0
16bc8e787f86c3caf7e56969dc78dafa22dcabdbd160f26ecd3734079da4b263	__index_level_12__	representation.numeric.integer_number	datetime.component.year	0.9999998807907104	high		numeric_year_detection	False	0
cadfedff5b733334c862242d34fdcb2d0abaf12a06fccfc794ada5e012a4075f	Count_read	representation.numeric.integer_number	representation.numeric.integer_number	0.6000000238418579	low	datetime.component.year	postal_header_veto:count_read	False	1
2d4e0b00aa13308dcb38d0661b1e4ca0b84bf31143bfe3793bd88250172849e9	Count_read	representation.numeric.integer_number	representation.numeric.integer_number	0.45612382888793945	low		postal_header_veto:count_read	False	1
4a97818bccd541ccc7d2fda44732578f27f63a68830eb6e794234a0466237549	Count_read	representation.numeric.integer_number	representation.numeric.integer_number	0.5	low	datetime.component.year	header_hint_cross_domain:count_read	False	1
4a584a9db9374c3ed257393f26add043af6d3c10138cbaba22207a054428a39d	Count_read	representation.numeric.integer_number	representation.numeric.integer_number	0.6000000238418579	low	datetime.component.year	postal_header_veto:count_read	False	1
3a486b37ca684d3d31592d434025049d47ba9d7200da3889acdd6eca86ec0b07	__index_level_32__	representation.numeric.integer_number	datetime.component.year	0.2913331389427185	low	representation.numeric.integer_number	numeric_year_detection	False	0
4a63df55513269b252b51b04a68365c549b851f5e9673de35823f5ca108fc4ad	counts	representation.numeric.integer_number	representation.numeric.integer_number	0.6000000238418579	low	datetime.component.year	postal_header_veto:counts	False	1
999dabb8211a652fcaf5d926da8cc1a3ddf12b6a1e933b6b586553283994704f	Count_read	representation.numeric.integer_number	representation.numeric.integer_number	0.6000000238418579	low	representation.identifier.numeric_code	postal_header_veto:count_read	False	1
df9b92c14e844391892101a40a3888d7c716bd0ef12b8ffa601f50d86afa77d5	Count_read	representation.numeric.integer_number	representation.numeric.integer_number	0.6000000238418579	low	datetime.component.year	postal_header_veto:count_read	False	1
a4cc68e46c8678a66125cd8c580753201ed51a8c91ee850d1d6547bd54f382f9	Earnings	representation.numeric.integer_number	representation.numeric.integer_number	0.6000000238418579	low	datetime.component.year	increment_substance_veto	False	1
02fa8a4efe433a8605dd662ba26a1688f51dfbeeee391c726cf22b7fe80b2793	averageDailyVolume10Day	representation.numeric.integer_number	representation.numeric.integer_number	0.5460750460624695	low		postal_header_veto:averagedailyvolume10day	False	1
5979e693912609a121cf0b699b38ceb69283d4b0b10b43a5956099c70810465d	Count_read	representation.numeric.integer_number	representation.numeric.integer_number	0.6000000238418579	low	datetime.component.year	postal_header_veto:count_read	False	1
f2ddb1c5902731fed9d58ff90e87c17b44f851a464e4e87040a9d0edce6a4d41	accountsPayable	representation.numeric.integer_number	representation.numeric.integer_number	0.6000000238418579	low		postal_header_veto:accountspayable	False	1
f2ddb1c5902731fed9d58ff90e87c17b44f851a464e4e87040a9d0edce6a4d41	totalCurrentLiabilities	representation.numeric.integer_number	representation.numeric.integer_number	0.6000000238418579	low		postal_header_veto:totalcurrentliabilities	False	1
638ac3921b170a3d8639fa25e62cbaaf8a3af013980651a3624475faf0d65717	fullTimeEmployees	representation.numeric.integer_number	representation.numeric.integer_number	0.6000000238418579	low	representation.identifier.numeric_code	postal_header_veto:fulltimeemployees	False	1
c596c914554ec91da234684d79e6c0ee8e99aad7c519a7500c02d380a7e8c3e1	fullTimeEmployees	representation.numeric.integer_number	representation.numeric.integer_number	0.6000000238418579	low		postal_header_veto:fulltimeemployees	False	1
bc69b8a477b5b70c3d128fba65cafd2563e69db1f428e5cc1afdff3d4f9e4805	averageDailyVolume10Day	representation.numeric.integer_number	representation.numeric.integer_number	0.6000000238418579	low	representation.identifier.numeric_code	postal_header_veto:averagedailyvolume10day	False	1
0c69a4ef90732003885c45b715ccbb1e659d7fe824791dda7dd7fe7a86dab4d1	averageDailyVolume10Day	representation.numeric.integer_number	representation.numeric.integer_number	0.5251594185829163	low		postal_header_veto:averagedailyvolume10day	False	1
2b571f0e8ab4d71b9d0d34fc123aab371712d3e0e7b9a747b6d4e041386d8ea9	averageDailyVolume3Month	representation.numeric.integer_number	representation.numeric.integer_number	0.6000000238418579	low	representation.identifier.numeric_code	postal_header_veto:averagedailyvolume3month	False	1
9d7e24617cb94da3844e6d72e4df8dd3aff24eb81fe91f57e2bc47f30a7de31b	regularMarketVolume	representation.numeric.integer_number	representation.numeric.integer_number	0.6000000238418579	low	representation.identifier.numeric_code	postal_header_veto:regularmarketvolume	False	1
28a10bcb0213fd948d738503a534d2150579064227f157a159b87b4460c15981	regularMarketVolume	representation.numeric.integer_number	representation.numeric.integer_number	0.6000000238418579	low	representation.identifier.numeric_code	postal_header_veto:regularmarketvolume	False	1
2c2462f01e01faea686aaa978dd521ba8f0b7ee137bab9e1de8a8c0c25f615a3	averageDailyVolume3Month	representation.numeric.integer_number	representation.numeric.integer_number	0.6000000238418579	low	datetime.component.year	postal_header_veto:averagedailyvolume3month	False	1
96b0c4699df6f807796d8db586a9c1c4ddc7a6f26a7491bcd16eb4df058cf0ed	averageDailyVolume3Month	representation.numeric.integer_number	representation.numeric.integer_number	0.6000000238418579	low	representation.identifier.numeric_code	postal_header_veto:averagedailyvolume3month	False	1
b6db1682f516e3bd5915a886da6a0e610adcfb62ddbba4d88281e0f3bd1539bd	askSize	representation.numeric.integer_number	representation.numeric.integer_number	0.4830979108810425	low		postal_header_veto:asksize	False	1
01ebeff3cd2f2e045a8bf78df5633811ff3ada7c00f8796326aa5d3e095436db	averageDailyVolume10Day	representation.numeric.integer_number	representation.numeric.integer_number	0.6000000238418579	low		postal_header_veto:averagedailyvolume10day	False	1
14d9f16204528760cf758230144fc3fbcdd5c0e8199956d19488527c0ac06fb3	zip	representation.numeric.integer_number	geography.address.postal_code	0.800000011920929	medium		numeric_postal_code_detection	False	0
17d6ae8605ba61f01fea7bda760e9b2a69773f74825b3e6416f8e9e316412c4b	averageDailyVolume10Day	representation.numeric.integer_number	representation.numeric.integer_number	0.6000000238418579	low	representation.identifier.numeric_code	postal_header_veto:averagedailyvolume10day	False	1
d6599f8d11aa42f1e26dccf549d71603a955c2e0cd6200d8794e2ebb41ee2d67	averageDailyVolume10Day	representation.numeric.integer_number	representation.numeric.integer_number	0.40010780096054077	low		postal_header_veto:averagedailyvolume10day	False	1
30d3ae236b952a1e4cc20c3ffa1bb77c6837c590447a2d7e8e73b92f1b07bf13	otherOperatingExpenses	representation.numeric.integer_number	representation.numeric.integer_number	0.6000000238418579	low		postal_header_veto:otheroperatingexpenses	False	1
8c960b5d16d95b52abbe68d8d46a5f3df006ff9d3b3870fa66d32279fc4f9db5	modulation_default	representation.numeric.integer_number	representation.numeric.integer_number	0.9238336086273193	high		boolean_override_single_value	False	1
cad063f482842633f6b7ee0e9d3376992632ebfcea0d8e333a95a63b1284dcdd	modulation_default	representation.numeric.integer_number	representation.numeric.integer_number	0.9238336086273193	high		boolean_override_single_value	False	1
df66653260bc13f695d8e6c1ad830e785cafe8b81c179f7f3d95e2f061a8e659	SpeculativeGenerality_OneChildClass	representation.numeric.integer_number	representation.discrete.ordinal	0.5	low	representation.boolean.binary	header_hint_generic:speculativegenerality_onechildclass	False	0
89c6ca962a0d70dd0d2c28c675db0a8192200e1c191e22d60b04033cca28ebc5	Lat	geography.coordinate.latitude	geography.coordinate.latitude	0.9230896830558777	high		header_hint_cross_domain:lat	False	1
364f90339104e65f7d27f9b472cccf8b26bd817cda88df99b6c54320c01da4ed	Platystomas sellatus	representation.numeric.integer_number	representation.boolean.binary	0.9997738003730774	high		boolean_subtype_binary	False	0
414edab6aa26fdc7c89f8a8f48eae424a575c06505aee4818c151b0d65f13e83	lat	geography.coordinate.latitude	geography.coordinate.latitude	0.7995715737342834	medium		coordinate_disambiguation	False	1
bf3583351a8bb563eed907ef21d9eb86a8fbcd6c36cb1cd2a846b2b6fdebd309	latitude	geography.coordinate.latitude	geography.coordinate.latitude	0.9984815716743469	high		header_hint_cross_domain:latitude	False	1
8c20635c7481b1ca9e7e18d766ddf6c556ccda4ec1a0e10c5a4856d673b70d57	Lat	geography.coordinate.latitude	geography.coordinate.latitude	0.8347390294075012	medium		header_hint_cross_domain:lat	False	1
570ffb99b5cb1cef6086e5fa9eed2ebc003a04cdb65cec16b07f9d8f5d0e02af	longitude	geography.coordinate.longitude	geography.coordinate.longitude	0.9373834729194641	high		header_hint_cross_domain:longitude	False	1
ee06cf6b0008648d3edad648bbf9e23843e9233b14b30c24bce78a17199cdd1d	deferredLongTermLiab	representation.numeric.integer_number	finance.banking.aba_routing	0.999240517616272	high			False	0
62a97188f751b35c29690f4fc3bc9d37918d861dbff53f9fcf79945c29151d37	deferredLongTermAssetCharges	representation.numeric.integer_number	representation.numeric.integer_number	0.6000000238418579	low	identity.commerce.upc	amount_bare_number_veto:deferredlongtermassetcharges	False	1
212567b961ca01b07e069d17b6694ad41a9ea675f52a2f06323ee94c0e9c9b47	deferredLongTermAssetCharges	representation.numeric.integer_number	representation.numeric.integer_number	0.6000000238418579	low	finance.banking.aba_routing	checksum_substance_guard:finance.banking.aba_routing	False	1
f525a91878dd63779d341457fe78b180a551c91a632b60e77649d5a94ce48ebd	longitude	geography.coordinate.longitude	geography.coordinate.longitude	0.9994478821754456	high		header_hint_cross_domain:longitude	False	1
9965bbc456aee8ae24f8edd76bc360aacfd94b0e9c37451dc9d92a49b1482579	LoneParent	representation.numeric.integer_number	representation.numeric.integer_number	0.6226492524147034	low	representation.boolean.binary	boolean_override_integer_spread	False	1
93ca04a27e0cd355f805f640494e9076173fb8f2fa3e01cde3b5bfc2aff01457	deferredLongTermLiab	representation.numeric.integer_number	representation.identifier.increment	0.4274328052997589	low	representation.numeric.integer_number	numeric_sequential_detection	False	0
c6d517cc0770f6daa40266d32e2b8bc452f8d569c126f1f1f3011e7892950115	LoneParent	representation.numeric.integer_number	representation.numeric.integer_number	0.49955692887306213	low			False	1
165918def05d368990786932e9c77e4234da3a4ca5a8c88e1d745fcbadcad62b	longTermInvestments	representation.numeric.integer_number	representation.numeric.integer_number	0.6000000238418579	low	finance.banking.aba_routing	checksum_substance_guard:finance.banking.aba_routing	False	1
2348d07fbcfe0a738ec691128661e0cdeabec692ced401c914ec1fa749bd8927	longTermDebt	representation.numeric.integer_number	representation.identifier.numeric_code	0.4887599050998688	low	identity.commerce.upc	upc_digit_count_gate:twelve_rate=0.00	False	0
56604d4c4838b433aff5c7766a388df8abbc4154a617cc716dec36e802266c3b	vz	representation.numeric.decimal_number	representation.numeric.decimal_number	0.9996459484100342	high			False	1
a5f2df77f0beadadf9c68c8a1d7b5bd211d25ff5848f285bc48283785c0abde3	vz	representation.numeric.decimal_number	representation.numeric.decimal_number	0.9803735017776489	high			False	1
250d487bbbd27a5688b21d09d7063c2846626e4e457bd20c66ec04ad23f70381	Link	technology.internet.url	technology.internet.url	0.9947379231452942	high		header_hint_cross_domain:link	False	1
9e0fa6266e7b67f41a36b4662c24438e70dfefbae93a4d06d048df066e212933	doi_url	technology.internet.url	technology.internet.url	0.5	low	finance.crypto.ethereum_address	header_hint_cross_domain:doi_url	False	1
fb462124695ef289816aaa8c2582a83434b5dfebed30852f2fffa588f9455f99	website	technology.internet.url	technology.internet.url	1.0	high			False	1
355d4f1fa8a8f932b3bf9887cbdf5f8d12684ba10425827a02dfb06bb603da57	doi_url	technology.internet.url	technology.internet.url	0.5623171925544739	low			False	1
13697c91aa74f00a5a657192e0924bd95836c481d191cbed3f87cc0a12c103e3	participatory_space/url	technology.internet.url	technology.internet.url	0.7524392604827881	medium		header_hint_cross_domain:participatory_space/url	False	1
cae7c2a4974bcfa31de184ecd83a9688cd21ca71968e73fdbbaf7f2cedeefedd	status_link	technology.internet.url	technology.internet.url	0.7083711624145508	medium			False	1
a50fe286d661c06e01db802518a50d4674c4d46bb8bc78de37741d58f15e8a71	website	technology.internet.url	technology.internet.url	1.0	high			False	1
721a1a9eaa604337371429908206e95282b387b63195ed62ecde79cd6c96dc9f	website	technology.internet.url	technology.internet.url	1.0	high			False	1
8c7e9d1013cddb8d8d4ba487d6b3fe17a51e74942e9993ff02847595afe20dd9	website	technology.internet.url	technology.internet.url	1.0	high			False	1
0296316f6c84453949ee293bb1d32d00a6362ee83351e0c12acb5d239783f679	Eventbrite_link	technology.internet.url	technology.internet.url	0.5920823216438293	low			False	1
7c7381b9ff62973a4710957664994c0ce62ff30ad4fda75393bd30af7c27767f	link	technology.internet.url	technology.internet.url	1.0	high			False	1
b97284c3671c87dbab454995c5c9f99154cc5709062887a595026245cfce2403	website	technology.internet.url	technology.internet.url	1.0	high			False	1
e9a0dc7baeabec8b650203a5c89b97b94bb888ba80bcbe524de13715c0bed0e7	document-url	technology.internet.url	technology.internet.url	0.9586032629013062	high		header_hint_cross_domain:document-url	False	1
5399f5ab79a344dde140e591c400c482ff91e3cf4cea276ba288544dc028c167	link	technology.internet.url	technology.internet.url	0.5	low	representation.text.plain_text	header_hint_cross_domain:link	False	1
fb4cd8f29a6d8540e1a83f75768728c8cc0eb2b7030d441341fd5d2850ce7f9d	doi_url	technology.internet.url	technology.internet.url	0.9886993765830994	high			False	1
1832771d2470d40aad7258737a2a0630bdbfa3f43bfd07f2c00b93957bc0a3d1	Link	technology.internet.url	technology.internet.url	0.9947848916053772	high		header_hint_cross_domain:link	False	1
791751b5c171723af9dcc9376b78f20ed3d073f77562d9a7d34ef400e0e02d5b	box_score_url	technology.internet.url	technology.internet.url	0.7969298362731934	medium			False	1
40fee9383fbc392d3d351209c3efa25d657de0ab3d48af00d53f147815398011	doi_url	technology.internet.url	technology.internet.url	0.5	low	finance.crypto.ethereum_address	header_hint_cross_domain:doi_url	False	1
47bcf56d275eb5c81c04a3903c979da2be630a6da82c7c133bb8c61c73f34295	url_opendata	technology.internet.url	technology.internet.url	1.0	high			False	1
378946128750cbf98716c40afb6ee5d128981f03f7d0d4b107855c88f657a643	perm_unlink	representation.numeric.integer_number	representation.numeric.integer_number	0.6000000238418579	low	representation.boolean.binary	url_bare_number_veto:perm_unlink	False	1
c2f075d8c417e18c73d2b5bd7989e898990c04f849e38286add743b94f8c4b89	perm_unlink	representation.numeric.integer_number	representation.numeric.integer_number	0.6000000238418579	low	representation.boolean.binary	url_bare_number_veto:perm_unlink	False	1
f1e9931e2ae058313951fe7608b31dc9da3b8265371ac0bd5b7fd28af6a38663	perm_unlink	representation.numeric.integer_number	representation.numeric.integer_number	0.6000000238418579	low	representation.boolean.binary	url_bare_number_veto:perm_unlink	False	1
6fb520515f5a8b484871c02a00816d8c0a93fc3c82faf9c9bf4ddf3900fda4d1	perm_unlink	representation.numeric.integer_number	representation.numeric.integer_number	0.6000000238418579	low	representation.boolean.binary	url_bare_number_veto:perm_unlink	False	1
03c72dc72d1832e55a428c6dd41170314e403e97e0549307957dd06852780535	filename	representation.text.plain_text	representation.text.word	0.919094443321228	high		enum_reframe_residual<-schema_fail_demotion:technology.internet.url:fail_rate=1.00	False	1
9efd0ca64660b69801731805277ed4cb29db58609d9e34b8fa8f9e4defc07f4d	Points	representation.numeric.integer_number	representation.numeric.integer_number	0.9938376545906067	high			False	1
a56ee5fc2220c647f6158476c75a7a9ec73d02fd63a3d33c9df8c6e9cf11b28d	Points	representation.numeric.integer_number	representation.numeric.integer_number	0.6000000238418579	low		binary_vocab_veto:points	False	1
e4d5906efc9dcb903a15c8a9ab134d8c204ce9ea33d97ea39fddd28ecd86c54b	Comments	representation.numeric.integer_number	representation.numeric.integer_number	0.8747583627700806	high		boolean_override_single_value	False	1
aacd269106761c66445fa60fb571034d734c7ad4c0f801da8728ad022f310c67	Comments	representation.numeric.integer_number	representation.boolean.binary	0.9989114999771118	high		boolean_subtype_binary	False	0
28f4bab1dc6f786f8858cef5eaaffc63b64419ee01ebf7160c4e5839e69ed5cd	Points	representation.numeric.integer_number	representation.numeric.integer_number	0.8594223856925964	high		boolean_override_single_value	False	1
9e4eac44bbc19a401a64f90ced411b202119952834b737c030608cbe8fe4b5a5	Points	representation.numeric.integer_number	representation.numeric.integer_number	0.6421090364456177	low	representation.boolean.binary	boolean_override_integer_spread	False	1
2404a5e275c1acda0ef2e0ea0f8545f1d5502b36eb46bf3de7fb87b1c21a7b0f	Comments	representation.numeric.integer_number	representation.numeric.integer_number	0.6000000238418579	low		binary_vocab_veto:comments	False	1
d2c8c99345332abe89ae64b789430189c4b93af81c2911721e1b1048d8da4df3	Comments	representation.numeric.integer_number	representation.numeric.integer_number	0.8747583627700806	high		boolean_override_single_value	False	1
b961130c807dac39b4f8ead2bdd892069a71013898c02c45c59b4f402f559f21	Comments	representation.numeric.integer_number	representation.numeric.integer_number	0.8747583627700806	high		boolean_override_single_value	False	1
824f3b21cb6a705d38de76fe7a6a3739e2a32bd71343be9be996531b5f033da3	Points	representation.numeric.integer_number	representation.numeric.integer_number	0.8594223856925964	high		boolean_override_single_value	False	1
866ee4ae4611820aa11ad61ec69b0cbe51ca34f13df695f6614b2ce00ecb087b	update_date	datetime.date.iso	datetime.timestamp.sql_standard	0.6281062960624695	low			False	0
8bbf9b050648caae57c848b9cc8f4610846ab261335255a3e886a5048d2e8d6f	noc	representation.numeric.integer_number	representation.boolean.binary	0.9987800717353821	high		boolean_subtype_binary	False	0
426a5afb5b1a8ec0f114a69e9f26e2bd4dc64b598cddc3cdd50db244e4ea29f3	noc	representation.numeric.integer_number	representation.boolean.binary	0.9987800717353821	high		boolean_subtype_binary	False	0
64d80ef718fd27b831d7c0a7edc05786850539aa0d8d71a8f7a24beb22d77e75	Submission Time	datetime.epoch.unix_milliseconds	datetime.epoch.unix_milliseconds	0.8586564660072327	high			False	1
599b0e1ba53942770850310c187fc970de3a634e29870c97dc0cb576a0f30997	PC	representation.numeric.integer_number	representation.numeric.integer_number	0.6000000238418579	low		binary_vocab_veto:pc	False	1
c967416cd0f97fd4ff72696c03c629249ad528fa59798f838356de91e0f36279	moa	representation.numeric.integer_number	representation.numeric.integer_number	0.6000000238418579	low		increment_substance_veto	False	1
d9a527cdb711afc9929e833f9eb8e36d17a0a6596fc1e8bf2d596565249a49bb	moa	representation.numeric.integer_number	representation.numeric.integer_number	0.6000000238418579	low		increment_substance_veto	False	1
87d70685069646ac3a230d36c8bda31700fc38bc65ba8cc947785e473e98a109	0.1	representation.numeric.integer_number	representation.numeric.integer_number	0.9356023669242859	high		boolean_override_single_value	False	1
687f3b2a8673c149798c5c74d9d1ad71872b2a09d1bb5cd560de4f52c93bcb7b	noc	representation.numeric.integer_number	representation.boolean.binary	0.9987800717353821	high		boolean_subtype_binary	False	0
249400d98a75e15a0cf8add797ababd4920323fe71ad9cb0501db16f21a4d741	moa	representation.numeric.integer_number	representation.numeric.integer_number	0.6000000238418579	low		increment_substance_veto	False	1
c9642ef4b4c0439defad853e673653e706527a0e90e91ae968e5b60a3115b4b1	noc	representation.numeric.integer_number	representation.numeric.integer_number	0.6000000238418579	low		binary_vocab_veto:noc	False	1
6e9c77eb93153a42a374002ab72d60cbe99f47bfb4b739b1bf79217e2dfb0d1b	keyPressed:	representation.numeric.integer_number	representation.numeric.integer_number	0.9113830924034119	high		boolean_override_single_value	False	1
eab3a2181850a4a11e6ce3811f8b10d835daf921660a3eb6c5aa3ddbf15d7a29	confirmed	representation.numeric.integer_number	representation.boolean.binary	0.9996814727783203	high		boolean_subtype_binary	False	0
6e9c77eb93153a42a374002ab72d60cbe99f47bfb4b739b1bf79217e2dfb0d1b	answer	representation.numeric.integer_number	representation.numeric.integer_number	0.9385398030281067	high		boolean_override_single_value	False	1
006375069f2b2d99f4833691e8a21963f2f27edb327951f15fecf7a56fa81531	LDPE	representation.numeric.integer_number	representation.numeric.integer_number	0.9449283480644226	high			False	1
c639bdfaf8a1b368d5930da834583b791c0abd4072a70d27d88017697cf6cca5	moa	representation.numeric.integer_number	representation.numeric.integer_number	0.6000000238418579	low		increment_substance_veto	False	1
b4c17bd1276fffabad8400334f998670824f64e79fd4df0a79cd1f5c2e6bcc57	SUM229neg	representation.numeric.integer_number	representation.numeric.integer_number	0.6000000238418579	low	representation.boolean.binary	binary_vocab_veto:sum229neg	False	1
a7383462c4ff532622f0eb7d809f43766930512e64f1917f0c2652707eb7aa63	control	representation.numeric.integer_number	representation.numeric.integer_number	0.8991647958755493	high		boolean_override_single_value	False	1
eea822eef28ca20020c7619490998d3fe8b55c12b2191320b9aee151deab1c23	HDPE	representation.numeric.integer_number	representation.numeric.integer_number	0.9491153359413147	high			False	1
42d7c5993bd1d0ad21d00089c8465152340f54eb52f4b9af29d366250554f9ef	Fan-Out	representation.numeric.integer_number	representation.numeric.integer_number	0.8762616515159607	high		boolean_override_integer_spread	False	1
370ce7106d860a71fc4e277c15b027ec4e68a9e4f99bd10e9dbf88c8f34279ad	PFIZER_DEPOSITS	representation.numeric.integer_number	representation.numeric.integer_number	0.3980449438095093	low	datetime.component.year	binary_vocab_veto:pfizer_deposits	False	1
e0871673e57d3077dccdf0ada4462764f28171fdc38841eb3fb1715eee4e8d99	noc	representation.numeric.integer_number	representation.numeric.integer_number	0.6000000238418579	low		binary_vocab_veto:noc	False	1
808e26d6e65f8b8ed08b307095bafdd41dc8a14bbac99c1a49a2a2e712c83b5b	flu report	representation.numeric.integer_number	representation.numeric.integer_number	0.918043315410614	high		boolean_override_single_value	False	1
929187795235be749952145467aa58c265f43f326ae3274e6e6eff2a51b2c35f	NMI	representation.numeric.integer_number	representation.numeric.integer_number	0.9061576128005981	high		boolean_override_single_value	False	1
bc0d5fa4250b640770876bee9e2be6691f5f18b61f6d70d738a36af5a23d0c6f	update_date	datetime.date.iso	datetime.timestamp.sql_standard	0.6281062960624695	low			False	0
4a8c9e08d15154ef2984dd9bc9dcb7dc70e7fd603e573e3bfc272fccf0118e13	country_code_filter	geography.location.country_code	geography.location.country_code	0.8241334557533264	medium		country_code_corroboration	False	1
d7a01ae8d774bce5afc00bae5233cf23b8fda1e3f9e1bab8d79444c0182afed1	CountryCode	geography.location.country_code	geography.location.country_code	0.9776545166969299	high			False	1
4d936fe27bc040289974d2be10cb9b757d1087f9475b5dcbe66eb21d1d3179dd	countryCode	geography.location.country_code	geography.location.country_code	0.9830892086029053	high			False	1
efcd937edb04e8a036ac90cf40002785de655a38cb75d096ce98e785c50f2dab	exchange_country	geography.location.country_code	geography.location.country_code	0.5012251138687134	low	geography.location.region	country_code_corroboration	False	1
9b9e430ff370cec4e37b0114c40cf565e3c21c11a4642e4507bacfc36eb5860b	destination_x	representation.numeric.integer_number	representation.numeric.integer_number	0.6000000238418579	low	representation.identifier.numeric_code	postal_header_veto:destination_x	False	1
163620cd34c710d154dc19233c19b93570322227f7d87d79cd96306419196141	country_id:id	geography.location.country_code	geography.location.country_code	0.4392435848712921	low			False	1
00a39a6585a8d714818195e0cc393420fdb124e8c52c7564015dde088db2b5f5	country_id:id	geography.location.country_code	technology.code.locale_code	0.4669725000858307	low			False	0
8f2effe6c55b5bfee10210fae9c35e9aa9ac1496432bb12ddb17d94276417a15	country_id:id	geography.location.country_code	geography.location.country_code	0.4392435848712921	low			False	1
b93780087350b3297af08a1f083d114c005bfe27d5a14e4efe455249d7a98ec5	venue_country	geography.location.country_code	technology.code.locale_code	0.4029935896396637	low			False	0
7e74f77c718c51df6b53f8fbfba0582dccc8862b2a831c9ab12f40f2adb87d45	marketplace	geography.location.country_code	geography.location.country_code	0.9905318021774292	high			False	1
021dc73b13747b5c6b45fc22438e9cb3d07919910048dfbe86c54087e246d713	REC_DIR	representation.text.plain_text	representation.text.word	0.4190599024295807	low			False	1
04076fd58a629a1641051659b339960c8a9437281a089148f5ec1ad44537a8a3	PA	representation.text.plain_text	geography.location.country_code	0.8302112221717834	medium		country_code_corroboration	False	0
29a02c827c524ec78054456a5b4904a3b0a2dd9c2b245d9a4e41f35028d4496f	TEAM_ABBREVIATION	technology.internet.top_level_domain	geography.transportation.iata_code	0.7837944626808167	medium			False	0
135d4e91476bfdfc1809e3d1bd81afa1ca95a8e09c791197b9006d82fbb47605	name	representation.text.plain_text	geography.location.city	0.6098753213882446	low			False	0
34fe8e16781583699084cc80a0e8e27fd48ea0da4f0dca8f6bf22a1689ad166d	name	representation.identifier.alphanumeric_id	geography.location.city	0.8506773114204407	high			False	0
33aad91719feb89aede82731cf6aff16da89f2910f1b0a20ab93663b2581a5e1	name	representation.text.plain_text	geography.location.city	0.4777667820453644	low			False	0
2cc5844dcb71f3400bd115363bd8b29e252def623d2756dbd9a05eaed545acdd	EstadoDoc	representation.text.plain_text	geography.location.region	0.5983055830001831	low			False	0
fc23924aa62c2e673e0579caeb2fbff2e0fefcfb61bee8ec2d2c74e316b25703	groupingname	representation.text.word	geography.location.region	0.3021748960018158	low			False	0
3890bd6cf4bd95c22b33bef3a008dbf55ada09d41e87802d1add50856c748c0f	name	representation.text.plain_text	representation.text.word	0.9838479161262512	high		enum_reframe_residual<-attractor_demotion_cardinality:identity.person.username	False	1
a47a58001ea856d11a342687d0bb7837b8fae45caad4181470052e904722c53f	username	identity.person.username	representation.text.word	0.9987000226974487	high		enum_reframe_residual<-attractor_demotion_cardinality:identity.person.username	False	0
e447a890fccbe73bd61a7fbf7270e5aa3c912685e98e5f31304c48204e1c5e9f	wfo_id	representation.identifier.alphanumeric_id	representation.identifier.alphanumeric_id	0.36809369921684265	low	technology.cryptographic.hash	veto_fallback:id	True	1
32d37ff8e6940f4ac50f496c763dae043e4394bdf5ececc51b796412a8dc4b71	id	representation.identifier.uuid	representation.identifier.uuid	0.9973722696304321	high			False	1
54ddb65c43e8cdfaac230d3be99657bd212dfeef1f52c4315cb857dda85fd343	msg_id	representation.identifier.alphanumeric_id	representation.identifier.alphanumeric_id	0.7250152826309204	medium		veto_fallback:id	True	1
405e2174ed53f580eff2418aef4903e2b5c8f2226dcd86eb7c851c141f0e64e5	ipni_id	representation.identifier.alphanumeric_id	unknown	0.6984166502952576	low	representation.identifier.alphanumeric_id		True	0
0d9afc2010e9a02a93cc70e1f21a5cf171bbef475581a0f1b9f045f5acfc532b	year	datetime.component.year	datetime.component.year	1.0	high		numeric_year_detection	False	1
f56a61ba8a702d01d33476966edbf655b5dae672c371fa2858fcc7826059d9ad	year	datetime.component.year	datetime.component.year	1.0	high		numeric_year_detection	False	1
d5232fbdf217098dfcf14731363f2a4217a3c0b9f950129c7bac17af0210eb2f	year	datetime.component.year	datetime.component.year	1.0	high		numeric_year_detection	False	1
36727c241f002833557f927b693374f5f17b556a3d7c2ba5ba4e1d2e9f621edd	sampling_year	datetime.component.year	datetime.component.year	1.0	high		numeric_year_detection	False	1
82619f78d6ea270b4c637fbc764be0df3468f2f301bb1d717704b2e6f1f8aaa3	Parent	representation.numeric.decimal_number	representation.numeric.decimal_number	0.961487352848053	high			False	1
862d9e9e48a52e228ad247b460eb555b1f1c259781fc4f72076a3225b8e45217	Parent	representation.numeric.decimal_number	unknown	0.9431795477867126	high			True	0
115d1af415d12621a6ffe7039c9c720182116e9b0f17e3549fb4fe535439da43	Story	representation.numeric.decimal_number	representation.numeric.decimal_number	0.937182605266571	high			False	1
6fd4365f98f783b019380768b930658758ad5508557813841e380b91f70bde97	Parent	representation.numeric.decimal_number	unknown	0.9505831003189087	high			True	0
10366ee1045e370c6b40d793d4889dd51e4de030d25dceb1296d6e54c2e5e5cd	Story	representation.numeric.decimal_number	representation.numeric.decimal_number	0.5229611396789551	low			False	1
d134333a31ff4350fa180b6545e47c6708eb7ad720c99ff3c8b9aeff48ab5621	Story	representation.numeric.decimal_number	representation.numeric.decimal_number	0.9992064833641052	high			False	1
7fed8b560730df988c61b4b127507e5b5ee715550308134c65ce3f22c753d853	Story	representation.numeric.decimal_number	representation.numeric.decimal_number	0.9908761382102966	high			False	1
c41ae786a27bc8a8316d2748c38b94dd9a236bb92192f6b8ec8e54057545b3ff	Parent	representation.numeric.decimal_number	representation.numeric.decimal_number	0.9480991959571838	high			False	1
d86b8098aef81169adb867baf2ba25f7f1427906ac930342082a012c337fd7e1	compensationAsOfEpochDate	datetime.epoch.unix_seconds	datetime.epoch.unix_seconds	0.5748516917228699	low	identity.medical.npi	header_hint_cross_domain:compensationasofepochdate	False	1
1aba677beb06c8d356c8c3b8092e328fdfa94064c7fe937c0095ae42a7f9f94b	author_date_unix_timestamp	datetime.epoch.unix_seconds	datetime.epoch.unix_seconds	0.7185794711112976	medium			False	1
6800f55003d90eb209676aea4dd367094783f4977ef074f457fc5b75314dc6ed	compensationAsOfEpochDate	datetime.epoch.unix_seconds	datetime.epoch.unix_seconds	0.5748516917228699	low	identity.medical.npi	header_hint_cross_domain:compensationasofepochdate	False	1
bb3ff45839fdbf5b25207730effebf2bc278ee92d3dffb231d3b9bb5d17f24c7	Time_stamp	datetime.date.iso	datetime.timestamp.sql_standard	0.9840177893638611	high			False	0
068341dbf53ab2e3ba1ab1e52a9004751c5da39a80188b603a20532634dc89b5	earningsTimestampStart	datetime.epoch.unix_seconds	datetime.epoch.unix_seconds	0.5456092357635498	low			False	1
a22933514c3dc7322d1d83d6da41176a16760c471b8d9cbad4be99c58c031ffb	compensationAsOfEpochDate	datetime.epoch.unix_seconds	datetime.epoch.unix_seconds	0.5748516917228699	low	identity.medical.npi	header_hint_cross_domain:compensationasofepochdate	False	1
a36b58ca05c130c94ba7d649fd3f4bb691f10ab223f7fde52f6d88df59ab8715	updateDate	datetime.date.iso	datetime.date.iso	1.0	high			False	1
bd92d6787455bb0b986c3685750c3a1d62df7250b49600dbd837ca8eaa75ced3	compensationAsOfEpochDate	datetime.epoch.unix_seconds	datetime.epoch.unix_seconds	0.5748516917228699	low	identity.medical.npi	header_hint_cross_domain:compensationasofepochdate	False	1
b50e35f684ad4a53f2684035af76d421971bc95bd348c83f053f70cd296df96d	governanceEpochDate	datetime.epoch.unix_seconds	datetime.epoch.unix_seconds	0.8467230200767517	medium		header_hint_cross_domain:governanceepochdate	False	1
f6e308739284ec55f0aa0958d7c6cb88f6143cc999096056311532dcfbf1cf6f	compensationAsOfEpochDate	datetime.epoch.unix_seconds	datetime.epoch.unix_seconds	0.5	low	identity.medical.npi	header_hint_cross_domain:compensationasofepochdate	False	1
b939a63f3b0a3c8607a1bd59cf696e28b18efcd4ecef6f062494bc8e4eda749d	created_at	datetime.timestamp.sql_standard	datetime.timestamp.sql_standard	0.9999157190322876	high			False	1
503d38d0232cd1d3fab804925bbb5c11d8489713be3d25a0ef06f02485f1e2af	earningsTimestampStart	datetime.epoch.unix_seconds	unknown	0.5311576724052429	low	identity.commerce.isbn	header_hint_cross_domain:earningstimestampstart	True	0
193f85500d793d086ee9f7485add182fd775fc96665992269804c048618c7f2f	Time_stamp	datetime.timestamp.sql_standard	datetime.timestamp.sql_standard	0.9999514818191528	high			False	1
b4119bacff943c445b60452de09068b2864776abe56d9aedd1710c676ab7c84f	governanceEpochDate	datetime.epoch.unix_seconds	datetime.epoch.unix_seconds	0.9602803587913513	high		header_hint_cross_domain:governanceepochdate	False	1
925e4950233d25e61b437ab6142e00c5ee4cb2c7703fbfa83acc184abc7a7e4d	Time_stamp	datetime.timestamp.sql_standard	datetime.timestamp.sql_standard	0.9999542236328125	high			False	1
0ba20b4fdf1c506acc2a49495ae37b651016a76f90ec02a62f11c9df01d99bd7	earningsTimestamp	datetime.epoch.unix_seconds	datetime.epoch.unix_seconds	0.7537050843238831	medium			False	1
cd8669309485ddcb602722279c5b7953df4d0061e471b8b0259e39d1c49138a3	3187480517	representation.numeric.integer_number	representation.numeric.integer_number	0.699999988079071	medium		feature_no_leading_zero:0.00	False	1
24b6b4d3568012c7971ed35f98cbecee00bbd55b0c5a3ed348b034d263132047	phkey	representation.numeric.integer_number	representation.numeric.integer_number	0.699999988079071	medium		feature_no_leading_zero:0.00	False	1
7a69003c36e7f93d0a60893d73e86188bf77267b49fe5e7f38dd3b9871a367ef	498176	representation.numeric.integer_number	representation.numeric.integer_number	0.939841628074646	high		feature_no_leading_zero:0.00	False	1
911d4f268f803f8b25101e3fc316bb5ca9c6da09d89f387083f23f77aa104405	3110054519	representation.numeric.integer_number	representation.numeric.integer_number	0.8700686097145081	high		feature_no_leading_zero:0.00	False	1
f2588904ddcbe0157bf8e0eafd42b21eae73003c9b9d5400337eed56a4d9f663	Primary ISBN13	identity.commerce.isbn	identity.commerce.isbn	0.6989854574203491	low			False	1
6368dbb38e8cc6ed60f2cdf235f0f9e161d13a44e5ad00a658b4fea752ffd407	isbn	identity.commerce.isbn	identity.commerce.isbn	0.9239827990531921	high			False	1
959f86513f24d9aa02a95f851350a484f350a9a0d6c151a563ebe14994a0f03b	ISBNs	identity.commerce.isbn	identity.commerce.isbn	0.9996094107627869	high			False	1
817225cceea6fe6300cb0b5c57add70d547ff3909476f1a5b02883566eedcf1f	Primary ISBN10	identity.commerce.isbn	identity.medical.npi	0.8598871827125549	high			False	0
44554b3411b7b8de326b2a089bfb2bb08ace60b3e7529876be695320d8ce2303	Primary ISBN13	identity.commerce.isbn	identity.commerce.isbn	0.7362034320831299	medium			False	1
ab823ef7eb819af9dc2691d60826ac033c68e45538c0b1512b580b739bd064d9	Primary ISBN10	identity.commerce.isbn	identity.medical.npi	0.9740769863128662	high			False	0
cf75a3a5e219ced58ec1e384468b5a53f23f20fa8286c4d2c7a5069d2c2d3dc1	Primary ISBN13	identity.commerce.isbn	identity.commerce.isbn	0.5495734810829163	low			False	1
26ca0d1e8c6b9ae70ed0e083e65509d95038ee974115574b5b4e9d67dcc08b73	Primary ISBN10	identity.commerce.isbn	identity.commerce.isbn	0.8425822257995605	medium			False	1
adaf83b378c91fd61f2fd4be580d5de0d59463f664a548a3c26505267698e15b	Primary ISBN13	identity.commerce.isbn	identity.commerce.isbn	0.8322538137435913	medium			False	1
2de169b092ed3b840b2d8d41760db69f0b8afd936047b6f7e868997d7b49e013	Primary ISBN13	identity.commerce.isbn	identity.commerce.isbn	0.7795426249504089	medium			False	1
a52e163dc64a8a55d502c1933c718ba39b978b902fb6727dbe4f4b4aa38aeff3	ISBNs	identity.commerce.isbn	identity.commerce.isbn	0.9994515776634216	high			False	1
33b31bcf1881e43697135c6e5a1043e2a5926cd27841b18014a79e7647273d7f	ISBN13	identity.commerce.isbn	identity.commerce.isbn	0.9556366205215454	high			False	1
ee9206d66ebfe1a781f3359074769076eda91a3cd8c3412fbb1a3ae4ca116f19	ISBNs	identity.commerce.isbn	identity.commerce.isbn	0.9965935349464417	high			False	1
cf75a3a5e219ced58ec1e384468b5a53f23f20fa8286c4d2c7a5069d2c2d3dc1	Primary ISBN10	identity.commerce.isbn	identity.medical.npi	0.9740769863128662	high			False	0
d5aae82f7c81081dfb48c7dc9f724bc4dabb8d36b4efcfdc50c36f4c1c9a5a9b	ISBNs	identity.commerce.isbn	identity.commerce.isbn	0.9994515776634216	high			False	1
7ac56af0e8ce482e8c6ebedb136d52aa34c2ebfb7970065652ebd4e17e2b1735	ISBNs	identity.commerce.isbn	identity.commerce.isbn	0.9996094107627869	high			False	1
33b31bcf1881e43697135c6e5a1043e2a5926cd27841b18014a79e7647273d7f	ISBN10	identity.commerce.isbn	identity.commerce.isbn	0.9480189085006714	high			False	1
238eb6712e10b07886f4e344f90b0311feb6bba640611ebe0c0b6db79f0fb923	BenchmarkName	representation.identifier.alphanumeric_id	representation.identifier.alphanumeric_id	0.8983147740364075	high		veto_fallback:id	True	1
b14bdcbfded95ca2e3b721938133d2ae3ffec9be8d169aafc10a7226cc4caea9	marketCap	representation.numeric.integer_number	representation.numeric.integer_number	0.5238612294197083	low	identity.commerce.isbn	checksum_substance_guard:identity.commerce.isbn	False	1
49742c94835724f3d88895e482354f9a8aa3e0479336c83672aa09326cfdc11b	idPedido	datetime.epoch.unix_milliseconds	datetime.epoch.unix_milliseconds	0.5092840790748596	low			False	1
d2be9d2eb5a1266a8861a3a3a6dfcb2aaf40b9c85db033b972ef6aa1b3b0a3c5	BenchmarkName	representation.identifier.alphanumeric_id	representation.identifier.alphanumeric_id	0.8712393641471863	high		veto_fallback:id	True	1
ee8095a50be1d9dd267d3af0c46d6b78a1b59b29c8514fbcd644f965e4383ccf	wfo_id	representation.identifier.alphanumeric_id	representation.identifier.alphanumeric_id	0.32474657893180847	low	identity.commerce.isbn	checksum_substance_guard:identity.commerce.isbn	False	1
a470bee13771b24b5ba11123065287b868d049ebcb886ec1795e133272399511	totalCashFromOperatingActivities	representation.numeric.integer_number	representation.numeric.integer_number	0.37985849380493164	low	identity.commerce.isbn	checksum_substance_guard:identity.commerce.isbn	False	1
14740791fded186fa3c6e43381197a5ae1d9a7df7808d9345ce2571cccdc6bff	BenchmarkName	representation.identifier.alphanumeric_id	geography.address.full_address	0.44757193326950073	low			False	0
320e364ff577e682f88fcf4ff980b73651bf9bb0e90ac7e01fdcf7dfd511e5f7	BenchmarkName	representation.identifier.alphanumeric_id	representation.identifier.alphanumeric_id	0.8158042430877686	medium		veto_fallback:id	True	1
81531fb4eb9b5fbda8ec5ff88de1fe19e1a6988991a44c8c70ef7afec8fe5a05	BenchmarkName	representation.identifier.alphanumeric_id	representation.identifier.alphanumeric_id	0.8712393641471863	high		veto_fallback:id	True	1
6f89292ae9d37e89c93654b0b60a4d0367b2ee9fd6590edd97d8b8c891fab47d	propertyPlantEquipment	representation.numeric.integer_number	representation.numeric.integer_number	0.6000000238418579	low	identity.commerce.isbn	checksum_substance_guard:identity.commerce.isbn	False	1
a67ed562e05403483991de57b247697be889427e0ca3ebff45b0447e1b33f3c9	wfo_id	representation.identifier.alphanumeric_id	representation.identifier.alphanumeric_id	0.41643428802490234	low	identity.commerce.isbn	checksum_substance_guard:identity.commerce.isbn	False	1
5ca3977907430bc803c99dcbfafcc98b2f6cf234aaf5280e20f90d1e4f65acf9	otherLiab	representation.numeric.integer_number	representation.numeric.integer_number	0.6000000238418579	low	identity.commerce.isbn	checksum_substance_guard:identity.commerce.isbn	False	1
b12544d6d5a4990697ed8dfd71f0a5b874a0abbd421c9e868481767709d76c47	zip	geography.address.postal_code	geography.address.postal_code	0.5781935453414917	low	representation.identifier.alphanumeric_id	header_hint_cross_domain:zip	False	1
bc383436d7172c6982beef6739ec1b93c61325ed35fb2ce375cad08938361c13	regularMarketVolume	representation.numeric.integer_number	representation.numeric.integer_number	0.6000000238418579	low		postal_header_veto:regularmarketvolume	False	1
bb46613b178dd446c3380b4f441befeb50a8920f8c376ab6ffc43eae229a29a1	conversation_no	representation.numeric.integer_number	representation.numeric.integer_number	0.6000000238418579	low	representation.identifier.numeric_code	postal_header_veto:conversation_no	False	1
ed05f04ad2e7f0a686c0824a0c25ef18aa6b5360071acd6665e49e446eb487c5	conversation_no	representation.numeric.integer_number	representation.numeric.integer_number	0.6000000238418579	low	representation.identifier.numeric_code	postal_header_veto:conversation_no	False	1
7d3af784eeddf2f6eb1aecfbb32d57753d787da6904e16eb60a0fa17517d649b	d_week_seq	representation.numeric.integer_number	representation.numeric.integer_number	0.570441484451294	low		postal_header_veto:d_week_seq	False	1
dd436350c506086fc56f3ee979d523fde48c85b47eae498884ed6b69bedf31c5	filesystem_outputs	representation.numeric.integer_number	representation.numeric.integer_number	0.6000000238418579	low		postal_header_veto:filesystem_outputs	False	1
a434e224abf0a556a0243cfc86049fca93e93c17a3704d2544d20d2d2932c4d7	voteId	representation.numeric.integer_number	representation.numeric.integer_number	0.6000000238418579	low		postal_header_veto:voteid	False	1
0a776473350003fa1a09c83d5a3ce57dc936292c5ebe41c0ccc1064f1cb84527	1001	representation.numeric.integer_number	representation.numeric.integer_number	0.6000000238418579	low		postal_header_veto:column0	False	1
40cd636d7f24865bcb233edf2aad46ff8e6b67ecb25a3e1bc4a5ab1f0a391abd	voteId	representation.numeric.integer_number	representation.numeric.integer_number	0.6000000238418579	low	representation.identifier.numeric_code	postal_header_veto:voteid	False	1
4851e5a59dd9ad9f288f9a55f90001f82faf3e13fe137541ff9e6cc56ee4aec1	sId	representation.numeric.integer_number	representation.numeric.integer_number	0.6000000238418579	low	representation.identifier.numeric_code	postal_header_veto:sid	False	1
24957209bd4e4be19e74e7023be77d5a7c3f08cb34e0342f6377700ba931a5a3	Total	representation.numeric.integer_number	representation.numeric.integer_number	0.8956827521324158	high			False	1
10967fc639f9f80fc067c30ad55a51e130c435327b7b9b74a28d1abd1311d4e9	incomeTaxExpense	representation.numeric.integer_number	representation.numeric.integer_number	0.6000000238418579	low	representation.boolean.binary	amount_bare_number_veto:incometaxexpense	False	1
173e05f1cc62cdfe7eb77f7e4559f9c41fe4343e37ab23e289b63c0abf65279d	totalOtherIncomeExpenseNet	representation.numeric.integer_number	representation.numeric.integer_number	0.6000000238418579	low	representation.numeric.decimal_number	amount_bare_number_veto:totalotherincomeexpensenet	False	1
579c74119663db587e06b0a62ad7dc6b824c16d6d0fb257be3fc62fa43c6616d	changeToNetincome	representation.numeric.decimal_number	representation.numeric.decimal_number	0.6000000238418579	low		amount_bare_number_veto:changetonetincome	False	1
29785d149b9b8b374e9eb52f27c9f4b8fd55bda3463ad85985de5783c83ff617	changeToNetincome	representation.numeric.integer_number	representation.numeric.integer_number	0.5	low	representation.numeric.decimal_number	amount_bare_number_veto:changetonetincome	False	1
59fde6e92f3eaadc5e3741d90c11c9609f8b26e125795ddfa6364580b20ef571	netIncome	representation.numeric.integer_number	representation.numeric.integer_number	0.5	low		amount_bare_number_veto:netincome	False	1
e41cea2e572212fb3f9c790d741ebc7c75b127b194ae4e7dc9d66d60652b127f	Residents Total Suspected COVID-19	representation.numeric.integer_number	representation.numeric.integer_number	0.9033186435699463	high			False	1
a92820d67e4b8a4123556e1d853d3f19c6ce2342252ba68e7dd61d3cb515e277	netIncomeFromContinuingOps	representation.numeric.integer_number	representation.numeric.integer_number	0.6000000238418579	low	representation.numeric.decimal_number	amount_bare_number_veto:netincomefromcontinuingops	False	1
64050a47f6c81c82376dfeb660396721a5480d23291f3c8c0839eeccd4b10457	totalOtherIncomeExpenseNet	representation.numeric.integer_number	representation.numeric.integer_number	0.6000000238418579	low	representation.numeric.decimal_number	amount_bare_number_veto:totalotherincomeexpensenet	False	1
2ab20020b007f3cb77f5dcb86024d1471c0a53c1768eb9796f3c00ad454a8b4b	operatingIncome	representation.numeric.integer_number	representation.numeric.integer_number	0.6000000238418579	low	representation.numeric.decimal_number	amount_bare_number_veto:operatingincome	False	1
6e3136551d993759c564b148cc948c6a43b1acefd744f18fb189f87fd39403b7	interestExpense	representation.numeric.integer_number	representation.numeric.integer_number	0.6000000238418579	low	representation.numeric.decimal_number	amount_bare_number_veto:interestexpense	False	1
f771d97f9c133c819ae749f503de1b8e64e418cff9ffcf07b30f6e18e952f5fb	interestExpense	representation.numeric.integer_number	representation.numeric.integer_number	0.6000000238418579	low	representation.numeric.decimal_number	amount_bare_number_veto:interestexpense	False	1
dfd54eabf70b82d2b8501f9e3c2fda855a71ffbcd309b5464763cba28eb16403	interestExpense	representation.numeric.integer_number	representation.numeric.integer_number	0.6000000238418579	low	representation.numeric.decimal_number	amount_bare_number_veto:interestexpense	False	1
e8236acdc9752b91931abdc00d784cee2a6ad8d401ff5e23de2219674c7ccbb3	totalOperatingExpenses	representation.numeric.integer_number	representation.numeric.integer_number	0.6000000238418579	low	representation.identifier.numeric_code	amount_bare_number_veto:totaloperatingexpenses	False	1
bd92d6787455bb0b986c3685750c3a1d62df7250b49600dbd837ca8eaa75ced3	totalOperatingExpenses	representation.numeric.integer_number	representation.numeric.integer_number	0.6000000238418579	low	representation.identifier.numeric_code	amount_bare_number_veto:totaloperatingexpenses	False	1
033afa68ea12914707cf9cf7c3b348a4960a5366eeeabbca7ab9d3578eb49827	totalOperatingExpenses	representation.numeric.integer_number	representation.numeric.integer_number	0.6000000238418579	low	identity.medical.npi	amount_bare_number_veto:totaloperatingexpenses	False	1
b8df5e111f0bb016d9a73b392cf150f27d1855d61fc515d7b201e0cde187ea61	totalOperatingExpenses	representation.numeric.integer_number	representation.numeric.integer_number	0.5433828234672546	low	identity.medical.npi	amount_bare_number_veto:totaloperatingexpenses	False	1
9ea26d8f17282882d2b4a4959589329222995faf084da5d78facc11ff973a043	totalOperatingExpenses	representation.numeric.integer_number	representation.numeric.integer_number	0.6000000238418579	low	identity.medical.npi	amount_bare_number_veto:totaloperatingexpenses	False	1
29e0d2dec209b7a28e53bd6966467fd54ebfc691d61a1f11eb604932a4115437	host_thumbnail_url	technology.internet.url	technology.internet.url	0.9477025270462036	high		header_hint_cross_domain:host_thumbnail_url	False	1
d2a70d9eb46a24528ae507115d30d3c30f2880e15d3bd3c267533819a4438b6b	host_thumbnail_url	technology.internet.url	technology.internet.url	0.9477025270462036	high		header_hint_cross_domain:host_thumbnail_url	False	1
08bf7e4a46fc058755be5c848e1eff135314cbbaa2f25f3c18bbbbde6ab8a41b	host_thumbnail_url	technology.internet.url	technology.internet.url	0.9477025270462036	high		header_hint_cross_domain:host_thumbnail_url	False	1
b57b501497dc473c200b8a6ce4e4d6704bacb122ee1c0c8d2f6c51f2159d2b37	host_thumbnail_url	technology.internet.url	technology.internet.url	0.9477025270462036	high		header_hint_cross_domain:host_thumbnail_url	False	1
a2d34caf97b88b489fad46df0fd82892c9437ae17cb57277555fd4e0f04cfc91	host_thumbnail_url	technology.internet.url	technology.internet.url	0.9477025270462036	high		header_hint_cross_domain:host_thumbnail_url	False	1
7ea09316ccf7d597ae26cd829a70ebbfd633e493940e25b7a13609ea182e6b31	thumbnail_link	technology.internet.url	technology.internet.url	0.5930436849594116	low	representation.text.plain_text	header_hint_cross_domain:thumbnail_link	False	1
f2170bdcec79e7320acc192de474629befabe65b286cf553a55cece3ec9adc3d	TLD	technology.internet.top_level_domain	technology.internet.top_level_domain	0.9902516603469849	high			False	1
2857d0a449b5c6f4c8073f9d652678bcaf5a52a4da6aa2c68cc1f5d7c2950bf9	tld	technology.internet.top_level_domain	representation.alphanumeric.alphanumeric_id	0.7059736251831055	medium		attractor_demotion_validation:technology.internet.top_level_domain	False	0
0c9a82293837e11ce78c4fdd59eb008466a20d3a094f3e4fd219bd847c3f4283	TLD	technology.internet.top_level_domain	technology.internet.top_level_domain	0.9902516603469849	high			False	1
fe6dcc80cd2717909614153f5af3c8592b374a906101d4a2bb3437f9c42469d3	Unnamed: 4	representation.text.word	representation.text.word	0.305921345949173	low			False	1
e7f6276904294ccb6575a5153c196aaa6a4fbb2397f580ff146ccf5d28d8d3db	Points	representation.numeric.integer_number	representation.numeric.integer_number	0.6000000238418579	low		binary_vocab_veto:points	False	1
5902bad1104e9a73bac3226c91587c5bd7ed37da9b2469bbcae79313544c6df5	failure	representation.numeric.integer_number	representation.numeric.integer_number	0.8528048396110535	high		boolean_override_single_value	False	1
ce16a2c51fd411ba6ee7c9a82fe42f239dc5feff73321565fe017c44b9ed8a7b	itemid	representation.numeric.integer_number	representation.numeric.integer_number	0.6948793530464172	low			False	1
e24108090bcb3af9f1d03d9931403ffc759124add367ca83e4364d71a61c520b	Comments	representation.numeric.integer_number	representation.numeric.integer_number	0.8747583627700806	high		boolean_override_single_value	False	1
d97a509371485a6f5c1d5dcf68b13dcf7e3b1915e731dae09f28835d46a6d5a5	tested	representation.numeric.integer_number	representation.numeric.integer_number	0.9382612109184265	high		boolean_override_single_value	False	1
adebbf7aa5dac979a49aa49f1c3ad6a99d56976fb07e647453f1e1237e317585	Comments	representation.numeric.integer_number	representation.numeric.integer_number	0.8747583627700806	high		boolean_override_single_value	False	1
1efbd24307d6dc94a451e4e45f6224f6fe17f58c11d7a615d96b2e089750a683	Comments	representation.numeric.integer_number	representation.numeric.integer_number	0.5623828768730164	low		binary_vocab_veto:comments	False	1
b9b80dc9dcd1e08afb3b989835cc954e292ce80e2fe737433c8e8e6aed370a75	Points	representation.numeric.integer_number	representation.numeric.integer_number	0.6000000238418579	low		binary_vocab_veto:points	False	1
4294dae319d14bdb7941d050d96aadddd8bef737ff26978e29c4263809c86fab	Comments	representation.numeric.integer_number	representation.numeric.integer_number	0.8747583627700806	high		boolean_override_single_value	False	1
534fc5126bf9116257cb3b213a8929be201e83b7d9edad4309e450c4253ccffb	Comments	representation.numeric.integer_number	representation.numeric.integer_number	0.8747583627700806	high		boolean_override_single_value	False	1
b554b49cd70a6b426022ce414241c16c7c1d324d44205d7cb80743b0312bdb83	WindowProtection	representation.numeric.integer_number	representation.numeric.integer_number	0.884165346622467	high		boolean_override_single_value	False	1
082e15af0fc7d7dec5258749c778d6fb5aa7f968761e972d5bf1f9334af7cad5	Fan-Out	representation.numeric.integer_number	representation.numeric.integer_number	0.9978312849998474	high			False	1
a3c2a3abef4d5649237967c938d33e69f830ce8f10868a41df3651080f0105b5	Points	representation.numeric.integer_number	representation.numeric.integer_number	0.8594223856925964	high		boolean_override_single_value	False	1
4d21b55e791bb12de57bf5a33663c0624bc4d218fa1b8eae33d7d6cffd8d5f73	Points	representation.numeric.integer_number	representation.numeric.integer_number	0.9955326318740845	high			False	1
0d336bef172f9320f5d90fe104276d3fa914f65877f10f0c0be071d87599871d	Activity	representation.numeric.integer_number	representation.numeric.integer_number	0.9408367872238159	high			False	1
a3a72669f6276d91558889192696a84aafad3bfeafbcc6553ca13182e9fa2a65	POSS	representation.numeric.integer_number	representation.numeric.integer_number	0.6000000238418579	low		increment_substance_veto	False	1
9f50c1edbd3ad8c69488735d41aee172d3474f3f97a8f96da7eac6527e69386b	Smart 10: Spin_Retry_Count (Raw Value)	representation.numeric.integer_number	representation.numeric.integer_number	0.8933079242706299	high		boolean_override_single_value	False	1
6c072596ed46fac0f6fcd9eb3218228ec859ed53346349f88d7ca5752323c829	bps	representation.numeric.integer_number	representation.numeric.integer_number	0.8927443623542786	high		boolean_override_single_value	False	1
fd5f4ae16b8c48ca52dc4f1ae8809020e9d5c78bd0362b07519282c73e11e299	course_over_ground	representation.numeric.integer_number	representation.numeric.integer_number	0.88068026304245	high			False	1
5599cffafabcae27fa9d6d0def6572340e99ba11283fb29b01d4e25ddbd6cdf7	Smart 198: Offline_Uncorrectable (Raw Value)	representation.numeric.integer_number	representation.numeric.integer_number	0.7909742593765259	medium		boolean_override_single_value	False	1
8b58b9696202dcc0ba3a7a6a18bc3884644fe1e81e82f0d5ff2eec1ffdc28783	Reference Offset	representation.numeric.integer_number	representation.numeric.integer_number	0.8974117040634155	high			False	1
43b2ec93206244451bddf9ef5d024d90bebf544064cf8dfe52c44289932d05ff	lambda	representation.numeric.decimal_number	representation.numeric.decimal_number	0.9981461763381958	high			False	1
358c28c54a0430bd0b8efe95eac4fa3f291fb704522936df6577c9c4fbf3f253	Created	datetime.epoch.unix_seconds	representation.numeric.decimal_number	0.9998996257781982	high			False	0
2f1171bc3ca6692a40bc216e9ca218bc0a1e433f7ddf1681cdd6c868c22ceb43	Parent	representation.numeric.decimal_number	representation.numeric.decimal_number	0.9999905824661255	high			False	1
b4e5fd3620256415a541e31eb825eff2c7046d227134e13d7864f1d33d749f85	Story	representation.numeric.decimal_number	representation.numeric.decimal_number	0.9999973773956299	high			False	1
7ad6db5a6241765e5a5ed792beada0827822b15ebc918b584719ab60c034ad3b	Parent	representation.numeric.decimal_number	representation.numeric.decimal_number	0.9999861717224121	high			False	1
e4c74d439e29733ed99975782451a9cddac40be34dce714135b0b4289669c21f	Parent	representation.numeric.decimal_number	representation.numeric.decimal_number	0.9999790191650391	high			False	1
52f858cb5419ca6f1cf78cab571afa509dd14e8d4c755174141c0b4fcdb4368f	Created	datetime.epoch.unix_seconds	representation.numeric.decimal_number	0.9999922513961792	high			False	0
94788c5fd9ac01db6368fff430279a029a16f0f72e51fd7c54ad7297f09ab1a1	Created	datetime.epoch.unix_seconds	representation.numeric.decimal_number	0.9999661445617676	high			False	0
f58912e04ed7a0247903f15c35e0c82cebf93f7230eb8d503457882360043519	Parent	representation.numeric.decimal_number	representation.numeric.decimal_number	0.9999206066131592	high			False	1
86a6350648f7f20cdb9deb4446fe9bf74ed8376ad5b0d567a4f644105c28cf73	Baseline	representation.numeric.decimal_number	representation.numeric.decimal_number	0.9999805688858032	high			False	1
26890e9e31e6f7ba24c5642f7c9e1cfc42bed475f3fc9fa8cb31fb78601ef3a7	Story	representation.numeric.decimal_number	representation.numeric.decimal_number	0.9999970197677612	high			False	1
0643cb66b2b9270d559f8b16c458a5c021b84d1462691911ae242c7a41adeae3	Parent	representation.numeric.decimal_number	representation.numeric.decimal_number	0.999984622001648	high			False	1
03b2802bb6a2ef1b816a0d21e58bd81ea765bf748f268fa202c8275078a20c21	Description	representation.text.plain_text	representation.text.plain_text	0.9995952248573303	high			False	1
c378ba23e73806f1f10126ed6f51a8c51aba52f6d21d2d8e352996e86315fcdf	Shortname	representation.text.plain_text	representation.text.plain_text	0.42929670214653015	low			False	1
20c46a9f162149a30a9d69c8220c6ea7cd37a5607d4a1f95ebcd4eb237d29377	Title	representation.text.plain_text	representation.text.entity_name	0.9372419714927673	high			False	0
37d06b69166f79a75b67de2c64add9820d318d08b72bb8aff9eea75a37d5ac51	ObjectName	representation.text.plain_text	representation.text.plain_text	0.2989617586135864	low			False	1
f3c6f3f0d643517833f7b555f681368fe382b647de7844eee6c1525967be772b	LayerName	representation.text.plain_text	representation.text.word	0.46219927072525024	low			False	1
1e7885cf6326a8217e98885eb6d4ef7165f27eb47fdcdb21ddcc729a54336811	name	representation.text.plain_text	representation.text.plain_text	0.7671695947647095	medium			False	1
61e94053345c0b500f251b1ad7b3b5561ead925aaa10d508760df777656996f5	variable description (or question text)	representation.text.plain_text	representation.text.plain_text	0.954620361328125	high			False	1
6649907025a1ad533b4980044599aba10b5cde21ef2abffba77192a4392e8129	Target Date	datetime.date.iso	datetime.date.iso	1.0	high			False	1
41f20a493e899fcc53e45c0f043bfb633311eeb8f51f8c2bbb2e72a7610b969d	date	datetime.date.iso	datetime.date.iso	1.0	high			False	1
e232c434a27b54cc92cb18e15ce3359b6a4cc9e40189fea8fe5b5940e6587bc9	transition_25_lower_ci	datetime.date.iso	datetime.date.iso	1.0	high			False	1
c5343bab70561212410df2babb4cc8ea72254b6ab5fa7629657173821fa1e35d	date	datetime.date.iso	datetime.date.iso	1.0	high			False	1
8a012dc1dcab2da77cc7a40a7fe10c8858fdb9713f563468afe1ba34cf167c71	date	datetime.date.iso	datetime.date.iso	1.0	high			False	1
6f76b5707296b25a22a3526f5bc3d72cdfecc5f534fc2a7def12a74c3b4bacef	transition_25	datetime.date.iso	datetime.date.iso	1.0	high			False	1
ddf38605f5e29586359e20c4ae6e32e734c082492432abdd5d384627f0f4d9b7	date	datetime.date.iso	datetime.date.iso	1.0	high			False	1
a42fd0730571ccfa92c59078ecd46d5a4637d58d2987d5ef0ce7094fab4a21f7	date	datetime.date.iso	datetime.date.iso	1.0	high			False	1
91b4e36f26710af97384174c47512b351311b04ab9a65959dc21598c8089afb5	PermissionDate	datetime.date.iso	datetime.date.iso	1.0	high			False	1
e28634e3e4b8c7c4c61afb2ddf76829a52568c5f838b3ca5962ce231d45c708d	test_date_post_injury_2	datetime.date.iso	datetime.date.iso	0.9999998807907104	high			False	1
c55adb24d76b68b4e77dfc1198b94039cb8cab3a4d15368dfaf2ec80410f61bd	Date of Birth	datetime.date.iso	datetime.date.iso	1.0	high			False	1
579649e88bbb0fd5e1c4bafc893d1c187a02e0d0e8bc909a7bbaa79f343bb7c9	Last_Date	datetime.date.iso	datetime.date.iso	1.0	high			False	1
6f4a83a7e7d7f35b65a247f42d4344f7b96b95cb79c7267a287a7e187db48615	publishedAtString	datetime.date.iso	datetime.date.iso	0.9999998807907104	high			False	1
b5d9a1339f47f4c5cd2e10cf95ad6ca761800acb0bfec0e17654157f8fa8f88b	Last_Date	datetime.date.iso	datetime.date.iso	1.0	high			False	1
850bdbfa9aa798104d56bb8d418744544c2fba49f21b158df15a20eb7335fa6d	DateTime	datetime.date.iso	datetime.date.iso	1.0	high			False	1
3bf5344464fd46cd32c575e9b3075825ea72b0f67afa394613106b4133df019f	Since	datetime.date.iso	datetime.date.iso	1.0	high			False	1
6f768b0cfa597f085c673316c43c974f958a33f6aa9607e9beebf83fc6c3459b	datetime	datetime.date.iso	datetime.date.iso	1.0	high			False	1
fbf3bf58e9ec5219abe05f95b9571ce28b5e9b47765229ddae9c22c46f306069	Last_Date	datetime.date.iso	datetime.date.iso	1.0	high			False	1
f9b855a34ffc28d4c6028a87c103fdbc273c45976230cb10927dcd5ce1935cd5	time	datetime.date.iso	datetime.date.iso	1.0	high			False	1
6848f4c262e6063e6a3c45da55df9aa298b1459af89def100e5d0a4f092c8cb9	entry-date	datetime.date.iso	datetime.date.iso	1.0	high			False	1
05337e75a13bb7164c21868d19ed26ef5e7762494e758c8d477fc5008c5d700d	publishedAtString	datetime.date.iso	datetime.date.iso	1.0	high			False	1
b421e704fa63e4682ab525e154bcce1fc0a7224aae652c03e50fb9f4ec9b8d9f	DateTime	datetime.date.iso	datetime.date.iso	1.0	high			False	1
a0499858d7ab613b31fab6f063cb8e37a4559a94baf15470f77fedada8d6f19f	Accepted	datetime.date.iso	datetime.date.iso	1.0	high			False	1
041f8fab7fcd5e2ea06e15a778f4a03e79cc1113f1ab57fe721d545e14df891d	extraction_date	datetime.date.iso	datetime.date.iso	1.0	high			False	1
b29bf85a60df79dafe513ba5efbac031a86451814ef194946106cf270dbf7ee1	PermissionDate	datetime.date.iso	datetime.date.iso	1.0	high			False	1
79d84e5d1d5d350a887d6febd8ee89af6b24a2aa7b09eebc48592077c1fe5d33	transition_25_upper_ci	datetime.date.iso	datetime.date.iso	1.0	high			False	1
ebafff2d1615fcefeb4c825930e7e81f407eff463618a0a15bf8a9d9a5379e97	day_label_filter	datetime.date.iso	datetime.date.iso	0.9999984502792358	high			False	1
1e271c8209bfa409819a0c13660387826024132fd9ecc6d48664d008d4a4513b	authored on	datetime.date.iso	datetime.date.iso	1.0	high			False	1
a8518daff3d15373c8e14af4b3cf78b9216bce6ef32db1162f461cac3cfaaa23	publishedAtString	datetime.date.iso	datetime.date.iso	1.0	high			False	1
2b0fee2de1dbe0ea85e42329d13c071df86c6a1191beec1380d14b04d6608e0b	publishedAtString	datetime.date.iso	datetime.date.iso	1.0	high			False	1
d7d80c3c398a8cac1c262f83bb0affa29ae9d235efaa4497753bcbbdab4f545b	publishedAtString	datetime.date.iso	datetime.date.iso	1.0	high			False	1
eadb30842b1caa494f8cd7308f602f71d53a0bdd759e734a49dfa7e5b95031b3	sample collection date	datetime.date.iso	datetime.date.iso	0.9999991655349731	high			False	1
45355acdff043174b5b4db62e6dfbf0fb621f72c8183c699b9db87a89decf79b	entry-date	datetime.date.iso	datetime.date.iso	1.0	high			False	1
051da264789185baf299421b31e0bc7ef0d2a7f1c18e004bac05e5c56780f373	date_scraped	datetime.date.iso	datetime.date.iso	1.0	high			False	1
61ca5ada1bcd9990e3142c6a9393e4191a1fdd6e5f738ce5dcd851e411ec937b	Last_Date	datetime.date.iso	datetime.date.iso	1.0	high			False	1
2545e05190d649362ed04c03aa39b3b81fc33701fe0c62f4d3d10497dcb62867	transition_10_upper_ci	datetime.date.iso	datetime.date.iso	1.0	high			False	1
4da9e61b29c3d6ab1de9f3fd183239fc1832c3e0608125a30180f49d403bb29b	PermissionDate	datetime.date.iso	datetime.date.iso	1.0	high			False	1
eb78ff9e836b4817ebd8608ce6acb382e1e288df794e8d233635b1c593f5dea1	transition_10_upper_ci	datetime.date.iso	datetime.date.iso	0.9999998807907104	high			False	1
a0499858d7ab613b31fab6f063cb8e37a4559a94baf15470f77fedada8d6f19f	Received	datetime.date.iso	datetime.date.iso	1.0	high			False	1
d804b4899397fa234521e9717c98f8a0640a17e347009a7516f930ba1cdf6ff9	dateId	datetime.date.iso	datetime.date.iso	1.0	high			False	1
8d329881304e351c549d224420762fc4085904be5fde927978d75eb0d89aac35	day_label_filter	datetime.date.iso	datetime.date.iso	0.9999998807907104	high			False	1
d2bddab6c2d0f95db74bdd5a8d700bdcf52d577ce37e0c046abe011601d8a827	EndRentDate	datetime.date.iso	datetime.date.iso	1.0	high			False	1
e54d96d963436a637b5fb8c2afd273c4b7d0f4ebea1a8160b79bf10f9194c977	entry-date	datetime.date.iso	datetime.date.iso	1.0	high			False	1
fe376aabf0e1e37701aaee31e026812db22460d83ea7deca01abc60a95f66a33	last_review	datetime.date.iso	datetime.date.iso	1.0	high			False	1
8370b73fbb4c729cc2b91798de1e117662228d00b1927abb90c58562d14c133b	DateTime	datetime.date.iso	datetime.date.iso	1.0	high			False	1
6233173fe5b725003a606c3f07d1db94a556515bb7dfd2c753815fd70ba65fa9	Received Date	datetime.date.iso	datetime.date.iso	1.0	high			False	1
220d8b3828d0d8682299a1686028b76af5c7167c991c090e348b9d1ea379ea41	DateTime	datetime.date.iso	datetime.date.iso	1.0	high			False	1
38db4a722d70488dfeec439c057c19fcffabdb23b47c709763a208f095b7dcb9	dateId	datetime.date.iso	datetime.date.iso	1.0	high			False	1
b71b6f4d6f910957b86830d62e5b8a81378d21556916ab32e0abf8412ae8e555	visit_end_datetime	datetime.date.iso	datetime.date.iso	1.0	high			False	1
d50bb1708104db0582c753b2865e14679e08349a7f7a4fb2f5bb6ebe7ca15961	FirstAddedDate	datetime.date.iso	datetime.date.iso	1.0	high			False	1
58636addcb9ff2eb77736803ccdd4e40844c0b6cde3564d9088720c7cae21361	BirthDate	datetime.date.iso	datetime.date.iso	1.0	high			False	1
4d92084db55e2d51cf6bce8385c3be3aecbc8837adab4f5874296ed43c62c82f	gmtOffSetMilliseconds	representation.numeric.integer_number	representation.numeric.integer_number	0.699999988079071	medium		feature_no_leading_zero:0.00	False	1
1b9ad1b9d168b34bfb9e98db17349ad2fb0e3d27e3e2a3160b05e5ee31e7cbeb	utc_offset	representation.numeric.decimal_number	datetime.offset.utc	0.9947309494018555	high		header_hint_cross_domain:utc_offset	False	0
ff9c52eb09b264194fd2f2c169fd8dd3d57c50a155e7e0a87c3c58096e866b41	exchangeTimezoneShortName	representation.text.word	geography.transportation.iata_code	0.6035317778587341	low			False	0
a4b4f6997b5e642e2d8a1e2a041533a622a844b15a8dc2f35b0230d7143e2ab1	exchangeTimezoneShortName	representation.text.word	unknown	0.5826205015182495	low	representation.identifier.alphanumeric_id		True	0
abff7928b11b76bcf6a7724f41afb2839ee261fbb09706f9774b062baf4688cb	exchangeTimezoneShortName	representation.text.word	geography.transportation.iata_code	0.6035317778587341	low			False	0
06ae441d30a0ecdb253f6619e101f63ff0baa1f92fa3b08809c71cb0fb3673e5	exchangeTimezoneShortName	representation.text.word	geography.transportation.iata_code	0.6035317778587341	low			False	0
ccb9f1d47b24e406f662c9999782f58c0e6ba1671cbe2efd96a235de1edb3dcb	exchangeTimezoneShortName	representation.text.word	geography.transportation.iata_code	0.6035317778587341	low			False	0
389055fb2cd036fbb94cbda28c3223302379906c5a30d8a8977adea9078222b5	gmtOffSetMilliseconds	representation.numeric.integer_number	representation.numeric.integer_number	0.699999988079071	medium		feature_no_leading_zero:0.00	False	1
da3c65713a2736c6586eb201e52db8196dc518e5e6c505c39bb7a5efe38aa963	gmtOffSetMilliseconds	representation.numeric.integer_number	representation.numeric.integer_number	0.699999988079071	medium		feature_no_leading_zero:0.00	False	1
b0e03141e1fe44a09c5099b7bf787064bbcf619eaf83e57184c21c6d43717dc7	Created (UTC)	datetime.timestamp.sql_standard	datetime.timestamp.sql_standard	0.9995825886726379	high			False	1
aee220132b3f9d300c7bf75bd74e0ffc26564595920641433a01b7b6f1102fdd	April 9, 2021 9:32 PM UTC	representation.text.plain_text	representation.text.plain_text	0.6981114149093628	low			False	1
73b732b1c088a4be0a0c08a5b4d4133c195d8b1dcd89d3cc9602453f5a33d98d	utc_offset	representation.numeric.decimal_number	datetime.offset.utc	0.9920267462730408	high		header_hint_cross_domain:utc_offset	False	0
96b0c4699df6f807796d8db586a9c1c4ddc7a6f26a7491bcd16eb4df058cf0ed	gmtOffSetMilliseconds	representation.numeric.integer_number	representation.numeric.integer_number	0.699999988079071	medium		feature_no_leading_zero:0.00	False	1
52964fb752fa7bec9fa748f93e3b7249a98c179937450166e31f988f1512a3ed	gmtOffSetMilliseconds	representation.numeric.integer_number	representation.numeric.integer_number	0.699999988079071	medium		feature_no_leading_zero:0.00	False	1
2e8097c169f87bf1535f9702cda6ea9786b1d808d219700956b57dfb86eb5b8f	utc_offset	representation.numeric.decimal_number	datetime.offset.utc	0.9953546524047852	high		header_hint_cross_domain:utc_offset	False	0
a020d7e3865c9bb9062ed8ea99f8fc7d4c61f43f5fee4352c93340bb7537fdc1	utc_offset	representation.numeric.decimal_number	datetime.offset.utc	0.986623227596283	high		header_hint_cross_domain:utc_offset	False	0
620339fde04886a637a866aa4a22514206e13287635e1998ba5579299d850c7b	Created (UTC)	datetime.timestamp.dmy_hm	datetime.timestamp.dmy_hm	0.5386348962783813	low			False	1
b0e03141e1fe44a09c5099b7bf787064bbcf619eaf83e57184c21c6d43717dc7	Updated (UTC)	datetime.timestamp.sql_standard	datetime.timestamp.sql_standard	0.9982841610908508	high			False	1
46c4f419cc998341be49ad34396acce8502ab390abf2a8355d68c15fe18b34f3	TZ	datetime.offset.iana	datetime.offset.iana	0.6645579934120178	low	representation.identifier.alphanumeric_id	header_hint_cross_domain:tz	False	1
9cdf3d59a49744939b983e6da688e63f0f5a9e07ac20fad1906d54672a49247f	time_zone_ms	representation.numeric.integer_number	representation.numeric.integer_number	0.699999988079071	medium		feature_no_leading_zero:0.00	False	1
3b574808c822c0725f81ab9d3bf721f1ecf5441839c51f5275ccddbc287f7bfd	April 9, 2021 9:32 PM UTC	representation.text.plain_text	representation.text.plain_text	0.6981114149093628	low			False	1
8d407a9c63397e981b8f4c3382952ec2e9c410ab974dfb2d06b57e0547099d1b	Timezone	datetime.offset.iana	datetime.offset.iana	1.0	high			False	1
b1606b822cc7dba6ae04d3bc59782bd49a48f84a9171a8757264fad166fdbd87	Time Sent Utc	datetime.timestamp.iso_8601_milliseconds	datetime.timestamp.iso_8601_milliseconds	0.9999790191650391	high			False	1
1f666d7cba2c4397554eca758158928cb0b5cf50c172fdef613a7154ff77d31b	SET_TIME_ZONE	representation.numeric.integer_number	representation.numeric.integer_number	0.6920215487480164	low	representation.boolean.binary	boolean_override_single_value	False	1
8db36ab767f8228aebe47541d02d0bbd85eba5f2c710dba8813b6bfff13d3ce9	Tweet Posted Time (UTC)	datetime.date.dmy_slash	datetime.date.dmy_slash	0.6531370282173157	low	datetime.date.mdy_slash	date_slash_disambiguation	False	1
7cd3be1c132c2b1856847148faaac7a2d1f9055296bb50e2a63452d1222b6045	utc	datetime.epoch.unix_seconds	identity.medical.npi	0.31889304518699646	low			False	0
10163c07cc6fcb58bf8e8fa8e8a8047e6413d77f89ff8978f11c64a62072755f	exchangeTimezoneName	datetime.offset.iana	datetime.offset.iana	0.9277364611625671	high			False	1
7c6eac6b1f1ebf37fb62851f86aeb265a651b7fddb1217648f385f57823671a1	esgPopulated	representation.boolean.terms	representation.boolean.terms	0.9734702110290527	high		boolean_subtype_terms	False	1
e25292d88fc83034677157c6152e8b0adba8664aad1d2adce02a8d4cfad11fb9	esgPopulated	representation.boolean.terms	representation.boolean.terms	0.9734702110290527	high		boolean_subtype_terms	False	1
8f15c214f427dd30ae038fbf68fda00fdb671b00525690079044d09485f6de3f	translation1SourceUri	technology.internet.url	technology.internet.url	0.9421316981315613	high			False	1
7b68660e7ef29afd9e1bbbda6704ce24c60ede926d5b7bbf755755472df952eb	beat_baseline-Covid19Sim-Simulator	representation.boolean.terms	representation.boolean.terms	0.9870997071266174	high		boolean_subtype_terms	False	1
777355e550d9454ce45b9c6c4bd159a3a828483324f0f50281babf7e77514367	esgPopulated	representation.boolean.terms	representation.boolean.terms	0.9734702110290527	high		boolean_subtype_terms	False	1
18b342a8be8d978855796cbc1726702b8b16d3256c35ead1bcef6b06d381d7b3	template_name	representation.identifier.alphanumeric_id	unknown	0.7234443426132202	medium		header_hint_cross_domain:template_name	True	0
6761fd7f78e3a2bea3efa4835672941161243721e4ecb994ba114be990ac1d15	esgPopulated	representation.boolean.terms	representation.boolean.terms	0.9734702110290527	high		boolean_subtype_terms	False	1
63a880598aae3ca4ae37565501bff533dc0a4d5f5a48932867adc02e32072cc9	template_name	representation.text.plain_text	unknown	0.8308223485946655	medium		header_hint_cross_domain:template_name	True	0
0bc1b2a261bb98bbd158712f07216003f84b95a15fec622813e05281ffb7cb87	template_name	representation.identifier.alphanumeric_id	unknown	0.6681818962097168	low	technology.cryptographic.hash	header_hint_cross_domain:template_name	True	0
4881d3b99396b883667eafed3f3c7ce24d2fb9db2fc9274583bc79389e6b0977	guardian_relation	representation.text.word	representation.text.word	0.4481106102466583	low			False	1
dd426feb75605b076bdfd6b3d07c13769a39cec6649845b5516e8c6afe6c84ad	template_name	representation.identifier.alphanumeric_id	unknown	0.8353715538978577	medium		header_hint_cross_domain:template_name	True	0
e01245b6a9180d010964ee58e3af28d5dfc1432bfff1624e49547b5c262fca57	Dec	representation.numeric.decimal_number	representation.numeric.decimal_number	0.971935510635376	high			False	1
b20ddee7ffece3670d4fcefca81d2b8ca5c469b19038e2e41d1b1d1088be95c3	fiftyTwoWeekHighChange	representation.numeric.decimal_number	representation.numeric.decimal_number	0.6000000238418579	low	geography.coordinate.latitude	coord_header_veto:fiftytwoweekhighchange	False	1
b563ed9fbc290c056205eb5e652f96d599923e83687b16f342f820b7e75a97e9	z.exposure	representation.numeric.decimal_number	representation.numeric.decimal_number	0.7725995779037476	medium			False	1
ed54a351d65b224c0dc94d434cb7f27828bffac4f5506a5026f6de81e2750e2d	prev_term_gpa	representation.numeric.decimal_number	representation.numeric.decimal_number	0.9999109506607056	high			False	1
1468d86d714a4aa56efd8a83a3bd6ed28f0c14522c5ce7ca370cc7315a382115	52 Week High 3	representation.numeric.decimal_number	representation.numeric.decimal_number	0.5737453699111938	low	geography.coordinate.latitude	coord_header_veto:52 week high 3	False	1
9c1087b6aa1f52b501a31b4aad09b7f94f0932893d2267ea36fb828ad4402897	logloss	representation.numeric.decimal_number	representation.numeric.decimal_number	0.8575895428657532	high			False	1
77bb07b36c2899217120c453a64cbc42e20ace88eeb24b1b8e1f0a040ea86e27	RealTime(ms)	representation.numeric.decimal_number	representation.numeric.decimal_number	0.9546961784362793	high			False	1
090636308c0d5353b82362e4ddd5c38da1b930ada46a7f3e31e2088d80352055	RealTime(ms)	representation.numeric.decimal_number	representation.numeric.decimal_number	0.9609200358390808	high			False	1
43a4a829cb91bc0a780eee58227a89f25f54fad869820e7b3a429b2cec3b9577	time-stamp	representation.numeric.decimal_number	representation.numeric.decimal_number	0.9223410487174988	high			False	1
60035e69233116e3562707ae0849306ab306ad63def78faddaddf52bc7c15d19	mood_cluster5	representation.numeric.decimal_number	representation.numeric.decimal_number	0.9983677268028259	high			False	1
94e069136426ca92d13444030f773b4f7438bb3fdffa4682e172c3aebcac5251	StarchDM	representation.numeric.decimal_number	representation.numeric.decimal_number	0.6000000238418579	low	geography.coordinate.latitude	coord_header_veto:starchdm	False	1
a9460b3328e10ef5b3d6adbf91fbe62cefd9a8df8891f55b9494f6b3aed587f7	z.exposure	representation.numeric.decimal_number	representation.numeric.decimal_number	0.6000000238418579	low	geography.coordinate.latitude	coord_header_veto:z.exposure	False	1
3ea563b608868fc4c821af5024447c6175798ec57d62358918164ff7f9a52d29	z.exposure	representation.numeric.decimal_number	representation.numeric.decimal_number	0.704983651638031	medium			False	1
ca35c9069b65a1f274fbcf0eac1d09137c2820d0178dfce85e7d72eec83d2383	CDE	representation.numeric.decimal_number	representation.numeric.decimal_number	0.9776275157928467	high			False	1
4fc8af753cae69deb216ca8bbab78182d391e2b33ae6ca7c8f995cf7a007f827	HsPrc ($10,000)	representation.numeric.decimal_number	representation.numeric.decimal_number	0.6604710817337036	low			False	1
d299d9299673ae974541ccb39f45f4f07369d760e613ca593a4ce8a240b2b689	fiftyTwoWeekHighChange	representation.numeric.decimal_number	representation.numeric.decimal_number	0.6000000238418579	low	geography.coordinate.latitude	coord_header_veto:fiftytwoweekhighchange	False	1
de46304d604a59dac330e764cb84bedf49c52221d9198e86e780823b198303b9	mag	representation.numeric.decimal_number	representation.numeric.decimal_number	0.9944679737091064	high			False	1
5787a7d83c3f7b8e076e8d0b29d0e66b24b83e22820538cf53a32306316df789	3.791666667	representation.numeric.decimal_number	representation.numeric.decimal_number	0.9980477094650269	high			False	1
4306a893cf54804fa7eeada5c70c28dd8d14c952760e649dfa55701cbc0c2883	Lng	geography.coordinate.longitude	geography.coordinate.longitude	0.9113016128540039	high		header_hint_cross_domain:lng	False	1
0a22821b67f508439f21747c2d6845a1e014602b9aec94ca015599d6b9df2caf	Lng	geography.coordinate.longitude	geography.coordinate.longitude	0.5656567215919495	low	representation.numeric.decimal_number	header_hint_cross_domain:lng	False	1
f4079a5a95310220fae8611bc459cd7092530540ba7a1f661f4b80e88326c6e3	Lng	geography.coordinate.longitude	geography.coordinate.longitude	0.8438372611999512	medium		header_hint_cross_domain:lng	False	1
82a015cbd1d3ec7afb4ec1f1af17dcc1208be4837604677223c7d3df87b77085	Lng	geography.coordinate.longitude	geography.coordinate.longitude	0.8036229014396667	medium		header_hint_cross_domain:lng	False	1
1aa886137d41355049f757b22009e37b8f05e71b8274b242e9c7605e15145801	lon	geography.coordinate.longitude	geography.coordinate.longitude	0.9773595929145813	high		header_hint_same_category:lon	False	1
da2544f2df09367cd377159974652b1dc2178deaaaaa9b888b169fc6c113fd37	flu how long	representation.numeric.integer_number	representation.numeric.integer_number	0.5089067816734314	low	representation.boolean.binary	binary_vocab_veto:flu how long	False	1
cf75f5e83a7c55dd3bdeadce3c6c69c76c6483d8da9ab3dadb3af15093e7654b	Lng	geography.coordinate.longitude	geography.coordinate.longitude	0.6665361523628235	low	representation.numeric.decimal_number	header_hint_cross_domain:lng	False	1
8c9b0b1186eea05fdf4d6b3d19f5f6abc9aaf12474ac74336f5bb2e9c8cdaf15	longTermDebt	representation.numeric.integer_number	datetime.epoch.unix_seconds	0.562288761138916	low			False	0
900386fe684d2d727be1c7074591a2d3e32b4ddaf0f49c2cd24c023bade88dd3	Lon	geography.coordinate.longitude	geography.coordinate.longitude	0.7897371649742126	medium		header_hint_cross_domain:lon	False	1
db2d595575a46b5335cbcf19ae3eef09c770472eded34fe645d5e1208780d23b	longName	representation.text.entity_name	representation.text.entity_name	0.9381647109985352	high			False	1
69a622bd322ab87c4db4de75a70a0fe5c838e6e2ee9e5b022e0a41790a23ebf9	longName	representation.text.entity_name	representation.text.entity_name	0.991276741027832	high			False	1
3264dc78bed1f8418c65583d9a0ec7dd591e8b3aa7f354192f03b081b7484a61	longitude	geography.coordinate.longitude	geography.coordinate.longitude	0.9603279829025269	high		header_hint_cross_domain:longitude	False	1
7a18e4527fd455f72fbe80c855980706a010413e806d0c6de8d233e6d78267bb	longName	representation.text.entity_name	representation.text.entity_name	0.9612676501274109	high			False	1
29b8fe61cdfd74b661c292d192cff7d63c3be82a3da6d79d9ce793647fb1ce49	longName	representation.text.entity_name	identity.person.full_name	0.8417589068412781	medium			False	0
61dfa686d672f0b5d19164a8ebc24160ebfe5106bd622b9cea3675ed85b7f715	T:StockSharp.Poloniex.PoloniexMessageAdapter/summary	representation.text.plain_text	technology.cloud.s3_uri	0.4319474697113037	low			False	0
a2dbdb401f935d8f1346cd36d3ce3d7cef909a0545ed31f8d5fbf51de083cea1	longName	representation.text.entity_name	representation.text.entity_name	0.5114708542823792	low			False	1
28feec8f4d74d7537aeefc7691cbcd8723c0cdc8f076a43240c60addcc23758b	CanBeCloned	representation.boolean.terms	representation.boolean.terms	0.9996442794799805	high		boolean_subtype_terms	False	1
49392bca41c1a963ddb59bc92f1da0c171096a43ed69edc83637fb8011da6a07	longTermDirection	representation.numeric.integer_number	representation.numeric.integer_number	0.9141638875007629	high		boolean_override_single_value	False	1
d334a0e1d0a68bd21c0eafd69e9809b15897b44e3976f8f4a35547d347064be1	vz	representation.numeric.decimal_number	representation.numeric.decimal_number	0.7935806512832642	medium			False	1
0f8cff660053b0d1c37d9acec3baa433b5e85eb2369023f9ea9a8ee7482d4fb1	vx	representation.numeric.decimal_number	representation.numeric.decimal_number	0.6000000238418579	low	geography.coordinate.longitude	coord_header_veto:vx	False	1
23488ec5e35b2ff54e9ea62bfd0a89b3e9ba4e994a2ddc6ad279e5b4c95fbf51	vx	representation.numeric.decimal_number	representation.numeric.decimal_number	0.899040699005127	high			False	1
dbdb19d7c49c95f8c1cbae1c8e539111880c35accb99713071b6060049cacd37	vz	representation.numeric.decimal_number	representation.numeric.decimal_number	0.6000000238418579	low	geography.coordinate.latitude	coord_header_veto:vz	False	1
33a06317612bfc307492dbe9d2ac1ef7376a9efb2197bbf87800ad05e77e46b3	appleMobility	representation.numeric.decimal_number	representation.numeric.decimal_number	0.9997565150260925	high			False	1
f892dedb1a2cae755713eca04221219609a129c175eeb2697c47e849bf25bf2f	135.60	representation.numeric.decimal_number	representation.numeric.decimal_number	0.9953590035438538	high			False	1
4f8040b9e692f07329b08b416f50a7012f8a7252c2b6321a143c5afdcb97b439	92.14	representation.numeric.decimal_number	representation.numeric.decimal_number	0.9997904896736145	high			False	1
8d286b5bc73bcff9fd7c843257b65ed5f5dbec359d477da36efa7c8e4e4c8c59	vx	representation.numeric.decimal_number	representation.numeric.decimal_number	0.8161712288856506	medium			False	1
af029de50688739c12a30547395ded9511c2cff63257d45a32ddeca29cfe5519	145.07	representation.numeric.decimal_number	representation.numeric.decimal_number	0.9987577199935913	high			False	1
89e5b847a08cd4fee479569cd535ae1e135add4739775c4535630a8c710047ab	vz	representation.numeric.decimal_number	representation.numeric.decimal_number	0.6000000238418579	low	geography.coordinate.longitude	coord_header_veto:vz	False	1
39f0b776c956d718b00e0a24b1c25684bb99268c942db0682c1e85e308d56dcb	134.11	representation.numeric.decimal_number	representation.numeric.decimal_number	0.9998006224632263	high			False	1
3e34b460cdda623297c27bb3a79e9c330d626b09a4c9cdf60244882b8cd3a09f	vx	representation.numeric.decimal_number	representation.numeric.decimal_number	0.6000000238418579	low	geography.coordinate.longitude	coord_header_veto:vx	False	1
671aea5a40417c2b9b0a0232c4cb48923ce01996bec71b4f8195647356f06f0f	TEAM_CITY	geography.location.city	geography.location.city	0.8173954486846924	medium			False	1
f9e2d49851d2f13ffe2ef08eb027872d2fe2c20da8615d319d964378bcbb998f	TEAM_CITY	geography.location.city	geography.location.city	0.9927278757095337	high			False	1
3e9f8aa99b8f9e1279744966fc090aa60b79e8d8089341c7f58f84fc9e613863	TEAM_CITY	geography.location.city	geography.location.city	0.8277494311332703	medium			False	1
4fe1db625f734576b2e64c19e28757db59bbadaede8e69df18bd3c1e57544b7b	TEAM_CITY	geography.location.city	geography.location.city	0.9797873497009277	high			False	1
76b515a9486fba5fb4a299a8e039a7e554ae0fb48466d9c466351e808c85da11	TEAM_CITY	geography.location.city	geography.location.city	0.9927278757095337	high			False	1
6d3f1610e9b8e33efb0f043031ab53dfb99c80c6ad1a5335c26204443a5129cb	city	geography.location.city	geography.location.city	0.5	low	representation.text.entity_name	header_hint_cross_domain:city	False	1
e0ea6b0ed53be7937c65c406d9d0ce8b926640d73bc8394b686ec48116cf1c97	CITY	geography.location.city	geography.location.city	1.0	high			False	1
5ec8388e47ebc910e1cb79212ab89bb2d552d03b20aa5682a6b4d0fd6f544465	City	geography.location.city	geography.location.city	1.0	high			False	1
10cfbff8f83c737ff50ad65ca62e4e45645058f2c051e02530a890de979fc7dd	city	geography.location.city	geography.location.city	1.0	high			False	1
2e24e162e0e567eae87dd078562d7a74a1516caf0e74bdac71d818c9aed5f3ad	city	geography.location.city	geography.location.city	1.0	high			False	1
843a1d038170007023255123fff55cc1bb91b9ffcda205fc79d333d1851d4ac3	Provider City	geography.location.city	geography.location.city	0.9985059499740601	high			False	1
cbb872989a38e973993d60f77bb205df878496343b898cb6c1c9cca5038653f7	venue_city	geography.location.city	geography.location.city	0.6216564774513245	low			False	1
e357e74e5fa232f977bd43cfef8b1b56c0f886fc84ed4425440239ca52e27129	Provider City	geography.location.city	geography.location.city	0.9785926938056946	high			False	1
d3fda29de245974f7d80f3936aaf230a93dff4681e205fc000aabef4ee9f85cf	Provider City	geography.location.city	geography.location.city	0.952595591545105	high			False	1
9ffefa4c724b2e15b4f248b3bea10204b670a17c0580c2fa37757345e8c05987	Provider City	geography.location.city	geography.location.city	0.9658966064453125	high			False	1
89000102c9c69145c7fd264753ccfb38d326d384679452ddbc89e006ae94a22b	Provider City	geography.location.city	geography.location.city	0.9720339179039001	high			False	1
51d2729c5ed084ac3b8b63b61771af3d7b02e9204924ebc2c64fa434e45465eb	_city	geography.location.city	geography.location.city	1.0	high			False	1
234d6bd77b566eeef1ffa6c8bf011987a1a02b228a51e01c8c4bb2fd42378e5f	town_map_darkelf_t00	representation.text.plain_text	geography.location.region	0.7744302153587341	medium			False	0
7ac381cd4b78e0444a68355d590362d0d8a028e7b55dd868bce114a994dc517f	Activecity StringType	geography.location.city	geography.location.city	0.8971917033195496	high			False	1
28cefac178e8fb0e6d2a92a70165a15d7db38b518cec777fadf7dbd0a1e2bbef	DropOffCity	geography.location.city	geography.location.city	0.9619880318641663	high			False	1
ab173f2ca1eeaf1731b11ce91488e4919d74752cfb83167afec90e5e2624894b	Region	geography.location.region	geography.location.region	0.6957962512969971	low	geography.location.city	city_region_header_corroboration:region	False	1
a6aa4568dd73ca40c416c3bcb4d6e23c03e4c7f99fecc057ce519a142fa5885b	species_code_6	representation.identifier.alphanumeric_id	unknown	0.5276408195495605	low	representation.identifier.alphanumeric_id		True	0
c335a91a09591afa06d44d0611ec7c436cbc207043e0e2b0ff5bb110d851944d	name	geography.location.region	geography.location.city	0.5175055861473083	low			False	0
cceee25bc15c1b4d818ec12ba6934bee4fb340f7916515c471c3d9fe5f0bc187	Source Type	representation.text.word	geography.location.city	0.6109998226165771	low			False	0
6b8b0c0fb1182ce29d3bf895412509a6b10d1ffaebb79489c4a016e3184144a3	interaction_type	representation.text.word	geography.location.city	0.45482125878334045	low			False	0
9ac5e6482529ff804ddbd5be115131f6b1b65f204171d79565635971ebae5fc1	folder_owner_addrcity	geography.location.city	geography.location.city	0.955949604511261	high			False	1
81d19b2c31dc3b21d44cb459d3fd45948a60e915a68b37b5a352381a68f6805d	interaction_type	representation.text.word	geography.location.city	0.45482131838798523	low			False	0
4b3ba0a557e1959db3c0a1ecaae8dff491d77c389d66caa05746a12d4a011aff	country_id	geography.location.country	geography.location.country	0.9999881982803345	high			False	1
d54a15349342387eb5685b032dfa74a17cc4686b0e9b8950e96a457a5090f4f3	country_name_filter	geography.location.country	geography.location.country	0.9822430610656738	high			False	1
c74da3637e7ed3e0daa499cd200643a255171947dfc44192e500297df6d34c8d	primaryCountry.alpha3Code	geography.location.country_code	geography.location.country_code	0.9970500469207764	high			False	1
85d91d3f22fabbe5f26dc35d60906093356a0abbd031c59e669fa8a38b7e820b	destination_id	representation.numeric.integer_number	representation.numeric.integer_number	0.5537685751914978	low	representation.boolean.binary	boolean_override_single_value	False	1
25b3cfc1fdf8bb50e7b8d361c4607e81b908c2d71244ca1d5a6797140762afbb	country_name_filter	geography.location.country	geography.location.country	0.9909461736679077	high			False	1
01ebeff3cd2f2e045a8bf78df5633811ff3ada7c00f8796326aa5d3e095436db	country	geography.location.country	geography.location.country	1.0	high			False	1
e640db186636e6b5cdb4d3838fb89da0762015f70c4f0389b84a85c38be2b23b	country	geography.location.country	geography.location.country	1.0	high			False	1
8db449436720923e69b9f5c475ec8dfb12b558034b2ff52da267b7539b1d21b3	country_name_filter	geography.location.country	geography.location.region	0.7235610485076904	medium			False	0
a0f28ecfd3b143902cda547b115ca607f644ab04679cb1fe044ca70bd54cd88d	toCountry	geography.location.country	geography.location.country	0.7652656435966492	medium			False	1
c8eaa48b8afb4f753294cc9de0c268b2854c4421f1f381c2391d67fcddaf4139	destination_id	representation.numeric.integer_number	representation.numeric.integer_number	0.5537685751914978	low	representation.boolean.binary	boolean_override_single_value	False	1
fa126bd45a6db5ea9e987c76f2d4fb407c3f1a5b04945e2e0a8aedb02f971a71	country	geography.location.country	geography.location.country	1.0	high			False	1
0dead6b6b687b8aac526c3282b2a298999cbdbb721f5dc1ef0aeecc6280d3451	Country Code	geography.location.country_code	geography.location.country_code	0.5	low	geography.transportation.iata_code	header_hint_generic:country code	False	1
bfa4f0ed34400057beea8abf6d1cf5d1a6bf72e27dc4bd6eca842ac94b415309	destination_id	representation.numeric.integer_number	representation.numeric.integer_number	0.5537685751914978	low	representation.boolean.binary	boolean_override_single_value	False	1
7743d82c1247fcb1950ebd7492669b0694e74ac41d4e03a530615225caf437c1	ActiveCountry StringType	representation.text.word	geography.location.country	0.5289984941482544	low			False	0
00f12cef362cdb00f123fa07b5e33286c444c0bd1c9494568955cbe5ea2d8205	id	geography.location.country_code	geography.location.country_code	0.5116710066795349	low	geography.location.region	country_code_corroboration	False	1
482a766bea037b5baf7e9143786412e3dcd2f2b974ac69e3c568407c0b2d52df	id	geography.location.country_code	geography.location.country_code	0.8014739751815796	medium			False	1
fd3eaa848b2660b6b381df1cfe036c554ef32d1fa4316781703ce0c37b5727e3	id	geography.location.country_code	geography.location.country_code	0.7209224700927734	medium			False	1
bd4824dc80224edb363bbe28ec0395a0a65d2132ac69ee13f9f078fc5f931089	id	geography.location.country_code	unknown	0.5974133014678955	low	representation.identifier.alphanumeric_id		True	0
e79716601eeccf591caa88dd0105f5355d34c303f763b6b79e87d95d1a6bfb67	region	geography.location.country_code	geography.location.country_code	0.981864333152771	high			False	1
e0d31e014a2748216082cf1e9452950027a1188ef2953e02d0790e6967a1c47b	region	geography.location.country_code	geography.location.country_code	0.981864333152771	high			False	1
b01ad9aa1db0cf9e57617956bf1ec3c5ecb80d7565d2f1ecbc6f15797c3a9b99	TEAM_ABBREVIATION	representation.text.word	geography.transportation.iata_code	0.7878462672233582	medium			False	0
fb462124695ef289816aaa8c2582a83434b5dfebed30852f2fffa588f9455f99	region	geography.location.country_code	geography.location.country_code	0.981864333152771	high			False	1
62049f6cc156babe0e755f14382440d0684d8392d398824b98cbaaaff8272e07	id	geography.location.country_code	geography.location.country_code	0.5979465246200562	low			False	1
9c4ffa5bc6c1a82cdc94b64499ac583c24da5ff48740d53f9ca0be92cbcb2c29	region	geography.location.country_code	geography.location.country_code	0.981864333152771	high			False	1
a6c48197111f57c91d807c684a5c92a7925f7145516cef39de9fe225ae5f84c5	region	geography.location.country_code	geography.location.country_code	0.981864333152771	high			False	1
3b453ba62475daf1997642dca113729483b21bcb5deb5881e446a6ce141d81d9	Type	representation.text.word	geography.location.country_code	0.6187809705734253	low			False	0
298cdaadb512d5be059377b2c0e9b6cfbb968f5bbaafb9acf1285956df62ef2d	label	representation.text.word	representation.text.word	0.44255533814430237	low	representation.boolean.initials	enum_reframe_residual<-boolean_override_single_char_categorical	False	1
f14adaad76e0560dff6456deb99915501f6e383062fb47dde46035c788bed3bd	Explanation_more	representation.text.plain_text	representation.text.plain_text	0.9877739548683167	high			False	1
638ac3921b170a3d8639fa25e62cbaaf8a3af013980651a3624475faf0d65717	country	geography.location.country	geography.location.country	1.0	high			False	1
4fc6f39cba4d5ecb85b3103dcd3e8fdb86d9049800c1053599e010278ca9fa19	state	representation.text.word	geography.location.state	0.699764609336853	low	representation.text.entity_name	header_hint_cross_domain:state	False	0
be00af421b3be9ca61d1390ffaa792e8e6fa5a76ad44cd1334c4b05bc1df4555	State	geography.location.state_code	geography.location.state_code	0.9007134437561035	high		state_code_promote:state	False	1
fc8431616fcd24aac8f3a5b783f35a15d48f4298066dd4f920710e9bef7a692f	state	representation.text.word	geography.location.state	0.6922219395637512	low	representation.text.entity_name	header_hint_cross_domain:state	False	0
5f9abf9f86232d535b258029964280a3b995e6423d6a0f3428319c69414bb607	state	representation.text.word	geography.location.state	0.6922219395637512	low	representation.text.entity_name	header_hint_cross_domain:state	False	0
3a51a9904af20b1e34d6c15d9257fd402947abfde94e5346c589d32a32dbc343	region	geography.location.region	geography.location.region	0.9981766939163208	high			False	1
12fcfce06b228f4289a46a748614eb84f9cfccf49ab9a9526cad2bc8a3f47bd7	PROVINCE	geography.location.region	geography.location.state	0.7075084447860718	medium		header_hint_geo_override:province	False	0
8d3231032f0005746cd69e080503ec1685771f07cac7a9c7084732e35e24270b	3. State [5a7c1da369602a176d801427]	representation.numeric.integer_number	representation.numeric.integer_number	0.9517379999160767	high		boolean_override_single_value	False	1
4e47c8baa93e6483ac60fc6824b4d156074380d796e591465b09b1b6d843f553	state	geography.location.state_code	geography.location.state_code	0.8210208415985107	medium		state_code_promote:state	False	1
af14dd1c46dcb0106fac07c53291e9e3a36ff2bf6742c5bd201448a842d78547	region_id	representation.numeric.integer_number	representation.numeric.integer_number	0.6000000238418579	low		increment_substance_veto	False	1
01dc44536cc6b1eaec2634d50bf0b4f84f5815df6ca1dd4c954693c1c79740a9	County	geography.location.region	geography.location.region	0.8085070848464966	medium		city_region_header_corroboration:county	False	1
526c5ec70e976f5acd6e620372210d730ea3d5ad01bc424354ad8aa7ca99a8c9	default_resurrection_district_id	representation.numeric.integer_number	representation.numeric.integer_number	0.8110271096229553	medium			False	1
0aef168cf9e2d280ec0f7d058dae15621ba2f298450d874390b404ca923532e9	Region	geography.location.continent	geography.location.continent	0.9920274615287781	high			False	1
f248b3600d203cad7e90441c5452ca97ab0954a3de06df9d252622cb0084cc17	Region Rank	representation.numeric.decimal_number	representation.discrete.ordinal	0.5	low	representation.numeric.decimal_number	header_hint_generic:region rank	False	0
dd11f722bb1793a7c22df2c90bb26b6bf4a38a2791ccc15bf2890c48e275e491	County	geography.location.region	geography.location.region	0.8205124735832214	medium			False	1
5426eab639d65ddb8437314323253817a1aeb881ef04bb2d5bb70208428b2cbb	4. District [5a7c1da469602a176d801434]	representation.numeric.integer_number	representation.numeric.integer_number	0.9225232601165771	high		boolean_override_single_value	False	1
9600f4ed9649f716bcc11f67542d10df5f20b4a379aec7d561f74fef6d591451	REGIONE	geography.location.region	geography.location.region	0.6738340854644775	low			False	1
547d8baaf2548956637199e85595a37748d7a26ddea434ceb07e09ded0c6ceef	County	geography.location.region	geography.location.region	0.8432713747024536	medium			False	1
98c87a16bbc5fa2e4ee9102cf154bd03f6dc3bcd60a4f7c00bfaa062c2caa833	District 04 Estimate	representation.numeric.integer_number	representation.numeric.integer_number	0.5039639472961426	low			False	1
209aedb83b05ec650795ab9c889efc76397a86fcf8f780934e960c581ce11905	Provider State	geography.location.state_code	geography.location.state_code	0.8272499442100525	medium		state_code_promote:provider state	False	1
4981ed215710e9fc2a0d4e153db396a28bcb3a1b0058f69c604055a2f3d0b513	County	geography.location.region	geography.location.region	0.3654249608516693	low			False	1
aec5b768d1f6e0d201d8a2e2f9abeb97444bcf53c2229b0f75ba8ec7cb59aaff	person,state,district,vote,name,party	container.object.csv	geography.address.full_address	0.9325907230377197	high			False	0
72f2f451482a2c4b0cf24b2edd204ef48541aaa1f94825b09434d5907207bc03	Classes 5 RegionsCount ::Classes 5 Count!!I	representation.numeric.integer_number	representation.numeric.integer_number	0.9244318604469299	high		boolean_override_single_value	False	1
4a734ce50eee605e9799424b826e8e31289fcbcace8f6d389526360ae28c5679	County	geography.location.region	geography.location.region	0.9851040244102478	high			False	1
b3fc727f495cdcf083bf4f3feec99f3df4fb86433c92f66a791f4283222d5e21	region	geography.location.country_code	geography.location.country_code	0.981864333152771	high			False	1
736ced102d0fafe3d73845802e3ca552d99c55aa79d88600b061cc73b7bf1861	DL State	geography.location.state_code	geography.location.state_code	0.9098448157310486	high		state_code_promote:dl state	False	1
becf841517a5258a98ad9cbed66c67250dec961dbb2ddd4fa9255ab8b29c4f75	region	geography.location.country_code	geography.location.country_code	0.981864333152771	high			False	1
843a1d038170007023255123fff55cc1bb91b9ffcda205fc79d333d1851d4ac3	Provider State	geography.location.state_code	geography.location.state_code	0.9058621525764465	high		state_code_promote:provider state	False	1
fd139fa55538dd2aee1713c0b10bd16ce2c5583ae28a576c5fe95d007efc06a9	State ID	representation.numeric.integer_number	representation.identifier.increment	0.9986423850059509	high		numeric_sequential_detection	False	0
55ec72a260e90108d702638ceb16d14b358825e2e146cde13c94a7989bd7231f	ADDRESS STATE	geography.location.state_code	geography.location.state_code	0.8987839818000793	high		state_code_promote:address state	False	1
f4aa40228114033ad1822a1c319b71cbcbff672e01cae8aa1b8a69691100a22b	District 02 Estimate	representation.numeric.integer_number	representation.numeric.integer_number	0.699999988079071	medium		feature_no_leading_zero:0.00	False	1
8c8dfc18020d80913032e0a39921830598037dabc10f029cb817dbba22b70f37	Type	representation.text.word	representation.text.word	0.4401739835739136	low		enum_reframe_residual<-text_vocab_override:distinct=2/8	False	1
9849dfa0e24f48ca0e0bfaaa0d8faf845d5dba01ab39d16c42d9b544ac661ff9	Type	representation.text.word	representation.text.word	0.8048654794692993	medium			False	1
bcec44fcb660d99c48bc96ed7a5fea17df8f27b93c22854e799d7544f5053a5d	Type	representation.text.word	representation.text.word	0.8134459257125854	medium		enum_reframe_residual<-text_vocab_override:distinct=2/8	False	1
d6300d79f169f90dffdccfbaaebbed1093ba1ac78757c34bae5b27c1359bcd87	Type	representation.text.word	representation.text.word	0.8134458065032959	medium		enum_reframe_residual<-text_vocab_override:distinct=2/8	False	1
5f935eb98f44dd7c4d5ef34a5b2ade0b2ab8293fa05bc0f28dff4082c75f7a9b	Type	representation.text.word	representation.text.word	0.8134458065032959	medium		enum_reframe_residual<-text_vocab_override:distinct=2/8	False	1
5cf5cb1a01357a0d455d2d918329f3e54245aa629eb157d5d8f17fdf57b7a251	Class	representation.text.plain_text	representation.discrete.ordinal	0.5	low	representation.text.entity_name	header_hint_generic:class	False	0
2e247329adccb6f61c7a324cf1f403b8dd39662cc73cec190f71951077e9f547	finc_class_facet	representation.text.word	representation.discrete.ordinal	0.5	low	representation.text.entity_name	header_hint_generic:finc_class_facet	False	0
5718223629d1e6ce7def0fb5bc93dc087a211f06a33d862068f4dffb499f9ebf	Class	representation.text.plain_text	representation.discrete.ordinal	0.5	low	representation.text.entity_name	header_hint_generic:class	False	0
b298783f7771e9a87f4f87bdab710d8ec8e6bf67184eb4d5024a48723ddbe817	Status	representation.text.word	unknown	0.7195736169815063	medium			True	0
4a78e379fcee30f876888f586e7c4e7d3612f327aee8c9c3a46b2a1bc9da8d03	group_id:id	representation.identifier.alphanumeric_id	representation.text.plain_text	0.3897479772567749	low			False	0
07b52133f884f7f94e4f93483904e75f07dae1b9ca47a38afee03671b9d82099	group_id:id	representation.identifier.alphanumeric_id	representation.text.plain_text	0.8696864247322083	high			False	0
c1bbf47b0d74023c599b999cf4ccb5c884a1e49a4b9eb54943ed9b4d25479d6f	discriminator_type	representation.file.extension	representation.text.word	0.7538383603096008	medium		enum_reframe_residual<-feature_short_code_not_extension:len=3.0,dots=1.00,alpha=1.00	False	0
82b04ad9b4afb7af1059a9fa90e6a642df19e7dcc1cd6967d803ec58b827d021	cell_type	representation.text.word	representation.alphanumeric.alphanumeric_id	0.9255521893501282	high		attractor_demotion_validation:finance.securities.cusip	False	0
4f7bba6e3db7319bad196a4ebc29c3629e6fc5a8e760d20b6f6a1ea044890c19	Class	representation.text.plain_text	representation.discrete.ordinal	0.5	low	representation.text.word	header_hint_generic:class	False	0
07d60392033fbce975307f310970d384827d4fb0dcfa9c05882ef2017299f005	type_tax_use	representation.text.word	representation.text.word	0.874877393245697	high		enum_reframe_residual<-text_vocab_override:distinct=2/8	False	1
d2a8598c713b4aaa8cd40b65258badefaecfa8ba41f192f6f7b452f0c7b5babd	dividend_type	representation.text.word	representation.text.word	0.5885947942733765	low		enum_reframe_residual<-text_vocab_override:distinct=2/8	False	1
9b52f6f681f1f119b8c4f73a2022d45c9adb0b14b3d099753dd0ece6e7023bb3	call_type	representation.text.plain_text	representation.text.entity_name	0.7304303646087646	medium			False	0
1ad1e33ad784b4207fbb2934e5afb48fc76df7c32fb054963f065a44ebfa6bf7	7-1_person-or-small-group-talking_proximity	representation.numeric.integer_number	representation.numeric.integer_number	0.5425748825073242	low			False	1
711b249d829a159c0f625540278bea096f8dd3348f99cd3d01881163940fa9d7	rStatus	representation.numeric.integer_number	representation.numeric.integer_number	0.9016930460929871	high		boolean_override_single_value	False	1
fa3880fa7db54781c1fd21015fefe2f9a80ead8439bdac6cc88d03371d8e8d1d	Code	representation.text.word	representation.text.word	0.6377197504043579	low	identity.person.username	enum_reframe_residual<-attractor_demotion_cardinality:identity.person.username	False	1
837e31b47609b91037fdd80159530cf66f666a5fa0561d40912c23ff42e40d33	exchange	representation.text.word	representation.text.word	0.5269318222999573	low	geography.transportation.iata_code	enum_reframe_residual<-header_hint_cross_domain:exchange	False	1
c734f3b7629f3287b2d57f0afe312756e425c47c4f572a5338c9f1b19b128fe1	group_id:id	representation.identifier.alphanumeric_id	representation.text.plain_text	0.5339968204498291	low			False	0
55bca008756ce369445ce7be0722d634d416e7a75cb606d21a0e578873f2066b	food_category	representation.text.word	geography.location.city	0.488589346408844	low			False	0
a14d153e72a34e35fb09f1a30ec45d2a39a6313b7114423c45359d71f29eed4d	Status	representation.text.plain_text	representation.text.entity_name	0.8820759057998657	high			False	0
7fbcfe44b065e6bb4b0ee45cf83e5d250ace13a90bc46ef1400e71cbff7fb3b5	category	representation.text.plain_text	representation.text.entity_name	0.9159010648727417	high			False	0
9c8f04fda7ddf2a055aacc1589f9f23860778aa80571b4a1f330305ffd232e9d	group	representation.text.word	representation.text.word	0.6468551754951477	low	representation.boolean.initials	enum_reframe_residual<-boolean_override_single_char_categorical	False	1
5e9839c9aceac1a13d0b08c5103cd249fe854a924d8e8e077f8b39df330810cf	Class	representation.text.plain_text	representation.discrete.ordinal	0.5	low	representation.text.entity_name	header_hint_generic:class	False	0
f63cbab6f64ac00a6c2a4df663c2716e06b0b24dd5f9730addcecc4497af59bb	ID	representation.numeric.integer_number	representation.identifier.increment	0.8863902688026428	high		numeric_sequential_detection	False	0
60b784212b96bf83858e42593111355f3d28035f501fa5e4b9d7ba6579f12db5	ID	representation.numeric.integer_number	representation.identifier.increment	0.7221132516860962	medium		numeric_sequential_detection	False	0
9d659ad74b3389fc63309a47b377c54dea1b5d5d4adb66d5049e6ce75d0e8205	ID	representation.numeric.integer_number	representation.identifier.increment	0.8975909948348999	high		numeric_sequential_detection	False	0
e1445303547b16fd8d40bf9236f7d0a13c228f51aa565cba7d8fc6de3f05667f	PLAYER_ID	representation.numeric.integer_number	representation.numeric.integer_number	0.7597110867500305	medium			False	1
06e712cf1a3468860b8503526a91c292d5f3221f26d9d5eb1e7538c254db52eb	GAME_ID	representation.numeric.integer_number	representation.numeric.integer_number	0.8906688690185547	high		feature_no_leading_zero:0.00	False	1
5b72608c4149be55aa161a72a5e9db1d6dc40aab017f015f64b1eab2f92489e3	ID	representation.numeric.integer_number	representation.identifier.increment	0.8257468938827515	medium		numeric_sequential_detection	False	0
82833c02e7d089c30083d97ae08d0e3ff60a9eff4dd817aafc8f9344636beb3b	PLAYER_ID	representation.numeric.integer_number	representation.numeric.integer_number	0.5644986629486084	low			False	1
cf5c7aa2ce0886a171676df338578b554cbc7c541bd1db2554f826ff13e9f207	task_id	representation.numeric.integer_number	representation.numeric.integer_number	0.8448725938796997	medium		boolean_override_single_value	False	1
715ad07bee3427b68b88de60f94040863bb7e5ec3850523169876f77361faa99	gbif_id	representation.numeric.integer_number	representation.numeric.integer_number	0.3942994177341461	low			False	1
c7ac447f1cfe5dbf9cf0346c3afdd4551f84bdaf6b0fe5a7bbcd68ceaf5f8f3d	PORTFOLIO_ID	representation.numeric.integer_number	representation.numeric.integer_number	0.5500336289405823	low	representation.boolean.binary	binary_vocab_veto:portfolio_id	False	1
b77aa26dc75f97db2e24134084f8d6249a3114589b92ebc64c291275e7f3f84f	GAME_ID	representation.numeric.integer_number	representation.numeric.integer_number	0.9113419055938721	high		feature_no_leading_zero:0.00	False	1
cc7a005ac6452e8d65b7de8d9dd65be488e726ba46df1bff81e43e2ca926292b	TEAM_ID	representation.numeric.integer_number	datetime.epoch.unix_seconds	0.6452373266220093	low			False	0
d7ccc29bcccbd06ddeb3d3c7092fad62e17dd85569da90ae79407998859dddc3	PLAYER_ID	representation.numeric.integer_number	representation.numeric.integer_number	0.699999988079071	medium		feature_no_leading_zero:0.00	False	1
576873586a68e2638f636e582e2a6ec364f6dff59c535508747d74463422b05f	TEAM_ID	representation.numeric.integer_number	datetime.epoch.unix_seconds	0.6737983226776123	low			False	0
f6d81fbbc4e65f2a30e13bf10d11610b26dea629b4a469c7265cf9142608d1cd	gbif_id	representation.numeric.integer_number	representation.numeric.integer_number	0.699999988079071	medium		feature_no_leading_zero:0.00	False	1
eb8f635b56dc347e1dffccdb0148a13a6bf521113b0fba4b124cc42124b871fb	student_id	representation.numeric.integer_number	representation.numeric.integer_number	0.9097417593002319	high			False	1
c1ed58e356850ce5899bf5dd4003db31d92b61285f2f49e90174a7cc9a0ded35	PLAYER_ID	representation.numeric.integer_number	representation.numeric.integer_number	0.6136844754219055	low			False	1
4c222c9806db4c9799a9ca36579c2fbea18695d4d216ceee4a4b72a56603f447	gbif_id	representation.numeric.integer_number	representation.numeric.integer_number	0.699999988079071	medium		feature_no_leading_zero:0.00	False	1
1ca4cce58f4f425ce1ae65a12524c2069ca37a2db2cb5effb04bf506f895eac7	indexfungorum_id	representation.numeric.integer_number	representation.numeric.integer_number	0.7032732963562012	medium			False	1
a1fa1b85586b63e5f35b70c148bae25528e4537ab010cb6b289c8ecdec9efa0d	TEAM_ABBREVIATION	representation.text.word	representation.scientific.smiles	0.49643373489379883	low			False	0
59300cf6baf89c54f208652fca4725f012efa2198831e888495ab5325a366a57	TEAM_ABBREVIATION	representation.text.word	representation.scientific.smiles	0.8184893131256104	medium			False	0
677387bddd75b51007cb8cdba15b350d8f2868d6fd214ef59ebf8117f1c9545f	TEAM_ABBREVIATION	representation.text.word	representation.scientific.smiles	0.9999902248382568	high			False	0
8d0e45b1d49587f9de15cde17506be015f3475d8c77fe8e9c6b68aef94ee3ecf	LayerName	representation.identifier.alphanumeric_id	representation.identifier.alphanumeric_id	0.32219618558883667	low	technology.cryptographic.hash	veto_fallback:id	True	1
85605055a031e5bfe5ec70f27fe3767414117a7e119ac2b80f1c017a5044b157	citation_id	representation.identifier.alphanumeric_id	representation.identifier.alphanumeric_id	0.6000000238418579	low	finance.securities.cusip	checksum_substance_guard:finance.securities.cusip	False	1
472bdabcba391d55193bf295a1e25114d66587104dbb346cc24d0e248e899d59	basionym_id	representation.identifier.uuid	representation.identifier.uuid	0.9841982126235962	high			False	1
02fc85ad7e2f6d6159e075aedb2a78cbebc1ee2cd53eb1bc3290bbdec768e651	ipni_id	representation.identifier.alphanumeric_id	unknown	0.6480165719985962	low	representation.identifier.alphanumeric_id		True	0
e306ac27cc66152d0dc14769b413e9ae84184ab8cb676796d82e4109225c6cab	source_id	representation.text.word	unknown	0.7440471053123474	medium			True	0
68c33f46033f6b2ffa62d234772762c736595ebe6429968bf7b2711f25c07475	coord_id	representation.identifier.alphanumeric_id	unknown	0.40215522050857544	low	identity.commerce.isbn	checksum_substance_guard:identity.commerce.isbn	True	0
a5bfea1eae6911ae725e984c6e938f1b4234d5e5e9965187c5b289d0c7bf037b	citation_id	representation.identifier.alphanumeric_id	representation.identifier.alphanumeric_id	0.9636142253875732	high			False	1
9684602d6985aab68f30b854092a27e718da6db99a627d3a322b12a0c61049eb	link_id	representation.identifier.alphanumeric_id	technology.internet.url	0.5	low	technology.cryptographic.hash	header_hint_hardcoded:link_id	False	0
eb3328d5d206b0daf48ed290b802bc8067b9d9505e329a7a9dbc1c19958efa53	href	technology.internet.url	technology.internet.url	0.9872395396232605	high		header_hint_cross_domain:href	False	1
c481e397623effcc030dc9936a1f0211fbe84dcfdc602fca990a0a972a9a11e5	remove_compare_link	representation.boolean.terms	technology.internet.url	1.0	high		header_hint_cross_domain:remove_compare_link	False	0
42eda2e7e6018ea3a5833210e2873ad18287da8853aedfb0d5a77bb4ed2bf29f	Publisher URL	representation.numeric.integer_number	representation.numeric.integer_number	0.6000000238418579	low	representation.boolean.binary	url_bare_number_veto:publisher url	False	1
389eaadf7883e8c707fd2d8a7f6be1d11ee6f31832494179462ccef2ae921479	uri_Distinct	representation.numeric.integer_number	representation.numeric.integer_number	0.8777557611465454	high		boolean_override_single_value	False	1
8a0cd17a3928d35f4efc1953fb048391d7480053b5beab2834f84f88a0453c7d	link	representation.text.plain_text	technology.internet.url	0.6193161606788635	low	representation.text.plain_text	header_hint_cross_domain:link	False	0
e6219d65bc31698c02c3cc547d46746cef85d0d0bff04fefa063a48cf94fc9af	episode_url_id	representation.identifier.alphanumeric_id	technology.internet.url	0.5	low	identity.commerce.isrc	header_hint_cross_domain:episode_url_id	False	0
a3dce11e9c64dc52174b1dcfa25a9f2abeb408f6dafd575a52cdaef0ad26f91f	href	technology.internet.url	technology.internet.url	0.979296088218689	high		header_hint_cross_domain:href	False	1
53c647056003a6f9ca81441ff28c09f378886794ffab92f121dee0c484eca557	link_type	representation.numeric.integer_number	representation.numeric.integer_number	0.6000000238418579	low	representation.boolean.binary	url_bare_number_veto:link_type	False	1
cf0e2e2079ab9a36761723d472d295f5e8928574c98f49d5abcc67fc0c117f95	link_description	representation.text.plain_text	technology.internet.url	0.9660348296165466	high		header_hint_cross_domain:link_description	False	0
13f1624f8d563181fbe322e5f701f3e59df2359ed9712454604031ebbcf03b3b	id	technology.internet.url	technology.internet.url	0.9984807372093201	high			False	1
c54b6f11a0da59741c46386006bc7497fbdc808cbc79b060950777387fc873a1	parent_id	technology.internet.url	technology.internet.url	0.9289984703063965	high			False	1
79ccc46317f94302200c0c0d3164ef3afe1fdb6061346341586e7006d657480f	parent_id	technology.internet.url	technology.internet.url	0.9460866451263428	high			False	1
8a7a38d26bd2571c5a7de82fcc63a5111c5cfba983c9f427fac6540402fc3b05	parent_id	technology.internet.url	technology.internet.url	0.987427830696106	high			False	1
672f2a8ac60185bfea79e16a595123f1608c152bcd444cc7725e601c2f195929	id	technology.internet.url	technology.internet.url	0.9985471367835999	high			False	1
962a0179d5f4de2ef2835e747d7db055d68df389300683b90c6f2dab1506704f	parent_id	technology.internet.url	technology.internet.url	0.9315784573554993	high			False	1
21f622c60d1dc8b82a5b60d5be660deb5c4b6528bb5f2c7b421b6d9aa6017d63	parent_id	technology.internet.url	technology.internet.url	0.916120171546936	high			False	1
a31fba558b47c4582c1f99530a7edaca5fe9b2166888f49060aef6278ab4bc4d	id	technology.internet.url	technology.internet.url	0.9985471367835999	high			False	1
85acfa7bf6940d72cfcf55e78eb5131fdaa25f986bcbb149c8892a85bc3a81b3	id	technology.internet.url	technology.internet.url	0.9905127882957458	high			False	1
d9532e4c15a00ab887bd0de64138d7e545670f86fd0135af9a2139e97290784d	URL	technology.internet.url	technology.internet.url	0.9644623398780823	high		header_hint_cross_domain:url	False	1
59b4090bad663ba51a899a7c29240a9ffb68cd128d6de46d228cafe6a846b8b3	URL	technology.internet.url	technology.internet.url	0.732379138469696	medium			False	1
91d382d31b5b4168f9bb5e1e472150b3e5e27a3a9862b103010a19d161b67dfb	URL	technology.internet.url	technology.internet.url	0.8526037335395813	high		header_hint_cross_domain:url	False	1
45693a7e008ac1774ed7661a8aa24439fefee5cacf23641ea9deef01261fa161	URL	technology.internet.url	technology.internet.url	1.0	high			False	1
402e8c6cb9becd4861bcd2749de0f978aef604e51a88209af6e4d2711dbe4f7b	URL	technology.internet.url	technology.internet.url	0.9023932814598083	high			False	1
9fc7d952d5c216b4be74f9d734b95b541c994d8608dd1057a910d3ca57ecc8e1	signature_source_url	representation.text.plain_text	technology.internet.url	0.5	low	representation.text.word	header_hint_cross_domain:signature_source_url	False	0
fbc8d12582898e0cca03af3dbbbb93700e9475ab4b41031268477a24cd8e1c91	URL rewritten	representation.text.plain_text	technology.internet.url	0.7879279255867004	medium		header_hint_cross_domain:url rewritten	False	0
252abf231830b9cc3dce33a49ed504b90f77a21700fc212e2723db0b79d77b0b	URL rewritten	representation.text.plain_text	technology.internet.url	0.7879279255867004	medium		header_hint_cross_domain:url rewritten	False	0
dca23700ac16602fb2151ff2c0b13e917bae70e718aedee8f484dddf89809e0d	link_id	representation.identifier.alphanumeric_id	technology.internet.url	0.5	low	technology.cryptographic.hash	header_hint_hardcoded:link_id	False	0
6c3fd57260da6b486edc2bb18c2edc879b53efbc79a48748aa3447d3d427e657	year	datetime.component.year	datetime.component.year	1.0	high		numeric_year_detection	False	1
c3ec4cdff23852a77a0f8ba0f6561b0ffcedcf345e598540dddee05ed38601a9	(year)	representation.numeric.decimal_number	unknown	0.9977454543113708	high		header_hint_cross_domain:(year)	True	0
88cdbfacb71b9527a86952ce3505e8030502b9acb55aa2bfbfc073d210988f1d	year	datetime.component.year	datetime.component.year	1.0	high			False	1
b625eed9da95a8653fd307e5448f28f95ee04db0770e1dadf3539d81c3787d13	SetForWholeYear	representation.boolean.terms	unknown	1.0	high		header_hint_cross_domain:setforwholeyear	True	0
4511a98692090768006d0361333cb5f25017a6ad35fd4105bcb7e75e6525739f	priceEpsCurrentYear	representation.numeric.decimal_number	unknown	0.9835967421531677	high		header_hint_cross_domain:priceepscurrentyear	True	0
ee7d5da2a2bec1d12f2951433e0a9162c6685cd2aa828ea08cfcf34b50d8d59d	CitesPerYear	representation.numeric.decimal_number	unknown	0.9999785423278809	high		header_hint_cross_domain:citesperyear	True	0
3e7ba74921250a8b641d38b9ddb381bdf3a9a43e0d045fed435bf1e9055aaa8b	1998	datetime.component.year	datetime.component.year	0.9999979734420776	high		numeric_year_detection	False	1
86123b08ee2d65bcc840ae577710d5a7e86a31580c7f53313a739a652e782b7f	conversation_no	representation.numeric.integer_number	datetime.component.year	0.9997732043266296	high		numeric_year_detection	False	0
27b007dad62cf16cbe988a3837a267c648a4cb51cf8fde92534b0866f82ad1fd	epoch_number	representation.numeric.decimal_number	representation.text.word	0.9999310970306396	high		veto_fallback:vocab	True	0
6d96e50fdabb928e73e80ca79412688c5779a38a9d57f34444704a1b658d4041	start_timestamp	datetime.epoch.unix_milliseconds	datetime.epoch.unix_milliseconds	0.9269140958786011	high			False	1
8b713665e11bcc25d0fdd7775996cecad3bedaeee21a9e7e90ec221ce70a4691	last_seen_timestamp	datetime.epoch.unix_milliseconds	datetime.epoch.unix_milliseconds	0.9595854878425598	high			False	1
82253f3e3ebcc769e20481018f9e65968012c344de1a128f835a319e34e5104f	ID	representation.identifier.increment	representation.identifier.increment	0.699999988079071	medium		numeric_sequential_detection	False	1
3eaf9b3d5dfb34c6963a82a584ffc0adccdec965f186766e469b8c1305c13d3b	gender	identity.person.gender	identity.person.gender	1.0	high		gender_detection	False	1
04de8d21dbd42ad04150631ab02f77d335417b4ea475fa598798a9db1ebbffa7	Grade	representation.numeric.decimal_number	representation.discrete.ordinal	0.5	low	representation.numeric.decimal_number	header_hint_generic:grade	False	0
e755b6f66d1702788648c34f0651b294883bd5b1cbc0559e9e9ff657b34baa7b	recipe_category	representation.numeric.integer_number	representation.numeric.integer_number	0.6000000238418579	low		increment_substance_veto	False	1
d370b00c3d4f9e520d3e5917a85f5d5462fe67129e660fb1e4d59464cb9e470d	Demo URL	representation.text.plain_text	technology.internet.url	0.5	low	representation.text.plain_text	header_hint_cross_domain:demo url	False	0
