{
  "broad_acc": 0.8824271079590229,
  "entity_acc": 0.7836710369487485,
  "broad_report": {
    "entity": {
      "precision": 0.8325740318906606,
      "recall": 0.8712753277711561,
      "f1-score": 0.8514851485148515,
      "support": 1678.0
    },
    "format": {
      "precision": 0.7964071856287425,
      "recall": 0.83125,
      "f1-score": 0.8134556574923547,
      "support": 800.0
    },
    "temporal": {
      "precision": 0.9786096256684492,
      "recall": 0.9682539682539683,
      "f1-score": 0.973404255319149,
      "support": 756.0
    },
    "numeric": {
      "precision": 0.9408831908831908,
      "recall": 0.9428979300499644,
      "f1-score": 0.9418894830659537,
      "support": 1401.0
    },
    "geographic": {
      "precision": 0.8454011741682974,
      "recall": 0.8372093023255814,
      "f1-score": 0.8412852969814996,
      "support": 516.0
    },
    "text": {
      "precision": 0.9046746104491292,
      "recall": 0.8266331658291457,
      "f1-score": 0.8638949671772429,
      "support": 1194.0
    },
    "accuracy": 0.8824271079590229,
    "macro avg": {
      "precision": 0.8830916364480782,
      "recall": 0.8795866157049694,
      "f1-score": 0.8809024680918419,
      "support": 6345.0
    },
    "weighted avg": {
      "precision": 0.8839400618117136,
      "recall": 0.8824271079590229,
      "f1-score": 0.8826841910245175,
      "support": 6345.0
    }
  },
  "entity_report": {
    "person": {
      "precision": 0.6904761904761905,
      "recall": 0.7024221453287197,
      "f1-score": 0.6963979416809606,
      "support": 289.0
    },
    "place": {
      "precision": 0.8361204013377926,
      "recall": 0.78125,
      "f1-score": 0.8077544426494345,
      "support": 320.0
    },
    "organization": {
      "precision": 0.5469255663430421,
      "recall": 0.5709459459459459,
      "f1-score": 0.5586776859504132,
      "support": 296.0
    },
    "creative_work": {
      "precision": 0.8930412371134021,
      "recall": 0.8965071151358344,
      "f1-score": 0.894770819883796,
      "support": 773.0
    },
    "accuracy": 0.7836710369487485,
    "macro avg": {
      "precision": 0.7416408488176068,
      "recall": 0.737781301602625,
      "f1-score": 0.7394002225411511,
      "support": 1678.0
    },
    "weighted avg": {
      "precision": 0.7862437374266467,
      "recall": 0.7836710369487485,
      "f1-score": 0.7847239961889829,
      "support": 1678.0
    }
  },
  "broad_confusion": [
    [
      1462,
      77,
      5,
      10,
      60,
      64
    ],
    [
      67,
      665,
      3,
      42,
      4,
      19
    ],
    [
      6,
      5,
      732,
      7,
      0,
      6
    ],
    [
      9,
      47,
      6,
      1321,
      7,
      11
    ],
    [
      67,
      10,
      1,
      2,
      432,
      4
    ],
    [
      145,
      31,
      1,
      22,
      8,
      987
    ]
  ]
}