bucket	column_name	gold	sense_pred	composed_pred	sha
d_both_right	Year	datetime.component.year	datetime.component.year	datetime.component.year	0028d84c524a
d_both_right	year	datetime.component.year	datetime.component.year	datetime.component.year	006226661bc2
d_both_right	LDPE	representation.numeric.integer_number	representation.numeric.integer_number	representation.numeric.integer_number	006375069f2b
d_both_right	country_id:id	geography.location.country_code	geography.location.country_code	geography.location.country_code	00a39a6585a8
a_sharpen_rescued	id	geography.location.country_code	geography.location.region	geography.location.country_code	00f12cef362c
d_both_right	County	geography.location.region	geography.location.region	geography.location.region	01dc44536cc6
d_both_right	averageDailyVolume10Day	representation.numeric.integer_number	representation.numeric.integer_number	representation.numeric.integer_number	01ebeff3cd2f
d_both_right	country	geography.location.country	geography.location.country	geography.location.country	01ebeff3cd2f
c_both_wrong	REC_DIR	representation.text.plain_text	representation.text.word	representation.text.word	021dc73b1374
a_sharpen_rescued	Latitude	geography.coordinate.latitude	geography.coordinate.longitude	geography.coordinate.latitude	02866d6d4950
a_sharpen_rescued	Longitude	geography.coordinate.longitude	representation.numeric.decimal_number	geography.coordinate.longitude	02866d6d4950
a_sharpen_rescued	Eventbrite_link	technology.internet.url	representation.text.plain_text	technology.internet.url	0296316f6c84
a_sharpen_rescued	averageDailyVolume10Day	representation.numeric.integer_number	datetime.component.year	representation.numeric.integer_number	02fa8a4efe43
b_sharpen_broke	ipni_id	representation.identifier.alphanumeric_id	representation.identifier.alphanumeric_id	unknown	02fc85ad7e2f
a_sharpen_rescued	totalOperatingExpenses	representation.numeric.integer_number	identity.medical.npi	representation.numeric.integer_number	033afa68ea12
d_both_right	Description	representation.text.plain_text	representation.text.plain_text	representation.text.plain_text	03b2802bb6a2
d_both_right	fiftyTwoWeekLowChange	representation.numeric.decimal_number	representation.numeric.decimal_number	representation.numeric.decimal_number	03bff6e59fa6
c_both_wrong	filename	representation.text.plain_text	representation.text.entity_name	representation.text.entity_name	03c72dc72d18
d_both_right	Year	datetime.component.year	datetime.component.year	datetime.component.year	03e4e78414cb
c_both_wrong	PA	representation.text.plain_text	geography.location.region	geography.location.country_code	04076fd58a62
d_both_right	Year	datetime.component.year	datetime.component.year	datetime.component.year	040d144aae93
d_both_right	extraction_date	datetime.date.iso	datetime.date.iso	datetime.date.iso	041f8fab7fcd
b_sharpen_broke	Grade	representation.numeric.decimal_number	representation.numeric.decimal_number	representation.discrete.ordinal	04de8d21dbd4
d_both_right	date_scraped	datetime.date.iso	datetime.date.iso	datetime.date.iso	051da2647891
d_both_right	publishedAtString	datetime.date.iso	datetime.date.iso	datetime.date.iso	05337e75a13b
a_sharpen_rescued	exchange	representation.text.word	geography.location.country_code	representation.text.word	063caa53b5db
d_both_right	Parent	representation.numeric.decimal_number	representation.numeric.decimal_number	representation.numeric.decimal_number	0643cb66b2b9
d_both_right	earningsTimestampStart	datetime.epoch.unix_seconds	datetime.epoch.unix_seconds	datetime.epoch.unix_seconds	068341dbf53a
c_both_wrong	exchangeTimezoneShortName	representation.text.word	geography.location.country_code	geography.location.country_code	06ae441d30a0
a_sharpen_rescued	GAME_ID	representation.numeric.integer_number	representation.identifier.numeric_code	representation.numeric.integer_number	06e712cf1a34
c_both_wrong	group_id:id	representation.identifier.alphanumeric_id	identity.person.username	representation.text.word	07b52133f884
d_both_right	type_tax_use	representation.text.word	representation.text.word	representation.text.word	07d60392033f
d_both_right	Fan-Out	representation.numeric.integer_number	representation.numeric.integer_number	representation.numeric.integer_number	082e15af0fc7
d_both_right	host_thumbnail_url	technology.internet.url	technology.internet.url	technology.internet.url	08bf7e4a46fc
a_sharpen_rescued	RealTime(ms)	representation.numeric.decimal_number	geography.coordinate.longitude	representation.numeric.decimal_number	090636308c0d
d_both_right	Latitude	geography.coordinate.latitude	geography.coordinate.latitude	geography.coordinate.latitude	0a054b82ba87
a_sharpen_rescued	Longitude	geography.coordinate.longitude	representation.numeric.decimal_number	geography.coordinate.longitude	0a054b82ba87
a_sharpen_rescued	Lng	geography.coordinate.longitude	representation.numeric.decimal_number	geography.coordinate.longitude	0a22821b67f5
d_both_right	1001	representation.numeric.integer_number	representation.numeric.integer_number	representation.numeric.integer_number	0a7764733500
d_both_right	Region	geography.location.continent	geography.location.continent	geography.location.continent	0aef168cf9e2
d_both_right	earningsTimestamp	datetime.epoch.unix_seconds	datetime.epoch.unix_seconds	datetime.epoch.unix_seconds	0ba20b4fdf1c
c_both_wrong	template_name	representation.identifier.alphanumeric_id	geography.index.h3	unknown	0bc1b2a261bb
d_both_right	countryCode	geography.location.country_code	geography.location.country_code	geography.location.country_code	0c01eda7366d
a_sharpen_rescued	exchange	representation.text.word	geography.location.country_code	representation.text.word	0c41d3c433d4
a_sharpen_rescued	exchange	representation.text.word	geography.location.country_code	representation.text.word	0c669fe7b5ed
a_sharpen_rescued	averageDailyVolume10Day	representation.numeric.integer_number	datetime.component.year	representation.numeric.integer_number	0c69a4ef9073
c_both_wrong	TLD	technology.internet.top_level_domain	technology.internet.hostname	technology.internet.hostname	0c9a82293837
d_both_right	Activity	representation.numeric.integer_number	representation.numeric.integer_number	representation.numeric.integer_number	0d336bef172f
d_both_right	year	datetime.component.year	datetime.component.year	datetime.component.year	0d9afc2010e9
a_sharpen_rescued	Country Code	geography.location.country_code	geography.transportation.iata_code	geography.location.country_code	0dead6b6b687
a_sharpen_rescued	vx	representation.numeric.decimal_number	geography.coordinate.longitude	representation.numeric.decimal_number	0f8cff660053
d_both_right	exchangeTimezoneName	datetime.offset.iana	datetime.offset.iana	datetime.offset.iana	10163c07cc6f
d_both_right	Story	representation.numeric.decimal_number	representation.numeric.decimal_number	representation.numeric.decimal_number	10366ee1045e
a_sharpen_rescued	incomeTaxExpense	representation.numeric.integer_number	representation.boolean.binary	representation.numeric.integer_number	10967fc639f9
d_both_right	city	geography.location.city	geography.location.city	geography.location.city	10cfbff8f83c
d_both_right	Story	representation.numeric.decimal_number	representation.numeric.decimal_number	representation.numeric.decimal_number	115d1af415d1
d_both_right	Year	datetime.component.year	datetime.component.year	datetime.component.year	116f0080e401
a_sharpen_rescued	exchange	representation.text.word	geography.location.country_code	representation.text.word	119034f59941
a_sharpen_rescued	msg_id	representation.identifier.alphanumeric_id	identity.commerce.isbn	representation.identifier.alphanumeric_id	11fee01e8a2b
c_both_wrong	PROVINCE	geography.location.region	representation.text.entity_name	geography.location.state	12fcfce06b22
c_both_wrong	name	representation.text.plain_text	representation.text.entity_name	representation.text.entity_name	135d4e91476b
a_sharpen_rescued	participatory_space/url	technology.internet.url	representation.text.plain_text	technology.internet.url	13697c91aa74
d_both_right	id	technology.internet.url	technology.internet.url	technology.internet.url	13f1624f8d56
a_sharpen_rescued	52 Week High 3	representation.numeric.decimal_number	geography.coordinate.latitude	representation.numeric.decimal_number	1468d86d714a
a_sharpen_rescued	BenchmarkName	representation.identifier.alphanumeric_id	technology.cryptographic.hash	representation.identifier.alphanumeric_id	14740791fded
a_sharpen_rescued	exchange	representation.text.word	geography.location.country_code	representation.text.word	14d9f1620452
c_both_wrong	zip	representation.numeric.integer_number	datetime.component.year	geography.address.postal_code	14d9f1620452
d_both_right	country_id:id	geography.location.country_code	geography.location.country_code	geography.location.country_code	163620cd34c7
a_sharpen_rescued	longTermInvestments	representation.numeric.integer_number	finance.banking.aba_routing	representation.numeric.integer_number	165918def05d
d_both_right	msg_id	representation.identifier.alphanumeric_id	representation.identifier.alphanumeric_id	representation.identifier.alphanumeric_id	168d4b90975a
c_both_wrong	__index_level_12__	representation.numeric.integer_number	datetime.component.year	datetime.component.year	16bc8e787f86
a_sharpen_rescued	totalOtherIncomeExpenseNet	representation.numeric.integer_number	representation.numeric.decimal_number	representation.numeric.integer_number	173e05f1cc62
a_sharpen_rescued	averageDailyVolume10Day	representation.numeric.integer_number	datetime.component.year	representation.numeric.integer_number	17d6ae8605ba
a_sharpen_rescued	Link	technology.internet.url	representation.text.plain_text	technology.internet.url	1832771d2470
c_both_wrong	template_name	representation.identifier.alphanumeric_id	geography.index.h3	unknown	18b342a8be8d
a_sharpen_rescued	Lat	geography.coordinate.latitude	representation.numeric.decimal_number	geography.coordinate.latitude	18ff4dddb3b1
a_sharpen_rescued	Lon	geography.coordinate.longitude	representation.numeric.decimal_number	geography.coordinate.longitude	18ff4dddb3b1
d_both_right	Time_stamp	datetime.timestamp.sql_standard	datetime.timestamp.sql_standard	datetime.timestamp.sql_standard	193f85500d79
d_both_right	countryCode	geography.location.country_code	geography.location.country_code	geography.location.country_code	1aa886137d41
a_sharpen_rescued	lon	geography.coordinate.longitude	geography.coordinate.latitude	geography.coordinate.longitude	1aa886137d41
d_both_right	author_date_unix_timestamp	datetime.epoch.unix_seconds	datetime.epoch.unix_seconds	datetime.epoch.unix_seconds	1aba677beb06
d_both_right	7-1_person-or-small-group-talking_proximity	representation.numeric.integer_number	representation.numeric.integer_number	representation.numeric.integer_number	1ad1e33ad784
b_sharpen_broke	utc_offset	representation.numeric.decimal_number	representation.numeric.decimal_number	datetime.offset.utc	1b9ad1b9d168
d_both_right	indexfungorum_id	representation.numeric.integer_number	representation.numeric.integer_number	representation.numeric.integer_number	1ca4cce58f4f
a_sharpen_rescued	Latitude	geography.coordinate.latitude	representation.numeric.decimal_number	geography.coordinate.latitude	1da8a8118f98
a_sharpen_rescued	Longitude	geography.coordinate.longitude	representation.numeric.decimal_number	geography.coordinate.longitude	1da8a8118f98
d_both_right	year	datetime.component.year	datetime.component.year	datetime.component.year	1dfe3f9485b2
d_both_right	authored on	datetime.date.iso	datetime.date.iso	datetime.date.iso	1e271c8209bf
d_both_right	name	representation.text.plain_text	representation.text.plain_text	representation.text.plain_text	1e7885cf6326
d_both_right	Comments	representation.numeric.integer_number	representation.numeric.integer_number	representation.numeric.integer_number	1efbd24307d6
d_both_right	rate_multiplier	representation.numeric.decimal_number	representation.numeric.decimal_number	representation.numeric.decimal_number	1f24fec97f39
d_both_right	rate_rx	representation.numeric.decimal_number	representation.numeric.decimal_number	representation.numeric.decimal_number	1f24fec97f39
d_both_right	rate_tx	representation.numeric.decimal_number	representation.numeric.decimal_number	representation.numeric.decimal_number	1f24fec97f39
a_sharpen_rescued	SET_TIME_ZONE	representation.numeric.integer_number	representation.boolean.binary	representation.numeric.integer_number	1f666d7cba2c
a_sharpen_rescued	Provider State	geography.location.state_code	geography.location.region	geography.location.state_code	209aedb83b05
d_both_right	Year	datetime.component.year	datetime.component.year	datetime.component.year	20b8884e19e4
c_both_wrong	Title	representation.text.plain_text	representation.text.entity_name	representation.text.entity_name	20c46a9f1621
a_sharpen_rescued	deferredLongTermAssetCharges	representation.numeric.integer_number	finance.banking.aba_routing	representation.numeric.integer_number	212567b961ca
d_both_right	country	geography.location.country_code	geography.location.country_code	geography.location.country_code	216f6a46b2a2
c_both_wrong	parent_id	technology.internet.url	representation.text.plain_text	representation.text.plain_text	21f622c60d1d
d_both_right	DateTime	datetime.date.iso	datetime.date.iso	datetime.date.iso	220d8b3828d0
d_both_right	DeviceTranslatedAddress	geography.address.full_address	geography.address.full_address	geography.address.full_address	231b1f7d4d8f
d_both_right	vx	representation.numeric.decimal_number	representation.numeric.decimal_number	representation.numeric.decimal_number	23488ec5e35b
c_both_wrong	longTermDebt	representation.numeric.integer_number	identity.medical.ndc	identity.medical.ndc	2348d07fbcfe
c_both_wrong	town_map_darkelf_t00	representation.text.plain_text	representation.text.entity_name	representation.text.entity_name	234d6bd77b56
c_both_wrong	BenchmarkName	representation.identifier.alphanumeric_id	identity.commerce.isbn	unknown	238eb6712e10
d_both_right	Comments	representation.numeric.integer_number	representation.numeric.integer_number	representation.numeric.integer_number	2404a5e275c1
d_both_right	moa	representation.numeric.integer_number	representation.numeric.integer_number	representation.numeric.integer_number	249400d98a75
d_both_right	Total	representation.numeric.integer_number	representation.numeric.integer_number	representation.numeric.integer_number	24957209bd4e
c_both_wrong	phkey	representation.numeric.integer_number	identity.government.ssn	identity.government.ssn	24b6b4d35680
a_sharpen_rescued	Link	technology.internet.url	representation.text.plain_text	technology.internet.url	250d487bbbd2
a_sharpen_rescued	fiftyTwoWeekLowChangePercent	representation.numeric.decimal_number	geography.coordinate.latitude	representation.numeric.decimal_number	252623ce54d7
c_both_wrong	URL rewritten	representation.text.plain_text	representation.text.word	technology.internet.url	252abf231830
d_both_right	transition_10_upper_ci	datetime.date.iso	datetime.date.iso	datetime.date.iso	2545e05190d6
d_both_right	country_name_filter	geography.location.country	geography.location.country	geography.location.country	25b3cfc1fdf8
d_both_right	Story	representation.numeric.decimal_number	representation.numeric.decimal_number	representation.numeric.decimal_number	26890e9e31e6
d_both_right	Primary ISBN10	identity.commerce.isbn	identity.commerce.isbn	identity.commerce.isbn	26ca0d1e8c6b
b_sharpen_broke	epoch_number	representation.numeric.decimal_number	representation.numeric.decimal_number	representation.text.word	27b007dad62c
c_both_wrong	tld	technology.internet.top_level_domain	technology.internet.hostname	technology.internet.hostname	2857d0a449b5
d_both_right	msg_id	representation.identifier.alphanumeric_id	representation.identifier.alphanumeric_id	representation.identifier.alphanumeric_id	2891bb6de64b
a_sharpen_rescued	regularMarketVolume	representation.numeric.integer_number	representation.identifier.numeric_code	representation.numeric.integer_number	28a10bcb0213
d_both_right	DropOffCity	geography.location.city	geography.location.city	geography.location.city	28cefac178e8
a_sharpen_rescued	Latitude	geography.coordinate.latitude	representation.numeric.decimal_number	geography.coordinate.latitude	28cfb7b5cd43
a_sharpen_rescued	Longitude	geography.coordinate.longitude	representation.numeric.decimal_number	geography.coordinate.longitude	28cfb7b5cd43
a_sharpen_rescued	Points	representation.numeric.integer_number	representation.boolean.binary	representation.numeric.integer_number	28f4bab1dc6f
d_both_right	CanBeCloned	representation.boolean.terms	representation.boolean.terms	representation.boolean.terms	28feec8f4d74
c_both_wrong	changeToNetincome	representation.numeric.integer_number	finance.banking.aba_routing	finance.banking.aba_routing	29785d149b9b
a_sharpen_rescued	label	representation.text.word	representation.boolean.initials	representation.text.word	298cdaadb512
c_both_wrong	TEAM_ABBREVIATION	technology.internet.top_level_domain	geography.transportation.iata_code	geography.transportation.iata_code	29a02c827c52
d_both_right	longName	representation.text.entity_name	representation.text.entity_name	representation.text.entity_name	29b8fe61cdfd
d_both_right	host_thumbnail_url	technology.internet.url	technology.internet.url	technology.internet.url	29e0d2dec209
d_both_right	Latitude	geography.coordinate.latitude	geography.coordinate.latitude	geography.coordinate.latitude	2a85eed7b3d2
a_sharpen_rescued	Longitude	geography.coordinate.longitude	representation.numeric.decimal_number	geography.coordinate.longitude	2a85eed7b3d2
a_sharpen_rescued	operatingIncome	representation.numeric.integer_number	representation.numeric.decimal_number	representation.numeric.integer_number	2ab20020b007
d_both_right	publishedAtString	datetime.date.iso	datetime.date.iso	datetime.date.iso	2b0fee2de1db
a_sharpen_rescued	averageDailyVolume3Month	representation.numeric.integer_number	datetime.component.year	representation.numeric.integer_number	2b571f0e8ab4
a_sharpen_rescued	averageDailyVolume3Month	representation.numeric.integer_number	datetime.component.year	representation.numeric.integer_number	2c2462f01e01
c_both_wrong	EstadoDoc	representation.text.plain_text	geography.location.country_code	geography.location.country_code	2cc5844dcb71
a_sharpen_rescued	exchange	representation.text.word	geography.location.country_code	representation.text.word	2cca6dfba0c7
d_both_right	Latitude	geography.coordinate.latitude	geography.coordinate.latitude	geography.coordinate.latitude	2cfd2180b6f1
a_sharpen_rescued	Longitude	geography.coordinate.longitude	representation.numeric.decimal_number	geography.coordinate.longitude	2cfd2180b6f1
a_sharpen_rescued	Count_read	representation.numeric.integer_number	datetime.component.year	representation.numeric.integer_number	2d4e0b00aa13
a_sharpen_rescued	msg_id	representation.identifier.alphanumeric_id	identity.commerce.isbn	representation.identifier.alphanumeric_id	2d4e0b00aa13
d_both_right	Primary ISBN13	identity.commerce.isbn	identity.commerce.isbn	identity.commerce.isbn	2de169b092ed
c_both_wrong	finc_class_facet	representation.text.word	representation.text.entity_name	representation.discrete.ordinal	2e247329adcc
d_both_right	city	geography.location.city	geography.location.city	geography.location.city	2e24e162e0e5
b_sharpen_broke	utc_offset	representation.numeric.decimal_number	representation.numeric.decimal_number	datetime.offset.utc	2e8097c169f8
d_both_right	Parent	representation.numeric.decimal_number	representation.numeric.decimal_number	representation.numeric.decimal_number	2f1171bc3ca6
a_sharpen_rescued	business_zip	geography.address.postal_code	representation.identifier.increment	geography.address.postal_code	2fd78946e50b
d_both_right	certificate_number	representation.identifier.numeric_code	representation.identifier.numeric_code	representation.identifier.numeric_code	2fd78946e50b
d_both_right	city	geography.location.city	geography.location.city	geography.location.city	2fd78946e50b
c_both_wrong	data_as_of	datetime.timestamp.iso_8601_milliseconds	datetime.timestamp.iso_8601_millis_offset	datetime.timestamp.iso_milliseconds	2fd78946e50b
c_both_wrong	dba_start_date	datetime.timestamp.sql_standard	datetime.timestamp.iso_8601_millis_offset	datetime.timestamp.iso_milliseconds	2fd78946e50b
c_both_wrong	location_start_date	datetime.timestamp.sql_standard	datetime.timestamp.iso_8601_millis_offset	datetime.timestamp.iso_milliseconds	2fd78946e50b
d_both_right	naic_code	representation.identifier.numeric_code	representation.identifier.numeric_code	representation.identifier.numeric_code	2fd78946e50b
c_both_wrong	naic_code_description	representation.text.word	representation.text.plain_text	representation.text.plain_text	2fd78946e50b
c_both_wrong	neighborhoods_analysis_boundaries	representation.text.plain_text	geography.location.city	geography.location.city	2fd78946e50b
b_sharpen_broke	state	geography.location.state_code	geography.location.state_code	geography.location.state	2fd78946e50b
d_both_right	supervisor_district	representation.numeric.integer_number	representation.numeric.integer_number	representation.numeric.integer_number	2fd78946e50b
c_both_wrong	ttxid	representation.identifier.alphanumeric_id	identity.academic.orcid	identity.academic.orcid	2fd78946e50b
a_sharpen_rescued	otherOperatingExpenses	representation.numeric.integer_number	datetime.component.year	representation.numeric.integer_number	30d3ae236b95
d_both_right	COG_PER_RATIO	representation.numeric.decimal_number	representation.numeric.decimal_number	representation.numeric.decimal_number	30e251b8b87f
d_both_right	DEPTH	representation.numeric.decimal_number	representation.numeric.decimal_number	representation.numeric.decimal_number	30e251b8b87f
a_sharpen_rescued	DISTINCTIVENESS_KL	representation.numeric.decimal_number	geography.coordinate.latitude	representation.numeric.decimal_number	30e251b8b87f
c_both_wrong	BenchmarkName	representation.identifier.alphanumeric_id	identity.commerce.isbn	unknown	320e364ff577
a_sharpen_rescued	longitude	geography.coordinate.longitude	representation.numeric.decimal_number	geography.coordinate.longitude	3264dc78bed1
d_both_right	id	representation.identifier.uuid	representation.identifier.uuid	representation.identifier.uuid	32d37ff8e694
d_both_right	appleMobility	representation.numeric.decimal_number	representation.numeric.decimal_number	representation.numeric.decimal_number	33a06317612b
c_both_wrong	name	representation.text.plain_text	identity.person.username	representation.text.word	33aad91719fe
d_both_right	ISBN10	identity.commerce.isbn	identity.commerce.isbn	identity.commerce.isbn	33b31bcf1881
d_both_right	ISBN13	identity.commerce.isbn	identity.commerce.isbn	identity.commerce.isbn	33b31bcf1881
a_sharpen_rescued	exchange	representation.text.word	geography.location.country_code	representation.text.word	33e27a9b82e3
a_sharpen_rescued	exchange	representation.text.word	geography.location.country_code	representation.text.word	34a03e50c229
c_both_wrong	name	representation.identifier.alphanumeric_id	geography.location.region	geography.location.region	34fe8e167815
a_sharpen_rescued	exchange	representation.text.word	geography.location.country_code	representation.text.word	354b9d7b7035
a_sharpen_rescued	doi_url	technology.internet.url	representation.text.plain_text	technology.internet.url	355d4f1fa8a8
c_both_wrong	Created	datetime.epoch.unix_seconds	representation.numeric.decimal_number	representation.numeric.decimal_number	358c28c54a04
c_both_wrong	Platystomas sellatus	representation.numeric.integer_number	representation.boolean.binary	representation.boolean.binary	364f90339104
d_both_right	sampling_year	datetime.component.year	datetime.component.year	datetime.component.year	36727c241f00
d_both_right	project_number	representation.identifier.alphanumeric_id	representation.identifier.alphanumeric_id	representation.identifier.alphanumeric_id	37056ee953f3
a_sharpen_rescued	PFIZER_DEPOSITS	representation.numeric.integer_number	datetime.component.year	representation.numeric.integer_number	370ce7106d86
a_sharpen_rescued	perm_unlink	representation.numeric.integer_number	representation.boolean.binary	representation.numeric.integer_number	378946128750
c_both_wrong	ObjectName	representation.text.plain_text	identity.person.first_name	representation.text.word	37d06b69166f
d_both_right	gmtOffSetMilliseconds	representation.numeric.integer_number	representation.numeric.integer_number	representation.numeric.integer_number	389055fb2cd0
c_both_wrong	name	representation.text.plain_text	identity.person.username	representation.text.word	3890bd6cf4bd
a_sharpen_rescued	uri_Distinct	representation.numeric.integer_number	representation.boolean.binary	representation.numeric.integer_number	389eaadf7883
d_both_right	dateId	datetime.date.iso	datetime.date.iso	datetime.date.iso	38db4a722d70
d_both_right	134.11	representation.numeric.decimal_number	representation.numeric.decimal_number	representation.numeric.decimal_number	39f0b776c956
c_both_wrong	__index_level_32__	representation.numeric.integer_number	representation.identifier.numeric_code	datetime.component.year	3a486b37ca68
d_both_right	region	geography.location.region	geography.location.region	geography.location.region	3a51a9904af2
d_both_right	country_code	geography.location.country_code	geography.location.country_code	geography.location.country_code	3adafaf76c02
d_both_right	Latitude	geography.coordinate.latitude	geography.coordinate.latitude	geography.coordinate.latitude	3b453ba62475
a_sharpen_rescued	Longitude	geography.coordinate.longitude	representation.numeric.decimal_number	geography.coordinate.longitude	3b453ba62475
c_both_wrong	Type	representation.text.word	geography.transportation.iata_code	geography.transportation.iata_code	3b453ba62475
c_both_wrong	April 9, 2021 9:32 PM UTC	representation.text.plain_text	representation.text.entity_name	representation.text.entity_name	3b574808c822
d_both_right	Since	datetime.date.iso	datetime.date.iso	datetime.date.iso	3bf5344464fd
a_sharpen_rescued	vx	representation.numeric.decimal_number	geography.coordinate.longitude	representation.numeric.decimal_number	3e34b460cdda
d_both_right	msg_id	representation.identifier.alphanumeric_id	representation.identifier.alphanumeric_id	representation.identifier.alphanumeric_id	3e6f7bdc3542
d_both_right	1998	datetime.component.year	datetime.component.year	datetime.component.year	3e7ba7492125
d_both_right	TEAM_CITY	geography.location.city	geography.location.city	geography.location.city	3e9f8aa99b8f
a_sharpen_rescued	z.exposure	representation.numeric.decimal_number	geography.coordinate.latitude	representation.numeric.decimal_number	3ea563b60886
d_both_right	gender	identity.person.gender	identity.person.gender	identity.person.gender	3eaf9b3d5dfb
d_both_right	fiftyTwoWeekLowChange	representation.numeric.decimal_number	representation.numeric.decimal_number	representation.numeric.decimal_number	3ee578ebe539
a_sharpen_rescued	exchange	representation.text.word	geography.location.country_code	representation.text.word	3ff70a03583e
d_both_right	URL	technology.internet.url	technology.internet.url	technology.internet.url	402e8c6cb9be
b_sharpen_broke	ipni_id	representation.identifier.alphanumeric_id	representation.identifier.alphanumeric_id	unknown	405e2174ed53
d_both_right	voteId	representation.numeric.integer_number	representation.numeric.integer_number	representation.numeric.integer_number	40cd636d7f24
a_sharpen_rescued	doi_url	technology.internet.url	datetime.timestamp.iso_8601_micros_offset	technology.internet.url	40fee9383fbc
d_both_right	lat	geography.coordinate.latitude	geography.coordinate.latitude	geography.coordinate.latitude	414edab6aa26
d_both_right	__index_level_7__	representation.numeric.decimal_number	representation.numeric.decimal_number	representation.numeric.decimal_number	41a81fd616df
d_both_right	date	datetime.date.iso	datetime.date.iso	datetime.date.iso	41f20a493e89
c_both_wrong	noc	representation.numeric.integer_number	representation.boolean.binary	representation.boolean.binary	426a5afb5b1a
a_sharpen_rescued	Comments	representation.numeric.integer_number	representation.boolean.binary	representation.numeric.integer_number	4294dae319d1
d_both_right	Fan-Out	representation.numeric.integer_number	representation.numeric.integer_number	representation.numeric.integer_number	42d7c5993bd1
a_sharpen_rescued	Publisher URL	representation.numeric.integer_number	representation.boolean.binary	representation.numeric.integer_number	42eda2e7e601
a_sharpen_rescued	Lng	geography.coordinate.longitude	representation.numeric.decimal_number	geography.coordinate.longitude	4306a893cf54
a_sharpen_rescued	time-stamp	representation.numeric.decimal_number	geography.coordinate.longitude	representation.numeric.decimal_number	43a4a829cb91
d_both_right	lambda	representation.numeric.decimal_number	representation.numeric.decimal_number	representation.numeric.decimal_number	43b2ec932062
d_both_right	Primary ISBN13	identity.commerce.isbn	identity.commerce.isbn	identity.commerce.isbn	44554b3411b7
b_sharpen_broke	priceEpsCurrentYear	representation.numeric.decimal_number	representation.numeric.decimal_number	unknown	4511a9869209
d_both_right	entry-date	datetime.date.iso	datetime.date.iso	datetime.date.iso	45355acdff04
d_both_right	URL	technology.internet.url	technology.internet.url	technology.internet.url	45693a7e008a
d_both_right	CountryCode	geography.location.country_code	geography.location.country_code	geography.location.country_code	459d0b28dd66
d_both_right	msg_id	representation.identifier.alphanumeric_id	representation.identifier.alphanumeric_id	representation.identifier.alphanumeric_id	4621bb40eda2
a_sharpen_rescued	TZ	datetime.offset.iana	geography.transportation.iata_code	datetime.offset.iana	46c4f419cc99
d_both_right	basionym_id	representation.identifier.uuid	representation.identifier.uuid	representation.identifier.uuid	472bdabcba39
d_both_right	url_opendata	technology.internet.url	technology.internet.url	technology.internet.url	47bcf56d275e
d_both_right	id	geography.location.country_code	geography.location.country_code	geography.location.country_code	482a766bea03
a_sharpen_rescued	sId	representation.numeric.integer_number	datetime.component.year	representation.numeric.integer_number	4851e5a59dd9
d_both_right	guardian_relation	representation.text.word	representation.text.word	representation.text.word	4881d3b99396
d_both_right	Year	datetime.component.year	datetime.component.year	datetime.component.year	488a6fa34252
d_both_right	arrest	representation.boolean.terms	representation.boolean.terms	representation.boolean.terms	48e9044292d1
c_both_wrong	block	representation.text.plain_text	geography.address.street_name	geography.address.street_name	48e9044292d1
d_both_right	case_number	representation.identifier.alphanumeric_id	representation.identifier.alphanumeric_id	representation.identifier.alphanumeric_id	48e9044292d1
c_both_wrong	date	datetime.timestamp.sql_standard	datetime.offset.utc	datetime.timestamp.iso_milliseconds	48e9044292d1
c_both_wrong	fbi_code	representation.identifier.alphanumeric_id	representation.numeric.integer_number	representation.numeric.integer_number	48e9044292d1
d_both_right	iucr	representation.identifier.numeric_code	representation.identifier.numeric_code	representation.identifier.numeric_code	48e9044292d1
a_sharpen_rescued	latitude	geography.coordinate.latitude	geography.coordinate.longitude	geography.coordinate.latitude	48e9044292d1
c_both_wrong	location_description	representation.text.word	geography.address.street_suffix	geography.address.street_suffix	48e9044292d1
a_sharpen_rescued	longitude	geography.coordinate.longitude	geography.coordinate.latitude	geography.coordinate.longitude	48e9044292d1
c_both_wrong	primary_type	representation.text.word	representation.text.entity_name	representation.text.entity_name	48e9044292d1
c_both_wrong	updated_on	datetime.timestamp.sql_standard	datetime.timestamp.iso_milliseconds	datetime.timestamp.iso_milliseconds	48e9044292d1
d_both_right	ward	representation.numeric.integer_number	representation.numeric.integer_number	representation.numeric.integer_number	48e9044292d1
c_both_wrong	x_coordinate	representation.numeric.integer_number	datetime.epoch.unix_seconds	unknown	48e9044292d1
c_both_wrong	y_coordinate	representation.numeric.integer_number	datetime.epoch.unix_microseconds	datetime.epoch.unix_microseconds	48e9044292d1
a_sharpen_rescued	year	datetime.component.year	datetime.date.compact_ym	datetime.component.year	48e9044292d1
a_sharpen_rescued	longTermDirection	representation.numeric.integer_number	representation.boolean.binary	representation.numeric.integer_number	49392bca41c1
c_both_wrong	idPedido	datetime.epoch.unix_milliseconds	identity.commerce.isbn	representation.numeric.integer_number	49742c948357
d_both_right	County	geography.location.region	geography.location.region	geography.location.region	4981ed215710
d_both_right	country_code	geography.location.country_code	geography.location.country_code	geography.location.country_code	499ca918d7af
d_both_right	release_year	datetime.component.year	datetime.component.year	datetime.component.year	49aecf46ed1a
a_sharpen_rescued	Count_read	representation.numeric.integer_number	datetime.component.year	representation.numeric.integer_number	4a584a9db937
d_both_right	msg_id	representation.identifier.alphanumeric_id	representation.identifier.alphanumeric_id	representation.identifier.alphanumeric_id	4a584a9db937
d_both_right	counts	representation.numeric.integer_number	representation.numeric.integer_number	representation.numeric.integer_number	4a63df555132
d_both_right	County	geography.location.region	geography.location.region	geography.location.region	4a734ce50eee
c_both_wrong	group_id:id	representation.identifier.alphanumeric_id	representation.text.plain_text	representation.text.plain_text	4a78e379fcee
a_sharpen_rescued	country_code_filter	geography.location.country_code	geography.location.region	geography.location.country_code	4a8c9e08d151
d_both_right	Count_read	representation.numeric.integer_number	representation.numeric.integer_number	representation.numeric.integer_number	4a97818bccd5
a_sharpen_rescued	msg_id	representation.identifier.alphanumeric_id	identity.commerce.isbn	representation.identifier.alphanumeric_id	4a97818bccd5
d_both_right	country_id	geography.location.country	geography.location.country	geography.location.country	4b3ba0a557e1
d_both_right	gbif_id	representation.numeric.integer_number	representation.numeric.integer_number	representation.numeric.integer_number	4c222c9806db
d_both_right	country_code	geography.location.country_code	geography.location.country_code	geography.location.country_code	4c960d445e3b
d_both_right	Points	representation.numeric.integer_number	representation.numeric.integer_number	representation.numeric.integer_number	4d21b55e791b
d_both_right	country_id	geography.location.country_code	geography.location.country_code	geography.location.country_code	4d3a70cb1012
a_sharpen_rescued	exchange	representation.text.word	geography.location.country_code	representation.text.word	4d92084db55e
d_both_right	gmtOffSetMilliseconds	representation.numeric.integer_number	representation.numeric.integer_number	representation.numeric.integer_number	4d92084db55e
d_both_right	countryCode	geography.location.country_code	geography.location.country_code	geography.location.country_code	4d936fe27bc0
d_both_right	PermissionDate	datetime.date.iso	datetime.date.iso	datetime.date.iso	4da9e61b29c3
a_sharpen_rescued	exchange	representation.text.word	geography.location.country_code	representation.text.word	4dccbd38a799
a_sharpen_rescued	state	geography.location.state_code	geography.location.region	geography.location.state_code	4e47c8baa93e
c_both_wrong	Class	representation.text.plain_text	representation.text.entity_name	representation.discrete.ordinal	4f7bba6e3db7
d_both_right	92.14	representation.numeric.decimal_number	representation.numeric.decimal_number	representation.numeric.decimal_number	4f8040b9e692
d_both_right	mean_acc_[M0]	representation.numeric.decimal_number	representation.numeric.decimal_number	representation.numeric.decimal_number	4f8d5951ce48
a_sharpen_rescued	exchange	representation.text.word	geography.location.country_code	representation.text.word	4fa2e6624f82
c_both_wrong	state	representation.text.word	representation.text.entity_name	geography.location.state	4fc6f39cba4d
d_both_right	HsPrc ($10,000)	representation.numeric.decimal_number	representation.numeric.decimal_number	representation.numeric.decimal_number	4fc8af753cae
d_both_right	TEAM_CITY	geography.location.city	geography.location.city	geography.location.city	4fe1db625f73
c_both_wrong	earningsTimestampStart	datetime.epoch.unix_seconds	identity.commerce.isbn	unknown	503d38d0232c
d_both_right	_city	geography.location.city	geography.location.city	geography.location.city	51d2729c5ed0
a_sharpen_rescued	exchange	representation.text.word	geography.location.country_code	representation.text.word	51ede784ec2b
d_both_right	Latitude	geography.coordinate.latitude	geography.coordinate.latitude	geography.coordinate.latitude	523b85f058b1
a_sharpen_rescued	Longitude	geography.coordinate.longitude	representation.numeric.decimal_number	geography.coordinate.longitude	523b85f058b1
d_both_right	default_resurrection_district_id	representation.numeric.integer_number	representation.numeric.integer_number	representation.numeric.integer_number	526c5ec70e97
d_both_right	gmtOffSetMilliseconds	representation.numeric.integer_number	representation.numeric.integer_number	representation.numeric.integer_number	52964fb752fa
c_both_wrong	Created	datetime.epoch.unix_seconds	representation.numeric.decimal_number	representation.numeric.decimal_number	52f858cb5419
a_sharpen_rescued	Comments	representation.numeric.integer_number	representation.boolean.binary	representation.numeric.integer_number	534fc5126bf9
a_sharpen_rescued	link	technology.internet.url	datetime.timestamp.iso_8601_micros_offset	technology.internet.url	5399f5ab79a3
a_sharpen_rescued	link_type	representation.numeric.integer_number	representation.boolean.binary	representation.numeric.integer_number	53c647056003
a_sharpen_rescued	4. District [5a7c1da469602a176d801434]	representation.numeric.integer_number	representation.boolean.binary	representation.numeric.integer_number	5426eab639d6
d_both_right	County	geography.location.region	geography.location.region	geography.location.region	547d8baaf254
d_both_right	msg_id	representation.identifier.alphanumeric_id	representation.identifier.alphanumeric_id	representation.identifier.alphanumeric_id	54ddb65c43e8
d_both_right	Latitude	geography.coordinate.latitude	geography.coordinate.latitude	geography.coordinate.latitude	553a0ca48066
a_sharpen_rescued	Longitude	geography.coordinate.longitude	representation.numeric.decimal_number	geography.coordinate.longitude	553a0ca48066
a_sharpen_rescued	Smart 198: Offline_Uncorrectable (Raw Value)	representation.numeric.integer_number	representation.boolean.binary	representation.numeric.integer_number	5599cffafabc
c_both_wrong	food_category	representation.text.word	representation.text.entity_name	representation.text.entity_name	55bca008756c
a_sharpen_rescued	ADDRESS STATE	geography.location.state_code	geography.location.region	geography.location.state_code	55ec72a260e9
d_both_right	nct_id	representation.identifier.alphanumeric_id	representation.identifier.alphanumeric_id	representation.identifier.alphanumeric_id	56139b2956c2
d_both_right	vz	representation.numeric.decimal_number	representation.numeric.decimal_number	representation.numeric.decimal_number	56604d4c4838
d_both_right	longitude	geography.coordinate.longitude	geography.coordinate.longitude	geography.coordinate.longitude	570ffb99b5cb
c_both_wrong	Class	representation.text.plain_text	representation.text.word	representation.discrete.ordinal	5718223629d1
c_both_wrong	TEAM_ID	representation.numeric.integer_number	datetime.epoch.unix_seconds	datetime.epoch.unix_seconds	576873586a68
d_both_right	3.791666667	representation.numeric.decimal_number	representation.numeric.decimal_number	representation.numeric.decimal_number	5787a7d83c3f
d_both_right	Last_Date	datetime.date.iso	datetime.date.iso	datetime.date.iso	579649e88bbb
d_both_right	changeToNetincome	representation.numeric.decimal_number	representation.numeric.decimal_number	representation.numeric.decimal_number	579c74119663
d_both_right	project_number	representation.identifier.alphanumeric_id	representation.identifier.alphanumeric_id	representation.identifier.alphanumeric_id	583902414a1d
d_both_right	BirthDate	datetime.date.iso	datetime.date.iso	datetime.date.iso	58636addcb9f
a_sharpen_rescued	country	geography.location.country_code	geography.location.region	geography.location.country_code	58bbb3130117
a_sharpen_rescued	failure	representation.numeric.integer_number	representation.boolean.binary	representation.numeric.integer_number	5902bad1104e
c_both_wrong	TEAM_ABBREVIATION	representation.text.word	representation.identifier.alphanumeric_id	unknown	59300cf6baf8
a_sharpen_rescued	Count_read	representation.numeric.integer_number	datetime.component.year	representation.numeric.integer_number	5979e6939126
d_both_right	__index_level_8__	representation.numeric.decimal_number	representation.numeric.decimal_number	representation.numeric.decimal_number	597ea9cdbacf
d_both_right	PC	representation.numeric.integer_number	representation.numeric.integer_number	representation.numeric.integer_number	599b0e1ba539
d_both_right	URL	technology.internet.url	technology.internet.url	technology.internet.url	59b4090bad66
d_both_right	netIncome	representation.numeric.integer_number	representation.numeric.integer_number	representation.numeric.integer_number	59fde6e92f3e
a_sharpen_rescued	msg_id	representation.identifier.alphanumeric_id	identity.commerce.isbn	representation.identifier.alphanumeric_id	5b58a2fcc543
c_both_wrong	ID	representation.numeric.integer_number	representation.identifier.numeric_code	representation.identifier.increment	5b72608c4149
a_sharpen_rescued	Latitude	geography.coordinate.latitude	representation.numeric.decimal_number	geography.coordinate.latitude	5c417a308650
a_sharpen_rescued	Longitude	geography.coordinate.longitude	representation.numeric.decimal_number	geography.coordinate.longitude	5c417a308650
a_sharpen_rescued	otherLiab	representation.numeric.integer_number	identity.commerce.isbn	representation.numeric.integer_number	5ca397790743
c_both_wrong	Class	representation.text.plain_text	representation.text.entity_name	representation.discrete.ordinal	5cf5cb1a0135
d_both_right	Latitude	geography.coordinate.latitude	geography.coordinate.latitude	geography.coordinate.latitude	5d625ca5d2ee
a_sharpen_rescued	Longitude	geography.coordinate.longitude	representation.numeric.decimal_number	geography.coordinate.longitude	5d625ca5d2ee
d_both_right	ADDRESS CITY	geography.address.full_address	geography.address.full_address	geography.address.full_address	5d7ed78d0229
c_both_wrong	Class	representation.text.plain_text	representation.text.word	representation.discrete.ordinal	5e9839c9acea
d_both_right	City	geography.location.city	geography.location.city	geography.location.city	5ec8388e47eb
d_both_right	county	geography.location.region	geography.location.region	geography.location.region	5f48e9e4d978
c_both_wrong	date_of_transfer	datetime.timestamp.sql_standard	datetime.timestamp.rfc_3339	unknown	5f48e9e4d978
a_sharpen_rescued	district	geography.location.region	geography.location.city	geography.location.region	5f48e9e4d978
a_sharpen_rescued	duration	representation.text.word	representation.boolean.initials	representation.text.word	5f48e9e4d978
a_sharpen_rescued	postcode	geography.address.postal_code	identity.medical.hcpcs	geography.address.postal_code	5f48e9e4d978
c_both_wrong	price	finance.currency.amount	representation.numeric.integer_number	representation.numeric.integer_number	5f48e9e4d978
a_sharpen_rescued	property_type	representation.text.word	representation.boolean.initials	representation.text.word	5f48e9e4d978
c_both_wrong	street	representation.text.plain_text	geography.address.street_name	geography.address.street_address	5f48e9e4d978
d_both_right	town_city	geography.location.city	geography.location.city	geography.location.city	5f48e9e4d978
c_both_wrong	transaction_id	representation.identifier.alphanumeric_id	identity.commerce.isbn	unknown	5f48e9e4d978
d_both_right	Type	representation.text.word	representation.text.word	representation.text.word	5f935eb98f44
c_both_wrong	state	representation.text.word	representation.text.entity_name	geography.location.state	5f9abf9f8623
d_both_right	mood_cluster5	representation.numeric.decimal_number	representation.numeric.decimal_number	representation.numeric.decimal_number	60035e692331
b_sharpen_broke	ID	representation.numeric.integer_number	representation.numeric.integer_number	representation.identifier.increment	60b784212b96
a_sharpen_rescued	Latitude	geography.coordinate.latitude	representation.numeric.decimal_number	geography.coordinate.latitude	60da311bee2c
a_sharpen_rescued	Longitude	geography.coordinate.longitude	representation.numeric.decimal_number	geography.coordinate.longitude	60da311bee2c
d_both_right	Last_Date	datetime.date.iso	datetime.date.iso	datetime.date.iso	61ca5ada1bcd
c_both_wrong	T:StockSharp.Poloniex.PoloniexMessageAdapter/summary	representation.text.plain_text	representation.text.entity_name	representation.text.entity_name	61dfa686d672
d_both_right	variable description (or question text)	representation.text.plain_text	representation.text.plain_text	representation.text.plain_text	61e94053345c
c_both_wrong	Created (UTC)	datetime.timestamp.dmy_hm	representation.text.plain_text	representation.text.plain_text	620339fde048
d_both_right	id	geography.location.country_code	geography.location.country_code	geography.location.country_code	62049f6cc156
d_both_right	Received Date	datetime.date.iso	datetime.date.iso	datetime.date.iso	6233173fe5b7
d_both_right	project_number	representation.identifier.alphanumeric_id	representation.identifier.alphanumeric_id	representation.identifier.alphanumeric_id	626dd30d41fe
d_both_right	mean_acc_[M0]	representation.numeric.decimal_number	representation.numeric.decimal_number	representation.numeric.decimal_number	6299249d3b08
d_both_right	mean_kappa_[M0]	representation.numeric.decimal_number	representation.numeric.decimal_number	representation.numeric.decimal_number	6299249d3b08
d_both_right	deferredLongTermAssetCharges	representation.numeric.integer_number	representation.numeric.integer_number	representation.numeric.integer_number	62a97188f751
d_both_right	isbn	identity.commerce.isbn	identity.commerce.isbn	identity.commerce.isbn	6368dbb38e8c
d_both_right	country	geography.location.country	geography.location.country	geography.location.country	638ac3921b17
d_both_right	fullTimeEmployees	representation.numeric.integer_number	representation.numeric.integer_number	representation.numeric.integer_number	638ac3921b17
b_sharpen_broke	template_name	representation.text.plain_text	representation.text.plain_text	unknown	63a880598aae
d_both_right	totalOtherIncomeExpenseNet	representation.numeric.integer_number	representation.numeric.integer_number	representation.numeric.integer_number	64050a47f6c8
c_both_wrong	Submission Time	datetime.epoch.unix_milliseconds	identity.commerce.ean	identity.commerce.ean	64d80ef718fd
d_both_right	Target Date	datetime.date.iso	datetime.date.iso	datetime.date.iso	6649907025a1
a_sharpen_rescued	checkoutmonth	representation.numeric.integer_number	representation.boolean.binary	representation.numeric.integer_number	66638b7387c9
d_both_right	checkouts	representation.numeric.integer_number	representation.numeric.integer_number	representation.numeric.integer_number	66638b7387c9
c_both_wrong	checkouttype	representation.text.word	geography.address.street_suffix	geography.address.street_suffix	66638b7387c9
d_both_right	checkoutyear	datetime.component.year	datetime.component.year	datetime.component.year	66638b7387c9
d_both_right	creator	identity.person.full_name	identity.person.full_name	identity.person.full_name	66638b7387c9
d_both_right	isbn	identity.commerce.isbn	identity.commerce.isbn	identity.commerce.isbn	66638b7387c9
c_both_wrong	materialtype	representation.text.word	technology.internet.http_method	technology.internet.http_method	66638b7387c9
c_both_wrong	publicationyear	datetime.component.year	technology.development.calver	unknown	66638b7387c9
d_both_right	publisher	representation.text.entity_name	representation.text.entity_name	representation.text.entity_name	66638b7387c9
d_both_right	title	representation.text.plain_text	representation.text.plain_text	representation.text.plain_text	66638b7387c9
c_both_wrong	usageclass	representation.text.word	datetime.component.periodicity	representation.discrete.ordinal	66638b7387c9
d_both_right	TEAM_CITY	geography.location.city	geography.location.city	geography.location.city	671aea5a4041
d_both_right	ADDRESS CITY	geography.address.full_address	geography.address.full_address	geography.address.full_address	67277adb7a9c
d_both_right	id	technology.internet.url	technology.internet.url	technology.internet.url	672f2a8ac601
d_both_right	esgPopulated	representation.boolean.terms	representation.boolean.terms	representation.boolean.terms	6761fd7f78e3
c_both_wrong	TEAM_ABBREVIATION	representation.text.word	geography.transportation.iata_code	geography.transportation.iata_code	677387bddd75
d_both_right	Latitude	geography.coordinate.latitude	geography.coordinate.latitude	geography.coordinate.latitude	67a7484e239d
a_sharpen_rescued	Longitude	geography.coordinate.longitude	representation.numeric.decimal_number	geography.coordinate.longitude	67a7484e239d
d_both_right	fiftyTwoWeekLowChange	representation.numeric.decimal_number	representation.numeric.decimal_number	representation.numeric.decimal_number	67eee8e0a50f
d_both_right	compensationAsOfEpochDate	datetime.epoch.unix_seconds	datetime.epoch.unix_seconds	datetime.epoch.unix_seconds	6800f55003d9
d_both_right	entry-date	datetime.date.iso	datetime.date.iso	datetime.date.iso	6848f4c262e6
c_both_wrong	noc	representation.numeric.integer_number	representation.boolean.binary	representation.boolean.binary	687f3b2a8673
b_sharpen_broke	coord_id	representation.identifier.alphanumeric_id	representation.identifier.alphanumeric_id	unknown	68c33f46033f
d_both_right	longName	representation.text.entity_name	representation.text.entity_name	representation.text.entity_name	69a622bd322a
d_both_right	Year	datetime.component.year	datetime.component.year	datetime.component.year	6b01c2890476
a_sharpen_rescued	lat	geography.coordinate.latitude	representation.numeric.decimal_number	geography.coordinate.latitude	6b40faab0b06
d_both_right	lon	geography.coordinate.longitude	geography.coordinate.longitude	geography.coordinate.longitude	6b40faab0b06
d_both_right	interaction_type	representation.text.word	representation.text.word	representation.text.word	6b8b0c0fb118
a_sharpen_rescued	bps	representation.numeric.integer_number	representation.boolean.binary	representation.numeric.integer_number	6c072596ed46
a_sharpen_rescued	Latitude	geography.coordinate.latitude	geography.coordinate.longitude	geography.coordinate.latitude	6c1c07802c34
a_sharpen_rescued	Longitude	geography.coordinate.longitude	representation.numeric.decimal_number	geography.coordinate.longitude	6c1c07802c34
d_both_right	year	datetime.component.year	datetime.component.year	datetime.component.year	6c3fd57260da
a_sharpen_rescued	city	geography.location.city	technology.code.locale_code	geography.location.city	6d3f1610e9b8
d_both_right	start_timestamp	datetime.epoch.unix_milliseconds	datetime.epoch.unix_milliseconds	datetime.epoch.unix_milliseconds	6d96e50fdabb
a_sharpen_rescued	interestExpense	representation.numeric.integer_number	representation.numeric.decimal_number	representation.numeric.integer_number	6e3136551d99
a_sharpen_rescued	answer	representation.numeric.integer_number	representation.boolean.binary	representation.numeric.integer_number	6e9c77eb9315
a_sharpen_rescued	keyPressed:	representation.numeric.integer_number	representation.boolean.binary	representation.numeric.integer_number	6e9c77eb9315
d_both_right	fiftyTwoWeekLowChange	representation.numeric.decimal_number	representation.numeric.decimal_number	representation.numeric.decimal_number	6f2f2efab800
d_both_right	Latitude	geography.coordinate.latitude	geography.coordinate.latitude	geography.coordinate.latitude	6f3795309d28
a_sharpen_rescued	Longitude	geography.coordinate.longitude	representation.numeric.decimal_number	geography.coordinate.longitude	6f3795309d28
d_both_right	publishedAtString	datetime.date.iso	datetime.date.iso	datetime.date.iso	6f4a83a7e7d7
d_both_right	datetime	datetime.date.iso	datetime.date.iso	datetime.date.iso	6f768b0cfa59
d_both_right	transition_25	datetime.date.iso	datetime.date.iso	datetime.date.iso	6f76b5707296
c_both_wrong	propertyPlantEquipment	representation.numeric.integer_number	identity.medical.npi	representation.text.word	6f89292ae9d3
a_sharpen_rescued	perm_unlink	representation.numeric.integer_number	representation.boolean.binary	representation.numeric.integer_number	6fb520515f5a
d_both_right	Parent	representation.numeric.decimal_number	representation.numeric.decimal_number	representation.numeric.decimal_number	6fd4365f98f7
a_sharpen_rescued	rStatus	representation.numeric.integer_number	representation.boolean.binary	representation.numeric.integer_number	711b249d829a
d_both_right	gbif_id	representation.numeric.integer_number	representation.numeric.integer_number	representation.numeric.integer_number	715ad07bee34
d_both_right	website	technology.internet.url	technology.internet.url	technology.internet.url	721a1a9eaa60
a_sharpen_rescued	Classes 5 RegionsCount ::Classes 5 Count!!I	representation.numeric.integer_number	representation.boolean.binary	representation.numeric.integer_number	72f2f451482a
a_sharpen_rescued	DL State	geography.location.state_code	geography.location.region	geography.location.state_code	736ced102d0f
d_both_right	country_code	geography.location.country_code	geography.location.country_code	geography.location.country_code	7378ddf58059
b_sharpen_broke	utc_offset	representation.numeric.decimal_number	representation.numeric.decimal_number	datetime.offset.utc	73b732b1c088
a_sharpen_rescued	msg_id	representation.identifier.alphanumeric_id	identity.commerce.isbn	representation.identifier.alphanumeric_id	7458208a0cdd
d_both_right	country_code	geography.location.country_code	geography.location.country_code	geography.location.country_code	75c606cbf6c3
d_both_right	TEAM_CITY	geography.location.city	geography.location.city	geography.location.city	76b515a9486f
d_both_right	ActiveCountry StringType	representation.text.word	representation.text.word	representation.text.word	7743d82c1247
d_both_right	esgPopulated	representation.boolean.terms	representation.boolean.terms	representation.boolean.terms	777355e550d9
d_both_right	RealTime(ms)	representation.numeric.decimal_number	representation.numeric.decimal_number	representation.numeric.decimal_number	77bb07b36c28
d_both_right	Latitude	geography.coordinate.latitude	geography.coordinate.latitude	geography.coordinate.latitude	785932eccbb6
a_sharpen_rescued	Longitude	geography.coordinate.longitude	representation.numeric.decimal_number	geography.coordinate.longitude	785932eccbb6
d_both_right	box_score_url	technology.internet.url	technology.internet.url	technology.internet.url	791751b5c171
d_both_right	ADDRESS CITY	geography.address.full_address	geography.address.full_address	geography.address.full_address	7922b3b07350
d_both_right	country_code	geography.location.country_code	geography.location.country_code	geography.location.country_code	794aabff8bd3
c_both_wrong	parent_id	technology.internet.url	representation.text.plain_text	representation.text.plain_text	79ccc46317f9
d_both_right	transition_25_upper_ci	datetime.date.iso	datetime.date.iso	datetime.date.iso	79d84e5d1d5d
d_both_right	longName	representation.text.entity_name	representation.text.entity_name	representation.text.entity_name	7a18e4527fd4
c_both_wrong	498176	representation.numeric.integer_number	representation.identifier.numeric_code	representation.identifier.numeric_code	7a69003c36e7
d_both_right	Activecity StringType	geography.location.city	geography.location.city	geography.location.city	7ac381cd4b78
d_both_right	ISBNs	identity.commerce.isbn	identity.commerce.isbn	identity.commerce.isbn	7ac56af0e8ce
d_both_right	Parent	representation.numeric.decimal_number	representation.numeric.decimal_number	representation.numeric.decimal_number	7ad6db5a6241
d_both_right	beat_baseline-Covid19Sim-Simulator	representation.boolean.terms	representation.boolean.terms	representation.boolean.terms	7b68660e7ef2
d_both_right	esgPopulated	representation.boolean.terms	representation.boolean.terms	representation.boolean.terms	7c6eac6b1f1e
d_both_right	link	technology.internet.url	technology.internet.url	technology.internet.url	7c7381b9ff62
c_both_wrong	utc	datetime.epoch.unix_seconds	identity.commerce.isbn	representation.numeric.integer_number	7cd3be1c132c
b_sharpen_broke	link_id	representation.identifier.alphanumeric_id	representation.identifier.alphanumeric_id	technology.internet.url	7d1664008091
d_both_right	msg_id	representation.identifier.alphanumeric_id	representation.identifier.alphanumeric_id	representation.identifier.alphanumeric_id	7d1664008091
a_sharpen_rescued	d_week_seq	representation.numeric.integer_number	representation.identifier.numeric_code	representation.numeric.integer_number	7d3af784eedd
a_sharpen_rescued	exchange	representation.text.word	geography.location.country_code	representation.text.word	7d89500febc8
a_sharpen_rescued	Latitude	geography.coordinate.latitude	geography.coordinate.longitude	geography.coordinate.latitude	7e52c8463cb9
a_sharpen_rescued	Longitude	geography.coordinate.longitude	representation.numeric.decimal_number	geography.coordinate.longitude	7e52c8463cb9
d_both_right	marketplace	geography.location.country_code	geography.location.country_code	geography.location.country_code	7e74f77c718c
d_both_right	thumbnail_link	technology.internet.url	technology.internet.url	technology.internet.url	7ea09316ccf7
d_both_right	year	datetime.component.year	datetime.component.year	datetime.component.year	7ec4c2fdcb30
d_both_right	category	representation.text.plain_text	representation.text.plain_text	representation.text.plain_text	7fbcfe44b065
d_both_right	Story	representation.numeric.decimal_number	representation.numeric.decimal_number	representation.numeric.decimal_number	7fed8b560730
a_sharpen_rescued	flu report	representation.numeric.integer_number	representation.boolean.binary	representation.numeric.integer_number	808e26d6e65f
c_both_wrong	BenchmarkName	representation.identifier.alphanumeric_id	identity.commerce.isbn	unknown	81531fb4eb9b
c_both_wrong	Primary ISBN10	identity.commerce.isbn	identity.medical.npi	identity.medical.npi	817225cceea6
d_both_right	interaction_type	representation.text.word	representation.text.word	representation.text.word	81d19b2c31dc
a_sharpen_rescued	ID	representation.identifier.increment	representation.identifier.numeric_code	representation.identifier.increment	82253f3e3ebc
a_sharpen_rescued	Points	representation.numeric.integer_number	representation.boolean.binary	representation.numeric.integer_number	824f3b21cb6a
d_both_right	Parent	representation.numeric.decimal_number	representation.numeric.decimal_number	representation.numeric.decimal_number	82619f78d6ea
d_both_right	PLAYER_ID	representation.numeric.integer_number	representation.numeric.integer_number	representation.numeric.integer_number	82833c02e7d0
a_sharpen_rescued	Lng	geography.coordinate.longitude	representation.numeric.decimal_number	geography.coordinate.longitude	82a015cbd1d3
c_both_wrong	cell_type	representation.text.word	representation.identifier.alphanumeric_id	representation.identifier.alphanumeric_id	82b04ad9b4af
d_both_right	Country	geography.location.country_code	geography.location.country_code	geography.location.country_code	8331e5ebf40b
d_both_right	DateTime	datetime.date.iso	datetime.date.iso	datetime.date.iso	8370b73fbb4c
a_sharpen_rescued	exchange	representation.text.word	geography.transportation.iata_code	representation.text.word	837e31b47609
d_both_right	Provider City	geography.location.city	geography.location.city	geography.location.city	843a1d038170
a_sharpen_rescued	Provider State	geography.location.state_code	geography.location.region	geography.location.state_code	843a1d038170
d_both_right	DateTime	datetime.date.iso	datetime.date.iso	datetime.date.iso	850bdbfa9aa7
a_sharpen_rescued	citation_id	representation.identifier.alphanumeric_id	finance.securities.cusip	representation.identifier.alphanumeric_id	85605055a031
c_both_wrong	id	technology.internet.url	representation.text.plain_text	representation.text.plain_text	85acfa7bf694
d_both_right	destination_id	representation.numeric.integer_number	representation.numeric.integer_number	representation.numeric.integer_number	85d91d3f22fa
c_both_wrong	conversation_no	representation.numeric.integer_number	datetime.component.year	datetime.component.year	86123b08ee2d
c_both_wrong	Parent	representation.numeric.decimal_number	datetime.component.year	unknown	862d9e9e48a5
d_both_right	update_date	datetime.timestamp.sql_standard	datetime.timestamp.sql_standard	datetime.timestamp.sql_standard	866ee4ae4611
d_both_right	Baseline	representation.numeric.decimal_number	representation.numeric.decimal_number	representation.numeric.decimal_number	86a6350648f7
a_sharpen_rescued	fiftyTwoWeekLowChange	representation.numeric.decimal_number	geography.coordinate.longitude	representation.numeric.decimal_number	86fdd5e04f03
a_sharpen_rescued	0.1	representation.numeric.integer_number	representation.boolean.binary	representation.numeric.integer_number	87d706850696
d_both_right	country	geography.location.country_code	geography.location.country_code	geography.location.country_code	87f33e3f51ef
d_both_right	year	datetime.component.year	datetime.component.year	datetime.component.year	88cdbfacb71b
d_both_right	Provider City	geography.location.city	geography.location.city	geography.location.city	89000102c9c6
d_both_right	Lat	geography.coordinate.latitude	geography.coordinate.latitude	geography.coordinate.latitude	89c6ca962a0d
a_sharpen_rescued	vz	representation.numeric.decimal_number	geography.coordinate.longitude	representation.numeric.decimal_number	89e5b847a08c
d_both_right	date	datetime.date.iso	datetime.date.iso	datetime.date.iso	8a012dc1dcab
c_both_wrong	link	representation.text.plain_text	representation.text.word	technology.internet.url	8a0cd17a3928
a_sharpen_rescued	exchange	representation.text.word	geography.location.country_code	representation.text.word	8a6728a52ce7
c_both_wrong	parent_id	technology.internet.url	representation.text.plain_text	representation.text.plain_text	8a7a38d26bd2
d_both_right	Reference Offset	representation.numeric.integer_number	representation.numeric.integer_number	representation.numeric.integer_number	8b58b9696202
d_both_right	last_seen_timestamp	datetime.epoch.unix_milliseconds	datetime.epoch.unix_milliseconds	datetime.epoch.unix_milliseconds	8b713665e11b
d_both_right	Latitude	geography.coordinate.latitude	geography.coordinate.latitude	geography.coordinate.latitude	8bad4a25d792
a_sharpen_rescued	Longitude	geography.coordinate.longitude	representation.numeric.decimal_number	geography.coordinate.longitude	8bad4a25d792
c_both_wrong	noc	representation.numeric.integer_number	representation.boolean.binary	representation.boolean.binary	8bbf9b050648
a_sharpen_rescued	borough	geography.location.region	geography.location.city	geography.location.region	8bdb93de8e95
a_sharpen_rescued	expiration_date	datetime.date.mdy_slash	datetime.date.dmy_slash	datetime.date.mdy_slash	8bdb93de8e95
a_sharpen_rescued	filing_date	datetime.date.mdy_slash	datetime.date.dmy_slash	datetime.date.mdy_slash	8bdb93de8e95
c_both_wrong	filing_status	representation.text.word	technology.internet.http_method	technology.internet.http_method	8bdb93de8e95
d_both_right	gis_latitude	geography.coordinate.latitude	geography.coordinate.latitude	geography.coordinate.latitude	8bdb93de8e95
c_both_wrong	gis_longitude	geography.coordinate.longitude	geography.coordinate.latitude	geography.coordinate.latitude	8bdb93de8e95
c_both_wrong	gis_nta_name	representation.text.plain_text	geography.location.city	identity.person.full_name	8bdb93de8e95
a_sharpen_rescued	issuance_date	datetime.date.mdy_slash	datetime.date.dmy_slash	datetime.date.mdy_slash	8bdb93de8e95
c_both_wrong	job__	representation.numeric.integer_number	finance.banking.aba_routing	representation.text.word	8bdb93de8e95
a_sharpen_rescued	job_start_date	datetime.date.mdy_slash	datetime.date.dmy_slash	datetime.date.mdy_slash	8bdb93de8e95
c_both_wrong	job_type	representation.text.word	geography.location.state_code	geography.location.state_code	8bdb93de8e95
c_both_wrong	permit_status	representation.text.word	technology.internet.http_method	technology.internet.http_method	8bdb93de8e95
c_both_wrong	permit_type	representation.text.word	representation.scientific.protein_sequence	representation.scientific.protein_sequence	8bdb93de8e95
c_both_wrong	street_name	representation.text.plain_text	geography.address.street_name	identity.person.full_name	8bdb93de8e95
c_both_wrong	work_type	representation.text.word	representation.discrete.ordinal	representation.discrete.ordinal	8bdb93de8e95
a_sharpen_rescued	zip_code	geography.address.postal_code	representation.identifier.numeric_code	geography.address.postal_code	8bdb93de8e95
d_both_right	Lat	geography.coordinate.latitude	geography.coordinate.latitude	geography.coordinate.latitude	8c20635c7481
d_both_right	website	technology.internet.url	technology.internet.url	technology.internet.url	8c7e9d1013cd
c_both_wrong	Type	representation.text.word	representation.text.entity_name	representation.text.entity_name	8c8dfc18020d
a_sharpen_rescued	modulation_default	representation.numeric.integer_number	representation.boolean.binary	representation.numeric.integer_number	8c960b5d16d9
c_both_wrong	longTermDebt	representation.numeric.integer_number	datetime.epoch.unix_seconds	datetime.epoch.unix_seconds	8c9b0b1186ee
d_both_right	LayerName	representation.identifier.alphanumeric_id	representation.identifier.alphanumeric_id	representation.identifier.alphanumeric_id	8d0e45b1d495
d_both_right	vx	representation.numeric.decimal_number	representation.numeric.decimal_number	representation.numeric.decimal_number	8d286b5bc73b
a_sharpen_rescued	3. State [5a7c1da369602a176d801427]	representation.numeric.integer_number	representation.boolean.binary	representation.numeric.integer_number	8d3231032f00
d_both_right	day_label_filter	datetime.date.iso	datetime.date.iso	datetime.date.iso	8d329881304e
d_both_right	Timezone	datetime.offset.iana	datetime.offset.iana	datetime.offset.iana	8d407a9c6339
a_sharpen_rescued	Tweet Posted Time (UTC)	datetime.date.dmy_slash	datetime.date.mdy_slash	datetime.date.dmy_slash	8db36ab767f8
d_both_right	country_name_filter	geography.location.country	geography.location.country	geography.location.country	8db449436720
a_sharpen_rescued	latitude	geography.coordinate.latitude	geography.coordinate.longitude	geography.coordinate.latitude	8e4529adf14f
d_both_right	longitude	geography.coordinate.longitude	geography.coordinate.longitude	geography.coordinate.longitude	8e4529adf14f
c_both_wrong	translation1SourceUri	technology.internet.url	finance.crypto.bitcoin_address	finance.crypto.bitcoin_address	8f15c214f427
d_both_right	country_id:id	geography.location.country_code	geography.location.country_code	geography.location.country_code	8f2effe6c55b
a_sharpen_rescued	Lon	geography.coordinate.longitude	representation.numeric.decimal_number	geography.coordinate.longitude	900386fe684d
c_both_wrong	3110054519	representation.numeric.integer_number	datetime.epoch.unix_seconds	datetime.epoch.unix_seconds	911d4f268f80
d_both_right	PermissionDate	datetime.date.iso	datetime.date.iso	datetime.date.iso	91b4e36f2671
a_sharpen_rescued	URL	technology.internet.url	representation.text.plain_text	technology.internet.url	91d382d31b5b
d_both_right	Time_stamp	datetime.timestamp.sql_standard	datetime.timestamp.sql_standard	datetime.timestamp.sql_standard	925e4950233d
a_sharpen_rescued	NMI	representation.numeric.integer_number	representation.boolean.binary	representation.numeric.integer_number	929187795235
a_sharpen_rescued	msg_id	representation.identifier.alphanumeric_id	identity.commerce.isbn	representation.identifier.alphanumeric_id	93261749de14
b_sharpen_broke	deferredLongTermLiab	representation.numeric.integer_number	representation.numeric.integer_number	representation.identifier.increment	93ca04a27e0c
d_both_right	fiftyTwoWeekLowChange	representation.numeric.decimal_number	representation.numeric.decimal_number	representation.numeric.decimal_number	9449be1b7f93
c_both_wrong	Created	datetime.epoch.unix_seconds	representation.numeric.decimal_number	representation.numeric.decimal_number	94788c5fd9ac
d_both_right	StarchDM	representation.numeric.decimal_number	representation.numeric.decimal_number	representation.numeric.decimal_number	94e069136426
d_both_right	ISBNs	identity.commerce.isbn	identity.commerce.isbn	identity.commerce.isbn	959f86513f24
d_both_right	REGIONE	geography.location.region	geography.location.region	geography.location.region	9600f4ed9649
d_both_right	parent_id	technology.internet.url	technology.internet.url	technology.internet.url	962a0179d5f4
c_both_wrong	link_id	representation.identifier.alphanumeric_id	identity.commerce.isbn	technology.internet.url	9684602d6985
a_sharpen_rescued	msg_id	representation.identifier.alphanumeric_id	identity.commerce.isbn	representation.identifier.alphanumeric_id	96ade317096e
a_sharpen_rescued	averageDailyVolume3Month	representation.numeric.integer_number	representation.identifier.numeric_code	representation.numeric.integer_number	96b0c4699df6
a_sharpen_rescued	exchange	representation.text.word	geography.location.country_code	representation.text.word	96b0c4699df6
d_both_right	gmtOffSetMilliseconds	representation.numeric.integer_number	representation.numeric.integer_number	representation.numeric.integer_number	96b0c4699df6
d_both_right	country_code	geography.location.country_code	geography.location.country_code	geography.location.country_code	970651ad9f95
d_both_right	year	datetime.component.year	datetime.component.year	datetime.component.year	9776c702ddeb
a_sharpen_rescued	Type	representation.text.word	identity.person.username	representation.text.word	9849dfa0e24f
d_both_right	District 04 Estimate	representation.numeric.integer_number	representation.numeric.integer_number	representation.numeric.integer_number	98c87a16bbc5
a_sharpen_rescued	LoneParent	representation.numeric.integer_number	representation.boolean.binary	representation.numeric.integer_number	9965bbc456ae
d_both_right	Count_read	representation.numeric.integer_number	representation.numeric.integer_number	representation.numeric.integer_number	999dabb8211a
d_both_right	folder_owner_addrcity	geography.location.city	geography.location.city	geography.location.city	9ac5e6482529
c_both_wrong	call_type	representation.text.plain_text	representation.text.entity_name	representation.text.entity_name	9b52f6f681f1
a_sharpen_rescued	destination_x	representation.numeric.integer_number	representation.identifier.numeric_code	representation.numeric.integer_number	9b9e430ff370
d_both_right	logloss	representation.numeric.decimal_number	representation.numeric.decimal_number	representation.numeric.decimal_number	9c1087b6aa1f
d_both_right	region	geography.location.country_code	geography.location.country_code	geography.location.country_code	9c4ffa5bc6c1
a_sharpen_rescued	group	representation.text.word	representation.boolean.initials	representation.text.word	9c8f04fda7dd
d_both_right	time_zone_ms	representation.numeric.integer_number	representation.numeric.integer_number	representation.numeric.integer_number	9cdf3d59a497
a_sharpen_rescued	msg_id	representation.identifier.alphanumeric_id	identity.commerce.isbn	representation.identifier.alphanumeric_id	9d563ab021d1
b_sharpen_broke	ID	representation.numeric.integer_number	representation.numeric.integer_number	representation.identifier.increment	9d659ad74b33
a_sharpen_rescued	regularMarketVolume	representation.numeric.integer_number	datetime.component.year	representation.numeric.integer_number	9d7e24617cb9
d_both_right	mean_acc_[M0]	representation.numeric.decimal_number	representation.numeric.decimal_number	representation.numeric.decimal_number	9dc1a65f02b4
d_both_right	mean_kappa_[M0]	representation.numeric.decimal_number	representation.numeric.decimal_number	representation.numeric.decimal_number	9dc1a65f02b4
a_sharpen_rescued	doi_url	technology.internet.url	datetime.timestamp.iso_8601_micros_offset	technology.internet.url	9e0fa6266e7b
d_both_right	Points	representation.numeric.integer_number	representation.numeric.integer_number	representation.numeric.integer_number	9e4eac44bbc1
a_sharpen_rescued	totalOperatingExpenses	representation.numeric.integer_number	identity.medical.npi	representation.numeric.integer_number	9ea26d8f1728
d_both_right	Points	representation.numeric.integer_number	representation.numeric.integer_number	representation.numeric.integer_number	9efd0ca64660
d_both_right	Year	datetime.component.year	datetime.component.year	datetime.component.year	9f3fe5c0c130
a_sharpen_rescued	Smart 10: Spin_Retry_Count (Raw Value)	representation.numeric.integer_number	representation.boolean.binary	representation.numeric.integer_number	9f50c1edbd3a
c_both_wrong	signature_source_url	representation.text.plain_text	representation.text.word	technology.internet.url	9fc7d952d5c2
d_both_right	Provider City	geography.location.city	geography.location.city	geography.location.city	9ffefa4c724b
b_sharpen_broke	utc_offset	representation.numeric.decimal_number	representation.numeric.decimal_number	datetime.offset.utc	a020d7e3865c
d_both_right	Accepted	datetime.date.iso	datetime.date.iso	datetime.date.iso	a0499858d7ab
d_both_right	Received	datetime.date.iso	datetime.date.iso	datetime.date.iso	a0499858d7ab
c_both_wrong	toCountry	geography.location.country	geography.location.region	geography.location.region	a0f28ecfd3b1
d_both_right	Country	geography.location.country_code	geography.location.country_code	geography.location.country_code	a12e91a5db77
c_both_wrong	Status	representation.text.plain_text	representation.text.entity_name	representation.text.entity_name	a14d153e72a3
c_both_wrong	TEAM_ABBREVIATION	representation.text.word	geography.transportation.iata_code	geography.transportation.iata_code	a1fa1b85586b
d_both_right	compensationAsOfEpochDate	datetime.epoch.unix_seconds	datetime.epoch.unix_seconds	datetime.epoch.unix_seconds	a22933514c3d
d_both_right	country_code	geography.location.country_code	geography.location.country_code	geography.location.country_code	a2d34caf97b8
d_both_right	host_thumbnail_url	technology.internet.url	technology.internet.url	technology.internet.url	a2d34caf97b8
d_both_right	longName	representation.text.entity_name	representation.text.entity_name	representation.text.entity_name	a2dbdb401f93
d_both_right	id	technology.internet.url	technology.internet.url	technology.internet.url	a31fba558b47
a_sharpen_rescued	exchange	representation.text.word	geography.location.country_code	representation.text.word	a368748c44a7
d_both_right	updateDate	datetime.date.iso	datetime.date.iso	datetime.date.iso	a36b58ca05c1
d_both_right	POSS	representation.numeric.integer_number	representation.numeric.integer_number	representation.numeric.integer_number	a3a72669f627
a_sharpen_rescued	Points	representation.numeric.integer_number	representation.boolean.binary	representation.numeric.integer_number	a3c2a3abef4d
a_sharpen_rescued	href	technology.internet.url	representation.text.plain_text	technology.internet.url	a3dce11e9c64
d_both_right	msg_id	representation.identifier.alphanumeric_id	representation.identifier.alphanumeric_id	representation.identifier.alphanumeric_id	a3e805867452
d_both_right	date	datetime.date.iso	datetime.date.iso	datetime.date.iso	a42fd0730571
d_both_right	voteId	representation.numeric.integer_number	representation.numeric.integer_number	representation.numeric.integer_number	a434e224abf0
d_both_right	totalCashFromOperatingActivities	representation.numeric.integer_number	representation.numeric.integer_number	representation.numeric.integer_number	a470bee13771
b_sharpen_broke	username	identity.person.username	identity.person.username	representation.text.word	a47a58001ea8
c_both_wrong	exchangeTimezoneShortName	representation.text.word	representation.identifier.alphanumeric_id	unknown	a4b4f6997b5e
a_sharpen_rescued	Earnings	representation.numeric.integer_number	datetime.component.year	representation.numeric.integer_number	a4cc68e46c86
d_both_right	website	technology.internet.url	technology.internet.url	technology.internet.url	a50fe286d661
d_both_right	ISBNs	identity.commerce.isbn	identity.commerce.isbn	identity.commerce.isbn	a52e163dc64a
d_both_right	Points	representation.numeric.integer_number	representation.numeric.integer_number	representation.numeric.integer_number	a56ee5fc2220
d_both_right	Year	datetime.component.year	datetime.component.year	datetime.component.year	a5915ce477dc
c_both_wrong	citation_id	representation.identifier.alphanumeric_id	finance.securities.cusip	finance.securities.cusip	a5bfea1eae69
d_both_right	vz	representation.numeric.decimal_number	representation.numeric.decimal_number	representation.numeric.decimal_number	a5f2df77f0be
d_both_right	wfo_id	representation.identifier.alphanumeric_id	representation.identifier.alphanumeric_id	representation.identifier.alphanumeric_id	a67ed562e054
c_both_wrong	species_code_6	representation.identifier.alphanumeric_id	representation.text.entity_name	representation.text.entity_name	a6aa4568dd73
d_both_right	region	geography.location.country_code	geography.location.country_code	geography.location.country_code	a6c48197111f
a_sharpen_rescued	control	representation.numeric.integer_number	representation.boolean.binary	representation.numeric.integer_number	a7383462c4ff
d_both_right	publishedAtString	datetime.date.iso	datetime.date.iso	datetime.date.iso	a8518daff3d1
a_sharpen_rescued	netIncomeFromContinuingOps	representation.numeric.integer_number	representation.numeric.decimal_number	representation.numeric.integer_number	a92820d67e4b
a_sharpen_rescued	msg_id	representation.identifier.alphanumeric_id	identity.commerce.isbn	representation.identifier.alphanumeric_id	a934955fcb6a
a_sharpen_rescued	z.exposure	representation.numeric.decimal_number	geography.coordinate.latitude	representation.numeric.decimal_number	a9460b3328e1
d_both_right	Domain	technology.internet.hostname	technology.internet.hostname	technology.internet.hostname	aab6d57dc2d5
b_sharpen_broke	GlobalRank	representation.numeric.integer_number	representation.numeric.integer_number	representation.discrete.ordinal	aab6d57dc2d5
d_both_right	IDN_Domain	technology.internet.hostname	technology.internet.hostname	technology.internet.hostname	aab6d57dc2d5
c_both_wrong	IDN_TLD	technology.internet.top_level_domain	technology.internet.hostname	technology.internet.hostname	aab6d57dc2d5
a_sharpen_rescued	RefIPs	representation.numeric.integer_number	representation.identifier.numeric_code	representation.numeric.integer_number	aab6d57dc2d5
a_sharpen_rescued	RefSubNets	representation.numeric.integer_number	representation.identifier.increment	representation.numeric.integer_number	aab6d57dc2d5
c_both_wrong	TLD	technology.internet.top_level_domain	technology.internet.hostname	technology.internet.hostname	aab6d57dc2d5
b_sharpen_broke	TldRank	representation.numeric.integer_number	representation.numeric.integer_number	representation.discrete.ordinal	aab6d57dc2d5
c_both_wrong	Comments	representation.numeric.integer_number	representation.boolean.binary	representation.boolean.binary	aacd26910676
a_sharpen_rescued	Region	geography.location.region	geography.location.city	geography.location.region	ab173f2ca1ee
c_both_wrong	Primary ISBN10	identity.commerce.isbn	identity.medical.npi	identity.medical.npi	ab823ef7eb81
c_both_wrong	exchangeTimezoneShortName	representation.text.word	geography.location.country_code	geography.location.country_code	abff7928b11b
d_both_right	Primary ISBN13	identity.commerce.isbn	identity.commerce.isbn	identity.commerce.isbn	adaf83b378c9
a_sharpen_rescued	Comments	representation.numeric.integer_number	representation.boolean.binary	representation.numeric.integer_number	adebbf7aa5da
d_both_right	Year	datetime.component.year	datetime.component.year	datetime.component.year	ae8553e95e2f
c_both_wrong	person,state,district,vote,name,party	container.object.csv	geography.address.street_name	representation.text.word	aec5b768d1f6
c_both_wrong	April 9, 2021 9:32 PM UTC	representation.text.plain_text	representation.text.entity_name	representation.text.entity_name	aee220132b3f
d_both_right	145.07	representation.numeric.decimal_number	representation.numeric.decimal_number	representation.numeric.decimal_number	af029de50688
d_both_right	region_id	representation.numeric.integer_number	representation.numeric.integer_number	representation.numeric.integer_number	af14dd1c46dc
c_both_wrong	TEAM_ABBREVIATION	representation.text.word	geography.location.country_code	geography.location.country_code	b01ad9aa1db0
d_both_right	Year	datetime.component.year	datetime.component.year	datetime.component.year	b055b6c297d4
d_both_right	Created (UTC)	datetime.timestamp.sql_standard	datetime.timestamp.sql_standard	datetime.timestamp.sql_standard	b0e03141e1fe
d_both_right	Updated (UTC)	datetime.timestamp.sql_standard	datetime.timestamp.sql_standard	datetime.timestamp.sql_standard	b0e03141e1fe
a_sharpen_rescued	zip	geography.address.postal_code	identity.government.ein	geography.address.postal_code	b12544d6d5a4
c_both_wrong	marketCap	representation.numeric.integer_number	datetime.epoch.unix_seconds	datetime.epoch.unix_seconds	b14bdcbfded9
d_both_right	Time Sent Utc	datetime.timestamp.iso_8601_milliseconds	datetime.timestamp.iso_8601_milliseconds	datetime.timestamp.iso_8601_milliseconds	b1606b822cc7
a_sharpen_rescued	fiftyTwoWeekHighChange	representation.numeric.decimal_number	geography.coordinate.latitude	representation.numeric.decimal_number	b20ddee7ffec
d_both_right	Status	representation.text.word	representation.text.word	representation.text.word	b298783f7771
d_both_right	PermissionDate	datetime.date.iso	datetime.date.iso	datetime.date.iso	b29bf85a60df
d_both_right	project_number	representation.identifier.alphanumeric_id	representation.identifier.alphanumeric_id	representation.identifier.alphanumeric_id	b369d00f7570
d_both_right	year	datetime.component.year	datetime.component.year	datetime.component.year	b3d2bbb89483
d_both_right	region	geography.location.country_code	geography.location.country_code	geography.location.country_code	b3fc727f495c
d_both_right	Year	datetime.component.year	datetime.component.year	datetime.component.year	b410beda5a9a
d_both_right	governanceEpochDate	datetime.epoch.unix_seconds	datetime.epoch.unix_seconds	datetime.epoch.unix_seconds	b4119bacff94
d_both_right	DateTime	datetime.date.iso	datetime.date.iso	datetime.date.iso	b421e704fa63
d_both_right	SUM229neg	representation.numeric.integer_number	representation.numeric.integer_number	representation.numeric.integer_number	b4c17bd1276f
a_sharpen_rescued	latitude	geography.coordinate.latitude	geography.coordinate.longitude	geography.coordinate.latitude	b4c4def9df1b
d_both_right	longitude	geography.coordinate.longitude	geography.coordinate.longitude	geography.coordinate.longitude	b4c4def9df1b
d_both_right	Story	representation.numeric.decimal_number	representation.numeric.decimal_number	representation.numeric.decimal_number	b4e5fd362025
c_both_wrong	agency_name	representation.text.plain_text	representation.text.entity_name	identity.person.full_name	b4f5d1b3b5b6
d_both_right	agency_start_date	datetime.timestamp.sql_standard	datetime.timestamp.sql_standard	datetime.timestamp.sql_standard	b4f5d1b3b5b6
c_both_wrong	base_salary	finance.currency.amount	representation.numeric.decimal_number	representation.numeric.decimal_number	b4f5d1b3b5b6
a_sharpen_rescued	fiscal_year	datetime.component.year	datetime.date.compact_ym	datetime.component.year	b4f5d1b3b5b6
c_both_wrong	leave_status_as_of_june_30	representation.text.word	representation.boolean.terms	representation.boolean.terms	b4f5d1b3b5b6
d_both_right	ot_hours	representation.numeric.decimal_number	representation.numeric.decimal_number	representation.numeric.decimal_number	b4f5d1b3b5b6
c_both_wrong	pay_basis	representation.text.word	representation.text.plain_text	representation.text.plain_text	b4f5d1b3b5b6
c_both_wrong	regular_gross_paid	finance.currency.amount	representation.numeric.decimal_number	representation.numeric.decimal_number	b4f5d1b3b5b6
d_both_right	regular_hours	representation.numeric.decimal_number	representation.numeric.decimal_number	representation.numeric.decimal_number	b4f5d1b3b5b6
c_both_wrong	title_description	representation.text.plain_text	representation.text.entity_name	representation.text.entity_name	b4f5d1b3b5b6
c_both_wrong	total_ot_paid	finance.currency.amount	representation.numeric.decimal_number	representation.numeric.decimal_number	b4f5d1b3b5b6
c_both_wrong	total_other_pay	finance.currency.amount	representation.numeric.decimal_number	representation.numeric.decimal_number	b4f5d1b3b5b6
a_sharpen_rescued	work_location_borough	geography.location.region	geography.location.city	geography.location.region	b4f5d1b3b5b6
a_sharpen_rescued	exchange	representation.text.word	geography.location.country_code	representation.text.word	b50b64cda798
d_both_right	governanceEpochDate	datetime.epoch.unix_seconds	datetime.epoch.unix_seconds	datetime.epoch.unix_seconds	b50e35f684ad
a_sharpen_rescued	WindowProtection	representation.numeric.integer_number	representation.boolean.binary	representation.numeric.integer_number	b554b49cd70a
a_sharpen_rescued	z.exposure	representation.numeric.decimal_number	geography.coordinate.latitude	representation.numeric.decimal_number	b563ed9fbc29
d_both_right	country_code	geography.location.country_code	geography.location.country_code	geography.location.country_code	b57b501497dc
d_both_right	host_thumbnail_url	technology.internet.url	technology.internet.url	technology.internet.url	b57b501497dc
a_sharpen_rescued	rate_tx	representation.numeric.decimal_number	geography.coordinate.latitude	representation.numeric.decimal_number	b5d3d2f4724e
d_both_right	Last_Date	datetime.date.iso	datetime.date.iso	datetime.date.iso	b5d9a1339f47
b_sharpen_broke	SetForWholeYear	representation.boolean.terms	representation.boolean.terms	unknown	b625eed9da95
d_both_right	Country	geography.location.country_code	geography.location.country_code	geography.location.country_code	b66140608f73
a_sharpen_rescued	askSize	representation.numeric.integer_number	datetime.component.year	representation.numeric.integer_number	b6db1682f516
a_sharpen_rescued	exchange	representation.text.word	geography.location.country_code	representation.text.word	b6db1682f516
d_both_right	year	datetime.component.year	datetime.component.year	datetime.component.year	b70afca6c39e
d_both_right	visit_end_datetime	datetime.date.iso	datetime.date.iso	datetime.date.iso	b71b6f4d6f91
a_sharpen_rescued	GAME_ID	representation.numeric.integer_number	representation.identifier.numeric_code	representation.numeric.integer_number	b77aa26dc75f
d_both_right	Latitude	geography.coordinate.latitude	geography.coordinate.latitude	geography.coordinate.latitude	b8138466dade
a_sharpen_rescued	Longitude	geography.coordinate.longitude	representation.numeric.decimal_number	geography.coordinate.longitude	b8138466dade
a_sharpen_rescued	totalOperatingExpenses	representation.numeric.integer_number	identity.medical.npi	representation.numeric.integer_number	b8df5e111f0b
d_both_right	venue_country	geography.location.country_code	geography.location.country_code	geography.location.country_code	b93780087350
d_both_right	created_at	datetime.timestamp.sql_standard	datetime.timestamp.sql_standard	datetime.timestamp.sql_standard	b939a63f3b0a
a_sharpen_rescued	Comments	representation.numeric.integer_number	representation.boolean.binary	representation.numeric.integer_number	b961130c807d
d_both_right	website	technology.internet.url	technology.internet.url	technology.internet.url	b97284c3671c
d_both_right	Points	representation.numeric.integer_number	representation.numeric.integer_number	representation.numeric.integer_number	b9b80dc9dcd1
d_both_right	Time_stamp	datetime.timestamp.sql_standard	datetime.timestamp.sql_standard	datetime.timestamp.sql_standard	bb3ff45839fd
d_both_right	conversation_no	representation.numeric.integer_number	representation.numeric.integer_number	representation.numeric.integer_number	bb46613b178d
a_sharpen_rescued	exchange	representation.text.word	geography.location.country_code	representation.text.word	bb58c5989e76
d_both_right	update_date	datetime.timestamp.sql_standard	datetime.timestamp.sql_standard	datetime.timestamp.sql_standard	bc0d5fa4250b
d_both_right	regularMarketVolume	representation.numeric.integer_number	representation.numeric.integer_number	representation.numeric.integer_number	bc383436d717
a_sharpen_rescued	averageDailyVolume10Day	representation.numeric.integer_number	datetime.component.year	representation.numeric.integer_number	bc69b8a477b5
d_both_right	Type	representation.text.word	representation.text.word	representation.text.word	bcec44fcb660
c_both_wrong	id	geography.location.country_code	representation.identifier.alphanumeric_id	unknown	bd4824dc8022
d_both_right	compensationAsOfEpochDate	datetime.epoch.unix_seconds	datetime.epoch.unix_seconds	datetime.epoch.unix_seconds	bd92d6787455
d_both_right	totalOperatingExpenses	representation.numeric.integer_number	representation.numeric.integer_number	representation.numeric.integer_number	bd92d6787455
a_sharpen_rescued	State	geography.location.state_code	geography.location.region	geography.location.state_code	be00af421b3b
d_both_right	region	geography.location.country_code	geography.location.country_code	geography.location.country_code	becf841517a5
a_sharpen_rescued	latitude	geography.coordinate.latitude	representation.numeric.decimal_number	geography.coordinate.latitude	bf3583351a8b
d_both_right	destination_id	representation.numeric.integer_number	representation.numeric.integer_number	representation.numeric.integer_number	bfa4f0ed3440
a_sharpen_rescued	country	geography.location.country_code	geography.location.region	geography.location.country_code	c12d7a78acfa
b_sharpen_broke	discriminator_type	representation.file.extension	representation.file.extension	representation.text.word	c1bbf47b0d74
d_both_right	PLAYER_ID	representation.numeric.integer_number	representation.numeric.integer_number	representation.numeric.integer_number	c1ed58e35685
d_both_right	Year	datetime.component.year	datetime.component.year	datetime.component.year	c24e7e834486
a_sharpen_rescued	perm_unlink	representation.numeric.integer_number	representation.boolean.binary	representation.numeric.integer_number	c2f075d8c417
d_both_right	Latitude	geography.coordinate.latitude	geography.coordinate.latitude	geography.coordinate.latitude	c32c1f55c77b
a_sharpen_rescued	Longitude	geography.coordinate.longitude	representation.numeric.decimal_number	geography.coordinate.longitude	c32c1f55c77b
d_both_right	name	geography.location.region	geography.location.region	geography.location.region	c335a91a0959
c_both_wrong	Shortname	representation.text.plain_text	representation.text.entity_name	representation.text.entity_name	c378ba23e738
b_sharpen_broke	(year)	representation.numeric.decimal_number	representation.numeric.decimal_number	unknown	c3ec4cdff238
d_both_right	Parent	representation.numeric.decimal_number	representation.numeric.decimal_number	representation.numeric.decimal_number	c41ae786a27b
b_sharpen_broke	remove_compare_link	representation.boolean.terms	representation.boolean.terms	technology.internet.url	c481e397623e
d_both_right	date	datetime.date.iso	datetime.date.iso	datetime.date.iso	c5343bab7056
c_both_wrong	parent_id	technology.internet.url	representation.text.plain_text	representation.text.plain_text	c54b6f11a0da
d_both_right	Date of Birth	datetime.date.iso	datetime.date.iso	datetime.date.iso	c55adb24d76b
d_both_right	fullTimeEmployees	representation.numeric.integer_number	representation.numeric.integer_number	representation.numeric.integer_number	c596c914554e
d_both_right	NPPES_PROVIDER_COUNTRY	geography.location.country_code	geography.location.country_code	geography.location.country_code	c5cf6c7f0e1f
d_both_right	mean_acc_[M0]	representation.numeric.decimal_number	representation.numeric.decimal_number	representation.numeric.decimal_number	c5f49b598be7
d_both_right	moa	representation.numeric.integer_number	representation.numeric.integer_number	representation.numeric.integer_number	c639bdfaf8a1
d_both_right	country_code	geography.location.country_code	geography.location.country_code	geography.location.country_code	c66bf266c716
d_both_right	LoneParent	representation.numeric.integer_number	representation.numeric.integer_number	representation.numeric.integer_number	c6d517cc0770
c_both_wrong	group_id:id	representation.identifier.alphanumeric_id	representation.text.entity_name	representation.text.entity_name	c734f3b7629f
d_both_right	primaryCountry.alpha3Code	geography.location.country_code	geography.location.country_code	geography.location.country_code	c74da3637e7e
d_both_right	PORTFOLIO_ID	representation.numeric.integer_number	representation.numeric.integer_number	representation.numeric.integer_number	c7ac447f1cfe
d_both_right	destination_id	representation.numeric.integer_number	representation.numeric.integer_number	representation.numeric.integer_number	c8eaa48b8afb
d_both_right	noc	representation.numeric.integer_number	representation.numeric.integer_number	representation.numeric.integer_number	c9642ef4b4c0
d_both_right	moa	representation.numeric.integer_number	representation.numeric.integer_number	representation.numeric.integer_number	c967416cd0f9
a_sharpen_rescued	msg_id	representation.identifier.alphanumeric_id	identity.commerce.isbn	representation.identifier.alphanumeric_id	c96a74644bec
d_both_right	CDE	representation.numeric.decimal_number	representation.numeric.decimal_number	representation.numeric.decimal_number	ca35c9069b65
a_sharpen_rescued	modulation_default	representation.numeric.integer_number	representation.boolean.binary	representation.numeric.integer_number	cad063f48284
a_sharpen_rescued	Count_read	representation.numeric.integer_number	datetime.component.year	representation.numeric.integer_number	cadfedff5b73
d_both_right	msg_id	representation.identifier.alphanumeric_id	representation.identifier.alphanumeric_id	representation.identifier.alphanumeric_id	cadfedff5b73
d_both_right	status_link	technology.internet.url	technology.internet.url	technology.internet.url	cae7c2a4974b
a_sharpen_rescued	fiftyTwoWeekLowChangePercent	representation.numeric.decimal_number	geography.coordinate.longitude	representation.numeric.decimal_number	cb10421e9a2d
c_both_wrong	venue_city	geography.location.city	geography.location.region	geography.location.region	cbb872989a38
c_both_wrong	TEAM_ID	representation.numeric.integer_number	datetime.epoch.unix_seconds	datetime.epoch.unix_seconds	cc7a005ac645
c_both_wrong	exchangeTimezoneShortName	representation.text.word	geography.location.country_code	geography.location.country_code	ccb9f1d47b24
c_both_wrong	Source Type	representation.text.word	geography.location.city	geography.location.city	cceee25bc15c
d_both_right	msg_id	representation.identifier.alphanumeric_id	representation.identifier.alphanumeric_id	representation.identifier.alphanumeric_id	cd7cc39ea3c6
c_both_wrong	3187480517	representation.numeric.integer_number	identity.commerce.isbn	identity.commerce.isbn	cd8669309485
d_both_right	country_id	geography.location.country_code	geography.location.country_code	geography.location.country_code	cd96c830f5f0
d_both_right	itemid	representation.numeric.integer_number	representation.numeric.integer_number	representation.numeric.integer_number	ce16a2c51fd4
b_sharpen_broke	link_description	representation.text.plain_text	representation.text.plain_text	technology.internet.url	cf0e2e2079ab
a_sharpen_rescued	task_id	representation.numeric.integer_number	representation.boolean.binary	representation.numeric.integer_number	cf5c7aa2ce08
c_both_wrong	Primary ISBN10	identity.commerce.isbn	identity.medical.npi	identity.medical.npi	cf75a3a5e219
d_both_right	Primary ISBN13	identity.commerce.isbn	identity.commerce.isbn	identity.commerce.isbn	cf75a3a5e219
a_sharpen_rescued	Lng	geography.coordinate.longitude	representation.numeric.decimal_number	geography.coordinate.longitude	cf75f5e83a7c
d_both_right	Latitude	geography.coordinate.latitude	geography.coordinate.latitude	geography.coordinate.latitude	d06e09fb11e8
a_sharpen_rescued	Longitude	geography.coordinate.longitude	representation.numeric.decimal_number	geography.coordinate.longitude	d06e09fb11e8
d_both_right	Story	representation.numeric.decimal_number	representation.numeric.decimal_number	representation.numeric.decimal_number	d134333a31ff
d_both_right	Year	datetime.component.year	datetime.component.year	datetime.component.year	d196a26e20c8
a_sharpen_rescued	fiftyTwoWeekLowChangePercent	representation.numeric.decimal_number	geography.coordinate.longitude	representation.numeric.decimal_number	d220ae3af3db
a_sharpen_rescued	fiftyTwoWeekHighChange	representation.numeric.decimal_number	geography.coordinate.latitude	representation.numeric.decimal_number	d299d9299673
d_both_right	country_code	geography.location.country_code	geography.location.country_code	geography.location.country_code	d2a70d9eb46a
d_both_right	host_thumbnail_url	technology.internet.url	technology.internet.url	technology.internet.url	d2a70d9eb46a
d_both_right	dividend_type	representation.text.word	representation.text.word	representation.text.word	d2a8598c713b
d_both_right	EndRentDate	datetime.date.iso	datetime.date.iso	datetime.date.iso	d2bddab6c2d0
c_both_wrong	BenchmarkName	representation.identifier.alphanumeric_id	identity.commerce.isbn	unknown	d2be9d2eb5a1
a_sharpen_rescued	Comments	representation.numeric.integer_number	representation.boolean.binary	representation.numeric.integer_number	d2c8c9934533
d_both_right	vz	representation.numeric.decimal_number	representation.numeric.decimal_number	representation.numeric.decimal_number	d334a0e1d0a6
b_sharpen_broke	ID	representation.numeric.integer_number	representation.numeric.integer_number	representation.identifier.increment	d35e045c7c85
c_both_wrong	Demo URL	representation.text.plain_text	representation.text.entity_name	technology.internet.url	d370b00c3d4f
d_both_right	Provider City	geography.location.city	geography.location.city	geography.location.city	d3fda29de245
d_both_right	FirstAddedDate	datetime.date.iso	datetime.date.iso	datetime.date.iso	d50bb1708104
d_both_right	year	datetime.component.year	datetime.component.year	datetime.component.year	d5232fbdf217
d_both_right	country_name_filter	geography.location.country	geography.location.country	geography.location.country	d54a15349342
d_both_right	ISBNs	identity.commerce.isbn	identity.commerce.isbn	identity.commerce.isbn	d5aae82f7c81
d_both_right	Type	representation.text.word	representation.text.word	representation.text.word	d6300d79f169
a_sharpen_rescued	averageDailyVolume10Day	representation.numeric.integer_number	datetime.component.year	representation.numeric.integer_number	d6599f8d11aa
a_sharpen_rescued	exchange	representation.text.word	geography.location.country_code	representation.text.word	d6599f8d11aa
a_sharpen_rescued	exchange	representation.text.word	geography.location.country_code	representation.text.word	d74d4d592bac
a_sharpen_rescued	exchange	representation.text.word	geography.location.country_code	representation.text.word	d777dd90ac93
d_both_right	CountryCode	geography.location.country_code	geography.location.country_code	geography.location.country_code	d7a01ae8d774
d_both_right	PLAYER_ID	representation.numeric.integer_number	representation.numeric.integer_number	representation.numeric.integer_number	d7ccc29bcccb
d_both_right	publishedAtString	datetime.date.iso	datetime.date.iso	datetime.date.iso	d7d80c3c398a
d_both_right	dateId	datetime.date.iso	datetime.date.iso	datetime.date.iso	d804b4899397
d_both_right	compensationAsOfEpochDate	datetime.epoch.unix_seconds	datetime.epoch.unix_seconds	datetime.epoch.unix_seconds	d86b8098aef8
d_both_right	URL	technology.internet.url	technology.internet.url	technology.internet.url	d9532e4c15a0
a_sharpen_rescued	tested	representation.numeric.integer_number	representation.boolean.binary	representation.numeric.integer_number	d97a50937148
d_both_right	moa	representation.numeric.integer_number	representation.numeric.integer_number	representation.numeric.integer_number	d9a527cdb711
d_both_right	flu how long	representation.numeric.integer_number	representation.numeric.integer_number	representation.numeric.integer_number	da2544f2df09
d_both_right	gmtOffSetMilliseconds	representation.numeric.integer_number	representation.numeric.integer_number	representation.numeric.integer_number	da3c65713a27
a_sharpen_rescued	fiftyTwoWeekLow	representation.numeric.decimal_number	geography.coordinate.latitude	representation.numeric.decimal_number	da9fca5d2e32
b_sharpen_broke	venue_localized_country_name	geography.location.country	geography.location.country	identity.person.full_name	dac45352ba6c
d_both_right	longName	representation.text.entity_name	representation.text.entity_name	representation.text.entity_name	db2d595575a4
a_sharpen_rescued	vz	representation.numeric.decimal_number	geography.coordinate.latitude	representation.numeric.decimal_number	dbdb19d7c49c
b_sharpen_broke	link_id	representation.identifier.alphanumeric_id	representation.identifier.alphanumeric_id	technology.internet.url	dca23700ac16
d_both_right	County	geography.location.region	geography.location.region	geography.location.region	dd11f722bb17
d_both_right	msg_id	representation.identifier.alphanumeric_id	representation.identifier.alphanumeric_id	representation.identifier.alphanumeric_id	dd21a04f061c
c_both_wrong	template_name	representation.identifier.alphanumeric_id	geography.index.h3	unknown	dd426feb7560
d_both_right	filesystem_outputs	representation.numeric.integer_number	representation.numeric.integer_number	representation.numeric.integer_number	dd436350c506
a_sharpen_rescued	fiftyTwoWeekLowChangePercent	representation.numeric.decimal_number	geography.coordinate.longitude	representation.numeric.decimal_number	dd632db13a46
d_both_right	date	datetime.date.iso	datetime.date.iso	datetime.date.iso	ddf38605f5e2
d_both_right	__index_level_8__	representation.numeric.decimal_number	representation.numeric.decimal_number	representation.numeric.decimal_number	ddf9e2106dd9
d_both_right	mag	representation.numeric.decimal_number	representation.numeric.decimal_number	representation.numeric.decimal_number	de46304d604a
d_both_right	year	datetime.component.year	datetime.component.year	datetime.component.year	deacced01cf1
c_both_wrong	SpeculativeGenerality_OneChildClass	representation.numeric.integer_number	representation.boolean.binary	representation.discrete.ordinal	df66653260bc
a_sharpen_rescued	Count_read	representation.numeric.integer_number	datetime.component.year	representation.numeric.integer_number	df9b92c14e84
a_sharpen_rescued	interestExpense	representation.numeric.integer_number	representation.numeric.decimal_number	representation.numeric.integer_number	dfd54eabf70b
a_sharpen_rescued	Dec	representation.numeric.decimal_number	geography.coordinate.latitude	representation.numeric.decimal_number	e01245b6a918
d_both_right	noc	representation.numeric.integer_number	representation.numeric.integer_number	representation.numeric.integer_number	e0871673e57d
d_both_right	region	geography.location.country_code	geography.location.country_code	geography.location.country_code	e0d31e014a27
d_both_right	CITY	geography.location.city	geography.location.city	geography.location.city	e0ea6b0ed53b
d_both_right	PLAYER_ID	representation.numeric.integer_number	representation.numeric.integer_number	representation.numeric.integer_number	e1445303547b
d_both_right	transition_25_lower_ci	datetime.date.iso	datetime.date.iso	datetime.date.iso	e232c434a27b
a_sharpen_rescued	Comments	representation.numeric.integer_number	representation.boolean.binary	representation.numeric.integer_number	e24108090bcb
d_both_right	esgPopulated	representation.boolean.terms	representation.boolean.terms	representation.boolean.terms	e25292d88fc8
a_sharpen_rescued	altitude	representation.numeric.integer_number	representation.identifier.numeric_code	representation.numeric.integer_number	e2695df2e762
d_both_right	city	geography.location.city	geography.location.city	geography.location.city	e2695df2e762
d_both_right	country	geography.location.country	geography.location.country	geography.location.country	e2695df2e762
a_sharpen_rescued	dst	representation.text.word	representation.boolean.initials	representation.text.word	e2695df2e762
d_both_right	iata	geography.transportation.iata_code	geography.transportation.iata_code	geography.transportation.iata_code	e2695df2e762
d_both_right	icao	geography.transportation.icao_code	geography.transportation.icao_code	geography.transportation.icao_code	e2695df2e762
d_both_right	latitude	geography.coordinate.latitude	geography.coordinate.latitude	geography.coordinate.latitude	e2695df2e762
d_both_right	longitude	geography.coordinate.longitude	geography.coordinate.longitude	geography.coordinate.longitude	e2695df2e762
c_both_wrong	name	representation.text.entity_name	geography.location.city	geography.location.city	e2695df2e762
d_both_right	type	representation.text.word	representation.text.word	representation.text.word	e2695df2e762
d_both_right	tz_database_time_zone	datetime.offset.iana	datetime.offset.iana	datetime.offset.iana	e2695df2e762
a_sharpen_rescued	utc_offset	datetime.offset.utc	identity.medical.loinc	datetime.offset.utc	e2695df2e762
d_both_right	test_date_post_injury_2	datetime.date.iso	datetime.date.iso	datetime.date.iso	e28634e3e4b8
d_both_right	Latitude	geography.coordinate.latitude	geography.coordinate.latitude	geography.coordinate.latitude	e300e2c22b63
a_sharpen_rescued	Longitude	geography.coordinate.longitude	representation.numeric.decimal_number	geography.coordinate.longitude	e300e2c22b63
a_sharpen_rescued	source_id	representation.text.word	identity.person.username	representation.text.word	e306ac27cc66
d_both_right	Provider City	geography.location.city	geography.location.city	geography.location.city	e357e74e5fa2
d_both_right	Residents Total Suspected COVID-19	representation.numeric.integer_number	representation.numeric.integer_number	representation.numeric.integer_number	e41cea2e5722
d_both_right	wfo_id	representation.identifier.alphanumeric_id	representation.identifier.alphanumeric_id	representation.identifier.alphanumeric_id	e447a890fccb
d_both_right	Parent	representation.numeric.decimal_number	representation.numeric.decimal_number	representation.numeric.decimal_number	e4c74d439e29
a_sharpen_rescued	Comments	representation.numeric.integer_number	representation.boolean.binary	representation.numeric.integer_number	e4d5906efc9d
d_both_right	entry-date	datetime.date.iso	datetime.date.iso	datetime.date.iso	e54d96d96343
d_both_right	country_code	geography.location.country_code	geography.location.country_code	geography.location.country_code	e5f784d19c67
b_sharpen_broke	episode_url_id	representation.identifier.alphanumeric_id	representation.identifier.alphanumeric_id	technology.internet.url	e6219d65bc31
d_both_right	country	geography.location.country	geography.location.country	geography.location.country	e640db186636
d_both_right	recipe_category	representation.numeric.integer_number	representation.numeric.integer_number	representation.numeric.integer_number	e755b6f66d17
d_both_right	region	geography.location.country_code	geography.location.country_code	geography.location.country_code	e79716601eec
d_both_right	Points	representation.numeric.integer_number	representation.numeric.integer_number	representation.numeric.integer_number	e7f627690429
d_both_right	totalOperatingExpenses	representation.numeric.integer_number	representation.numeric.integer_number	representation.numeric.integer_number	e8236acdc975
d_both_right	country_code	geography.location.country_code	geography.location.country_code	geography.location.country_code	e997b12a559d
d_both_right	document-url	technology.internet.url	technology.internet.url	technology.internet.url	e9a0dc7baeab
d_both_right	Year	datetime.component.year	datetime.component.year	datetime.component.year	ea634cda7a5a
c_both_wrong	confirmed	representation.numeric.integer_number	representation.boolean.binary	representation.boolean.binary	eab3a2181850
d_both_right	sample collection date	datetime.date.iso	datetime.date.iso	datetime.date.iso	eadb30842b1c
d_both_right	Year	datetime.component.year	datetime.component.year	datetime.component.year	eaed7148d241
a_sharpen_rescued	href	technology.internet.url	representation.text.plain_text	technology.internet.url	eb3328d5d206
d_both_right	transition_10_upper_ci	datetime.date.iso	datetime.date.iso	datetime.date.iso	eb78ff9e836b
d_both_right	student_id	representation.numeric.integer_number	representation.numeric.integer_number	representation.numeric.integer_number	eb8f635b56dc
d_both_right	day_label_filter	datetime.date.iso	datetime.date.iso	datetime.date.iso	ebafff2d1615
a_sharpen_rescued	exchange	representation.text.word	geography.location.country_code	representation.text.word	ec08f0733657
d_both_right	conversation_no	representation.numeric.integer_number	representation.numeric.integer_number	representation.numeric.integer_number	ed05f04ad2e7
d_both_right	prev_term_gpa	representation.numeric.decimal_number	representation.numeric.decimal_number	representation.numeric.decimal_number	ed54a351d65b
d_both_right	Year	datetime.component.year	datetime.component.year	datetime.component.year	edd41d8d992e
a_sharpen_rescued	msg_id	representation.identifier.alphanumeric_id	identity.commerce.isbn	representation.identifier.alphanumeric_id	eddb2cb1d114
c_both_wrong	deferredLongTermLiab	representation.numeric.integer_number	finance.banking.aba_routing	finance.banking.aba_routing	ee06cf6b0008
d_both_right	country_code	geography.location.country_code	geography.location.country_code	geography.location.country_code	ee0788c7023d
d_both_right	country_id	geography.location.country_code	geography.location.country_code	geography.location.country_code	ee4700db32b7
b_sharpen_broke	CitesPerYear	representation.numeric.decimal_number	representation.numeric.decimal_number	unknown	ee7d5da2a2be
d_both_right	wfo_id	representation.identifier.alphanumeric_id	representation.identifier.alphanumeric_id	representation.identifier.alphanumeric_id	ee8095a50be1
d_both_right	ISBNs	identity.commerce.isbn	identity.commerce.isbn	identity.commerce.isbn	ee9206d66ebf
d_both_right	HDPE	representation.numeric.integer_number	representation.numeric.integer_number	representation.numeric.integer_number	eea822eef28c
a_sharpen_rescued	latitude	geography.coordinate.latitude	representation.numeric.decimal_number	geography.coordinate.latitude	ef46e78178a9
a_sharpen_rescued	longitude	geography.coordinate.longitude	representation.numeric.decimal_number	geography.coordinate.longitude	ef46e78178a9
d_both_right	msg_id	representation.identifier.alphanumeric_id	representation.identifier.alphanumeric_id	representation.identifier.alphanumeric_id	ef52ea92de46
a_sharpen_rescued	exchange_country	geography.location.country_code	geography.location.region	geography.location.country_code	efcd937edb04
d_both_right	Year	datetime.component.year	datetime.component.year	datetime.component.year	f00567d9d078
d_both_right	Explanation_more	representation.text.plain_text	representation.text.plain_text	representation.text.plain_text	f14adaad76e0
a_sharpen_rescued	perm_unlink	representation.numeric.integer_number	representation.boolean.binary	representation.numeric.integer_number	f1e9931e2ae0
a_sharpen_rescued	fiftyTwoWeekLowChange	representation.numeric.decimal_number	geography.coordinate.latitude	representation.numeric.decimal_number	f2154b4e911a
c_both_wrong	TLD	technology.internet.top_level_domain	technology.internet.hostname	technology.internet.hostname	f2170bdcec79
b_sharpen_broke	Region Rank	representation.numeric.decimal_number	representation.numeric.decimal_number	representation.discrete.ordinal	f248b3600d20
d_both_right	Primary ISBN13	identity.commerce.isbn	identity.commerce.isbn	identity.commerce.isbn	f2588904ddcb
d_both_right	msg_id	representation.identifier.alphanumeric_id	representation.identifier.alphanumeric_id	representation.identifier.alphanumeric_id	f28eca287a31
d_both_right	PubYear	datetime.component.year	datetime.component.year	datetime.component.year	f2a63df7df91
d_both_right	Year	datetime.component.year	datetime.component.year	datetime.component.year	f2aa77f20034
d_both_right	accountsPayable	representation.numeric.integer_number	representation.numeric.integer_number	representation.numeric.integer_number	f2ddb1c59027
d_both_right	totalCurrentLiabilities	representation.numeric.integer_number	representation.numeric.integer_number	representation.numeric.integer_number	f2ddb1c59027
a_sharpen_rescued	exchange	representation.text.word	geography.location.country_code	representation.text.word	f32edd8ffdeb
c_both_wrong	LayerName	representation.text.plain_text	geography.transportation.unlocode	geography.transportation.unlocode	f3c6f3f0d643
a_sharpen_rescued	Lng	geography.coordinate.longitude	representation.numeric.decimal_number	geography.coordinate.longitude	f4079a5a9531
d_both_right	District 02 Estimate	representation.numeric.integer_number	representation.numeric.integer_number	representation.numeric.integer_number	f4aa40228114
d_both_right	longitude	geography.coordinate.longitude	geography.coordinate.longitude	geography.coordinate.longitude	f525a91878dd
d_both_right	year	datetime.component.year	datetime.component.year	datetime.component.year	f56a61ba8a70
d_both_right	Parent	representation.numeric.decimal_number	representation.numeric.decimal_number	representation.numeric.decimal_number	f58912e04ed7
d_both_right	Latitude	geography.coordinate.latitude	geography.coordinate.latitude	geography.coordinate.latitude	f622b84f11a9
a_sharpen_rescued	Longitude	geography.coordinate.longitude	representation.numeric.decimal_number	geography.coordinate.longitude	f622b84f11a9
d_both_right	rate_tx	representation.numeric.decimal_number	representation.numeric.decimal_number	representation.numeric.decimal_number	f636bb941d5f
b_sharpen_broke	ID	representation.numeric.integer_number	representation.numeric.integer_number	representation.identifier.increment	f63cbab6f64a
d_both_right	gbif_id	representation.numeric.integer_number	representation.numeric.integer_number	representation.numeric.integer_number	f6d81fbbc4e6
d_both_right	compensationAsOfEpochDate	datetime.epoch.unix_seconds	datetime.epoch.unix_seconds	datetime.epoch.unix_seconds	f6e308739284
a_sharpen_rescued	interestExpense	representation.numeric.integer_number	finance.currency.amount_nodecimal	representation.numeric.integer_number	f771d97f9c13
d_both_right	project_number	representation.identifier.alphanumeric_id	representation.identifier.alphanumeric_id	representation.identifier.alphanumeric_id	f787a635ac10
d_both_right	depth	representation.numeric.decimal_number	representation.numeric.decimal_number	representation.numeric.decimal_number	f78d006f0da9
d_both_right	id	representation.identifier.alphanumeric_id	representation.identifier.alphanumeric_id	representation.identifier.alphanumeric_id	f78d006f0da9
a_sharpen_rescued	latitude	geography.coordinate.latitude	geography.coordinate.longitude	geography.coordinate.latitude	f78d006f0da9
d_both_right	longitude	geography.coordinate.longitude	geography.coordinate.longitude	geography.coordinate.longitude	f78d006f0da9
b_sharpen_broke	mag	representation.numeric.decimal_number	representation.numeric.decimal_number	unknown	f78d006f0da9
a_sharpen_rescued	magType	representation.text.word	representation.file.extension	representation.text.word	f78d006f0da9
c_both_wrong	net	representation.text.word	geography.location.country_code	geography.location.country_code	f78d006f0da9
c_both_wrong	place	representation.text.plain_text	geography.address.full_address	geography.address.full_address	f78d006f0da9
c_both_wrong	status	representation.text.word	representation.text.entity_name	representation.text.entity_name	f78d006f0da9
d_both_right	time	datetime.timestamp.iso_8601_milliseconds	datetime.timestamp.iso_8601_milliseconds	datetime.timestamp.iso_8601_milliseconds	f78d006f0da9
d_both_right	updated	datetime.timestamp.iso_8601_milliseconds	datetime.timestamp.iso_8601_milliseconds	datetime.timestamp.iso_8601_milliseconds	f78d006f0da9
d_both_right	135.60	representation.numeric.decimal_number	representation.numeric.decimal_number	representation.numeric.decimal_number	f892dedb1a2c
d_both_right	Latitude	geography.coordinate.latitude	geography.coordinate.latitude	geography.coordinate.latitude	f8cb39382365
a_sharpen_rescued	Longitude	geography.coordinate.longitude	representation.numeric.decimal_number	geography.coordinate.longitude	f8cb39382365
d_both_right	countryCode	geography.location.country_code	geography.location.country_code	geography.location.country_code	f8d13d2fd31a
d_both_right	Latitude	geography.coordinate.latitude	geography.coordinate.latitude	geography.coordinate.latitude	f92341afab95
a_sharpen_rescued	Longitude	geography.coordinate.longitude	representation.numeric.decimal_number	geography.coordinate.longitude	f92341afab95
a_sharpen_rescued	exchange	representation.text.word	geography.location.country_code	representation.text.word	f9a5e4f554d4
d_both_right	time	datetime.date.iso	datetime.date.iso	datetime.date.iso	f9b855a34ffc
d_both_right	Year	datetime.component.year	datetime.component.year	datetime.component.year	f9dfd3832d90
d_both_right	TEAM_CITY	geography.location.city	geography.location.city	geography.location.city	f9e2d49851d2
d_both_right	country	geography.location.country	geography.location.country	geography.location.country	fa126bd45a6d
d_both_right	Code	representation.text.word	representation.text.word	representation.text.word	fa3880fa7db5
d_both_right	region	geography.location.country_code	geography.location.country_code	geography.location.country_code	fb462124695e
d_both_right	website	technology.internet.url	technology.internet.url	technology.internet.url	fb462124695e
d_both_right	doi_url	technology.internet.url	technology.internet.url	technology.internet.url	fb4cd8f29a6d
c_both_wrong	URL rewritten	representation.text.plain_text	representation.text.word	technology.internet.url	fbc8d1258289
a_sharpen_rescued	exchange	representation.text.word	geography.location.country_code	representation.text.word	fbcca15341ba
d_both_right	__index_level_8__	representation.numeric.decimal_number	representation.numeric.decimal_number	representation.numeric.decimal_number	fbe0e14124cb
d_both_right	Last_Date	datetime.date.iso	datetime.date.iso	datetime.date.iso	fbf3bf58e9ec
c_both_wrong	groupingname	representation.text.word	representation.text.entity_name	representation.text.entity_name	fc23924aa62c
c_both_wrong	state	representation.text.word	representation.text.entity_name	geography.location.state	fc8431616fcd
b_sharpen_broke	State ID	representation.numeric.integer_number	representation.numeric.integer_number	representation.identifier.increment	fd139fa55538
a_sharpen_rescued	id	geography.location.country_code	geography.location.region	geography.location.country_code	fd3eaa848b26
d_both_right	course_over_ground	representation.numeric.integer_number	representation.numeric.integer_number	representation.numeric.integer_number	fd5f4ae16b8c
d_both_right	last_review	datetime.date.iso	datetime.date.iso	datetime.date.iso	fe376aabf0e1
a_sharpen_rescued	Unnamed: 4	representation.text.word	identity.person.username	representation.text.word	fe6dcc80cd27
d_both_right	year	datetime.component.year	datetime.component.year	datetime.component.year	fe75cccdb6d9
d_both_right	NPPES_PROVIDER_COUNTRY	geography.location.country_code	geography.location.country_code	geography.location.country_code	fe7745a5b4a5
a_sharpen_rescued	exchange	representation.text.word	geography.location.country_code	representation.text.word	fe780b1a6eb9
c_both_wrong	continent	representation.text.word	geography.location.state_code	geography.location.state_code	fee5fe920890
a_sharpen_rescued	elevation_ft	representation.numeric.integer_number	representation.identifier.numeric_code	representation.numeric.integer_number	fee5fe920890
d_both_right	gps_code	representation.identifier.alphanumeric_id	representation.identifier.alphanumeric_id	representation.identifier.alphanumeric_id	fee5fe920890
a_sharpen_rescued	home_link	technology.internet.url	container.object.html	technology.internet.url	fee5fe920890
d_both_right	iata_code	geography.transportation.iata_code	geography.transportation.iata_code	geography.transportation.iata_code	fee5fe920890
d_both_right	iso_country	geography.location.country_code	geography.location.country_code	geography.location.country_code	fee5fe920890
d_both_right	iso_region	geography.location.region	geography.location.region	geography.location.region	fee5fe920890
d_both_right	latitude_deg	geography.coordinate.latitude	geography.coordinate.latitude	geography.coordinate.latitude	fee5fe920890
d_both_right	longitude_deg	geography.coordinate.longitude	geography.coordinate.longitude	geography.coordinate.longitude	fee5fe920890
d_both_right	municipality	geography.location.city	geography.location.city	geography.location.city	fee5fe920890
c_both_wrong	name	representation.text.entity_name	representation.text.plain_text	representation.text.plain_text	fee5fe920890
d_both_right	scheduled_service	representation.boolean.terms	representation.boolean.terms	representation.boolean.terms	fee5fe920890
c_both_wrong	type	representation.text.word	geography.location.city	geography.location.city	fee5fe920890
c_both_wrong	wikipedia_link	technology.internet.url	technology.cloud.s3_uri	technology.cloud.s3_uri	fee5fe920890
c_both_wrong	exchangeTimezoneShortName	representation.text.word	geography.location.country_code	geography.location.country_code	ff9c52eb09b2
