{
  "broad_acc": 0.8693459416863673,
  "entity_acc": 0.7735399284862932,
  "broad_report": {
    "entity": {
      "precision": 0.8178733031674208,
      "recall": 0.8617401668653158,
      "f1-score": 0.8392338943702844,
      "support": 1678.0
    },
    "format": {
      "precision": 0.7943349753694581,
      "recall": 0.80625,
      "f1-score": 0.8002481389578163,
      "support": 800.0
    },
    "temporal": {
      "precision": 0.975609756097561,
      "recall": 0.9523809523809523,
      "f1-score": 0.963855421686747,
      "support": 756.0
    },
    "numeric": {
      "precision": 0.9157967988865693,
      "recall": 0.939329050678087,
      "f1-score": 0.9274136715997181,
      "support": 1401.0
    },
    "geographic": {
      "precision": 0.8097087378640777,
      "recall": 0.8081395348837209,
      "f1-score": 0.8089233753637245,
      "support": 516.0
    },
    "text": {
      "precision": 0.9041860465116279,
      "recall": 0.8140703517587939,
      "f1-score": 0.8567650947553989,
      "support": 1194.0
    },
    "accuracy": 0.8693459416863673,
    "macro avg": {
      "precision": 0.869584936316119,
      "recall": 0.8636516760944782,
      "f1-score": 0.8660732661222816,
      "support": 6345.0
    },
    "weighted avg": {
      "precision": 0.8708998458838592,
      "recall": 0.8693459416863673,
      "f1-score": 0.8694714300160133,
      "support": 6345.0
    }
  },
  "entity_report": {
    "person": {
      "precision": 0.6937269372693727,
      "recall": 0.7094339622641509,
      "f1-score": 0.7014925373134329,
      "support": 265.0
    },
    "place": {
      "precision": 0.7751479289940828,
      "recall": 0.7915407854984894,
      "f1-score": 0.7832585949177877,
      "support": 331.0
    },
    "organization": {
      "precision": 0.570446735395189,
      "recall": 0.5665529010238908,
      "f1-score": 0.5684931506849316,
      "support": 293.0
    },
    "creative_work": {
      "precision": 0.8766066838046273,
      "recall": 0.8643852978453739,
      "f1-score": 0.8704530950861519,
      "support": 789.0
    },
    "accuracy": 0.7735399284862932,
    "macro avg": {
      "precision": 0.728982071365818,
      "recall": 0.7329782366579762,
      "f1-score": 0.730924344500576,
      "support": 1678.0
    },
    "weighted avg": {
      "precision": 0.7742521870477154,
      "recall": 0.7735399284862932,
      "f1-score": 0.7738439228125782,
      "support": 1678.0
    }
  },
  "broad_confusion": [
    [
      1446,
      57,
      4,
      20,
      81,
      70
    ],
    [
      79,
      645,
      4,
      46,
      7,
      19
    ],
    [
      11,
      8,
      720,
      12,
      0,
      5
    ],
    [
      8,
      64,
      6,
      1316,
      3,
      4
    ],
    [
      87,
      3,
      0,
      4,
      417,
      5
    ],
    [
      137,
      35,
      4,
      39,
      7,
      972
    ]
  ]
}