column_name	sample_values_truncated
Wind Direction	East│Calm│Calm│Calm│Calm│Calm│Calm│North
School Location	CHINA│California│California│California│District of Columbia│Florida│Illinois│Kentucky
County	GALVESTON│EDDY│EDDY│NELSON│NELSON│GRAND FORKS│POLK│County
2015	06/20/2015│Place,License│1,386083,Austin,Smith,Reno,NV,,│1,448867,Reilly,Fankhauser,Boulder,CO,,│2,469097,Cole,Trickel,Antelope,CA,,│2,460379,Drew,Swall,Sparks,NV,,│06/20/2015│Place,License
Buffer (Km)	Si│Si│Si
Type	OS│OS│OS│OS
Wind Direction	Calm│Calm│East│ESE│SE│ESE│ESE│ESE
TEAM_CITY	Minnesota│Minnesota│Minnesota│Minnesota│Minnesota│Minnesota│Minnesota│Minnesota
Buffer (Km)	Si│Si│Si
code	CHEAONE│CHEATWO│CHOONE│CHOTWO
location_code_filter	valga_county_EE│valga_county_EE│valga_county_EE│valga_county_EE│valga_county_EE│valga_county_EE│valga_county_EE│valga_county_EE
in	USAC│Tigers│Bikes│Tigers│NE
Road	Men│Club
interaction_type	LeftGate│RightGate│LeftGate│RightGate│LeftGate│RightGate│Pushed│LeftGate
Downtown	Pro/Cat│Pro│Health│United│United
Location	Location│2 SE SENTINEL│2 SE CORDELL│3 NW CORN│OMEGA│Location│2 WNW VAN HORNE│1 SSE CHICAGO HEIGHTS
note	 │ │ │ │ Yamadazyma farinosum│ farinosa│ │ Yamadazyma haplophilum
Wind Direction	Calm│Calm│Calm│Calm│Calm│Calm│Calm│NW
TitleOfCourtesy	Ms.│USA│Ms.│Mrs.│Mr.│UK│Mr.
Unnamed: 0	Alabama│Alaska│Arizona│Arkansas│California│Colorado│Connecticut│Delaware
name	Lascadium│lanatum
EXAMPLE_UCUM_UNITS	mV│mV│mV│mV│mV│mV│mV
TEAM_CITY	LA│LA│LA│LA│LA│LA│LA│LA
Wind Direction	ENE│ENE│East│East│East│East│SSE│South
value	Abkhazian│Achinese│Acoli│Adangme│Adyghe│Afar│Afrihili│Afrikaans
TEAM_CITY	LA│LA│LA│LA│LA│LA│LA│LA
Trial	Men
TEAM_CITY	Indiana│Indiana│Indiana│Indiana│Indiana│Indiana│Indiana│Indiana
value	Abkhazian│Achinese│Acoli│Adangme│Adyghe│Afar│Afrihili│Afrikaans
Namespace	MissionEditor2│MissionEditor2│MissionEditor2│MissionEditor2│MissionEditor2│MissionEditor2│MissionEditor2│MissionEditor2
TEAM_CITY	LA│LA│LA│LA│LA│LA│LA│LA
OrganisationLabel	South Staffordshire District Council│South Staffordshire District Council│South Staffordshire District Council│South Staffordshire District Council│South Staffordshire District Council│South Staffordshire District Council│South Staffordshire District Council│South Staffordshire District Council
toSearch	york│east knoyle│liverpool│dorset│dorset│dorset
Value	*ki-hi•(-hpa)│*hí•│*ahkihpa│*o-khi(-pa)│híi│wakhí•│kíhiʔš│*akhípha
Brundage	07/04/2010│Place,License│2,317332,Troy,Hilde,Pocatello,ID,6:33,MHF│07/04/2010│Place,License│2,0,austin,nelson,,,6:45,joyride│07/04/2010│Place,License
Namespace	JuliusSweetland.OptiKey.InstallerActions│JuliusSweetland│JuliusSweetland│JuliusSweetland
movieId	movieId│378│416│405│426│412│415│382
property_owner_addrprovince	TX│TX│TX│TX
Severe Significant	Not Significant│Not Significant│Significant│Significant│Significant
User ID	US-WEST-CA-San Francisco│US-WEST-CA-San Francisco│US-WEST-CA-San Francisco│US-WEST-CA-San Francisco│US-WEST-CA-San Francisco│US-WEST-CA-San Francisco│US-WEST-CA-San Francisco│US-WEST-CA-San Francisco
OrganisationLabel	SNH District Council│SNH District Council│SNH District Council│SNH District Council│SNH District Council│SNH District Council│SNH District Council│SNH District Council
DistConocida	Si│Si│Si│Si│Si│Si│Si│Si
created by	يوسف شريف العبدالوهاب│يوسف شريف العبدالوهاب│يوسف شريف العبدالوهاب│يوسف شريف العبدالوهاب│يوسف شريف العبدالوهاب│يوسف شريف العبدالوهاب│يوسف شريف العبدالوهاب│يوسف شريف العبدالوهاب
Active_BacVerNumber	Active_BacVerNumber│Active_BacVerNumber
interaction_type	PickedUp│RightGate│LeftGate│Pushed│RightGate│RightGate│RightGate│RightGate
EstadoDoc	Si│Si│Si│Si│Si│Si│Si│Si
property_owner_addrprovince	TX│NY│TX
interaction_type	PickedUp│RightGate│RightGate│LeftGate│RightGate│LeftGate│RightGate│RightGate
Language_ID	psi│pmv│pse│pda│pwc│pdh│pbo│la
County	County│TENSAS│EAST BATON ROUGE│CLAIBORNE│UNION│INDEPENDENCE│UNION│JEFFERSON
geo_loc_name (city)	North Kelly│Carlashire│South Sandramouth│East Yesenia│Harmonshire│West Sarahfort│Vargasburgh│New Pattyview
LOCCOORD	Mid-Block│Mid-Block│Mid-Block│Intersection│Intersection│Intersection│Intersection│Intersection
was_home	East Robertstad│Christophertown│New Tammy│New Michellehaven│Ericview│New Sergiobury│Cruzhaven│Jeremyshire
Sophomore	Sophomore│Sophomore│Sophomore│Sophomore│Sophomore│Junior│Graduate Student│Sophomore
generation.4	re_potentials│pv_roof_installed_power│SQ│SQ│SQ│SQ│SQ
Region	Latin America & Caribbean│South Asia│Sub-Saharan Africa│Europe & Central Asia│Europe & Central Asia│Middle East & North Africa│Latin America & Caribbean
jurisdiction_id	ocd-jurisdiction/country:us/state:sc/government│ocd-jurisdiction/country:us/state:sc/government│ocd-jurisdiction/country:us/state:sc/government│ocd-jurisdiction/country:us/state:sc/government│ocd-jurisdiction/country:us/state:sc/government│ocd-jurisdiction/country:us/state:sc/government│ocd-jurisdiction/country:us/state:sc/government│ocd-jurisdiction/country:us/state:sc/government
Input.word4	Criterion│Criterion│Criterion│Criterion│Criterion│Criterion│Criterion│Criterion
race_ethinicty	Asian│Asian│Asian│Asian│Asian│Asian│Asian│Asian
__index_level_1__	Criterium│Criterium│Criterium│Criterium│Criterium│Criterium│Criterium│Criterium
name	GUINEE│CONAKRY│CONAKRY│GUINEE MARITIME│BOKE│KINDIA│MOYENNE GUINEE│MAMOU
TEAM_CITY	New York│New York│New York│New York│New York│New York│New York│New York
V26	orderPres│1│2│3│4│5
ObjectB	GROUND│Mario│BLOCK│Goomba│TUBE_TOP_LEFT│Mario│GROUND│Goomba
Wind Direction	NE│ENE│NE│Calm│Calm│Calm│Calm│SE
TEAM_CITY	LA│LA│LA│LA│LA│LA│LA│LA
Wind Direction	East│ENE│SE│ESE│ESE│ESE│NNW│NNW
name	Australian Capital Territory│New South Wales│Northern Territory│Queensland│South Australia│Tasmania│Victoria│Western Australia
location_code_filter	south_bohemian_region_CZ│south_bohemian_region_CZ│south_bohemian_region_CZ│south_bohemian_region_CZ│south_bohemian_region_CZ│south_bohemian_region_CZ│south_bohemian_region_CZ│south_bohemian_region_CZ
Wind Direction	North│North│North│NNW│North│NNE│NE│NE
lucy	member│'GRAY│XD│Weiss│Cana
longName	Northern Data AG│Northern Data AG│Northern Data AG│Northern Data AG
Wind Direction	WSW│SW│SW│SW│WSW│WNW│Variable│Calm
TEAM_CITY	Milwaukee│Milwaukee│Milwaukee│Milwaukee│Milwaukee│Milwaukee│Milwaukee│Milwaukee
Wind Direction	North│Variable│NNE│Calm│Calm│Calm│Calm│Calm
County	COLUSA│MARIPOSA│SUTTER│County│MARIPOSA│SUTTER│County│COLUSA
SCNCA	Time│Pasadena,CA,0:50:14.93,The│Niguel,CA,0:52:58.93,Pinnaclife│Village,CA,0:56:08.51,│Time│(Fritz),Tomasello,Dana
Recommended Action	Critical│Critical│Average│Major│Major│Major│Major│Major
__index_level_1__	Criterium│Criterium│Criterium│Criterium│Criterium│Criterium│Criterium│Criterium
Vendor	Vendor1│Vendor1│Vendor1│Vendor1│Vendor1│Vendor1│Vendor1│Vendor1
Spring	Road│Dropouts│Sharks│Cycling│Sharks│Velosport│Cycling
Wind Direction	SW│Calm│Calm│Calm│SE│SSE│SSE│South
Type	World│Label/Separator│Development Group│Development Group│Development Group│Development Group│Development Group│Special other
TEAM_CITY	Utah│Utah│Utah│Utah│Utah│Utah│Utah│Utah
TEAM_CITY	Minnesota│Minnesota│Minnesota│Minnesota│Minnesota│Minnesota│Minnesota│Minnesota
player	HAMLET│POLONIUS│POLONIUS│POLONIUS│HAMLET│HAMLET│HAMLET│GERTRUDE
Shutdown Attribution	Local Government│Executive Government│Local Government │Local Government │Local Government│Executive Government│Local Government
RDWebAI.dll	RDWebAI.dll│RDWebAI.dll│RDWebAI.dll│RDWebAI.dll│RDWebAI.dll│RDWebAI.dll│RDWebAI.dll│RDWebAI.dll
TEAM_CITY	Indiana│Indiana│Indiana│Indiana│Indiana│Indiana│Indiana│Indiana
types	Sorcery│Creature│Creature│Sorcery│Sorcery│Instant│Instant│Creature
Method	Main│Main│Main│Main│Main│Main│Main│Main
name	Alabama│Alaska│Arizona│Arkansas│California│Colorado│Connecticut│Delaware
Place	Boston, MA│Boston, MA│Cham│Cham│Cham│Cham
property_owner_addrprovince	TX│TX│TX│TX│TX│TX│TX│TX
Wind Direction	North│Calm│Calm│Calm│Calm│East│Calm│Calm
Wind Direction	Calm│Calm│Calm│Calm│Calm│Calm│ESE│East
was_home	South Curtis│Hoffmanview│East Brianview│Warrenshire│Lauriemouth│Silvaview│Jessehaven│South Alexandra
origin_cf_job	unskilled - resident│unskilled - resident
recipient_location_state_code	NJ│00│NJ
lead_organisation_category	Governmental│Governmental│Governmental│Governmental│Governmental│Governmental│Governmental│Governmental
__index_level_1__	Cross Country│Cross Country│Cross Country│Cross Country│Cross Country│Cross Country│Cross Country│Cross Country
interest_represented	Agriculture
DL State	KY│KY│KY│FL│FL│FL│FL
ENGTYPE_1	Region│Region│Region│Region│Region│Region│Province│Region
Aa	Abacus│Abbey│Abdomen│Ability│Abolishment│Ab│Accele│Accele
a	Valley
TEAM_CITY	Memphis│Memphis│Memphis│Memphis│Memphis│Memphis│Memphis│Memphis
TEAM_CITY	Minnesota│Minnesota│Minnesota│Minnesota│Minnesota│Minnesota│Minnesota│Minnesota
dominant_object	Hand│Hand│Hand│Hand│Hand│HandToWrist│HandToWrist│Hand
Namespace	GeoUserPreferredDataLocation│GeoUserPreferredDataLocation
value	Abkhazian│Achinese│Acoli│Adangme│Adyghe│Afar│Afrihili│Afrikaans
__index_level_1__	CROSS COUNTRY│CROSS COUNTRY│CROSS COUNTRY│CROSS COUNTRY│CROSS COUNTRY│CROSS COUNTRY│CROSS COUNTRY│CROSS COUNTRY
property_owner_addrprovince	FL│FL
Ruckus	Cross│Cross
Event	Running│InputWindowOpen│KeyDown│KeyDown│KeyDown│KeyDown│KeySequenceStopped│InputWindowClosed
TEAM_CITY	Minnesota│Minnesota│Minnesota│Minnesota│Minnesota│Minnesota│Minnesota│Minnesota
interaction_type	Pushed│RightGate│LeftGate│PickedUp│RightGate│RightGate│RightGate│LeftGate
OrganisationLabel	North Norfolk District Council│North Norfolk District Council│North Norfolk District Council│North Norfolk District Council│North Norfolk District Council│North Norfolk District Council│North Norfolk District Council│North Norfolk District Council
topic_0	Business│Business│Business│Business│Business│Business│Business│Business
-.1	WARDEN
__index_level_0__	If│It's│This│deals│In│[There]│Most│Accessible
Unnamed: 0	Alabama│Alaska│Arizona│Arkansas│California│Colorado│Connecticut│Delaware
Region	Latin America & Caribbean│South Asia│Sub-Saharan Africa│Europe & Central Asia│Europe & Central Asia│Middle East & North Africa│Latin America & Caribbean
County	Clark│Clark│Clark│Humboldt│Washoe│Lyon│Clark│Pershing
OrganisationLabel	North York Moors National Park Authority│North York Moors National Park Authority│North York Moors National Park Authority│North York Moors National Park Authority
name	Radiatispora│yunnanensis
Location Ancient	Rome│Rome│Rome│Rome│Rome│Rome│Rome│Rome
Wind Direction	SE│SSE│SSE│South│South│SW│East│SE
Twilight	Criterium│Specialized│Cruz,CA,,California│Rosa,CA,,McGuire│Angeles,CA,,Major│Specialized│Giant
value	Abkhazian│Achinese│Acoli│Adangme│Adyghe│Afar│Afrihili│Afrikaans
extraction	D-POL│D-POL│D-POL│D-POL│D-POL│D-POL│D-POL│D-POL
Conditions	Clear│Clear│Clear│Clear│Clear│Clear│Clear│Scattered Clouds
location_name_filter	Attica (region), Greece│Attica (region), Greece│Attica (region), Greece│Attica (region), Greece│Attica (region), Greece│Attica (region), Greece│Attica (region), Greece│Attica (region), Greece
__index_level_29__	to│be
value	Aarabeere│Abkhazian│Achinese│Acoli│Adangme│Adyghe│Afar│Afrihili
Wind Direction	South│Calm│SSW│WSW│Calm│Calm│Calm│Calm
Unnamed: 0	Alabama│Alaska│Arizona│Arkansas│California│Colorado│Connecticut│Delaware
Wind Direction	East│ENE│Calm│Calm│NW│NW│Calm│ESE
Town / Village	Caernarfon Bay│Newport│Swansea│Caerphilly│Barry│Roath/Cardiff│A449/Llanwern/Newport│Llanfair Caereinion
name	Craigia│kwangsiensis│yunnanensis
Genre	Action│Shooter│Shooter│Action-Adventure│Misc│Shooter│Shooter│Role-Playing
interaction_type	PickedUp│RightGate│RightGate│LeftGate│RightGate│LeftGate│RightGate│LeftGate
__index_level_4__	Slim│Player│Peace:│Print│in│A-Line
groupingname	Grouping-1│Grouping-2│Grouping-3│Grouping-3│Grouping-2
REGIONE	LOMBARDIA│LOMBARDIA│LOMBARDIA│LOMBARDIA│LOMBARDIA│LOMBARDIA│LOMBARDIA│LOMBARDIA
TEAM_CITY	Los Angeles│Los Angeles│Los Angeles│Los Angeles│Los Angeles│Los Angeles│Los Angeles│Los Angeles
Wind Direction	ENE│East│East│East│SSE│ESE│Calm│NNE
code	CHEAONE│CHEATWO│CHOONE│CHOTWO
Region	Latin America & Caribbean│South Asia│Sub-Saharan Africa│Europe & Central Asia│Europe & Central Asia│Middle East & North Africa│Latin America & Caribbean
Wind Direction	SW│South│South│SSE│Calm│ENE│NNW│North
EstadoDoc	Si│Si│Si│Si│Si
Wind Direction	SW│WSW│Calm│Calm│Calm│Calm│West│Calm
interaction_type	Pushed│RightGate│PickedUp│LeftGate│RightGate│LeftGate│LeftGate│RightGate
Wind Direction	Calm│Calm│Calm│Calm│Calm│Calm│Calm│Calm
interaction_type	Pushed│PickedUp│LeftGate│RightGate│RightGate│LeftGate│LeftGate│LeftGate
Condition	Fair│Fair│Fair│Fair│Fair│Fair│Fair│Fair
Region	LA│MI│Asturias│Victoria
Wind Direction	Calm│WSW│SW│South│Calm│South│South│South
GEO.display-label	Geography│United States│North Carolina│Durham County, North Carolina│Forsyth County, North Carolina│Guilford County, North Carolina
Geographic Zone Parent Code	IND│IND│KL│TN│KL│TN
TEAM_CITY	Milwaukee│Milwaukee│Milwaukee│Milwaukee│Milwaukee│Milwaukee│Milwaukee│Milwaukee
Wind	W│WNW│NW│NNW│NW│WNW│NW│NNW
The	The│The│12│Schindler's│Pulp│Fight│Forrest│Inception
Wind Direction	Calm│Calm│Calm│Calm│NE│NE│Variable│NNW
Type	ClusterClient│ClusterClient│ClusterClient│ClusterClient│ClusterClient│ClusterClient│ClusterClient│ClusterClient
name	Ann Arbor│Back Lake│Contwoyto│Dawson City│Eskimo Point│Fort Chipewyan│Fort Churchill│Fort Simpson
__index_level_1__	Criterium│Criterium│Criterium│Criterium│Criterium│Criterium│Criterium│Criterium
Wind Direction	Calm│Calm│Calm│Calm│Calm│Calm│Calm│Calm
DL State	FL│FL│FL│FL│FL│FL│FL│MD
name	Hartleya│inopinata
Name	Demographics│Events│Places│Vulnerability
__index_level_1__	; Seasonally adjusted at annual rates                           │Quarterly data from 1947 To 2004│Bureau of Economic Analysis│Data published April 29, 2004    │File created 4/29/2004 11:00:57 AM│Line
name	Gynoisa│carolina
Publishers	Land Journal│Land Journal│Land Journal│Land Journal│Land Journal│Land Journal│Land Journal│Land Journal
Wind Direction	North│North│North│North│North│North│NNE│NNE
Wind Direction	West│WSW│West│West│WSW│West│WSW│West
TEAM_CITY	Oklahoma City│Oklahoma City│Oklahoma City│Oklahoma City│Oklahoma City│Oklahoma City│Oklahoma City│LA
OrganisationLabel	Mid Devon│Mid Devon│Mid Devon│Mid Devon│Mid Devon│Mid Devon│Mid Devon│Mid Devon
was_home	Juliaborough│West Kevinville│South Sherri│West Jason│Camachobury│Alexandrastad│Royshire│Gonzalesville
Logan	Criterium│Cyclery/JW│Valley│Linda,CA,,Paramount│Mesa,CA,,UC│Beach,CA,,Paramount│AL
Active_BacVerNumber	Active_BacVerNumber│Active_BacVerNumber
Events	Fog│Fog
country_code_filter	LT│LT│LT│LT│LT│LT│LT│LT
name	Balu shahi│Boondi│Gajar ka halwa│Ghevar│Gulab jamun│Imarti│Jalebi│Kaju katli
Events	Fog│Fog
seq_TM-tmhmm	O│O│O│O│O│O│O│O
TEAM_CITY	Oklahoma City│Oklahoma City│Oklahoma City│Oklahoma City│Oklahoma City│Oklahoma City│Oklahoma City│Oklahoma City
Genre	Action│Shooter│Shooter│Action-Adventure│Misc│Shooter│Shooter│Role-Playing
__index_level_4__	Introduction│,0,
seq_TM-tmhmm	O│O│O│O│O│O│O│O
County	White Pine│Clark│Lyon│Clark│Washoe│Clark│Carson City│Clark
__index_level_35__	GLACCOUNT
stateProvince	Eastern Highlands Province│Eastern Highlands Province│Eastern Highlands Province│Eastern Highlands Province│Eastern Highlands Province│Eastern Highlands Province│Eastern Highlands Province│Eastern Highlands Province
lgID	AL│NL│AL│NL│AL│NL│AL│NL
interaction_type	RightGate│Pushed│RightGate│RightGate│LeftGate│PickedUp│RightGate│RightGate
__index_level_1__	Criterium│Criterium│Criterium│Criterium│Criterium│Criterium│Criterium│Criterium
president	TRUMAN│TRUMAN│TRUMAN│TRUMAN│TRUMAN│TRUMAN│TRUMAN│TRUMAN
interaction_type	Pushed│RightGate│PickedUp│LeftGate│RightGate│LeftGate│LeftGate│RightGate
targetLang	lo_LA│lo_LA│lo_LA│lo_LA│lo_LA│lo_LA│lo_LA│lo_LA
ru	Добавить товар│Не могу удалить Товара комплект (ы)│Вы уверены, что хотите удалить выбранные товар? комплекты│Описание товара Комплект│Ошибка при добавлении/обновлении товара комплекта│Информация о товаре комплекта│товар│товары
__index_level_5__	in│of│for│6│as│Revealed'│By
Example	2017_H_01│Salt Lake Bay
added_by	Eliana│Eliana│Eliana │Eliana │Eliana │Eliana│Eliana│Eliana
TEAM_CITY	Memphis│Memphis│Memphis│Memphis│Memphis│Memphis│Memphis│Memphis
value	অসমীয়া│Abkhazian│Achinese│Acoli│Adangme│Adyghe│Afar│Afrihili
ordenvalido	Caudata│Caudata│Caudata│Caudata│Caudata│Caudata
Wind Direction	South│East│ENE│NNE│NE│North│East│ESE
TEAM_CITY	Oklahoma City│Oklahoma City│Oklahoma City│Oklahoma City│Oklahoma City│Oklahoma City│Oklahoma City│Oklahoma City
_address_region	Arkansas│California│Washington│Pennsylvania
value	Abkhazian│Achinese│Acoli│Adangme│Adyghe│Afar│Afrihili│Afrikaans
__index_level_29__	total)│of│of│people)
AlexMihai008	AlexMihai008│AlexMihai008│AlexMihai008│AlexMihai008│AlexMihai008│AlexMihai008│AlexMihai008│AlexMihai008
TEAM_CITY	LA│LA│LA│LA│LA│LA│LA│LA
Wind Direction	NNE│Variable│NNE│Calm│Calm│Calm│Calm│Calm
country_name_filter	Cyprus│Cyprus│Cyprus│Cyprus│Cyprus│Cyprus│Cyprus│Cyprus
country_code_filter	LV│LV│LV│LV│LV│LV│LV│LV
dc.coverage type=Country	coverage_type_country│Country│Please pick one or more countries the information product relate│select-m│copo-lookup2│countrieslist│dc.coverage│m
County	RANKIN│EAST BATON ROUGE│ST. HELENA│TANGIPAHOA│LAMAR│ST. MARY│WINSTON│LAMAR
longName	Grande Portage Resources Ltd.│Grande Portage Resources Ltd.│Grande Portage Resources Ltd.│Grande Portage Resources Ltd.
Wind	NNW│N│N│NNW│NNW│N│N│N
topic_description	WEATHER_CLIMATE│WEATHER_CLIMATE│WEATHER_CLIMATE│WEATHER_CLIMATE│WEATHER_CLIMATE│WEATHER_CLIMATE│WEATHER_CLIMATE│WEATHER_CLIMATE
PLANT	Four Corners│ALAMITOS_7│HUNTINGTON_BEACH_1-2│HUNTINGTON_BEACH_5│REDONDO_5-6│REDONDO_7-8│EL_SEGUNDO_1-2│EL_SEGUNDO_3-4
.dynamic_flags	WA│WA│WA
TEAM_CITY	San Antonio│San Antonio│San Antonio│San Antonio│San Antonio│San Antonio│San Antonio│San Antonio
Allegiances	Lannister│None│House Targaryen│House Greyjoy│Lannister│Baratheon│Night's Watch│None
__index_level_26__	But
Source	businessStandards│businessStandards│businessStandards│businessStandards│businessStandards│businessStandards│businessStandards│businessStandards
County	McCook│Pennington│Pennington│Custer│Perkins│Edmunds│Minnehaha│Edmunds
name	Abe
TEAM_CITY	San Antonio│San Antonio│San Antonio│San Antonio│San Antonio│San Antonio│San Antonio│San Antonio
dominant_object	Hand│Hand│Hand│Hand│HandToWrist│WristToElbow│Hand│HandToWrist
Wind Direction	NE│ENE│South│Calm│South│South│SSE│South
interaction_type	PickedUp│RightGate│RightGate│RightGate│RightGate│RightGate│Pushed│LeftGate
TEAM_CITY	San Antonio│San Antonio│San Antonio│San Antonio│San Antonio│San Antonio│San Antonio│San Antonio
name	Aberdeenshire│Angus│Argyll│Avon│Ayrshire│Banffshire│Bedfordshire│Berkshire
Wind Direction	NNE│NNE│North│NNE│NNE│NNE│North│North
Data provider	Land Journal│Land Journal│Land Journal│Land Journal│Land Journal│Land Journal│Land Journal│Land Journal
Wind Direction	East│Calm│SE│SSW│Calm│South│Calm│Calm
EstadoDoc	Si│Si│Si│Si│Si
Wind Direction	SSW│SSW│SW│Calm│SW│SSW│SW│SW
topic_description	MIDDLE_EAST│MIDDLE_EAST│MIDDLE_EAST│MIDDLE_EAST│MIDDLE_EAST│MIDDLE_EAST│MIDDLE_EAST│MIDDLE_EAST
Wind Direction	NNE│NE│NE│North│NNW│NNW│NNW│NW
Wind Direction	Variable│NNE│NNE│NNE│NE│NE│NE│NE
Race	Doomben│Geelong│Gawler│Doomben│Warwick Farm│Warwick Farm│Geelong│Gawler
Type	Review│Article│Meeting Abstract│Article│Article│Article│Article│Article
interaction_type	PickedUp│Pushed│RightGate│RightGate│LeftGate│RightGate│RightGate│LeftGate
value	Abkhazian│Achinese│Acoli│Adangme│Adyghe│Afar│Afrihili│Afrikaans
property_owner_addrprovince	CA│CA│CA│CA│CA
was_home	South Alexandra│Lake Lisamouth│New Teresaborough│New Johnside│Edwardbury│Fernandezchester│South Jose│West Stephanieport
Wind Direction	NNE│NNE│NE│North│NNE│North│NNW│North
are	staycation.
groupingname	Grouping-1│Grouping-2│Grouping-3│Grouping-3│Grouping-2
Events	Fog│Fog│Fog
-.1	WARDEN
value	Abkhazian│Achinese│Acoli│Adangme│Adyghe│Afar│Afrihili│Afrikaans
Wind Direction	East│East│East│East│ESE│SE│East│Calm
Provider State	NM│NM│NM│NM│NM│NM│NM│NM
country_name_filter	Cyprus│Cyprus│Cyprus│Cyprus│Cyprus│Cyprus│Cyprus│Cyprus
Method	Benchmark│Execute│Main│Exec│PerfRunData│Dispose│Dispose│Reinit
Event	Running│InputWindowOpen│KeyDown│KeySequenceStopped│KeyDown│KeyDown│KeyDown│KeySequenceStopped
name	Aberdeenshire│Angus│Argyll│Avon│Ayrshire│Banffshire│Bedfordshire│Berkshire
Wind Direction	ESE│ESE│ESE│ESE│ESE│ESE│East│East
CX	Men│the│the│Strategies/LSV
Wind Direction	SSW│SSW│SSW│SW│SSW│SSW│SW│SSW
Wind Direction	East│Calm│SE│SSW│Calm│South│Calm│Calm
Wind Direction	NNE│NNE│North│NNE│NNE│North│North│North
Tuscaloosa	Race│p/b│Cycling│&│&│Cycling│Grill
__index_level_2__	Men│Terun│Terun│Club
Department	Department
TEAM_CITY	New York│New York│New York│New York│New York│New York│New York│New York
Severe Significant	Significant│Significant│Significant│Not Significant│Significant
Aiiaa	Aiiaa│Aiiaa│Aiiaa│Aiiaa│Aiiaa│Aiiaa│Aiiaa│Aiiaa
RACE	White│White│Multi-Racial│Multi-Racial│Black/African American│Black/African American│American Indian│Asian
Events	Fog│Fog│Fog│Fog│Fog│Fog│Fog│Fog
Wind Direction	WNW│NW│NNW│NNW│Calm│SSW│SW│SSW
TEAM_CITY	Minnesota│Minnesota│Minnesota│Minnesota│Minnesota│Minnesota│Minnesota│Minnesota
Data provider	Land Journal│Land Journal│Land Journal│Land Journal│Land Journal│Land Journal│Land Journal│Land Journal
style	流行│民谣│民谣│流行│流行│摇滚│流行│流行
__index_level_1__	Road Race│Road Race│Road Race│Road Race│Road Race│Road Race│Road Race│Road Race
Wind Direction	ENE│ENE│ENE│ENE│ENE│NE│NE│NE
Events	Fog│Fog│Fog
location_code_filter	montana_province_BG│montana_province_BG│montana_province_BG│montana_province_BG│montana_province_BG│montana_province_BG│montana_province_BG│montana_province_BG
interaction_type	Pushed│PickedUp│RightGate│RightGate│RightGate│RightGate│RightGate│RightGate
__index_level_29__	total)│of│of│people)
groupingname	Grouping-1│Grouping-2│Grouping-3│Grouping-3│Grouping-2
property_owner_addrprovince	TX│TX
Input.word4	Criterion│Criterion│Criterion│Criterion│Criterion│Criterion│Criterion│Criterion
Wind	E│ESE│NNE│NNE│NE│NNE│NNE│NE
group	Design│Design│Development│Development│Development│Development│Development│Development
eye-color	eye-color│Brown│Brown│Blue│Green│Green│Brown
SCHEDULEDESCRIPTION * SCHEDULEREQUEST *	ALARMMESSAGE * ALARMREQUEST *│SEARCH WEATHER PORTLAND MAINE│GENDERNAME NAME│SRAIXFAILED│WEATHER FORECAST│WEATHER FOR SACRAMENTO│WEATHER IN *│WEATHER *
Wind Direction	Calm│Calm│ENE│Calm│Calm│ENE│East│East
Serogroup	VT10│NVT│VT7│NVT│NVT│VT13│NVT│NVT
Method	Main│Main│Main│Main│Main│Main│Main
Publishers	Land Journal│Land Journal│Land Journal│Land Journal│Land Journal│Land Journal│Land Journal│Land Journal
TEAM_CITY	San Antonio│San Antonio│San Antonio│San Antonio│San Antonio│San Antonio│San Antonio│San Antonio
Initialization	EquiRandom│RandGreedy│RandGreedy│EquiRandom│EquiRandom│RandGreedy│RandGreedy│EquiRandom
value	Abkhazian│Achinese│Acoli│Adangme│Adyghe│Afar│Afrihili│Afrikaans
Wind Direction	NNE│Variable│NNE│Calm│Calm│Calm│Calm│Calm
value	Abkhazian│Achinese│Acoli│Adangme│Adyghe│Afar│Afrihili│Afrikaans
TEAM_CITY	Golden State│Golden State│Golden State│Golden State│Golden State│Golden State│Golden State│Golden State
rarity	Common│Common│Common│Uncommon│Common│Common│Common│Common
__index_level_1__	Criterium│Criterium│Criterium│Criterium│Criterium│Criterium│Criterium│Criterium
Provider State	AZ│AZ│AZ│AZ│AZ│AZ│AZ│AZ
interaction_type	Pushed│PickedUp│RightGate│LeftGate│LeftGate│LeftGate│LeftGate│LeftGate
Wind Direction	Variable│South│SSW│West│WSW│West│Calm│Variable
Region	Alabama│Alaska│Arizona│Arkansas│California│Colorado│Connecticut│Delaware
Region	Alabama│Alaska│Arizona│Arkansas│California│Colorado│Connecticut│Delaware
value	Abkhazian│Achinese│Acoli│Adangme│Adyghe│Afar│Afrihili│Afrikaans
TEAM_CITY	Minnesota│Minnesota│Minnesota│Minnesota│Minnesota│Minnesota│Minnesota│Minnesota
Дата изменения	Дата изменения│Дата изменения
TEAM_CITY	Philadelphia│Philadelphia│Philadelphia│Philadelphia│Philadelphia│Philadelphia│Philadelphia│Philadelphia
interaction_type	PickedUp│RightGate│LeftGate│RightGate│RightGate│LeftGate│RightGate│LeftGate
If the media is associated with other sections, distinct from it's primary instance, please note them here as you did for the initial placement, with document title and text references. If there is more than one association, separate them with semicolons.	Associations
DL State	FL│FL│FL│FL│FL│FL│FL│FL
GEO.display-label	Geography│United States│North Carolina│Durham County, North Carolina│Forsyth County, North Carolina│Guilford County, North Carolina
Identity	TE│TE│TE│TE│TE│TE│TE│TE
Wind Direction	ENE│ENE│NNE│NNE│NE│NE│NE│NNE
Events	Snow│Snow│Snow│Snow│Snow│Snow│Snow
Unnamed: 4	Clydesdale│Senior
RESERVOIR ID	Reservoir1│Reservoir1│Reservoir1│Reservoir2│Reservoir2│Reservoir2│Reservoir3│Reservoir3
Events	Snow│Snow│Snow│Snow
Status	Federal state│State│State│State│State│State│State│State
TEAM_CITY	Indiana│Indiana│Indiana│Indiana│Indiana│Indiana│Indiana│Indiana
Events	Fog
SightRange	int│5500│5500│5500│7500│5000│5500│7700
SLOPE_SHAPE	LINEAR,CONCAVE│Lo│Lc│Ag
Wind Direction	ENE│NE│Calm│NNE│ENE│NE│NE│NE
TEAM_CITY	LA│LA│LA│LA│LA│LA│LA│LA
TEAM_CITY	Milwaukee│Milwaukee│Milwaukee│Milwaukee│Milwaukee│Milwaukee│Milwaukee│Milwaukee
TEAM_CITY	Minnesota│Minnesota│Minnesota│Minnesota│Minnesota│Minnesota│Minnesota│Minnesota
venue_state	CA│MD│MD│GA│MD│MD
location_code_filter	coastal_karst_statistical_region_SI│coastal_karst_statistical_region_SI│coastal_karst_statistical_region_SI│coastal_karst_statistical_region_SI│coastal_karst_statistical_region_SI│coastal_karst_statistical_region_SI│coastal_karst_statistical_region_SI│coastal_karst_statistical_region_SI
__index_level_2__	County│HONOLULU│KAUAI│HAWAII│HONOLULU│MAUI│KAUAI│HAWAII
right_Genre	Pop│Pop│Country│Electronica , Dance & Electronic│Alternative Rock│Country│Dance & Electronic , Dubstep│Dance & Electronic
Wind Direction	Calm│Calm│Calm│Calm│Calm│WSW│Calm│Calm
TEAM_CITY	LA│LA│LA│LA│LA│LA│LA│LA
Comment	 Name of the mission
TEAM_CITY	Minnesota│Minnesota│Minnesota│Minnesota│Minnesota│Minnesota│Minnesota│Minnesota
Wind Direction	West│West│West│West│West│West│SW│WSW
Unnamed: 0	Alabama│Alaska│Arizona│Arkansas│California│Colorado│Connecticut│Delaware
EstadoDoc	Si│Si│Si
Las	CAT│CAT
Provider State	AZ│AZ│AZ│AZ│AZ│AZ│AZ│AZ
__index_level_1__	Cross Country│Cross Country│Cross Country│Cross Country│Cross Country│Cross Country│Cross Country│Cross Country
workload	FACE_DETECT│FACE_DETECT│FACE_DETECT│FACE_DETECT│FACE_DETECT│FACE_DETECT│FACE_DETECT│FACE_DETECT
interaction_type	PickedUp│RightGate│RightGate│LeftGate│LeftGate│RightGate│RightGate│LeftGate
Namespace	Geo.Abstractions.Interfaces│Geo.Abstractions.Interfaces│Geo.Abstractions.Interfaces│Geo.Abstractions.Interfaces│Geo│Geo│Geo│Geo
User ID	US-WEST-CA-San Francisco│US-WEST-CA-San Francisco│US-WEST-CA-San Francisco│US-WEST-CA-San Francisco│US-WEST-CA-San Francisco│US-WEST-CA-San Francisco│US-WEST-CA-San Francisco│US-WEST-CA-San Francisco
Wind Direction	North│NNE│NNE│NE│North│North│North│Variable
region	South West│South East│South West│East│North West│North West│North West│Yorkshire and The Humber
TEAM_CITY	Minnesota│Minnesota│Minnesota│Minnesota│Minnesota│Minnesota│Minnesota│Minnesota
recommends	Doesn't Recommend│Recommends│Recommends│Neutral Outlook│Recommends│Doesn't Recommend│Recommends
venue_state	NC│GA│GA
Buffer (Km)	Si│Si│Si│Si│Si│Si│Si│Si
TE_ICM	TE│TE│TE│TE│TE│TE│TE│TE
name	Phaiocalanthe│acaulis│alba│biflora│lyckholmii│brasiliensis│lainezii│lyckholmii
Wind Direction	North│NE│ENE│ENE│NE│North│North│NNE
JP Descr Str	ヴァイスが愛用する両方の手に持つ、二刀流の剣だ。\n遠くの敵には、カマイタチで攻撃できるぞ!!│ヴァイスの武器。両手に持つ。\n│屈強な空の男たちが魚をさばくのにも使う、切れ味が\n抜群のカトラスだ。これでさばいた魚は美味いぞ。│某帝国軍で開発された、雷の力を秘めたカトラスだ。\nこれさえあれば、どんな敵もイチコロだぞ!!
Bobby	Men
TEAM_CITY	Oklahoma City│Oklahoma City│Oklahoma City│Oklahoma City│Oklahoma City│Oklahoma City│Oklahoma City│Oklahoma City
name	신화│전설│서사│신화│전설│서사│경이│신화
County	Adair│Adams│Allamakee│Appanoose│Audubon│Benton│Black Hawk│Boone
Wind Direction	South│Calm│Calm│Calm│SW│SW│SW│SW
TEAM_CITY	LA│LA│LA│LA│LA│LA│LA│LA
Language_ID	psi│pch│pmv│pse│ca│cr│hi│hi
TEAM_CITY	Chicago│Chicago│Chicago│Chicago│Chicago│Chicago│Chicago│LA
__index_level_988__	growth,│mainland’s
photography	forward│in
V26	orderPres│1│2│3│4│5
SHOT_ZONE_BASIC	Restricted Area│Restricted Area│Mid-Range
TEAM_CITY	New York│New York│New York│New York│New York│New York│New York│New York
IL	IL│IL│IL│IL
County	ST. MARTIN│EAST BATON ROUGE│RUTHERFORD│PEARL RIVER│WAYNE│County│ST. MARTIN│EAST BATON ROUGE
-.1	from│Archers│BARBARIAN│BARBARIANS
TEAM_CITY	Indiana│Indiana│Indiana│Indiana│Indiana│Indiana│Indiana│Indiana
property_owner_addrprovince	TX│TX│TX│TX
LenderState	VA│VA│VA│VA│VA│VA│VA│VA
deal_status	Completed│Completed│Completed│Completed│Completed│Completed│Completed│Pending
NY	NY│NY│NY│NY│NY│NY│NY│NY
property_owner_addrprovince	TX│CT│CT│TX│TX│CT│TX
Wind Direction	Calm│Calm│East│East│SSE│East│East│ESE
Wind Direction	SW│SW│WSW│SW│SW│SW│SW│SW
Wind Direction	NNE│NNE│NNE│NNE│NNE│North│North│NNE
region_id	north│north│north│north│north│north│middle│middle
Wind Direction	East│ESE│Calm│Calm│Calm│SSW│Calm│Calm
Wind Direction	Calm│Calm│NNW│Calm│Calm│Calm│Calm│Calm
name	San José│Escazú│Desamparados│Puriscal│Tarrazu│Aserri│Mora│Goicoechea
__index_level_1__	Cross Country│Cross Country│Cross Country│Cross Country│Cross Country│Cross Country│Cross Country│Cross Country
name	Dokmaia│monthadangi│monthadangii
name	Aberdeenshire│Angus│Argyll│Avon│Ayrshire│Banffshire│Bedfordshire│Berkshire
STD-L2	Whitley│Huntington│Noble│Adams│Adams│Allen│Allen│Allen
Categories	Quality│Material│Environment│Environment│Process│Quality│Material│Material
and	where│for│of│war
name	Australian Capital Territory│New South Wales│Northern Territory│Queensland│South Australia│Tasmania│Victoria│Western Australia
SiteName	J E C DITCH│KOCH SPRINKLER IRRIGATION SYSTEM│ENL. WINSOR DITCH│SOFT SNAP DITCH│HOLDER DITCH│LYNN DITCH│DAVIDSON DITCH│SPIRIT MOUNTAIN POWERPLANT ENLARGEMENT OF Buffalo Bill Power Pla
__index_level_6__	C│C│C│C│C│C│C│C
folder_owner_addrprovince	TX│TX│TX│HI│HI│TX│TX
Wind	SSW│WSW│SW│SSW│SW│WSW│SSW│VAR
aggregate	county│county│county│county│county│county│county│county
geoextent	National│National│Local│National│National│Local
TEAM_CITY	Los Angeles│Los Angeles│Los Angeles│Los Angeles│Los Angeles│Los Angeles│Los Angeles│Los Angeles
__index_level_4__	Introduction│,0,
nombreProducto	Tapa bocas con diseño│Tapa bocas con diseño│Tapa bocas con diseño│Tapa bocas con diseño│Tapa bocas con diseño│Tapa bocas con diseño│Tapa bocas con diseño
DL State	FL│FL│FL│FL
Wind Direction	NNE│NNE│NNE│NNE│NNE│NNE│ENE│NE
citation_micro	Sydowia 3: 245 (1949)│Sydowia 3: (1949)
unsettling_description	TODO│TODO│TODO│TODO│TODO│TODO│TODO│TODO
interaction_type	PickedUp│LeftGate│LeftGate│LeftGate│LeftGate│LeftGate│RightGate│RightGate
groupingname	Grouping-1│Grouping-2│Grouping-3│Grouping-3│Grouping-2
35	 a chicken curry with very dry and tasted a bit funny│35│35│35│35│35│35
Wind	NNW│NNW│NW│WNW│SW│NW│NNW│NW
__index_level_2__	County│BRISTOL│WASHINGTON│WASHINGTON│KENT│KENT│PROVIDENCE│PROVIDENCE
Wind Direction	West│ESE│Calm│Calm│NE│East│East│East
Namespace	GlossaryManager│GlossaryManager│GlossaryManager│GlossaryManager│GlossaryManager│GlossaryManager│GlossaryManager│GlossaryManager
ordenvalido	Caryophyllales│Caryophyllales│Caryophyllales│Caryophyllales│Caryophyllales
label	Abdomen│ActiveActionStatus│ActiveNotRecruiting│AerobicActivity│AlbumRelease│AllWheelDriveConfiguration│AnaerobicActivity│Anesthesia
code	CHEAONE│CHEATWO│CHOONE│CHOTWO
groupingname	Grouping-1│Grouping-2│Grouping-3│Grouping-3│Grouping-2
XY_SOURCE	County Batch│County Batch│County Batch│County Batch│County Batch│County Batch│County Map
Wind Direction	West│WSW│West│West│West│WSW│WSW│West
note	 │ │ │ glenodintana│ Pseudolpidiella glenodiniana│ 
topic_description	AIR_POLLUTION│AIR_POLLUTION│AIR_POLLUTION│AIR_POLLUTION│AIR_POLLUTION│AIR_POLLUTION│AIR_POLLUTION│AIR_POLLUTION
Downtown	Criterium│Sickle,Sacramento,CA,,Rocknasium│Oaks,CA,,│Plus│Fargo
Unnamed: 0	Alabama│Alaska│Arizona│Arkansas│California│Colorado│Connecticut│Delaware
topic_description	HOBBIES_AND_CRAFTS│HOBBIES_AND_CRAFTS│HOBBIES_AND_CRAFTS│HOBBIES_AND_CRAFTS│HOBBIES_AND_CRAFTS│HOBBIES_AND_CRAFTS│HOBBIES_AND_CRAFTS│HOBBIES_AND_CRAFTS
Cognome	Coppi│Benvenuto│Conti│Baroffio│Pompi│Gallo│Ceffa│Billia
Provider State	DC│DC│DC│DC│DC│DC│DC│DC
Unnamed: 0	Alabama│Alaska│Arizona│Arkansas│California│Colorado│Connecticut│Delaware
Wind Direction	NW│NW│WNW│NW│NW│NW│NW│NW
Wind Direction	Variable│Variable│Calm│North│Calm│Calm│Calm│North
FIELD.1	EDWARD
Steward	geo│geo│geo
Cyclocross	Men│Granola/Keystone│Doctor│Club│Velo
OrganisationLabel	Wiltshire Council│Wiltshire Council│Wiltshire Council│Wiltshire Council│Wiltshire Council│Wiltshire Council│Wiltshire Council│Wiltshire Council
external_identifier_value	ocd-division/country:us/state:wv/county:barbour│ocd-division/country:us/state:wv/county:berkeley│ocd-division/country:us/state:wv/county:boone│ocd-division/country:us/state:wv/county:braxton│ocd-division/country:us/state:wv/county:brooke│ocd-division/country:us/state:wv/county:cabell│ocd-division/country:us/state:wv/county:calhoun│ocd-division/country:us/state:wv/county:clay
Events	Fog│Fog│Fog│Fog│Fog│Fog│Fog
cat3	GandT│GandT│Marketing│Construction│Finance│Statewide│Distribution│Distribution
Source	Website│Website
property_owner_addrprovince	MA│MA│MA│MA
Designer	ASSEMBLY\UVLO_MODULE_PCB│in│No
probablelocnodecampo	SI│SI│SI
OrganisationLabel	Forest of Dean District Council│Forest of Dean District Council│Forest of Dean District Council│Forest of Dean District Council│Forest of Dean District Council│Forest of Dean District Council│Forest of Dean District Council│Forest of Dean District Council
Related concepts	land use planning;urban planning;sustainable land management;urb│food security│land use planning;land use;urban planning;sustainable land manag│food security;agriculture│land;research│urbanization│land;research│land;research
region_name_filter	Savinja Statistical Region│Savinja Statistical Region│Savinja Statistical Region│Savinja Statistical Region│Savinja Statistical Region│Savinja Statistical Region│Savinja Statistical Region│Savinja Statistical Region
County	County│BARTHOLOMEW│JENNINGS│WAYNE│OTTAWA│LUCAS│SANDUSKY│ERIE
CA	CA│CA│CA│CA│CA│CA│CA│CA
country_code_filter	LT│LT│LT│LT│LT│LT│LT│LT
Input.word2	Wallet│Wallet│Wallet│Wallet│Wallet│Wallet│Wallet│Wallet
interaction_type	PickedUp│RightGate│RightGate│LeftGate│RightGate│LeftGate│RightGate│RightGate
Hills	ROAD│Mike's│Giant/│Heights,CA,,Team│Francisco,CA,,Squadra│Cyclisme│Pro
__index_level_30__	border│in│was│has│wiping│worry│is
lgID	AL│NL│AL│NL│AL│NL│AL│NL
Events	Fog
Wind Direction	NNE│NNE│North│NNE│NNE│NNE│North│North
topic_description	CRIME│CRIME│CRIME│CRIME│CRIME│CRIME│CRIME│CRIME
TEAM_CITY	Philadelphia│Philadelphia│Philadelphia│Philadelphia│Philadelphia│Philadelphia│Philadelphia│Philadelphia
Wind Direction	West│West│WSW│West│WNW│WNW│West│West
Events	Rain-Thunderstorm│Rain-Thunderstorm│Rain│Rain│Fog│Fog
Wind Direction	ENE│ENE│ENE│ENE│ENE│ENE│NE│ENE
Status	Operational│Operational│Operational│Operational│Operational│Operational│Operational│Operational
Unnamed: 0	Alabama│Alaska│Arizona│Arkansas│California│Colorado│Connecticut│Delaware
Wind Direction	North│North│Variable│Variable│North│Variable│Variable│NNE
Region	Latin America & Caribbean│South Asia│Sub-Saharan Africa│Europe & Central Asia│Europe & Central Asia│Middle East & North Africa│Latin America & Caribbean
external_identifier_value	ocd-division/country:us/state:hi/county:hawaii│ocd-division/country:us/state:hi/county:hawaii│ocd-division/country:us/state:hi/county:honolulu│ocd-division/country:us/state:hi/county:hawaii│ocd-division/country:us/state:hi/county:maui│ocd-division/country:us/state:hi/county:maui│ocd-division/country:us/state:hi/county:kauai│ocd-division/country:us/state:hi/county:hawaii
TEAM_CITY	Minnesota│Minnesota│Minnesota│Minnesota│Minnesota│Minnesota│Minnesota│Minnesota
OH/CA	OH/CA│OH/CA│OH/CA│OH/CA
S3	GLAccountCode
category	Community│Community│Community│Community│Community│Household│Household│Household
Wind Direction	ENE│ENE│East│East│ENE│East│East│East
-.1	from│Archers│BARBARIAN│BARBARIANS│ARCHERS│ARCHERS│BARBARIANS
name	Australian Capital Territory│New South Wales│Northern Territory│Queensland│South Australia│Tasmania│Victoria│Western Australia
TEAM_CITY	Memphis│Memphis│Memphis│Memphis│Memphis│Memphis│Memphis│Memphis
TEAM_CITY	LA│LA│LA│LA│LA│LA│LA│LA
Wind Direction	ESE│Calm│Calm│Calm│Calm│Calm│Calm│Calm
__index_level_1__	Criterium│Criterium│Criterium│Criterium│Criterium│Criterium│Criterium│Criterium
Region	Baden-Wurttemberg│Bavaria│Berlin│Brandenburg│Bremen│Dolnośląskie│Germany│Hamburg
Playlistname	West and North IAP TV│West and North IAP TV│West and North IAP TV│West and North IAP TV│West and North IAP TV│West and North IAP TV│West and North IAP TV│West and North IAP TV
TEAM_CITY	Golden State│Golden State│Golden State│Golden State│Golden State│Golden State│Golden State│Golden State
OTimeModel	OTimeModel│OTimeModel│OTimeModel│OTimeModel│OTimeModel│OTimeModel│OTimeModel│OTimeModel
TEAM_CITY	Washington│Washington│Washington│Washington│Washington│Washington│Washington│Washington
Events	Snow│Snow
OrganisationLabel	SNH District Council│SNH District Council│SNH District Council│SNH District Council│SNH District Council│SNH District Council│SNH District Council│SNH District Council
__index_level_25__	a│(a3)│that
Mary	D│Park
Region	Latin America & Caribbean│South Asia│Sub-Saharan Africa│Europe & Central Asia│Europe & Central Asia│Middle East & North Africa│Latin America & Caribbean
Wind Direction	Calm│Calm│South│SW│WSW│WSW│WSW│WSW
Language_ID	psi│pma│pmv│ma│pda│pdh│la│la
Unnamed: 0	Alabama│Alaska│Arizona│Arkansas│California│Colorado│Connecticut│Delaware
NMSPC_CD	KC-IDM│KC-IDM│KC-IDM│KC-IDM│KC-IDM│KC-IDM│KC-IDM│KC-IDM
TEAM_CITY	Minnesota│Minnesota│Minnesota│Minnesota│Minnesota│Minnesota│Minnesota│Sacramento
County	DUVAL│County│DUVAL│CALDWELL│TALLAPOOSA│ELMORE│CADDO│CADDO
payment_type	Cash│Cash│Cash│Cash│Cash│Cash│Cash│Cash
OrganisationLabel	Adur District Council│Adur District Council│Adur District Council│Adur District Council│Adur District Council│Adur District Council│Adur District Council│Adur District Council
County	County│MONTGOMERY│SCOTT│LEAKE│LEAKE│NESHOBA│WINSTON│BRAZOS
Component	Core│Core│Core│Core│Core│Core│Core│Core
LA	LA│LA│LA│LA│FL│LA│LA│FL
Old.GPO	U.S.│Ala.│Alaska│Ariz.│Ark.│Calif.│Colo.│Conn.
ActivityMediaName	Water│sampleMediaStewards│Water│Water│Water│Water│Water│sampleMediaNwis
BonusIcon	Boost│Gold│Gold│Gold│Gold│Gold│Gold│Gold
ordenvalido	Caryophyllales│Caryophyllales│Caryophyllales│Caryophyllales│Caryophyllales│Caryophyllales
TEAM_CITY	Indiana│Indiana│Indiana│Indiana│Indiana│Indiana│Indiana│Indiana
value	Afuganisitani│Afurika y’Epfo│Åland Islands│Alijeriya│Alubaniya│Amazinga y’Isugi y’Abanyamerika│Amazinga ya Filipine│Amazinga ya Mariyana ryo mu majaruguru
county	ADAMS│ALAMOSA│ARAPAHOE│ARCHULETA│BACA│BENT│BOULDER│BROOMFIELD
topic_description	FAMILY_FINANCE│FAMILY_FINANCE│FAMILY_FINANCE│FAMILY_FINANCE│FAMILY_FINANCE│FAMILY_FINANCE│FAMILY_FINANCE│FAMILY_FINANCE
value	Abkhazian│Achinese│Acoli│Adangme│Adyghe│Afar│Afrihili│Afrikaans
Wind Direction	SW│SW│SW│SW│SW│SW│SW
location_code_filter	cavan_IE│cavan_IE│cavan_IE│cavan_IE│cavan_IE│cavan_IE│cavan_IE│cavan_IE
Fatality Significant	Significant│Significant│Significant│Significant│Significant│Significant│Not Significant
especievalida	Mammillaria lanata│Mammillaria lanata│Mammillaria lanata│Mammillaria lanata│Mammillaria lanata│Mammillaria lanata│Mammillaria lanata│Mammillaria lanata
Wind Direction	SSW│SW│SW│SW│SW│SW│SSW│SSW
__index_level_1__	Criterium│Criterium│Criterium│Criterium│Criterium│Criterium│Criterium│Criterium
FAO2050_reg	World│World│World│World│World│World│World│World
Provider State	AK│AK│AK│AK│AK│AK│AK│AK
Unnamed: 0	Alabama│Alaska│Arizona│Arkansas│California│Colorado│Connecticut│Delaware
Удалено	Удалено│Удалено
County	Clackamas│Yamhill│Marion│Multnomah│Clackamas│Washington│Columbia│Marion
TEAM_CITY	Oklahoma City│Oklahoma City│Oklahoma City│Oklahoma City│Oklahoma City│Oklahoma City│Oklahoma City│Oklahoma City
55	Road│Falls,ID,2:28:51.45,I.C.O│Road
country_name_filter	Greece│Greece│Greece│Greece│Greece│Greece│Greece│Greece
Language_ID	psi│pch│pmv│cr│hi│hi│pda│pwc
Region	Latin America & Caribbean│South Asia│Sub-Saharan Africa│Europe & Central Asia│Europe & Central Asia
townNameLevel.2	Town│Kingdom
Type	KTAS-CONTACT│KTAS-CONTACT│KTAS-CONTACT│KTAS-CONTACT│KTAS-CONTACT│KTAS-CONTACT│KTAS-CONTACT│KTAS-CONTACT
Namespace	ScadaDoc│ScadaDoc│ScadaDoc
TEAM_CITY	New Orleans│New Orleans│New Orleans│New Orleans│New Orleans│New Orleans│New Orleans│New Orleans
TEAM_CITY	Brooklyn│Brooklyn│Brooklyn│Brooklyn│Brooklyn│Brooklyn│Brooklyn│Brooklyn
Sophistication	Novice│Practitioner│Expert│Novice│Practitioner│Expert│Novice│Practitioner
Steward	geo│geo│geo
ordenvalido	Caryophyllales│Caryophyllales│Caryophyllales│Caryophyllales│Caryophyllales│Caryophyllales│Caryophyllales│Caryophyllales
name	Selbya│montana
topic_description	FAMILY_FINANCE│FAMILY_FINANCE│FAMILY_FINANCE│FAMILY_FINANCE│FAMILY_FINANCE│FAMILY_FINANCE│FAMILY_FINANCE│FAMILY_FINANCE
Method	Main│Main│Main│Main│Main│Main│Main│Main
interaction_type	PickedUp│Pushed│LeftGate│LeftGate│PickedUp│LeftGate│LeftGate│RightGate
Q94	What is your gender?│2│1│1│2│1│1
Wind Direction	NNE│North│NNE│NNE│Calm│NNE│NNE│NNE
Town	crit│Cycling│Luis│Plus/PureRed│Cycling│Francisco,CA,,Metromint
__index_level_2__	County│BRISTOL│WASHINGTON│WASHINGTON│KENT│KENT│PROVIDENCE│PROVIDENCE
OrganisationLabel	Hart District Council│Hart District Council│Hart District Council│Hart District Council│Hart District Council│Hart District Council│Hart District Council│Hart District Council
__index_level_2__	Country│/│WHEEL│SHOP
Events	Snow│Snow│Snow
TEAM_CITY	LA│LA│LA│LA│LA│LA│LA│LA
word	Drum│Nose│Anchor│Shoulder│Spirit│Book│Kick│Boss
|	Slumber│Prisoners│The│Business│Ocean│The│Henchman│Rainy
Wind Direction	SSW│SW│SW│WSW│WSW│Calm│Calm│Calm
name	Wild-Capture Fisheries│Aquaculture│Wild-Capture Salmon│First Nations Resource Access Opportunities│Carbon Storage│Coastal Protection│Tourism & Recreation│First Nations Livelihoods
__index_level_1__	Cross Country│Cross Country│Cross Country│Cross Country│Cross Country│Cross Country│Cross Country│Cross Country
__index_level_2__	County│BRISTOL│WASHINGTON│WASHINGTON│WASHINGTON│KENT│KENT│PROVIDENCE
groupingname	Grouping-1│Grouping-2│Grouping-3│Grouping-3│Grouping-2
Wind Direction	ESE│South│South│SW│SW│SSW│SSW│SW
venue_state	CA│TX│TX│TX
name	Plectosira│adeana│adeneana
ordenvalido	Caryophyllales│Caryophyllales│Caryophyllales│Caryophyllales
TEAM_CITY	Orlando│Orlando│Orlando│Orlando│Orlando│Orlando│Minnesota│Minnesota
Wind Direction	SSW│South│SSW│SW│WSW│Calm│Calm│Calm
Implementation smell	Complex Method│Complex Method│Complex Method│Complex Method│Complex Method│Complex Method│Long Parameter List│Long Parameter List
value	Afuganisitani│Afurika y’Epfo│Åland Islands│Alijeriya│Alubaniya│Amazinga y’Isugi y’Abanyamerika│Amazinga ya Filipine│Amazinga ya Mariyana ryo mu majaruguru
place	Alabama│Alaska│Arizona│California│Colorado│Connecticut│Delaware│District of Columbia
coll_shortname	Wildfires_NWT_Canada_2018_1703│Wildfires_NWT_Canada_2018_1703│Wildfires_NWT_Canada_2018_1703│Wildfires_NWT_Canada_2018_1703│Wildfires_NWT_Canada_2018_1703│Wildfires_NWT_Canada_2018_1703
Provider State	VT│VT│VT│VT│VT│VT│VT│VT
School Location	CANADA│CANADA│Illinois│Maryland│New Mexico│New York│New York│New York
name	Guamatela│tuerckheimii│mariannae│muricatus│palustris│squamosus
OrganisationLabel	Stratford-On-Avon District Council│Stratford-On-Avon District Council│Stratford-On-Avon District Council│Stratford-On-Avon District Council│Stratford-On-Avon District Council│Stratford-On-Avon District Council│Stratford-On-Avon District Council│Stratford-On-Avon District Council
Namespace	Gallio.Host│Gallio.Host│Gallio.Host│Gallio.Host
interaction_type	Pushed│LeftGate│RightGate│LeftGate│PickedUp│LeftGate│LeftGate│LeftGate
external_identifier_value	ocd-division/country:us/state:md/county:allegany│ocd-division/country:us/state:md/county:anne_arundel│ocd-division/country:us/state:md/county:baltimore│ocd-division/country:us/state:md/county:calvert│ocd-division/country:us/state:md/county:caroline│ocd-division/country:us/state:md/county:carroll│ocd-division/country:us/state:md/county:cecil│ocd-division/country:us/state:md/county:charles
Wind Direction	NW│North│NNE│Calm│NNW│NW│WNW│WNW
TEAM_CITY	Brooklyn│Brooklyn│Brooklyn│Brooklyn│Brooklyn│Brooklyn│Brooklyn│Brooklyn
vnm	:│Bánh kem│Ninja !│Những quân bài ma thuật│Các hình khối│Thẻ cào│Bong bóng màu│Bong bóng có chân dung
East Lisa	Yolandafurt│Angelaview│Rodriguezport│North Maxstad│New Robert│Lake Johnton│Port Robert│Lake Danielleshire
interaction_type	PickedUp│RightGate│PickedUp│RightGate│RightGate│RightGate│RightGate│LeftGate
StateCode	VA│DC│VA
S3	GLAccountCode
Wind Direction	South│East│ENE│NNE│NE│North│East│ESE
interaction_type	RightGate│LeftGate│LeftGate│RightGate│LeftGate│LeftGate│RightGate│LeftGate
BarrierID	Sink│14│18│23│19│24│6│20
region_name_filter	Basse-Normandie│Basse-Normandie│Basse-Normandie│Basse-Normandie│Basse-Normandie│Basse-Normandie│Basse-Normandie│Basse-Normandie
Race	Men│Cycling│Cycling│Men│Divide│Divide
__index_level_19__	from│in
학과	영어영문학과│전기전자공학│건축학과│영어영문학전공
Wind Direction	SE│SSE│SE│SSE│South│SSW│SW│SSW
__index_level_93__	east│Wall│The│Commodity
venue_state	ON│GA│ON│CA│ON
domain	TS│TS│TS│TS│TS│TS│TS│TS
Wind	NNW│NNW│NNW│NNW│NNW│NNW│NNW│NNW
name	Aberdeenshire│Angus│Argyll│Avon│Ayrshire│Banffshire│Bedfordshire│Berkshire
name	Vancouveria│brevicula│chrysantha│concolor│crispa│hexandra│parviflora│parvifolia
Status	Operational│Operational│Operational│Operational│Operational│Operational│Operational│Operational
Recommended Action	Clear│Major│Average│Major│Major│Clear│Average│Major
Wind Direction	SSE│SSE│SSE│South│SSE│SSE│South│South
recommends	Doesn't Recommend│Recommends│Recommends│Neutral Outlook│Recommends│Doesn't Recommend│Recommends
pikk_mudel	Auris│Auris│Auris│Auris│Auris│Auris Touring Sports
interaction_type	PickedUp│LeftGate│RightGate│LeftGate│RightGate│LeftGate│RightGate│Pushed
Language_ID	psi│pch│pmv│cr│hi│ma│pda│pwc
Wind Direction	NNE│Calm│NE│NNW│NNE│NE│NE│East
location	HK│HK│HK│HK
Wind Direction	SE│SSE│Calm│SE│Calm│Calm│Calm│Calm
shortName	DEUTSCHE WOHNEN SE│DEUTSCHE WOHNEN SE│DEUTSCHE WOHNEN SE│DEUTSCHE WOHNEN SE
TEAM_CITY	Charlotte│Charlotte│Charlotte│Charlotte│Charlotte│Charlotte│Charlotte│Charlotte
Gui	Block│Block│Block│Block│Block│Block│Block│Block
County	District Of Columbia│District Of Columbia│District Of Columbia│District Of Columbia│District Of Columbia│District Of Columbia│District Of Columbia│District Of Columbia
COUNTY	Limestone│Denton│Wilbarger│Wheeler│Polk│Lavaca│Harris│Gillespie
Wind Direction	SW│SW│SSW│SW│SSW│SW│SW│WSW
COUNTY	Dallas│Dallas│Madison│Jefferson│Collin│Kleberg│Falls│Limestone
Расчётный адрес - улица	Расчётный адрес - улица│Расчётный адрес - улица
__index_level_2__	Mixed
site	oregonYP│oregonYP│oregonYP│oregonYP│oregonYP│oregonYP│oregonYP│oregonYP
__index_level_132__	over│the│sunlight.The│8│did│Somalia
Wind Direction	NNE│NNE│North│NNE│NNE│NNE│North│North
Location	2 ENE GARDENDALE│2 S ELYSIAN│2 SSW LYTLE│3 NNW DEVINE│2 ESE LACOSTE│UNIONTOWN│Location│5 E TULSA
Unnamed: 0	Alabama│Alaska│Arizona│Arkansas│California│Colorado│Connecticut│Delaware
Language_ID	psi│pmv│hi│hi│ma│ma│ma│pda
Wind Direction	WNW│NNW│NNW│SSW│East│ESE│ESE│Calm
name	Argelasia│corsica│scorpius
action	in│other.|大阪府│World│39│employed│for│and│prefecture.|The
Events	Rain│Rain│Fog
Provider State	WY│WY│WY│WY│WY│WY│WY│WY
Wind Direction	Calm│NE│ENE│Calm│ENE│East│Calm│Calm
Notes	Link to site on a map│Link to site on a map│Link to site on a map│Link to site on a map│Link to site on a map│Link to site on a map│Link to site on a map│Link to site on a map
TEAM_CITY	Cleveland│Cleveland│Cleveland│Cleveland│Cleveland│Cleveland│Cleveland│Cleveland
DistConocida	Si│Si│Si
name	Alabama│Alaska│Arizona│Arkansas│California│Colorado│Connecticut│Delaware
venue_state	GA│GA│CA
GEO.display-label	Geography│United States│North Carolina│Alamance County, North Carolina│Brunswick County, North Carolina│Buncombe County, North Carolina│Burke County, North Carolina│Cabarrus County, North Carolina
name	Esclerona│montana
academically	Cross│white,
academically	Cross│white,
groupingname	Grouping-1│Grouping-2│Grouping-3│Grouping-3│Grouping-2
Wreck	"Valley│Oregon”"""
Acronym	ADMARE│AIRARE│ACHBRT│ACHARE│BCNCAR│BCNISD│BCNLAT│BCNSAW
interaction_type	PickedUp│RightGate│RightGate│RightGate│RightGate│LeftGate│LeftGate│RightGate
interaction_type	PickedUp│Pushed│PickedUp│RightGate│RightGate│LeftGate│RightGate│RightGate
WheelWorks	Cyclo-cross│Valley│Valley,NY,,Buffalo│Catherines│Hub│Valley│Valley,NY,,Unattached
PROV	ON│ON
User ID	US-WEST-CA-San Francisco│US-WEST-CA-San Francisco│US-WEST-CA-San Francisco│US-WEST-CA-San Francisco│US-WEST-CA-San Francisco│US-WEST-CA-San Francisco│US-WEST-CA-San Francisco│US-WEST-CA-San Francisco
Steward	geo│geo│geo
Wind Direction	WSW│West│WSW│West│West│WNW│WNW│WNW
full	Alabama│Alaska│Arizona│Arkansas│California│Colorado│Connecticut│Delaware
TEAM_CITY	Minnesota│Minnesota│Minnesota│Minnesota│Minnesota│Minnesota│Minnesota│Minnesota
1	10.5B│10.56B│58.02│16.27│1.11│4.00│3.05│4.02
Y	Y's│Ys│Y│Y│Y│Y│Y│Y-
Wind Direction	WSW│SW│SW│SW│WSW│WNW│Variable│Calm
Events	Fog│Fog│Fog
-.1	from│Archers│BARBARIAN│BARBARIANS│ARCHERS│ARCHERS│BARBARIANS
interaction_type	Pushed│PickedUp│RightGate│RightGate│RightGate│LeftGate│RightGate│RightGate
Journal Title	ABI-Technik│The African Book Publishing Record│Advances in Calculus of Variations│Advances in Geometry│Accounting, Economics and Law│Archiv für Diplomatik│Archiv für Religionsgeschichte│Acta Geologica Polonica
groupingname	Grouping-1│Grouping-2│Grouping-3│Grouping-3│Grouping-2
country_id	Peru│Peru│Peru│Peru
AreaCode	CA│CA│CA│CA
REGIONE	LOMBARDIA│LOMBARDIA│LOMBARDIA│LOMBARDIA│LOMBARDIA│LOMBARDIA│LOMBARDIA│LOMBARDIA
district	PD4│Kabul│PD5│Mosahi│Kabul City│Kabul City│PD15│PD6
Method	Main│Main│Main│Main│Main│Main│Main│Main
TEAM_CITY	Cleveland│Cleveland│Cleveland│Cleveland│Cleveland│Cleveland│Cleveland│Cleveland
Wind Direction	WSW│Calm│East│South│South│SSE│South│SSE
Severe Significant	Significant│Significant│Significant│Not Significant│Significant
Wind Direction	Calm│SW│Calm│Calm│Calm│Calm│SSE│Calm
TEAM_CITY	Minnesota│Minnesota│Minnesota│Minnesota│Minnesota│Minnesota│Minnesota│Minnesota
TEAM_CITY	Sacramento│Sacramento│Sacramento│Sacramento│Sacramento│Sacramento│Sacramento│Sacramento
TEAM_CITY	Washington│Washington│Washington│Washington│Washington│Washington│Washington│Washington
printings	VAN│VAN│VAN│VAN│VAN│VAN│VAN│VAN
dis	new jersey 2nd│illinois 7│georgia 7│pennsylvania 21s│new jersey 14│illinois 14│minneso
Unnamed: 0	Alabama│Alaska│Arizona│Arkansas│California│Colorado│Connecticut│Delaware
Brand	Prada│Prada│Prada│Prada│Prada│Prada│Prada│Prada
value	Abkhazian│Achinese│Acoli│Adangme│Adyghe│Afar│Afrihili│Afrikaans
technology	Nuclear│Coal│Gas│Gas│Wind│Storage│Hydro│Gas
value	Abkhazian│Achinese│Acoli│Adangme│Adyghe│Afar│Afrihili│Afrikaans
V26	orderPres│1│2│3│4│5
TEAM_CITY	New Orleans│New Orleans│New Orleans│New Orleans│New Orleans│New Orleans│New Orleans│New Orleans
MonitoringLocationIdentifier	ARS-IAWC-IAWC225│ARS-IAWC-IAWC225│ARS-IAWC-IAWC410│USGS-11421000│USGS-05425700│USGS-05425700│USGS-05425700│USGS-05425700
rarity	Common│Common│Common│Uncommon│Common│Common│Common│Common
Wind Direction	WNW│NW│NNW│NNW│Calm│SSW│SW│SSW
alecm122|34279|Grancrest	Asuka│Series|6|6|1|Low│Aoshi|5|24|2|Low│Aoshi:│Shirayuki-hime|5|12|2|Low│Kanojo|5|25|2|Low
Wind Direction	SW│SW│SW│SW│SW│WSW│West│NNW
TEAM_CITY	Minnesota│Minnesota│Minnesota│Minnesota│Minnesota│Minnesota│Minnesota│Minnesota
contact_person_title	Mr│Ms│Ms│Mr
Wind Direction	Calm│Calm│Calm│Calm│Calm│Calm│Calm│SSE
TEAM_CITY	New York│New York│New York│New York│New York│New York│New York│New York
__index_level_1__	Cross Country│Cross Country│Cross Country│Cross Country│Cross Country│Cross Country│Cross Country│Cross Country
__index_level_221__	unlikely│regional
brand_name_chn	Chunho Ncare│Chunho Ncare│Chunho Ncare│Chunho Ncare│Chunho Ncare│Chunho Ncare│Chunho Ncare│Chunho Ncare
value	Abkhazia│Achinese│Adangme│Adyghe│Afar│Afrihili│Afrikaans│Aghem
County	County│FLOYD│LAFAYETTE│EAST BATON ROUGE│IBERVILLE│Osceola│MOFFAT│ALLEGHENY
GPO	U.S.│Ala.│Alaska│Ariz.│Ark.│Calif.│Colo.│Conn.
Wind Direction	SW│SW│West│NW│West│NW│Calm│ESE
PLANT	PITTSBURGH_1-4│PITTSBURGH_5-6│PITTSBURG_7│CONTRA_COSTA_4-5│CONTRA_COSTA_6-7│POTRERO_HILL│HUMBOLDT│HELMS
__index_level_1__	Cross Country│Cross Country│Cross Country│Cross Country│Cross Country│Cross Country│Cross Country│Cross Country
Wind Direction	SSW│SW│SSW│SSW│SW│SW│West│West
types	Creature│Creature│Creature│Creature│Creature│Creature│Creature│Creature
Wind Direction	Calm│North│North│NNE│North│Calm│NNW│NNW
TEAM_CITY	Indiana│Indiana│Indiana│Indiana│Indiana│Indiana│Indiana│Indiana
name	Agarwalia│terricola
groupingname	Grouping-1│Grouping-2│Grouping-3│Grouping-3│Grouping-2
Namespace	Google.Maps│Google.Maps│Google.Maps│Google.Maps│Google.Maps│Google.Maps.Places│Google.Maps.Places│Google.Maps.Places
topic_description	SOCIAL_CHANGE│SOCIAL_CHANGE│SOCIAL_CHANGE│SOCIAL_CHANGE│SOCIAL_CHANGE│SOCIAL_CHANGE│SOCIAL_CHANGE│SOCIAL_CHANGE
interaction_type	RightGate│LeftGate│LeftGate│RightGate│LeftGate│LeftGate│RightGate│LeftGate
__index_level_2__	Race│Club│p/b│Terun│Club│p/b│Coffee
lgID	AL│AL│AL│AL│AL│AL│AL│AL
Tamarack	08/20/2005│Place,License│1,0,Cassidy,Thomas,,,,│2,0,Malcolm,Heslin,,,,│3,0,Michael,Beck,,,,│4,0,Madelin,Roe,,,,│08/20/2005│Place,License
County	County│BAY│LAFAYETTE│PUTNAM│County│PLAQUEMINES│LEVY│FLAGLER
-.1	from│Archers│BARBARIAN│BARBARIANS│ARCHERS│ARCHERS│BARBARIANS
interaction_type	RightGate│PickedUp│RightGate│LeftGate│RightGate│LeftGate│RightGate│LeftGate
location	unknown│HK│HK│IN│IN│HK│IN│IN
Wind Direction	Calm│Calm│Calm│Calm│Calm│Calm│ESE│East
Steve.1	Gaza)│due│Windows│Muslim
Provider State	VT│VT│VT│VT│VT│VT│VT│VT
Town	Criterium│/│Jose,CA,,BMC│Gatos,CA,,CalGiant│Park,CA,,Rock│Park,CA,,Webcor│Sickle,Sacramento,CA,,Davis
LocationDesc	Mississippi│Mississippi│Mississippi│New Hampshire│New Hampshire│New Hampshire│Alabama│Alabama
Old.GPO	Ala.│Alaska│Ariz.│Ark.│Calif.│Colo.│Conn.│Del.
Wind Direction	SSW│SSW│SW│Calm│SW│SSW│SW│SW
AddColorG	int│15│0│40│40│10│10│60
TEAM_CITY	Indiana│Indiana│Indiana│Indiana│Indiana│Indiana│Indiana│Indiana
Provider State	AZ│AZ│AZ│AZ│AZ│AZ│AZ│AZ
như	tôi│mình│mà│ông│là│cho│trên│là
Wind Direction	SE│Calm│Calm│NE│ENE│NE│ENE│ENE
Provider License Number State Code_2	FL│OH
TEAM_CITY	Dallas│Dallas│Dallas│Dallas│Dallas│Dallas│Dallas│Dallas
Events	Fog│Fog│Fog
TEAM_CITY	Indiana│Indiana│Indiana│Indiana│Indiana│Indiana│Indiana│Cleveland
TEAM_CITY	Minnesota│Minnesota│Minnesota│Minnesota│Minnesota│Minnesota│Minnesota│Minnesota
U.S..1	Ala.│Alaska│Ariz.│Ark.│Calif.│Colo.│Conn.│Del.
Events	Fog
groupingname	Grouping-1│Grouping-2│Grouping-3│Grouping-3│Grouping-2
OrganisationLabel	Castle Point Borough Council│Castle Point Borough Council│Castle Point Borough Council│Castle Point Borough Council│Castle Point Borough Council│Castle Point Borough Council│Castle Point Borough Council│Castle Point Borough Council
|Town	90│and│Fair
Charging Agency	ST JOHNS COUNTY SHERIFFS OFFICE│ST JOHNS COUNTY SHERIFFS OFFICE│ST JOHNS COUNTY SHERIFFS OFFICE│ST JOHNS COUNTY SHERIFFS OFFICE│ST JOHNS COUNTY SHERIFFS OFFICE│ST JOHNS COUNTY SHERIFFS OFFICE
TEAM_CITY	Dallas│Dallas│Dallas│Dallas│Dallas│Dallas│Dallas│Dallas
TEAM_CITY	Milwaukee│Milwaukee│Milwaukee│Milwaukee│Milwaukee│Milwaukee│Milwaukee│Milwaukee
TEAM_CITY	LA│LA│LA│LA│LA│LA│LA│LA
__index_level_1__	Criterium│Criterium│Criterium│Criterium│Criterium│Criterium│Criterium│Criterium
direccion	ruta 25│Rio Cuarto Cordoba
TEAM_CITY	Minnesota│Minnesota│Minnesota│Minnesota│Minnesota│Minnesota│Minnesota│Minnesota
Wind	SE│SSE│SSE│SSE│SSE│SE│SSE│SSE
fuel	Uranium│Coal│Gas│Gas│Gas
Data provider	Land Journal│Land Journal│Land Journal│Land Journal│Land Journal│Land Journal│Land Journal│Land Journal
name	Aberdeenshire│Angus│Argyll│Avon│Ayrshire│Banffshire│Bedfordshire│Berkshire
Value	*hą́•│*hahpV-│*hą́•- (?)│*hą́•│chihpashí│háphe•hiša│ha’péṡa│hą́xurare
County	BEAVER│CHAMBERS│County│ALACHUA│PUTNAM│PUTNAM│BREVARD│GLACIER
data type	date│Massachusetts│Berkshire County WIA│Boston WIA│Bristol County WIA│Brockton WIA│Cape & Islands WIA│Central MA WIA
Sub Suite	Weather│Weather│Weather
Object	Bedroom│Bathroom│Kitchen│Hall│LivingRoom│OutsideRegion│BedPressureBedroom│BasinPIRBathroom
Wind Direction	SW│SW│SW│SSW│SW│WSW│WSW│WSW
Parent TV Show	Vikings│Vikings│Vikings│Vikings│Vikings│Vikings│Vikings
interaction_type	Pushed│LeftGate│RightGate│RightGate│PickedUp│RightGate│RightGate│RightGate
N_1	Bi│Bi
printings	VAN│VAN│VAN│VAN│VAN│VAN│VAN│VAN
County	Valley│Lake│Lincoln│Missoula│Fergus│Sanders│Ravalli│Flathead
paoEndSuffix	UI│AB│OP│OP
name	Aberdeenshire│Angus│Argyll│Avon│Ayrshire│Banffshire│Bedfordshire│Berkshire
Description	Tax│Freight│Tax2│Miscellaneous
Namespace	Geo.Abstractions.Interfaces│Geo.Abstractions.Interfaces│Geo.Abstractions.Interfaces│Geo.Abstractions.Interfaces│Geo.Abstractions.Interfaces│Geo.Abstractions.Interfaces│Geo.Abstractions.Interfaces│Geo.Abstractions.Interfaces
Unnamed: 0	Alabama│Alaska│Arizona│Arkansas│California│Colorado│Connecticut│Delaware
ORG_STATE	MO│AL│TX│MI│MA│CA│NC
sospechoso	Si│Si│Si│Si│Si│Si│Si│Si
TEAM_CITY	Indiana│Indiana│Indiana│Indiana│Indiana│Indiana│Indiana│Indiana
Post Unique Reference	1│2│4│5│6│12│14│15
Valley	Road│Living│Factory│Team│Waste│Waste│Valley,AZ,,Rideclean
strain	MG1655deltamarRAB│MG1655deltamarRAB│MG1655deltamarRAB│MG1655deltamarRAB│MG1655deltamarRAB│MG1655deltamarRAB│MG1655deltamarRAB│MG1655deltamarRAB
TEAM_CITY	Golden State│Golden State│Golden State│Golden State│Golden State│Golden State│Golden State│Golden State
Source	Aegon-I-Targaryen│Aegon-Targaryen-(son-of-Rhaegar)│Aegon-Targaryen-(son-of-Rhaegar)│Aegon-Targaryen-(son-of-Rhaegar)│Aegon-Targaryen-(son-of-Rhaegar)│Aegon-Targaryen-(son-of-Rhaegar)│Aegon-Targaryen-(son-of-Rhaegar)│Aegon-Targaryen-(son-of-Rhaegar)
name	Addepar│AeroFS│Affirm Delphix│Airbnb│AirWar│Akamai│Alarm.com│Amazon
Wind Direction	North│North│NNW│NW│Calm│Calm│Calm│Variable
Provider State	NM│NM│NM│NM│NM│NM│NM│NM
Wind Direction	NE│Calm│Calm│Calm│Calm│Calm│Calm│Calm
OrganisationLabel	Forest of Dean District Council│Forest of Dean District Council│Forest of Dean District Council│Forest of Dean District Council│Forest of Dean District Council│Forest of Dean District Council│Forest of Dean District Council│Forest of Dean District Council
value	abkhazo│acerbaixano│Achinese│acoli│Adangme│Adyghe│Afar│Afrihili
Wind Direction	WSW│SW│SW│SW│SW│Calm│SW│SW
you're	need
Record	Lap│ANT+│Cadence│Latitude│Longitude│Altitude│Speed│Distance
Число сотрудников	Число сотрудников│Число сотрудников
GEO.display-label	Geography│United States│North Carolina│Durham County, North Carolina│Forsyth County, North Carolina│Guilford County, North Carolina
coll_shortname	GozMmlpHNO3│GozMmlpHNO3│GozMmlpHNO3│GozMmlpHNO3│GozMmlpHNO3│GozMmlpHNO3│GozMmlpHNO3│GozMmlpHNO3
SightRange	int│5500│5500│5500│7500│5000│5500│7700
Wind Direction	Calm│Calm│Calm│Calm│East│NW│North│Calm
Wind Direction	SSE│South│South│South│South│South│South│South
__index_level_331__	Europe’s│led
groupingname	Grouping-1│Grouping-2│Grouping-3│Grouping-3│Grouping-2
Method	Main│Main│Main│Main│Main│CreateAuction
COUNTY	Kleberg│Collin│Hamilton│Harris│Tarrant│Guadalupe│Harris│Fort Bend
DL State	FL│FL│FL│FL│FL│FL│FL│FL
venue_state	CA│GA│GA│CA
Time Question	Time of Assessment│Time of Assessment│Time of Assessment│Time of Assessment│Time of Assessment│Time of Assessment│Time of Assessment│Time of Assessment
TEAM_CITY	Indiana│Indiana│Indiana│Indiana│Indiana│Indiana│Indiana│Indiana
region_code	CA1│CA2│CA3│OR│WA│CCO│CC
shortName	ENGIE BRASIL ENERGIA SA│ENGIE BRASIL ENERGIA SA│ENGIE BRASIL ENERGIA SA│ENGIE BRASIL ENERGIA SA
__index_level_221__	unlikely│regional
State Governments	state of minnesota│state of maryland│state of delaware│state of north dakota itd│state of rhode island│state of connecticut│state of oregon│commonwealth of massachusetts
-.1	from│Archers│BARBARIAN│BARBARIANS│ARCHERS│ARCHERS│BARBARIANS
County	Clark│Washoe│Clark│Clark│Clark│Clark│Clark│Lincoln
TEAM_CITY	LA│LA│LA│LA│LA│LA│LA│LA
Wind Direction	ESE│ESE│ESE│ESE│ESE│ESE│ESE│ESE
geoextent	Local│National│Regional│National│National│Local│National│Local
interaction_type	RightGate│RightGate│RightGate│RightGate│RightGate│Pushed│RightGate│RightGate
TEAM_CITY	Los Angeles│Los Angeles│Los Angeles│Los Angeles│Los Angeles│Los Angeles│Los Angeles│Los Angeles
Dial	Dial│Dial│Dial│Dial│Dial│Dial│Dial│Dial
V26	orderPres│1│2│3│4│5
S11	State│Maharashtra│Maharashtra│Maharashtra│Maharashtra
TEAM_CITY	San Antonio│San Antonio│San Antonio│San Antonio│San Antonio│San Antonio│San Antonio│San Antonio
Method	QualifiedTypeName│JournalSettings│SnapshotStoreSettings│GenerateTimestamp│GenerateTimestamp│JournalEntry│JournalDbEngine│CreateDbConnection
interaction_type	Pushed│RightGate│LeftGate│LeftGate│LeftGate│LeftGate│LeftGate│Pushed
Wind Direction	ESE│SE│SSE│SE│SSE│South│South│SSE
REGIONE	LOMBARDIA│LOMBARDIA│LOMBARDIA│LOMBARDIA│LOMBARDIA│LOMBARDIA│LOMBARDIA│LOMBARDIA
__index_level_1__	; Seasonally adjusted at annual rates                           │Quarterly data from 1947 To 2006│Bureau of Economic Analysis│Data published March 29, 2007    │File created 3/28/2007 7:49:05 AM│Line
ProjectIdentifier	CEAP│projectIdStewards│CEAP│SACR TDB│NAWQA│NAWQA│NAWQA│projectIdNwis
V26	orderPres│1│2│3│4│5
region	East│West│North│West│East│East│North│-1
Wind	SSE│SE│ESE│E│NE│NNE│NNE│NE
__index_level_93__	east│Wall│The│Commodity
TEAM_CITY	LA│LA│LA│LA│LA│LA│LA│LA
Wind Direction	NW│NW│NW│NW│NW│West│WNW│West
TEAM_CITY	Golden State│Golden State│Golden State│Golden State│Golden State│Golden State│Golden State│Golden State
Recommended Action	Major│Clear│Major│Clear│Major│Information│Major│Information
Wind Direction	West│ESE│Calm│Calm│NE│East│East│East
DistConocida	Si│Si│Si│Si│Si│Si│Si│Si
<title>	geochemicalPara│tiliaCordata│yearChange│dataNeo│biologicalSignals│rootLength│temporalDynamics│soilMoisture
TEAM_CITY	San Antonio│San Antonio│San Antonio│San Antonio│San Antonio│San Antonio│San Antonio│San Antonio
TEAM_CITY	LA│LA│LA│LA│LA│LA│LA│LA
Ultimate State Code	VA│CA│NY│WA│CA│CA│CA
Wind Direction	WNW│NW│NNW│NNW│Calm│SSW│SW│SSW
name	Sardinia│bella
Federal state	State│State│State│State│State│State│State│State
Source	Website│Website
infonet_id	InfoAsset ID
and	where│for│of│war
in	SINGLE│Bicycles│SINGLE
__index_level_2__	to│DT|0|9|1|Low│no│Yuuna-san|0|5|1|Low│Real
County	Adair│Adams│Allamakee│Appanoose│Audubon│Benton│Black Hawk│Boone
interaction_type	Pushed│LeftGate│RightGate│PickedUp│RightGate│RightGate│Pushed│RightGate
Wind Direction	SW│SW│SSW│SW│SSW│SW│SW│WSW
EXAMPLE_UNITS	mV│mV│mV│mV│mV│mV│mV
|Town	90│and│Fair
0.07194	0.05517│1│10│0.64946│0.74438│0.04174│0.13
Status	Operational│Operational│Operational│Operational│Operational│Operational│Operational│Operational
TEAM_CITY	Milwaukee│Milwaukee│Milwaukee│Milwaukee│Milwaukee│Milwaukee│Milwaukee│Milwaukee
s_state	LA│MN│OH│CO│MN│CO│MO│SC
Events	Fog-Snow│Fog-Snow│Fog-Snow│Fog-Snow│Snow│Snow│Snow│Snow
lgID	NL│NL│NL│NL│NL│NL│NL│NL
TEAM_CITY	Milwaukee│Milwaukee│Milwaukee│Milwaukee│Milwaukee│Milwaukee│Milwaukee│Milwaukee
location	Panama-Kuna_Yala-Mulatupu│Panama-Kuna_Yala-Ustupu│Panama-Kuna_Yala-Ogobsucum│Panama-Kuna_Yala-Achutupu│Panama-Kuna_Yala-Pto_Obaldia│Panama-Kuna_Yala-Playon_Chico│Panama-Kuna_Yala-Nargana│Panama-Kuna_Yala-Corazon_de_Jesus
Events	Fog│Fog
TEAM_CITY	LA│LA│LA│LA│LA│LA│LA│LA
Hawks	C│College│College
__index_level_2__	Line│1
in	Pro│Doping
higherGeography	Papua New Guinea, Eastern Highlands Province│Papua New Guinea, Eastern Highlands Province│Papua New Guinea, Eastern Highlands Province│Papua New Guinea, Eastern Highlands Province│Papua New Guinea, Eastern Highlands Province│Papua New Guinea, Eastern Highlands Province│Papua New Guinea, Eastern Highlands Province│Papua New Guinea, Eastern Highlands Province
profile	Dungeons│Dungeons│Dungeons│Dungeons│Dungeons│Dungeons│Dungeons│Dungeons
Wind Direction	ENE│East│East│ENE│ENE│ENE│NNE│ESE
School Status	Completed│Completed│Completed│Completed
Method	App│OnLaunched│SampleInput│defaultbutton_Click_1│CanExecute│Execute│MainPage│MainPage_Loaded
County	County│SWISHER│SWISHER│ARMSTRONG│SWISHER│FURNAS│SWISHER│FURNAS
TEAM_CITY	Indiana│Indiana│Indiana│Indiana│Indiana│Indiana│Indiana│Indiana
Region	Latin America & Caribbean│South Asia│Sub-Saharan Africa│Europe & Central Asia│Europe & Central Asia│Middle East & North Africa│Latin America & Caribbean
Charging Agency	ST JOHNS COUNTY SHERIFFS OFFICE│ST JOHNS COUNTY SHERIFFS OFFICE│ST JOHNS COUNTY SHERIFFS OFFICE│ST JOHNS COUNTY SHERIFFS OFFICE│ST JOHNS COUNTY SHERIFFS OFFICE│ST JOHNS COUNTY SHERIFFS OFFICE│ST JOHNS COUNTY SHERIFFS OFFICE
Events	Fog│Fog│Fog│Fog│Fog│Fog│Fog
Wind Direction	Calm│Calm│Calm│Calm│Calm│Calm│ESE│East
Conditions	Mostly Cloudy│Overcast│Overcast│Overcast│Overcast│Mostly Cloudy│Overcast│Mostly Cloudy
in	Men│Farms/S│Cycling│Bissell│Berry│UnitedHealthcare
Wind Direction	West│West│West│WSW│WSW│WSW│West│West
Отгрузочный адрес - область	Отгрузочный адрес - область│Отгрузочный адрес - область
Wind Direction	WNW│WSW│Calm│Calm│SSW│South│Calm│SSW
Race	Wyong│Sunshine Coast│Wyong│Sunshine Coast│Kangaroo Island│Orange│Wyong│Sunshine Coast
Wind Direction	SSW│Calm│SW│SW│SW│WSW│Calm│SW
County	District Of Columbia│District Of Columbia│District Of Columbia│District Of Columbia│District Of Columbia│District Of Columbia│District Of Columbia│District Of Columbia
Championship	Men│Miles
Race	Yarra Valley│Gosford│Corowa│Yarra Valley│Yarra Valley│Corowa│Yarra Valley│Gosford
Events	Fog│Fog│Fog-Rain│Rain│Fog-Rain│Rain│Fog-Rain
NetSurfaceAreaMeasure/MeasureUnitCode	actNetSurfaceAreaUnit│actNetSurfaceAreaUnit
TEAM_CITY	LA│LA│LA│LA│LA│LA│LA│LA
Wind Direction	WSW│SW│WSW│SW│SW│WSW│WNW│West
Wind Direction	WNW│NW│WSW│WNW│NW│NNW│North│Calm
Wind Direction	Calm│Calm│ENE│Calm│Calm│ENE│East│East
__index_level_1__	Cross Country│Cross Country│Cross Country│Cross Country│Cross Country│Cross Country│Cross Country│Cross Country
venue_state	CA│MD│MD│GA│MD│MD
major_category	Noncampaign│Trump - other│Noncampaign│Noncampaign│Noncampaign│Noncampaign│Noncampaign│Noncampaign
MT	ID│MT│ID│MT│ID│MT│ID│MT
County	MATAGORDA│County│BENTON│HOWELL│LATIMER│County
MA	MA│MA│MA│MA
Source	Aegon-I-Targaryen│Aegon-Targaryen-(son-of-Rhaegar)│Aegon-Targaryen-(son-of-Rhaegar)│Aegon-Targaryen-(son-of-Rhaegar)│Aegon-Targaryen-(son-of-Rhaegar)│Aegon-Targaryen-(son-of-Rhaegar)│Aegon-Targaryen-(son-of-Rhaegar)│Aegon-Targaryen-(son-of-Rhaegar)
Name	？？？│ビィ│ルリア
COUNTY	Limestone│Denton│Wilbarger│Wheeler│Polk│Lavaca│Harris│Gillespie
Has Mixins	o:Displayable_0,o:Ancestor_0│geo:Area_0
-.1	from│Archers│BARBARIAN│BARBARIANS│ARCHERS│ARCHERS│BARBARIANS
sospechoso	Si│Si│Si│Si│Si│Si│Si│Si
Region	Latin America & Caribbean│South Asia│Sub-Saharan Africa│Europe & Central Asia│Europe & Central Asia│Middle East & North Africa│Latin America & Caribbean
EXAMPLE_UCUM_UNITS	mV│mV│mV│mV│mV│mV│mV
__index_level_1__	Criterium│Criterium│Criterium│Criterium│Criterium│Criterium│Criterium│Criterium
name	Allantula│diffusa
TEAM_CITY	San Antonio│San Antonio│San Antonio│San Antonio│San Antonio│San Antonio│San Antonio│San Antonio
on	Time│Boom│Grocers│Giant│Springs│R,Dye,Boulder,CO,20.02,│Fit
OrganisationLabel	North West Leicestershire District Council│North West Leicestershire District Council│North West Leicestershire District Council│North West Leicestershire District Council│North West Leicestershire District Council│North West Leicestershire District Council│North West Leicestershire District Council│North West Leicestershire District Council
__index_level_424__	was│Ross
TEAM_CITY	LA│LA│LA│LA│LA│LA│LA│LA
Wind Direction	South│SSW│SSW│SSW│SSW│SSW│NW│NNE
value	Afrika ya Súdi│Afuganisita│Ajelbayidja│Alabu Nsawudi│Åland Islands│Alemanu│Alijantine│Alijeri
Wind Direction	WSW│WSW│WSW│WSW│SW│SW│SSW│SSW
TEAM_CITY	LA│LA│LA│LA│LA│LA│LA│LA
cat_10	New Zealand│FL
Unnamed: 0	Alabama│Alaska│Arizona│Arkansas│California│Colorado│Connecticut│Delaware
Type	BufferManager│CompressionLevel│Database│DataScanner│ExtentPointer│IndexScanner│CompressionContext│Scanner
label_fr	Europe│Afrique│Amérique du nord│Amérique du sud│Asie│Oceanie│Antarctique│Afghanistan
Wind Direction	NE│NE│NE│NE│North│NNE│NNE│North
seq_TM-tmhmm	O│O│O│O│O│O│O│O
was_home	Theresaberg│Wagnermouth│Sampsonton│East Lauren│Molinaton│New Anthonytown│Elizabethstad│East Theodoreland
quadrant	Techniques│Techniques│Techniques│Techniques│Techniques│Techniques│Techniques│Techniques
Distillery	Tullibardine│GlenElgin│GlenDeveronMacduff│GlenSpey│Glenfiddich│Glenkinchie│Glenlivet│Inchgower
MA	NM│NM│NM│NM│MA│MA│MA│MA
Wind Direction	ENE│East│NE│Calm│NNE│NE│NNE│NNE
TEAM_CITY	Utah│Utah│Utah│Utah│Utah│Utah│Utah│Utah
LOCATION_DESC	ALABAMA│ALABAMA│ALABAMA│ALABAMA│ALABAMA│ALABAMA│ALABAMA│ALABAMA
location_name_filter	Central Sava Statistical Region, Slovenia│Central Sava Statistical Region, Slovenia│Central Sava Statistical Region, Slovenia│Central Sava Statistical Region, Slovenia│Central Sava Statistical Region, Slovenia│Central Sava Statistical Region, Slovenia│Central Sava Statistical Region, Slovenia│Central Sava Statistical Region, Slovenia
TEAM_CITY	Golden State│Golden State│Golden State│Golden State│Golden State│Golden State│Golden State│Golden State
Wind Direction	SSW│South│SSW│SW│WSW│Calm│Calm│Calm
scenario	qa│qa│qa│qa│qa│qa│qa│qa
|Town	90│and│Fair
PORTFOLIO	East_Bay│East_Bay│East_Bay│East_Bay│East_Bay│East_Bay│Low_Fossil│Low_Fossil
name	Alabama│Alaska│Arizona│Arkansas│California│Colorado│Connecticut│Delaware
Region	Alabama│Alaska│Arizona│Arkansas│California│Colorado│Connecticut│Delaware
name	Australian Capital Territory│New South Wales│Northern Territory│Queensland│South Australia│Tasmania│Victoria│Western Australia
EstadoDoc	Si│Si│Si
County	County│County│MOHAVE│INYO│CLARK│EDDY│EDDY│GREENE
Wind Direction	Calm│North│NE│NE│Calm│Calm│NE│NNE
Wind Direction	SW│SW│WSW│WSW│Calm│West│West│WNW
country_code_filter	LV│LV│LV│LV│LV│LV│LV│LV
Data provider	Land Journal│Land Journal│Land Journal│Land Journal│Land Journal│Land Journal│Land Journal│Land Journal
Esparto.1	Men│40:20.4,Team│40:36.7,Unattached│41:01.5,Pen
Region	Alabama│Alaska│Arizona│Arkansas│California│Colorado│Connecticut│Delaware
DL State	FL│FL│FL│FL│FL│FL│FL│FL
of	and│OS│in
County	LAWRENCE│FRANKLIN│FRANKLIN│County│BARNWELL│JACKSON│BUNCOMBE│SPARTANBURG
station_name_en	Zhuwei│Hongshulin│Tamsui│Xindian│Xindian District Office│Qizhang│Xiaobitan│Dapinglin
Playlistname	West and North IAP TV│West and North IAP TV│West and North IAP TV│West and North IAP TV│West and North IAP TV│West and North IAP TV│West and North IAP TV│West and North IAP TV
County	York│Aroostook│Oxford│Oxford│York│Androscoggin│Somerset│Washington
group	Whole_f│Whole_f│Whole_f│Whole_f│Whole_m│Whole_m│Whole_m
__index_level_1__	Cross Country│Cross Country│Cross Country│Cross Country│Cross Country│Cross Country│Cross Country│Cross Country
Wind Direction	NNE│North│Variable│NW│NNW│North│North│North
topic_description	SOCIAL_CHANGE│SOCIAL_CHANGE│SOCIAL_CHANGE│SOCIAL_CHANGE│SOCIAL_CHANGE│SOCIAL_CHANGE│SOCIAL_CHANGE│SOCIAL_CHANGE
OrganisationLabel	Castle Point Borough Council│Castle Point Borough Council│Castle Point Borough Council│Castle Point Borough Council│Castle Point Borough Council│Castle Point Borough Council│Castle Point Borough Council│Castle Point Borough Council
Label	O│O│O│O│O│O│O│O
TEAM_CITY	LA│LA│LA│LA│LA│LA│LA│LA
name	Guthriea│capensis
GwWrAWaw	GwWrAWaw│GwWrAWaw│GwWrAWaw│GwWrAWaw│GwWrAWaw│GwWrAWaw│GwWrAWaw│GwWrAWaw
TEAM_CITY	Minnesota│Minnesota│Minnesota│Minnesota│Minnesota│Minnesota│Minnesota│Minnesota
Provider State	VT│VT│VT│VT│VT│VT│VT│VT
__index_level_523__	surrounding│He
folder_owner_addrprovince	TX│TX│TX│TX│TX
type	NON│NON│NON│NON│NON│NON│NON│NON
Wind Direction	ENE│ESE│NE│East│SE│SE│SE│SE
__index_level_2__	County│BRISTOL│WASHINGTON│WASHINGTON│KENT│KENT│PROVIDENCE│PROVIDENCE
World / Drawdown Region	Asia (Sans Japan)│World│World│Middle East and Africa│Middle East and Africa│Middle East and Africa│Middle East and Africa│Middle East and Africa
value	Abkhazian│Achinese│Acoli│Adangme│Adyghe│Afar│Afrihili│Afrikaans
s_state	LA│MN│OH│CO│MN│CO│MO│SC
value	Abchazisch│Adangme│Adygees│Afaan Oromo│Afar│Afrihili│Afrikaans│Aghem
Wind Direction	SW│Calm│Calm│South│SSW│South│South│South
terrain	{DESERTS}│{GRASSLANDS, MOUNTAINS}│{JUNGLES, RAINFORESTS}│{TUNDRA, ICE_CAVES, MOUNTAINS}│{SWAMPS, JUNGLES}│{GAS_GIANT}│{FORESTS, MOUNTAINS, LAKES}│{GRASSY_HILLS, SWAMPS, FORESTS, MOUNTAINS}
__index_level_301__	during│Co
exposure	Beecham2014npany│Beecham2014npany│Beecham2014npany│Beecham2014npany│Beecham2014npany│Beecham2014npany│Beecham2014npany│Beecham2014npany
TEAM_CITY	Golden State│Golden State│Golden State│Golden State│Golden State│Golden State│Golden State│Golden State
シーカーストーン認証	シーカーストーン認証 シーカーセンサーの機能を拡張します│シーカーストーン認証 ビタロックの機能を拡張します│シーカーストーン認証 リモコンバクダンの機能を拡張します│シーカーストーン認証 ハイラル図鑑に写し絵を追加します│チェッキー！│んむむ～…ちょっと元気ないけど まあ いっか│はいほ～い！いただきました～！│勇導石 ロック解除！
name	Wehmeyera│acerina│angustilabia│tatei
groupingname	Grouping-1│Grouping-2│Grouping-3│Grouping-3│Grouping-2
Wind	W│WNW│WSW│NW│W│W│NNW│NNW
ADVERTISER	Udemy│Udemy│Udemy│Udemy│Udemy
TEAM_CITY	Houston│Houston│Houston│Houston│Houston│Houston│Houston│Houston
Chainsmoker	Country│Consulting/Rad│Racing│Racing
region_name_filter	Limassol District│Limassol District│Limassol District│Limassol District│Limassol District│Limassol District│Limassol District│Limassol District
Долгота	Долгота│Долгота
Events	Thunderstorm│Rain-Thunderstorm│Rain-Thunderstorm│Rain-Thunderstorm│Fog
value	Afganistaan│Afrik bŋ Worgo│Ajerbayjaan│Åland Islands│Alaseri│Albanii│Almaañ│Anndoora
TEAM_CITY	Cleveland│Cleveland│Cleveland│Cleveland│Cleveland│Cleveland│Cleveland│Cleveland
Wind Direction	Calm│Calm│Calm│Calm│Calm│WNW│Calm│Calm
name	Acantholippia│deserticola│hastulata│punenis│riojana│salsoloides│seriphioides│tarapacana
Wind Direction	East│SE│Calm│Calm│South│Calm│Calm│North
name	Elder/老人│Lyria/露莉亚│Lyria/露莉亚│Elder/老人
__index_level_4__	Introduction│,0,
County	County│County│MONTGOMERY│PANOLA
Board	Maharashtra│Maharashtra│Maharashtra│Maharashtra│Maharashtra│Maharashtra│Maharashtra│Maharashtra
interaction_type	PickedUp│Pushed│RightGate│RightGate│PickedUp│Pushed│RightGate│RightGate
Число сотрудников	Число сотрудников│Число сотрудников
interaction_type	Pushed│PickedUp│RightGate│RightGate│RightGate│RightGate│RightGate│RightGate
TEAM_CITY	Sacramento│Sacramento│Sacramento│Sacramento│Sacramento│Sacramento│Sacramento│Sacramento
Spring	Cat│Harley
1	130.91B│154.78B│20.44│15.89│2.28│4.31│5.09
Events	Fog-Snow│Fog-Snow│Fog│Fog│Snow
OrganisationLabel	Adur District Council│Adur District Council│Adur District Council│Adur District Council│Adur District Council│Adur District Council│Adur District Council│Adur District Council
label	Abdomen│ActiveNotRecruiting│AerobicActivity│AnaerobicActivity│Anesthesia│Appearance│Ayurvedic│Bacteria
County	County│MIAMI-DADE│CLARK│PORTAGE│County│BLUE EARTH│DAKOTA│ST. CROIX
County	MINER│County│BECKHAM│CUSTER│HALL│HALL│UMATILLA│UMATILLA
Provider State	NM│NM│NM│NM│NM│NM│NM│NM
Unnamed: 0	Alabama│Alaska│Arizona│Arkansas│California│Colorado│Connecticut│Delaware
TEAM_CITY	LA│LA│LA│LA│LA│LA│LA│LA
value	Abkhazian│Achinese│Acoli│Adangme│Adyghe│Afar│Afrihili│Afrikaans
Wind Direction	ENE│Calm│Calm│Calm│Calm│Calm│Calm│Calm
Implementation smell	Long Method│Complex Method│Complex Method│Complex Method│Complex Method│Complex Method│Complex Method│Long Statement
Eastern	Country│TENNESSEE│Country
Region	Baden-Wurttemberg│Bavaria│Berlin│Brandenburg│Bremen│Dolnośląskie│Germany│Hamburg
region	A8│16│25│CA│02
ordenvalido	Caryophyllales│Caryophyllales│Caryophyllales│Caryophyllales
OrganisationLabel	Castle Point Borough Council│Castle Point Borough Council│Castle Point Borough Council│Castle Point Borough Council│Castle Point Borough Council│Castle Point Borough Council│Castle Point Borough Council│Castle Point Borough Council
Reference	ClaimsAndHistory│ClaimsAndHistory
Wind Direction	NNE│NNE│NNE│NNE│NNE│NNE│NNW│NNW
MonitoringLocationIdentifier	organization-siteId2│organization-siteId2
レイアウト	記事レイアウト│記事レイアウト
Grinder	Marathon│Collins,CO,,│D
Events	Rain-Thunderstorm│Rain-Thunderstorm
Wind Direction	SSW│SSW│Variable│Calm│Calm│SSW│SSW│Calm
id	6901001090010│6901001090020│6901001090030│0000000000000│6902001090010│0000000000000│6901001090040│6901001090050
County	NESHOBA│WASHINGTON│HOLMES│HOLMES│JACKSON│County│WASHINGTON│WASHINGTON
vaccination_data__LongName	Alaska│Alabama│Arkansas│American Samoa│Arizona│Bureau of Prisons│California│Colorado
TEAM_CITY	Oklahoma City│Oklahoma City│Oklahoma City│Oklahoma City│Oklahoma City│Oklahoma City│LA│LA
payment_type	Cash│Cash│Cash│Cash│Cash│Cash│Cash│Cash
MA	MA│MA│MA│MA│MA│MA│MA│MA
in	Pro/Cat│Equator│p/b│Focus
TEAM_CITY	Minnesota│Minnesota│Minnesota│Minnesota│Minnesota│Minnesota│Minnesota│Minnesota
TEAM_CITY	Minnesota│Minnesota│Minnesota│Minnesota│Minnesota│Minnesota│Minnesota│Minnesota
TEAM_CITY	Sacramento│Sacramento│Sacramento│Sacramento│Sacramento│Sacramento│Sacramento│Sacramento
County	County│KERSHAW│ANSON│MONTGOMERY│MONTGOMERY│EDGEFIELD│LINCOLN│County
Status	Operational│Operational│Operational│Operational│Operational│Operational│Operational│Operational
Wind Direction	WNW│NW│NNW│NNW│Calm│SSW│SW│SSW
PORTFOLIO	Big_Coal│Big_Coal│Big_Coal│Big_Coal│Big_Coal│Big_Coal│Big_Gas│Big_Gas
TEAM_CITY	Minnesota│Minnesota│Minnesota│Minnesota│Minnesota│Minnesota│Minnesota│Minnesota
Wind Direction	West│West│WNW│WNW│WNW│WNW│WNW│WNW
Directory	east-londonderry│east-londonderry│east-londonderry│east-londonderry│east-londonderry│east-londonderry│east-londonderry│east-londonderry
Events	Fog│Fog│Fog│Fog│Fog│Fog│Fog
market_cap	Giant│Giant│Giant│Giant│Giant│Giant│Giant│Giant
TEAM_CITY	LA│LA│LA│LA│LA│LA│LA│LA
County	Bayfield│Ashland│Bayfield│Grant│Burnett│Nicholas│Pendleton
TEAM_CITY	Los Angeles│Los Angeles│Los Angeles│Los Angeles│Los Angeles│Los Angeles│Los Angeles│Los Angeles
StateCode	VA│VA│VA│VA│VA│VA│VA│VA
region_name_filter	Kuyavian-Pomeranian Voivodeship│Kuyavian-Pomeranian Voivodeship│Kuyavian-Pomeranian Voivodeship│Kuyavian-Pomeranian Voivodeship│Kuyavian-Pomeranian Voivodeship│Kuyavian-Pomeranian Voivodeship│Kuyavian-Pomeranian Voivodeship│Kuyavian-Pomeranian Voivodeship
groupingname	Grouping-1│Grouping-2│Grouping-3│Grouping-3│Grouping-2
interaction_type	PickedUp│LeftGate│RightGate│RightGate│RightGate│Pushed│RightGate│LeftGate
Wind Direction	SW│SE│Calm│South│Calm│Calm│Calm│Calm
New Region Structure	New Region Structure│New Region Structure│New Region Structure│New Region Structure│New Region Structure│New Region Structure│New Region Structure│Quebec
Name	id-ada+county│id-ada+county│id-ada+county│id-ada+county│id-ada+county│id-ada+county│id-ada+county│id-ada+county
Unnamed: 0	Alabama│Alaska│Arizona│Arkansas│California│Colorado│Connecticut│Delaware
COUNTY	Liberty│Limestone│Denton│Wilbarger│Wheeler│Polk│Lavaca│Harris
User ID	US-WEST-CA-San Francisco│US-WEST-CA-San Francisco│US-WEST-CA-San Francisco│US-WEST-CA-San Francisco│US-WEST-CA-San Francisco│US-WEST-CA-San Francisco│US-WEST-CA-San Francisco│US-WEST-CA-San Francisco
Unnamed: 0	Alabama│Alaska│Arizona│Arkansas│California│Colorado│Connecticut│Delaware
Wind Direction	WSW│SW│SW│SW│SW│SW│SW│WSW
__index_level_6__	geo
ordenvalido	Anura│Anura│Anura│Anura│Anura│Anura│Anura│Anura
location	unknown│HK│HK│IN│IN│HK│IN│IN
Criterium	Men│Mountain│p/b│Advancement│Devo│Advancement
County	County│GRAYSON│BLOUNT│UNION│LAWRENCE│BUTTE│MEADE│BUTTE
name	Aberdeenshire│Angus│Argyll│Avon│Ayrshire│Banffshire│Bedfordshire│Berkshire
TEAM_CITY	Oklahoma City│Oklahoma City│Oklahoma City│Oklahoma City│Oklahoma City│Oklahoma City│Oklahoma City│Oklahoma City
REGIONE	LOMBARDIA│LOMBARDIA│LOMBARDIA│LOMBARDIA│LOMBARDIA│LOMBARDIA│LOMBARDIA│LOMBARDIA
dominant_object	Hand│Hand│Hand│Hand│Hand│Hand│HandToWrist│HandToWrist
[State Name]	Poison│Poison│Poison│Poison│Poison│Poison│Stone│Poison
Scale	int│70│100│70│100│70│100│70
__index_level_1__	; Seasonally adjusted at annual rates                           │Quarterly data from 1947 To 1969│Bureau of Economic Analysis│Data published July 30, 2010     │File created 8/5/2010 11:49:17 AM│Line
uptake	Large│Unknown│Considerable
trackName	ALTA 2019 (Long)│ALTA 2019 (Long)│ALTA 2019 (Long)│ALTA 2019 (Long)│ALTA 2019 (Short)│ALTA 2019 (Short)│ALTA 2019 (Short)│ALTA 2019 (Long)
category	Community│Community│Community│Community│Community│Household│Household│Household
Wind Direction	NNE│Calm│NNE│Calm│NE│ENE│ENE│NE
venue_state	NC│GA│GA
interaction_type	LeftGate│LeftGate│RightGate│LeftGate│LeftGate│RightGate│LeftGate│LeftGate
Type	LauncherCore│Reporter│MinecraftLaunchArguments│ServerInfo│WindowSize│LauncherCoreCreationOption│LaunchResult│ErrorType
TEAM_CITY	Sacramento│Sacramento│Sacramento│Sacramento│Sacramento│Sacramento│Sacramento│Sacramento
__index_level_1__	Criterium│Criterium│Criterium│Criterium│Criterium│Criterium│Criterium│Criterium
State Code	AL│AK│AZ│AR│CA│CO│CT│DE
Wind Direction	Calm│Calm│ESE│Calm│ESE│Calm│South│NW
operator	Pike Place│Republic│Central│IPM│Ampco│Standard│Republic│WAC
__index_level_23__	Peak,Z│on│Cannabinoids│1,P2-A1,Dominic│Cannabinoids│in│in│Urine.m,QualMethod.m,Some
interaction_type	PickedUp│Pushed│LeftGate│RightGate│LeftGate│RightGate│RightGate│LeftGate
Type	MainForm│MainForm│MainForm│MainForm│MainForm│MainForm│MainForm│MainForm
Wind Direction	Calm│Calm│Calm│Calm│Calm│North│NNE│Calm
DeveloperName	AMER│AMER_East│AMER_North│AMER_South│AMER_West│Chicago│EMEA│EMEA_East
name	Australian Capital Territory│New South Wales│Northern Territory│Queensland│South Australia│Tasmania│Victoria│Western Australia
REGIONE	LOMBARDIA│LOMBARDIA│LOMBARDIA│LOMBARDIA│LOMBARDIA│LOMBARDIA│LOMBARDIA│LOMBARDIA
Events	Fog
Arcticshun	Arcticshun│Arcticshun│Arcticshun│Arcticshun│Arcticshun│Arcticshun│Arcticshun│Arcticshun
Wind Direction	ENE│East│NE│Calm│NNE│NE│NNE│NNE
interaction_type	Pushed│PickedUp│RightGate│RightGate│LeftGate│RightGate│LeftGate│RightGate
Provider State	WY│WY│WY│WY│WY│WY│WY│WY
value	Abkhazia│Achinese│Adangme│Adyghe│Afar│Afrihili│Afrikaans│Aghem
geo_id	al│az│ar│ca│co│ct│fl│ga
Events	Snow│Snow│Snow│Snow│Snow
origWordsText	καὶ│τὰ τέκνα│τὰ τέκνα│καὶ│φιλοπρωτεύων│καὶ ἀνυπότακτοι│καὶ│τὰ λείποντα
Wind Direction	WSW│West│West│West│West│West│West│West
groupingname	Grouping-1│Grouping-2│Grouping-3│Grouping-3│Grouping-2
TEAM_CITY	Minnesota│Minnesota│Minnesota│Minnesota│Minnesota│Minnesota│Minnesota│Minnesota
TEAM_CITY	Philadelphia│Philadelphia│Philadelphia│Philadelphia│Philadelphia│Philadelphia│Philadelphia│Philadelphia
location	Panama-Kuna_Yala-Mulatupu│Panama-Kuna_Yala-Ustupu│Panama-Kuna_Yala-Ogobsucum│Panama-Kuna_Yala-Achutupu│Panama-Kuna_Yala-Pto_Obaldia│Panama-Kuna_Yala-Playon_Chico│Panama-Kuna_Yala-Nargana│Panama-Kuna_Yala-Corazon_de_Jesus
Provider State	ID│ID│ID│ID│ID│ID│ID│ID
name	Australian Capital Territory│New South Wales│Northern Territory│Queensland│South Australia│Tasmania│Victoria│Western Australia
Wind Direction	SSW│SSW│SW│SW│SW│SW│SSW│SW
County	District Of Columbia│District Of Columbia│District Of Columbia│District Of Columbia│District Of Columbia│District Of Columbia│District Of Columbia│District Of Columbia
Category	Generator│Generator│Generator│Generator│Generator│Generator│Generator│Generator
Wind	CALM│SSE│SW│WNW│W│SSE│CALM│CALM
TEAM_CITY	LA│LA│LA│LA│LA│LA│LA│LA
Wind	SE│SSE│E│ENE│NE│NE│NE│ENE
venue_state	NJ│CA│NY│NJ│NJ│NJ│NJ│NJ
Дата создания	Дата создания│Дата создания
Fatality Significant	Significant│Significant│Significant│Significant
Region	Latin America & Caribbean│South Asia│Sub-Saharan Africa│Europe & Central Asia│Europe & Central Asia│Middle East & North Africa│Latin America & Caribbean
Wind Direction	Calm│Calm│ENE│Calm│Calm│ENE│East│East
Wind	S│S│CALM│CALM│CALM│CALM│CALM│CALM
Speaker	Sanyam Bhutani│Rachel Thomas│Sanyam Bhutani│Rachel Thomas│Sanyam Bhutani│Rachel Thomas│Sanyam Bhutani│Rachel Thomas
"damages."",""To"	states.
|Town	50%│and│Fair
Creek	Road│Sport│Cerrito,CA,,│Ringen│,CA,,Dolce│Hills,CA,,Storck-CCN│Barbara,CA,,Fig
County	Sussex│New Castle│New Castle│New Castle│Sussex│New Castle│New Castle│New Castle
groupingname	Grouping-1│Grouping-2│Grouping-3│Grouping-3│Grouping-2
Events	Snow│Snow│Snow│Snow│Snow
NA	CA│CA│CA│CA
property_owner_addrprovince	IN│IN│IN│IN
country_code_filter	BE│BE│BE│BE│BE│BE│BE│BE
interaction_type	Pushed│RightGate│RightGate│RightGate│PickedUp│LeftGate│RightGate│RightGate
interaction_type	Pushed│RightGate│LeftGate│LeftGate│PickedUp│LeftGate│LeftGate│LeftGate
Location	FL│FL│State│FL│FL│FL│FL│NJ
Walker	MARATHON│BIKE│MARATHON│B,MONTOYA,,,7:40:36.32,EXTERNALGR
name	Addepar│AeroFS│Affirm Delphix│Airbnb│AirWar│Akamai│Alarm.com│Amazon
V26	orderPres│1│2│3│4│5
Cross	Cyclo-cross│Specialized│J,Burleigh,Edgewater│Subaru│Junction,CO,,Feedback│Subaru│Lewis
Specific tumor region	Distal│Distal│Distal│Distal│Proximal
interaction_type	PickedUp│LeftGate│LeftGate│LeftGate│RightGate│LeftGate│RightGate│LeftGate
Do	Do│Do│Do│Do
name	Leuchtenbergia│principis
Language_ID	psi│pmv│wo│cr│ma│ma│pda│pwc
Wind Direction	Calm│Variable│Calm│Variable│North│NNE│Calm│Calm
Wind Direction	NE│North│East│Calm│Calm│Calm│Calm│Calm
NAME	Canada (le)│États-Unis│Guam│Îles Mariannes du Nord│Îles Vierges des États-Unis│Porto Rico│Samoa américaines│Antigua-et-Barbuda
TEAM_CITY	Minnesota│Minnesota│Minnesota│Minnesota│Minnesota│Minnesota│Minnesota│Minnesota
dominant_object	Hand│Hand│Hand│Hand│Hand│Hand│Hand│HandToWrist
TEAM_CITY	Minnesota│Minnesota│Minnesota│Minnesota│Minnesota│Minnesota│Minnesota│Minnesota
billing_city	Calder│Calder
topic_description	FAMILY_REUNIONS│FAMILY_REUNIONS│FAMILY_REUNIONS│FAMILY_REUNIONS│FAMILY_REUNIONS│FAMILY_REUNIONS│FAMILY_REUNIONS│FAMILY_REUNIONS
Value	*(i-)sų́•(-ka)│*i-cu•ká│*-šų•ka│*i-sų́ka│*(i-)sų́t-ka│iču•ká│icu•ká│košų́ka
County	JOHNSON│STORY│POLK│STORY│POLK│STORY│POLK│BENTON
County	Hood River│Marion│Lane│Multnomah│Lane│Grant│Josephine│Josephine
County	County│MADISON│BOISE│TWIN FALLS│GOODING│BUTTE│TWIN FALLS│BLAINE
TEAM_CITY	Minnesota│Minnesota│Minnesota│Minnesota│Minnesota│Minnesota│Minnesota│Minnesota
BRAAVOSI MAN	ARYA│MAN│ARYA│BRAAVOS - THE HOUSE OF BLACK AND WHITE They arrive at The House │ARYA│MAN│ARYA│An old man enters ARYA
__index_level_29__	total)│of│of│people)
lab	uds-saarland│uds-saarland│uds-saarland│uds-saarland│uds-saarland│uds-saarland│uds-saarland│uds-saarland
Wind Direction	SW│NW│NW│West│WSW│SW│WSW│WSW
pt-BR	Descrição│Língua do conteúdo│Língua de trabalho│Localização/Endereço│Região│País
Wind Direction	SSW│SSW│SSW│SSW│SSW│SSW│SSW│South
Wind Direction	North│North│North│North│North│North│NNE│NNE
제목	MTSU에서의 한학기│다시 돌아가고픈 MTSU│미국 남부의 여유로움을 만끽한 일년!│MTSU│내가 너무 사랑하는 MTSU│MTSU!!│MTSU에서 소중했던 한 학기│그리운 MTSU
topic_description	UNIVERSAL_HEALTH_INS│UNIVERSAL_HEALTH_INS│UNIVERSAL_HEALTH_INS│UNIVERSAL_HEALTH_INS│UNIVERSAL_HEALTH_INS│UNIVERSAL_HEALTH_INS│UNIVERSAL_HEALTH_INS│UNIVERSAL_HEALTH_INS
Wind Direction	South│Calm│Calm│Calm│Calm│Calm│SW│SW
Language_ID	psi│pch│pmv│cr│hi│hi│pda│pwc
ordenvalido	Caudata│Caudata│Caudata│Caudata│Caudata│Caudata│Caudata
season	1│1│1│1│1│1│1│1
TEAM_CITY	LA│LA│LA│LA│LA│LA│LA│LA
County	PALM BEACH│County│LOWER KEYS IN MON│PALM BEACH│LOWER KEYS IN MON│MOULTRIE│DOUGLAS│PIATT
dis	whole │marine│land │new │islands ( 離島 )│kwai │nor│sai kung ( 西貢 )
REGIONE	LOMBARDIA│LOMBARDIA│LOMBARDIA│LOMBARDIA│LOMBARDIA│LOMBARDIA│LOMBARDIA│LOMBARDIA
Wind	W│W│WSW│W│WNW│WNW│NW│NW
TEAM_CITY	Sacramento│Sacramento│Sacramento│Sacramento│Sacramento│Sacramento│Sacramento│Sacramento
Aurora3500	Aurora3500│Aurora3500│Aurora3500│Aurora3500│Aurora3500│Aurora3500│Aurora3500│Aurora3500
Events	Fog│Fog│Fog
value	Abkasies│Achinese│Adangme│Adyghe│Afar│Afrihili│Afrikaans│Aghem
TEAM_CITY	LA│LA│LA│LA│LA│LA│LA│LA
County	Lane│Marion│Lane│Lane│Clatsop│Washington│Columbia│Hood River
Wind Direction	WNW│Variable│Calm│Calm│Variable│NW│WNW│Variable
value	Abkhazian│Achinese│Acoli│Adangme│Adyghe│Afar│Afrihili│Afrikaans
__index_level_0__	AdmiralScarlet-|35180|3-gatsu│AdmiralScarlet-|25397|Absolute│AdmiralScarlet-|11759|Accel│AdmiralScarlet-|22199|Akame│AdmiralScarlet-|25013|Akatsuki│AdmiralScarlet-|11111|Another|0|0|1|Low│AdmiralScarlet-|7647|Arakawa│AdmiralScarlet-|9736|Astarotte
ordenvalido	Caryophyllales│Caryophyllales│Caryophyllales
Wind Direction	South│South│SSE│South│SSW│SSW│SSW│South
Wind Direction	SSW│SW│SW│WSW│WSW│Calm│Calm│Calm
Language_ID	psi│pch│pmv│pse│cr│hi│hi│pda
ID	ID│ID
LenderState	VA│VA│VA│VA│VA│VA│VA│VA
model_id:id	model_wiki_wiki│model_wiki_groups│model_wiki_wiki│model_wiki_groups│model_wiki_wiki_history│model_wiki_wiki│model_wiki_wiki
OrganisationLabel	London Borough of Merton│London Borough of Merton│London Borough of Merton│London Borough of Merton│London Borough of Merton│London Borough of Merton│London Borough of Merton│London Borough of Merton
winning	incident
in	Men│/│TVG│TVG│TVG
DL State	FL│FL│FL│FL│FL│FL│FL│FL
Original Units	US$2011/ha│US$2011/ha│US$2011/ha│US$2011/ha│Euro2014/ha│Euro2014/ha│Euro2014/ha│Euro2014/ha
|Army	Hall│Barbarians│and│Rhinoceros│1.3
name	ラカム/拉卡姆│ビィ/碧│サンダルフォン/圣德芬│ルリア/露莉亚│サンダルフォン/圣德芬
TEAM_CITY	Cleveland│Cleveland│Cleveland│Cleveland│Cleveland│Cleveland│Cleveland│Cleveland
Wind Direction	SSE│ESE│ESE│ESE│East│ESE│SE│SSE
nombreProducto	Pomada brillante elegance│Pomada brillante elegance│Pomada brillante elegance
Subject	Postcards--California│City & town life--California--Los Angeles│California poppy│California poppy
name	スーテラ│スーテラ│トモイ│スーテラ
attribute	Statewide│Statewide│Statewide│Statewide│Statewide│Statewide│Note│Note
shortName	GRUPO MEXICO SAB DE CV│GRUPO MEXICO SAB DE CV│GRUPO MEXICO SAB DE CV│GRUPO MEXICO SAB DE CV
name	Vyrn/碧│Lyria/露莉亚│Vyrn/碧│Garoza/加罗萨
interaction_type	PickedUp│RightGate│RightGate│LeftGate│RightGate│LeftGate│LeftGate│LeftGate
|Town	70│and│Fair
Nields	Criterium│C,Kyer,Boulder,CO,08:01.7,UCI│CT:│Organic│T,Selker,Boulder,CO,08:03.5,Groove│Springs│Grocers
Permit	LT│LT│LT│LT│LT│LT│LT│LT
Wind Direction	South│SSE│ESE│SE│ESE│SSE│SE│SSE
Component	Core│Core│User Interface│User Interface│User Interface│Core│Core│User Interface
__index_level_1__	Cross Country│Cross Country│Cross Country│Cross Country│Cross Country│Cross Country│Cross Country│Cross Country
Events	Fog│Fog│Fog
Unnamed: 0	Alabama│Alaska│Arizona│Arkansas│California│Colorado│Connecticut│Delaware
location_code_filter	banska_bystrica_region_SK│banska_bystrica_region_SK│banska_bystrica_region_SK│banska_bystrica_region_SK│banska_bystrica_region_SK│banska_bystrica_region_SK│banska_bystrica_region_SK│banska_bystrica_region_SK
TEAM_CITY	Dallas│Dallas│Dallas│Dallas│Dallas│Dallas│Dallas│Dallas
Wind Direction	SSE│SSE│South│South│SSE│SSE│South│South
Grand	Downhill│Downhill│Downhill
Serviço	Santa Cruz x Alvorada│Alvorada x Santa Cruz│Pingo d’Agua x Alvorada│Alvorada x Pingo d’Água│Mato alto x Alvorada│Alvorada x Mato Alto│Campo Grande x Salvador Allende│Salvador Allende x Campo Grande
Wind Direction	NE│ENE│NE│Calm│Calm│Calm│Calm│SE
exposure	Grasby2020surfarea│Grasby2020surfarea│Grasby2020surfarea│Grasby2020surfarea│Grasby2020surfarea│Grasby2020surfarea│Grasby2020surfarea│Grasby2020surfarea
IL	IL│IL│IL│IL│IL│IL│IL│IL
DL State	FL│FL│FL│FL│FL│FL│FL│FL
Region	Latin America & Caribbean│South Asia│Sub-Saharan Africa│Europe & Central Asia│Europe & Central Asia│Middle East & North Africa│Latin America & Caribbean
townNameLevel.3	Bigger town│Bigger kingdom
體　　型	大型│大型
location_code_filter	goriska_statistical_region_SI│goriska_statistical_region_SI│goriska_statistical_region_SI│goriska_statistical_region_SI│goriska_statistical_region_SI│goriska_statistical_region_SI│goriska_statistical_region_SI│goriska_statistical_region_SI
TEAM_CITY	Memphis│Memphis│Memphis│Memphis│Memphis│Memphis│Memphis│Memphis
assoc_press	Ala.│Alaska│Ariz.│Ark.│Calif.│Colo.│Conn.│Del.
OrganisationLabel	West Devon Borough Council│West Devon Borough Council│West Devon Borough Council│West Devon Borough Council
TEAM_CITY	Indiana│Indiana│Indiana│Indiana│Indiana│Indiana│Indiana│Indiana
Wind Direction	Calm│Calm│Calm│Calm│Calm│Calm│NE│Variable
ID родительского контрагента	ID родительского контрагента│ID родительского контрагента
__index_level_1__	Cross Country│Cross Country│Cross Country│Cross Country│Cross Country│Cross Country│Cross Country│Cross Country
Отгрузочный адрес - индекс	Отгрузочный адрес - индекс│Отгрузочный адрес - индекс
請求先	テストアカウント│テストアカウント
Language_ID	psi│pmv│pse│cr│hi│hi│pda│pwc
Provider City	ELIZABETH│OAK HILL│MONTGOMERY│CHARLES TOWN│THOMAS│PETERSBURG│GLASGOW│FAIRMONT
Wind Direction	Calm│Calm│Calm│Calm│Calm│Calm│West│SW
Wind Direction	East│ENE│Calm│Calm│East│East│Calm│Calm
TX	TX│TX│TX│TX│TX│TX│TX│TX
County	County│KIOWA│SHACKELFORD│SHACKELFORD│SHACKELFORD│KENDALL│County│KIOWA
Provider State	AZ│AZ│AZ│AZ│AZ│AZ│AZ│AZ
Ogden	Junior│Master
DL State	MD│MD│MD│FL│MI
infonet_id	InfoAsset ID
Events	Rain│Rain
value	Afrika Kusini│Afuganistani│Aislandi│Ajentina│Åland Islands│Albania│Aljeria│Amerika
TEAM_CITY	Indiana│Indiana│Indiana│Indiana│Indiana│Indiana│Indiana│Indiana
Wind Direction	ENE│East│East│ENE│ENE│ENE│NNE│ESE
TEAM_CITY	Philadelphia│Philadelphia│Philadelphia│Philadelphia│Philadelphia│Philadelphia│Philadelphia│Philadelphia
EXAMPLE_UCUM_UNITS	mV│mV│mV│mV│mV│mV│mV
interaction_type	Pushed│RightGate│LeftGate│LeftGate│LeftGate│LeftGate│PickedUp│RightGate
hashtag	BigLittleLies│WandaVision│Avengers│Avengers│Avengers│Avengers│Deadwood│Deadwood
Wind Direction	SSW│North│Calm│Calm│ESE│Calm│SW│SW
Username	NatureNews│NatureNews│NatureNews│NatureNews│NatureNews│NatureNews│NatureNews│NatureNews
DL State	FL│FL│FL│FL│ME│FL│FL│FL
__index_level_1__	Annual data from 1969 To 2010│Bureau of Economic Analysis│Data published February 25, 2011 │File created 2/24/2011 8:51:44 AM│Line
Wind Direction	SW│SSW│SW│SW│SW│WSW│WSW│WSW
TEAM_CITY	Houston│Houston│Houston│Houston│Houston│Houston│Houston│Houston
subcategory	Choose difficult age│Choose difficult age│Choose difficult age│Choose difficult age│Choose difficult age│Choose difficult age│Choose difficult age│Choose difficult age
Aa	Abacus│Abbey│Abdomen│Ability│Abolishment│Ab│Accele│Accele
generation	re_potentials│pv_installed_power│SQ│SQ│SQ│SQ│SQ
Namespace	ErrorHighlighter│ErrorHighlighter│ErrorHighlighter│ErrorHighlighter
Q32	"Regardless of your previous answer, how would you describe your │{""ImportId"":""QID8""}│White│White│White│White│White│White,Native American or First Nations"
property_owner_addrprovince	TX│TX│TX│TX
VARNAME_1	AL|Ala.│AK|Alaska│AK|Alaska│AZ|Ariz.│AR|Ark.│CA|Calif.│CO|Colo.│CT|Conn.
supplysector	trn_freight_road│trn_freight_road│trn_freight_road│trn_freight_road│trn_freight_road│trn_freight_road│trn_freight_road│trn_freight_road
__index_level_3__	National Go Center│National Go Center│National Go Center│National Go Center│National Go Center│National Go Center│National Go Center│National Go Center
Event	Running│InputWindowOpen│KeyDown│KeyDown│KeyDown│KeyDown│KeySequenceStopped│InputWindowClosed
Namespace	Tomato│Tomato│Tomato│Tomato│Tomato│Tomato│Tomato│Tomato
Wind Direction	Calm│Calm│WSW│SW│WSW│Calm│West│West
Cooldown	int│250│250│50│50│250│50│250
TEAM_CITY	Oklahoma City│Oklahoma City│Oklahoma City│Oklahoma City│Oklahoma City│Oklahoma City│Oklahoma City│Oklahoma City
topic_description	WEATHER_CLIMATE│WEATHER_CLIMATE│WEATHER_CLIMATE│WEATHER_CLIMATE│WEATHER_CLIMATE│WEATHER_CLIMATE│WEATHER_CLIMATE│WEATHER_CLIMATE
TEAM_CITY	New York│New York│New York│New York│New York│New York│New York│New York
id	Warm-Spinach-and-Artichoke-Dip-1222123│Honey-Garlic-Crockpot-Meatballs-1245745│Cheesy-Spinach-_-Artichoke-Dip-1063719│Zucchini-Hummus-1197534│Easy-guacamole-369751│Easy-vegetable-dip-303296│Homemade-Honey-Mustard-Dip-1585908│Crab-Rangoon-Wontons-1042860
__index_level_1__	Cross Country│Cross Country│Cross Country│Cross Country│Cross Country│Cross Country│Cross Country│Cross Country
Wind Direction	ENE│ENE│ENE│ENE│ENE│NE│NE│NE
County	PALM BEACH│County│MEAGHER│CHATHAM│CANADIAN│HILL│BONNEVILLE│County
County	County│PULASKI│LONOKE│WHITE│LONOKE│WOODRUFF│RICHLAND│BENTON
SubField	 صناعات مواد البناء│ صناعات مواد البناء│ صناعات مواد البناء│ صناعات مواد البناء│ صناعات مواد البناء│ صناعات مواد البناء│ صناعات مواد البناء│ صناعات مواد البناء
notesForOnt	Geographic Loaction│Participant│Study details│Study details│Geographic Loaction│Geographic Loaction│Participant│Participant
nombreProducto	Pomada brillante elegance│Pomada brillante elegance│Pomada brillante elegance
EXAMPLE_UNITS	mV│mV│mV│mV│mV│mV│mV
other2	stim2│na│na│na│na│na│na
home	Grayshire│Johnsonshire│Bartonton│South Caleb│South Allison│Odonnelltown│South Markmouth│Port Mackenziechester
Wind Direction	WSW│WSW│WSW│WSW│WSW│West│West│SW
Product	Californium│Californium│Californium│Californium│Californium│Californium│Californium│Californium
Unnamed: 124	to│have
interaction_type	RightGate│RightGate│RightGate│RightGate│RightGate│RightGate│RightGate│RightGate
ordenvalido	Anura│Anura│Anura│Anura│Anura│Anura│Anura│Anura
geo_id	ak│al│ar│az│ca│co│ct│dc
folder_owner_addrprovince	TX│TX│TX│TX│TX│TX│TX│TX
Wind Direction	NE│NE│ENE│NE│NE│East│NE│NNE
County	BARNSTABLE│WASHINGTON│MARION│County│SUFFOLK│NEW LONDON│BARNSTABLE│ANZ233
__index_level_0__	Alabama│Alaska│Arizona│Arkansas│California│Colorado│Connecticut│Delaware
X	Cyclo-cross│Fernando│Giant│Cycle│Springs,CO,0:59:15.00,Evol│Cycle│Cycle
MonitoringLocationIdentifier	organization-siteId2│organization-siteId2│organization-siteId2│organization-siteId2
Wind Direction	North│NW│NW│WNW│WNW│NW│WNW│NW
Wind Direction	SSW│Calm│East│North│Variable│NE│Calm│East
Namespace	OrchardCore.Markdown.Drivers│OrchardCore.Markdown.Drivers│OrchardCore.Markdown.Fields│OrchardCore.Markdown.Filters│OrchardCore.Markdown.GraphQL│OrchardCore.Markdown.GraphQL│OrchardCore.Markdown.GraphQL│OrchardCore.Markdown.Handlers
Wind Direction	South│Calm│Calm│SSW│SSW│Calm│Calm│Calm
GEO.display-label	Geography│United States│North Carolina│Durham County, North Carolina│Forsyth County, North Carolina│Guilford County, North Carolina
value	Abkhazia│Achinese│Adangme│Adyghe│Afar│Afrihili│Afrikaans│Aghem
__index_level_4__	subtask│RP│PD│CM│CM│MG│PD│CM
__index_level_1__	; Seasonally adjusted at annual rates                           │Quarterly data from 1947 To 2006│Bureau of Economic Analysis│Data published August 30, 2006   │File created 8/29/2006 7:35:29 AM│Line
Wind Direction	SW│SW│SSW│SW│SSW│SW│SSW│SW
college	KT│KV│KV│KV│KV│KM│KM│KM
group	Design│Design│Development│Development│Development│Development│Development│Development
Wind Direction	West│Calm│West│WNW│WNW│NW│NW│WNW
TEAM_CITY	Cleveland│Cleveland│Cleveland│Cleveland│Cleveland│Cleveland│Cleveland│Cleveland
Wind Direction	East│East│East│East│East│East│East│ENE
tag_not_used	Finance│Finance│Legislative│Legislative│Finance│Finance│Legislative
xx	https…
name	Hypogaea│brunnea
tenure_type	FH│FH│FH│FH│FH│FH│FH│FH
source	Jen West│Lisa's Vegetarian Kitchen│Lisa's Vegetarian Kitchen│Lisa's Vegetarian Kitchen│Pick Fresh Foods│Foodista.com – The Cooking Encyclopedia Everyone Can Edit
Events	Rain-Thunderstorm│Rain-Thunderstorm│Rain│Rain│Fog│Fog
__index_level_494__	state│in
placeLocation	Myrtle Beach, South Carolina│East Falkland, Falkland Islands│East Falkland, Falkland Islands│East Falkland, Falkland Islands│East Falkland, Falkland Islands│East Falkland, Falkland Islands│East Falkland, Falkland Islands
OrganizationID	ORG-ID│ORG-ID 
Wind Direction	SSW│South│SSW│SW│WSW│Calm│Calm│Calm
planning-permission-type	full planning permission│full planning permission│full planning permission│full planning permission│full planning permission│full planning permission│full planning permission│full planning permission
TEAM_CITY	Brooklyn│Brooklyn│Brooklyn│Brooklyn│Brooklyn│Brooklyn│Brooklyn│LA
Wind Direction	NW│West│NW│North│North│North│North│North
Wind Direction	Calm│Calm│Calm│Calm│Calm│Calm│NE│Variable
service_areas	Colma│San Mateo County│San Mateo County│San Mateo County│San Mateo County│San Mateo County│Belmont, Burlingame, East Palo Alto│Belmont, East Palo Alto
Language_ID	psi│pch│pma│pmv│cr│hi│ma│pda
property_owner_addrprovince	TX│TX│TX
interaction_type	PickedUp│RightGate│RightGate│RightGate│RightGate│Pushed│RightGate│RightGate
Events	Fog│Fog│Fog│Fog│Fog│Fog│Fog
Entity Type	UserStory│UserStory│UserStory│UserStory│UserStory│UserStory│UserStory│UserStory
EstadoDoc	Si│Si│Si│Si│Si│Si│Si│Si
__index_level_10__	to│Meiji│the│end│the
interaction_type	Pushed│RightGate│RightGate│RightGate│Pushed│RightGate│RightGate│RightGate
id.exposure	CXOiyi│CXOiyi│CXOiyi│CXOiyi│CXOiyi│CXOiyi│CXOiyi│CXOiyi
interaction_type	PickedUp│RightGate│RightGate│RightGate│LeftGate│RightGate│LeftGate│RightGate
Officer Position	Treasurer│Treasurer│Treasurer│Treasurer│Treasurer│Treasurer│Treasurer│Treasurer
name	Ambuchanania│leucobryoides
Tags	One, Two, Three│One, Two, Three│One, Two, Three│One, Two, Three
team	ONEBILLION│ONEBILLION│ONEBILLION│ONEBILLION│ONEBILLION│ONEBILLION│ONEBILLION│ONEBILLION
TEAM_CITY	Minnesota│Minnesota│Minnesota│Minnesota│Minnesota│Minnesota│Minnesota│Minnesota
Wind Direction	North│North│North│North│North│North│NNE│NNE
School Location	AUSTRALIA│CHINA│CHINA│California│California│Colorado│Illinois│Massachusetts
Code	US-AL│US-AK│US-AZ│US-AR│US-CA│US-CO│US-CT│US-DE
predicate	είναι│Περιγραφή│είναι│διατηρημένη│Σχέδιο│ανάπτυξη
region_code_filter	swietokrzyskie_voivodeship│swietokrzyskie_voivodeship│swietokrzyskie_voivodeship│swietokrzyskie_voivodeship│swietokrzyskie_voivodeship│swietokrzyskie_voivodeship│swietokrzyskie_voivodeship│swietokrzyskie_voivodeship
TEAM_CITY	Charlotte│Charlotte│Charlotte│Charlotte│Charlotte│Charlotte│Charlotte│Charlotte
Status	Operational│Operational│Operational│Operational│Operational│Operational│Operational│Operational
Race	Mornington│Warrnambool│Sunshine Coast│Naracoorte│Sunshine Coast│Mornington│Naracoorte│Warrnambool
Time Question	Time of Assessment│Time of Assessment│Time of Assessment│Time of Assessment│Time of Assessment│Time of Assessment│Time of Assessment│Time of Assessment
name	Relchela│panicoides
TEAM_CITY	Memphis│Memphis│Memphis│Memphis│Memphis│Memphis│Memphis│Memphis
__index_level_26__	CANCER
subject_type	ORG│NOUN_CHUNK│NOUN_CHUNK│PERSON│NOUN_CHUNK│NOUN_CHUNK│NOUN_CHUNK│NOUN_CHUNK
Wind Direction	ENE│East│East│East│SSE│ESE│Calm│NNE
name	Relchela│panicoides
view	PA│PA│PA│PA│PA│PA│PA│PA
Commissioned Details	artsACT│artsACT│artsACT│artsACT│artsACT│artsACT│artsACT
interaction_type	PickedUp│RightGate│RightGate│RightGate│RightGate│RightGate│RightGate│LeftGate
county	ADAMS│ALAMOSA│ARAPAHOE│ARCHULETA│BACA│BENT│BOULDER│BROOMFIELD
_address_region	Arkansas│California│Washington│Pennsylvania
groupingname	Grouping-1│Grouping-2│Grouping-3│Grouping-3│Grouping-2
Method	Main│Main│ParseArguments│Main│Main│ParseArguments│Main
Wind Direction	West│West│West│West│WSW│WSW│SW│SW
Region	Latin America & Caribbean│South Asia│Sub-Saharan Africa│Europe & Central Asia│Europe & Central Asia│Middle East & North Africa│Latin America & Caribbean
Project	Voat.Business│Voat.Business│Voat.Business│Voat.Business│Voat.Business│Voat.Business│Voat.Business│Voat.Business
Wind Direction	NE│NE│NNE│NE│NNE│NE│NNE│NNE
GEO.display-label	Geography│United States│North Carolina│Alamance County, North Carolina│Brunswick County, North Carolina│Buncombe County, North Carolina│Burke County, North Carolina│Cabarrus County, North Carolina
StateCV	WY│WY│WY│WY│WY│WY│WY│WY
Wind Direction	East│East│ENE│East│North│North│NNE│NE
Events	Snow│Snow
REGIONE	LOMBARDIA│LOMBARDIA│LOMBARDIA│LOMBARDIA│LOMBARDIA│LOMBARDIA│LOMBARDIA│LOMBARDIA
Term Source REF.18	UO│UO│UO│UO
__index_level_1__	Downhill│Downhill│Downhill│Downhill│Downhill│Downhill│Downhill│Downhill
Wind Direction	ENE│East│East│East│East│Variable│East│Calm
site	Manufacturing│Destination│Manufacturing│Destination│Extraction│Manufacturing│Destination│Extraction
interaction_type	Pushed│LeftGate│RightGate│RightGate│PickedUp│RightGate│RightGate│RightGate
Wind	N│NNW│NNW│NW│NW│NW│NW│NW
County	JOHNSON│STORY│STORY│JOHNSON│JOHNSON│POLK│POLK│BLACK HAWK
Region	Latin America & Caribbean│South Asia│Sub-Saharan Africa│Europe & Central Asia│Europe & Central Asia│Middle East & North Africa│Latin America & Caribbean
-.1	SIDEB│Attack.
Product	Californium│Californium│Californium│Californium│Californium│Californium│Californium│Californium
ADVERTISER	Udemy│Udemy│Udemy│Udemy│Udemy
Region	Latin America & Caribbean│South Asia│Sub-Saharan Africa│Europe & Central Asia│Europe & Central Asia│Middle East & North Africa│Latin America & Caribbean
Wind	CALM│CALM│SW│SW│S│CALM│NW│WSW
Category	Introduction│Geography│Geography│Geography│Geography│Geography│Geography│Geography
country_code_filter	EL│EL│EL│EL│EL│EL│EL│EL
Wind Direction	Calm│Calm│NNE│Variable│Variable│North│NE│NE
location_type	county│county│county│county│county│county│county│county
OrganisationLabel	Rutland County Council│Rutland County Council│Rutland County Council│Rutland County Council│Rutland County Council
Provider State	NM│NM│NM│NM│NM│NM│NM│NM
Unnamed: 0	Alabama│Alaska│Arizona│Arkansas│California│Colorado│Connecticut│Delaware
Skagit	Cat│Society
학과	행정학과│실내건축학과│생활디자인학과│의류환경학과│심리학과│문화인류학과│신문방송학과
County	MARATHON│KIT CARSON│JEROME│County│BAKER│WASECA│LA CROSSE│GREENWOOD
topic_description	HOBBIES_AND_CRAFTS│HOBBIES_AND_CRAFTS│HOBBIES_AND_CRAFTS│HOBBIES_AND_CRAFTS│HOBBIES_AND_CRAFTS│HOBBIES_AND_CRAFTS│HOBBIES_AND_CRAFTS│HOBBIES_AND_CRAFTS
Wind Direction	North│Variable│North│NNE│NE│NE│ENE│East
interaction_type	PickedUp│RightGate│RightGate│RightGate│RightGate│LeftGate│PickedUp│RightGate
TEAM_CITY	Oklahoma City│Oklahoma City│Oklahoma City│Oklahoma City│Oklahoma City│Oklahoma City│Oklahoma City│Oklahoma City
OrganisationLabel	Rossendale Borough Council│Rossendale Borough Council│Rossendale Borough Council│Rossendale Borough Council│Rossendale Borough Council│Rossendale Borough Council│Rossendale Borough Council│Rossendale Borough Council
longName	Mountain Alliance AG│Mountain Alliance AG│Mountain Alliance AG│Mountain Alliance AG
Language_ID	psi│pch│pmv│cr│cr│cr│hi│ma
interaction_type	LeftGate│LeftGate│Pushed│RightGate│PickedUp│RightGate│LeftGate│LeftGate
location_name_filter	Alsace, France│Alsace, France│Alsace, France│Alsace, France│Alsace, France│Alsace, France│Alsace, France│Alsace, France
AGENCY_TYPE	COUNTY│COUNTY│COUNTY│COUNTY│COUNTY│COUNTY│COUNTY│COUNTY
venue_state	NJ│CA│NY│NJ│NJ│NJ│NJ│NJ
TEAM_CITY	Minnesota│Minnesota│Minnesota│Minnesota│Minnesota│Minnesota│Minnesota│LA
__index_level_1__	Criterium│Criterium│Criterium│Criterium│Criterium│Criterium│Criterium│Criterium
groupingname	Grouping-1│Grouping-2│Grouping-3│Grouping-3│Grouping-2
Wind Direction	SE│SSE│SSE│South│South│South│South│South
Wind Direction	Variable│SE│SE│South│Variable│South│South│South
Type	T_BarrierOption│BarrierOptionData│NewBarrierOptionData│BarrierFxOptionData│T_BasketOption│BasketType│BasketOptionTwoData│T_BinaryOption
County	Adair│Adams│Allamakee│Appanoose│Audubon│Benton│Black Hawk│Boone
Wind Direction	Calm│Variable│Calm│Variable│North│NNE│Calm│Calm
interaction_type	Pushed│PickedUp│LeftGate│LeftGate│RightGate│RightGate│RightGate│LeftGate
TEAM_CITY	LA│LA│LA│LA│LA│LA│LA│LA
Wind Direction	NNW│NW│NW│NNW│NNW│NW│NW│NNW
Unnamed: 0	Alabama│Alaska│Arizona│Arkansas│California│Colorado│Connecticut│Delaware
Event	Running│KeyDown│KeyDown│KeyDown│KeyDown│KeySequenceStopped│InputWindowOpen│KeyDown
OGroupBoxModel	OGroupBoxModel│OGroupBoxModel│OGroupBoxModel│OGroupBoxModel│OGroupBoxModel│OGroupBoxModel│OGroupBoxModel│OGroupBoxModel
Events	Fog│Fog│Fog
Wind Direction	SSE│South│South│South│South│South│South│South
Provider State	NM│NM│NM│NM│NM│NM│NM│NM
TEAM_ID	Wario│Wario│Wario│Wario│Wario│Wario│Wario│Wario
Status	Operational│Operational│Operational│Operational│Operational│Operational│Operational│Operational
GEO.display-label	Geography│United States│North Carolina│Durham County, North Carolina│Forsyth County, North Carolina│Guilford County, North Carolina
__index_level_2__	County│HONOLULU│KAUAI│HAWAII│HONOLULU│MAUI│HAWAII│HAWAII
Unnamed: 0	Alabama│Alaska│Arizona│Arkansas│California│Colorado│Connecticut│Delaware
region	General│General│General│General│General│Medio│General│Medio
Wind Direction	WSW│WSW│WSW│West│West│West│West│WSW
interaction_type	PickedUp│Pushed│LeftGate│RightGate│RightGate│RightGate│RightGate│RightGate
interaction_type	Pushed│RightGate│PickedUp│LeftGate│RightGate│LeftGate│RightGate│LeftGate
__index_level_3__	night│girl│Girl:│girl!
Capability 2	Planning│Mapping
Wind Direction	West│WNW│West│West│Calm│Calm│Calm│NW
dominant_object	Hand│Hand│Hand│Hand│HandToWrist│Hand│HandToWrist│WristToElbow
interaction_type	Pushed│RightGate│LeftGate│PickedUp│LeftGate│RightGate│RightGate│Pushed
TEAM_CITY	Minnesota│Minnesota│Minnesota│Minnesota│Minnesota│Minnesota│Minnesota│Minnesota
speakerparty	Liberal│Conservative│New Democratic Party│Bloc Québécois
Events	Fog│Fog│Fog│Fog│Fog│Fog│Fog
Event	Running│InputWindowOpen│KeyDown│KeyDown│KeyDown│KeyDown│KeySequenceStopped│InputWindowClosed
Wind Direction	East│East│East│East│ESE│SE│East│Calm
Velodrome	Meter│B│Sprint│Watson│Velo
NO_COVERAGE	NO_COVERAGE│NO_COVERAGE│NO_COVERAGE│NO_COVERAGE│NO_COVERAGE│NO_COVERAGE│KILLED│KILLED
Hard	Detroit│Detroit's│Where│An│How│Hard│Detroit│Detroit's
World / Drawdown Region	World│World│Asia (Sans Japan)│OECD90
Wind Direction	ENE│East│East│East│East│Variable│East│Calm
notes	Lowcountry region│Pee Dee region
Recommended Rate Card (MSRP)	Wiki│Wiki
__index_level_105__	in│UBS│a│In
Language_ID	psi│pch│pma│pmv│pse│cr│hi│ma
Wind Direction	SW│WSW│SW│WSW│Calm│SW│SW│Calm
interaction_type	Pushed│PickedUp│RightGate│RightGate│RightGate│RightGate│LeftGate│RightGate
Wind Direction	ENE│ENE│ENE│ENE│ENE│NE│NE│NE
Region	Northern Ireland│South West│Wales
Status	Operational│Operational│Operational│Operational│Operational│Operational│Operational│Operational
name	Anthaenantia│asiatica│columbiensis│gigantea│glauca│hackelii│hagenbeckiana│lanata
Arabic_Names	محمد حسن علي حاج│حسن محمد كامل قريطم│سمير محمد علي خنافر│شوقي حسن سرور│هنري مكرم بو عبيد│غاده حافظ المشطوب│اميل جورج شويري│علي حسان زيدان
Region	Latin America & Caribbean│South Asia│Sub-Saharan Africa│Europe & Central Asia│Europe & Central Asia│Middle East & North Africa│Latin America & Caribbean
Nombre y apellidos (de quien reporta)	Noelia Maria Leguizamón Cabral
TEAM_CITY	Houston│Houston│Houston│Houston│Houston│Houston│Houston│Houston
__index_level_132__	over│the│sunlight.The│8│did│Somalia
Wind Direction	SSW│SSW│SW│Calm│SW│SSW│SW│SW
NMSPC_CD	KC-NEGOTIATION│KC-SYS│KC-SYS│KC-SYS│KC-NEGOTIATION│KC-NEGOTIATION│KC-NEGOTIATION│KC-AWARD
__index_level_1__	; Seasonally adjusted at annual rates                           │Quarterly data from 1947 To 2005│Bureau of Economic Analysis│Data published April 28, 2005    │File created 4/27/2005 9:04:31 AM│Line
__index_level_1__	Short Track Cross Country│Short Track Cross Country│Short Track Cross Country│Short Track Cross Country│Short Track Cross Country│Short Track Cross Country│Short Track Cross Country│Short Track Cross Country
-.1	from│Archers│BARBARIAN│BARBARIANS│ARCHERS│ARCHERS│BARBARIANS
UnoControlCheckBoxModel	UnoControlCheckBoxModel│UnoControlCheckBoxModel│UnoControlCheckBoxModel│UnoControlCheckBoxModel│UnoControlCheckBoxModel│UnoControlCheckBoxModel│UnoControlCheckBoxModel│UnoControlCheckBoxModel
TEAM_CITY	LA│LA│LA│LA│LA│LA│LA│LA
model_id:id	model_wiki_wiki│model_wiki_groups│model_wiki_wiki│model_wiki_groups│model_wiki_wiki_history│model_wiki_wiki│model_wiki_wiki
interaction_type	LeftGate│LeftGate│RightGate│LeftGate│LeftGate│RightGate│LeftGate│LeftGate
OrganisationLabel	Fenland District Council│Fenland District Council│Fenland District Council│Fenland District Council│Fenland District Council│Fenland District Council│Fenland District Council│Fenland District Council
interaction_type	PickedUp│RightGate│LeftGate│RightGate│LeftGate│RightGate│LeftGate│RightGate
printings	VAN│VAN│VAN│VAN│VAN│VAN│VAN│VAN
topic_description	FAMILY_LIFE│FAMILY_LIFE│FAMILY_LIFE│FAMILY_LIFE│FAMILY_LIFE│FAMILY_LIFE│FAMILY_LIFE│FAMILY_LIFE
Wind Direction	South│South│South│South│South│West│West│WSW
Method	Connect│Connect│Main│Connect
__index_level_0__	Alabama│Alaska│Arizona│Arkansas│California│Colorado│Connecticut│Delaware
Condition	Fair│Fair│Fair│Fair│Fair│Fair│Fair│Fair
Wind Direction	Calm│Calm│Calm│Calm│Calm│Calm│Calm│Calm
ISO	US USA│US-AL│US-AK│US-AZ│US-AR│US-CA│US-CO│US-CT
County	County│MONTGOMERY│SAN JACINTO│DAVIDSON│REFUGIO│NUECES│GMZ230│NUECES
Acronym	ADMARE│AIRARE│ACHBRT│ACHARE│BCNCAR│BCNISD│BCNLAT│BCNSAW
Wind Direction	NNE│NNE│North│NNE│NNE│NNE│North│North
Wind Direction	ESE│ESE│East│NE│Calm│Calm│East│SE
consented:illhistory:neonatal_child:neonatal_childA:Id10360	DK│other_health_facility
TEAM_CITY	Charlotte│Charlotte│Charlotte│Charlotte│Charlotte│Charlotte│Charlotte│Charlotte
interaction_type	Pushed│RightGate│LeftGate│RightGate│PickedUp│LeftGate│RightGate│RightGate
__index_level_1__	Downhill│Downhill│Downhill│Downhill│Downhill│Downhill│Downhill│Downhill
rarity	Uncommon│Uncommon│Uncommon│Common│Common│Common│Rare│Uncommon
Wind Direction	ESE│ENE│ESE│SE│SE│SSE│South│South
TEAM_CITY	Utah│Utah│Utah│Utah│Utah│Utah│Utah│Utah
and	where│for│of│war
Publishers	Land Journal│Land Journal│Land Journal│Land Journal│Land Journal│Land Journal│Land Journal│Land Journal
TEAM_CITY	Sacramento│Sacramento│Sacramento│Sacramento│Sacramento│Sacramento│Sacramento│Sacramento
summary_type	Application│Application│Application│Application│Application│Application│Application│Application
TEAM_CITY	San Antonio│San Antonio│San Antonio│San Antonio│San Antonio│San Antonio│San Antonio│San Antonio
parentLabel	Community administrative information│Community administrative information│Community administrative information│Community│Assets│Assets│Assets
code	CHEAONE│CHEATWO│CHOONE│CHOTWO
Region	Baden-Wurttemberg│Bavaria│Berlin│Brandenburg│Bremen│Dolnośląskie│Germany│Hamburg
TEAM_CITY	Minnesota│Minnesota│Minnesota│Minnesota│Minnesota│Minnesota│Minnesota│Minnesota
County	BUTLER│County│HARDEMAN│JONES│St. Johns│FAULKNER│Flagler│Flagler
TEAM_CITY	Minnesota│Minnesota│Minnesota│Minnesota│Minnesota│Minnesota│Minnesota│Minnesota
U.S.	Ala.│Alaska│Ariz.│Ark.│Calif.│Colo.│Conn.│Del.
Wind Direction	NNE│Calm│NE│NNW│NNE│NE│NE│East
KnobsCore.dll	KnobsCore.dll│KnobsCore.dll│KnobsCore.dll│KnobsCore.dll│KnobsCore.dll│KnobsCore.dll│KnobsCore.dll│KnobsCore.dll
ProductionBuilding	String│Barrack
Unnamed: 0	Alabama│Alaska│Arizona│Arkansas│California│Colorado│Connecticut│Delaware
Pinyin	àiqíng│ānpái│ānquán│ànshí│ànzhào│bǎifēnzhī│bàng│bāozi
TEAM_CITY	Minnesota│Minnesota│Minnesota│Minnesota│Minnesota│Minnesota│Minnesota│Minnesota
TEAM_CITY	Houston│Houston│Houston│Houston│Houston│Houston│Houston│Houston
School Location	California│Minnesota│New Jersey│New Mexico│New York│New York│New York│New York
coll_shortname	Prudhoe_Bay_Veg_Maps_1387│Prudhoe_Bay_Veg_Maps_1387│Prudhoe_Bay_Veg_Maps_1387│Prudhoe_Bay_Veg_Maps_1387│Prudhoe_Bay_Veg_Maps_1387
TEAM_CITY	Cleveland│Cleveland│Cleveland│Cleveland│Cleveland│Cleveland│Cleveland│Cleveland
Cyclocross	Men│Haus/Cannondale│Haus/Cannondale│Berman
coupon	hotel│clean.
early_interval	Late Hemingfordian│Burdigalian│Burdigalian│Burdigalian│Burdigalian│Burdigalian│Burdigalian│Burdigalian
TEAM_CITY	Brooklyn│Brooklyn│Brooklyn│Brooklyn│Brooklyn│Brooklyn│Brooklyn│Brooklyn
country_id	Peru│Peru│Peru
placeLocation	Myrtle Beach, South Carolina│East Falkland, Falkland Islands│East Falkland, Falkland Islands│East Falkland, Falkland Islands│East Falkland, Falkland Islands│East Falkland, Falkland Islands│East Falkland, Falkland Islands
interaction_type	LeftGate│RightGate│LeftGate│RightGate│LeftGate│RightGate│Pushed│RightGate
[State Name]	Poison│Poison│Poison│Poison│Poison│Poison│Stone│Poison
ParentConceptid	GUIDELINE_TYPE_AUTHORITY_DOCUMENT.csv│GUIDELINE:1│GUIDELINE:1│GUIDELINE:1│GUIDELINE:1│GUIDELINE:1│GUIDELINE:1│GUIDELINE:1
Language_ID	pmv│pda│pdh│la│la│da│op│ks
__index_level_1__	Criterium│Criterium│Criterium│Criterium│Criterium│Criterium│Criterium│Criterium
Wind Direction	West│ESE│Calm│Calm│NE│East│East│East
Locality	PROCESS_LOCAL│PROCESS_LOCAL│PROCESS_LOCAL│PROCESS_LOCAL│PROCESS_LOCAL│PROCESS_LOCAL│PROCESS_LOCAL│PROCESS_LOCAL
interaction_type	LeftGate│LeftGate│RightGate│LeftGate│LeftGate│RightGate│PickedUp│LeftGate
TEAM_CITY	Indiana│Indiana│Indiana│Indiana│Indiana│Indiana│Indiana│Indiana
PORTFOLIO	East_Bay│East_Bay│East_Bay│East_Bay│East_Bay│East_Bay│Low_Fossil│Low_Fossil
Namespace	Pathfinder│Pathfinder
name	Elder/老人│Lyria/露莉亚│Lyria/露莉亚│Elder/老人
TEAM_CITY	Indiana│Indiana│Indiana│Indiana│Indiana│Indiana│Indiana│Indiana
Death?)	Future
Events	Fog│Fog│Fog│Fog│Fog
TEAM_CITY	LA│LA│LA│LA│LA│LA│LA│LA
widespread	leading│urban prefectures│in│of│brewing,│Aoi│recorded│World
PermissionType	full planning permission│full planning permission│full planning permission│full planning permission│full planning permission│full planning permission│full planning permission│full planning permission
Namespace	WebsiteAPIs│WebsiteAPIs│WebsiteAPIs│WebsiteAPIs
county	Meath│Offaly│Wexford│Carlow│Carlow│Carlow│Kilkenny│Kilkenny
venue_state	CA│GA│GA│TX│TX
infonet_id	InfoAsset ID
general_product_title	 Apples │ Yogurt │ Oreos │ Spinach │ Papaya │ Apples │ Hummus │ Carrots 
__index_level_25__	a│(a3)│that
TEAM_CITY	LA│LA│LA│LA│LA│LA│LA│Indiana
TEAM_CITY	Indiana│Indiana│Indiana│Indiana│Indiana│Indiana│Indiana│Indiana
Provider State	NV│NV│NV│NV│NV│NV│NV│NV
region	East│West│North│West│East│East│North│-1
Wind Direction	WNW│Variable│Calm│Calm│Variable│NW│WNW│Variable
Events	Thunderstorm│Rain-Thunderstorm│Rain-Thunderstorm│Rain-Thunderstorm│Fog
Wind Direction	Calm│Calm│Calm│Calm│Calm│NNE│Calm│ESE
parent	africa│africa│africa│africa│africa│africa│africa│africa
__index_level_0__	Anchored│[It]│A│This│This│a│What│Eastwood's
property_owner_addrprovince	TX│TX│TX
Wind Direction	Calm│Calm│Calm│Calm│Calm│Calm│Calm│Calm
TEAM_CITY	Washington│Washington│Washington│Washington│Washington│Washington│Washington│Washington
geoextent	National│Regional
Name	United States│Alabama│Alaska│Arizona│Arkansas│California│Colorado│Connecticut
name	Gudelia│mexicana│tuerckheimii
School Location	AUSTRALIA│CHINA│CHINA│CHINA│California│California│California│California
jurisdiction_id	ocd-jurisdiction/country:us/state:ar/government│ocd-jurisdiction/country:us/state:ar/government│ocd-jurisdiction/country:us/state:ar/government│ocd-jurisdiction/country:us/state:ar/government│ocd-jurisdiction/country:us/state:ar/government│ocd-jurisdiction/country:us/state:ar/government│ocd-jurisdiction/country:us/state:ar/government│ocd-jurisdiction/country:us/state:ar/government
TAO Covered BY Area	East of England│East of England│East of England│East of England│East of England│East of England│East of England│East of England
location_name_filter	Famagusta District, Cyprus│Famagusta District, Cyprus│Famagusta District, Cyprus│Famagusta District, Cyprus│Famagusta District, Cyprus│Famagusta District, Cyprus│Famagusta District, Cyprus│Famagusta District, Cyprus
Region	Baden-Wurttemberg│Bavaria│Berlin│Brandenburg│Bremen│Dolnośląskie│Germany│Hamburg
Language_ID	psc│psi│pca│pch│pma│pmv│pse│ca
Nature of institution	Recognised│Unrecognised│Not known
groupingname	Grouping-1│Grouping-2│Grouping-3│Grouping-3│Grouping-2
Wind Direction	ENE│Calm│East│East│East│Calm│North│East
__index_level_4__	Introduction│,0,
consented-illhistory-signs_symptoms_final_illness-Id10150	moderate
__index_level_1__	; Seasonally adjusted at annual rates                           │Quarterly data from 1947 To 2008│Bureau of Economic Analysis│Data published February 27, 2009 │File created 2/26/2009 11:06:02 AM│Line
substation_id	DOW_OSS│DOW_OSS│DOW_OSS│DOW_OSS│DOW_OSS│DOW_OSS│DOW_OSS│DOW_OSS
Wind Direction	WSW│WNW│NNW│SW│West│West│West│WNW
Wind Direction	WNW│West│West│West│West│West│West│West
OrganisationLabel	Castle Point Borough Council│Castle Point Borough Council│Castle Point Borough Council│Castle Point Borough Council│Castle Point Borough Council│Castle Point Borough Council│Castle Point Borough Council│Castle Point Borough Council
Wind Direction	WSW│SW│WSW│West│WNW│WNW│NW│WNW
name	Aceh│Bali│Bangka-Belitung│Bengkulu│Banten│Bengkulu│Gorontalo│Jambi
C21_admin	Somme│Lot-et-Garonne│Tarn│Orne│Maine-et-Loire│Pas de Calais│Cantal│Calvados
Wind Direction	NNW│WNW│WNW│WNW│West│West│West│West
Wind Direction	West│Calm│Calm│SW│WSW│West│SW│SW
value	Afaganistan│Afirka Ta Kudu│Aibari Kwas│Aisalan│Åland Islands│Albaniya│Aljeriya│Amurka
__index_level_1__	Cross Country│Cross Country│Cross Country│Cross Country│Cross Country│Cross Country│Cross Country│Cross Country
Category	General│General│General│General│General│General│General│General
Group	Sub-Saharan Africa│Sub-Saharan Africa│Sub-Saharan Africa│Sub-Saharan Africa│Sub-Saharan Africa│Sub-Saharan Africa│Sub-Saharan Africa│Sub-Saharan Africa
AZ	AZ│AZ│AZ│AZ│AZ│AZ│AZ│AZ
value	Abkhazian│Achinese│Acoli│Adangme│Adyghe│Afar│Afrihili│Afrikaans
Wind Direction	Calm│Calm│North│Calm│North│North│Variable│Calm
__index_level_1__	Illinois│Illinois│Illinois│Illinois│Illinois│Illinois│Illinois│Illinois
Wind Direction	Calm│South│SSW│SSW│SSW│SSW│SSW│WSW
Wind Direction	ENE│ENE│ENE│ENE│ENE│ENE│ENE│ENE
parentA_education	15│10│12│NC│12│15│15│NC
Identity	TE│TE│TE│TE│TE│EPI│TE│TE
interaction_type	PickedUp│LeftGate│LeftGate│LeftGate│LeftGate│LeftGate│LeftGate│LeftGate
value	Afganistaan│Afrik bŋ Worgo│Ajerbayjaan│Åland Islands│Alaseri│Albanii│Almaañ│Anndoora
__index_level_4__	Introduction│,9,
location_type	PA│BU│MI│PA│BU│MI│PA│BU
Method	Check│VisitMethodCall│ShouldCheckMethodOnType│Check│Check│ShouldCheckMethodOnType│VisitMemberBinding
StateCode	DC│VA
interaction_type	LeftGate│LeftGate│RightGate│LeftGate│LeftGate│RightGate│LeftGate│LeftGate
WMASF.DLL	WMASF.DLL│WMASF.DLL│WMASF.DLL│WMASF.DLL│WMASF.DLL│WMASF.DLL│WMASF.DLL│WMASF.DLL
Wind Direction	WSW│WSW│Calm│Calm│NNE│ENE│ENE│ENE
__index_level_1__	Downhill│Downhill│Downhill│Downhill│Downhill│Downhill│Downhill│Downhill
TEAM_CITY	Philadelphia│Philadelphia│Philadelphia│Philadelphia│Philadelphia│Philadelphia│Philadelphia│Philadelphia
code	CHEAONE│CHEATWO│CHOONE│CHOTWO
georeferenceSources	estimated from map│estimated from map│internal map│internal map│internal map│internal map│site centroid│site centroid
TEAM_CITY	Indiana│Indiana│Indiana│Indiana│Indiana│Indiana│Indiana│Indiana
location_code_filter	riga_planning_region_LV│riga_planning_region_LV│riga_planning_region_LV│riga_planning_region_LV│riga_planning_region_LV│riga_planning_region_LV│riga_planning_region_LV│riga_planning_region_LV
Wind Direction	South│SSW│SSW│SSW│SSW│SSW│SW│SW
Provider State	NM│NM│NM│NM│NM│NM│NM│NM
ordenvalido	Caryophyllales│Caryophyllales│Caryophyllales
Events	Snow│Snow│Snow│Snow│Snow│Snow│Fog
OrganisationLabel	North York Moors National Park Authority│North York Moors National Park Authority│North York Moors National Park Authority
Wind Direction	NE│NE│NE│NE│North│NE│NE│NE
Wind Direction	WSW│SW│SW│SW│SW│Calm│SW│SW
nombre	Aruba│Afganistan│Angola│Aingira│Aland│Albania│Andorra│Holandarren Antillak
Wind	NW│NW│NW│NW│WNW│WNW│WNW│WNW
Wind Direction	SSE│SE│SSE│SSE│ESE│ESE│SW│South
name	Fulfordiella│fuegiana
ethnicity	ethnicity│Hispanic│Mixed│Caucasian│Caucasian│Caucasian│Caucasian
name	Australian Capital Territory│New South Wales│Northern Territory│Queensland│South Australia│Tasmania│Victoria│Western Australia
County	County│OKALOOSA│County
Wind Direction	SW│SSW│SSW│Calm│Calm│Calm│Calm│South
__index_level_1__	Cross Country│Cross Country│Cross Country│Cross Country│Cross Country│Cross Country│Cross Country│Cross Country
Language_ID	pmv│pda│pdh│la│da│wi│wi│op
__index_level_4__	American│the│divided│small│a│the│prefecture│known
interaction_type	Pushed│PickedUp│RightGate│RightGate│LeftGate│RightGate│RightGate│LeftGate
__index_level_0__	Acton│Amesbury│Amherst│Arlington│Barnstable County│Barnstable│Belmont│Beverly
County	GREER│GREER│GREER│GREER│LINCOLN│LINCOLN│LINCOLN│LINCOLN
Active_BacVerNumber	Active_BacVerNumber│Active_BacVerNumber
Wind Direction	ENE│East│ENE│ENE│ENE│East│East│ESE
Wind	NNW│NW│W│W│SW│WSW│SSW│W
Wind Direction	Calm│SSW│SW│WNW│WNW│WNW│Calm│Calm
team	ONEBILLION│ONEBILLION│ONEBILLION│ONEBILLION│ONEBILLION│ONEBILLION│ONEBILLION│ONEBILLION
Wind Direction	Calm│WSW│Calm│Calm│Calm│Calm│North│NNW
program	Business│MSc│MSc│MA│MSc│MA│MA│MA
other2	stim2│na│na│na│na│na│na
__index_level_17__	s the │a caesarean sect│s the 
supplysector	trn_aviation_intl│trn_pass│trn_pass│trn_pass│trn_pass│trn_pass│trn_pass_road│trn_pass_road_bus
Events	Snow│Snow│Snow│Snow│Snow
Events	Snow
TEAM_CITY	LA│LA│LA│LA│LA│LA│LA│LA
Wind Direction	West│West│WNW│NNW│NNW│WNW│NW│NW
PA	PA│PA│PA│PA│PA
__index_level_1__	Annual data from 1969 To 2013│Bureau of Economic Analysis│Data published May 29, 2014      │File created 5/28/2014 5:04:03 PM│Line
especievalida	Geohintonia mexicana│Geohintonia mexicana│Geohintonia mexicana│Geohintonia mexicana│Geohintonia mexicana│Geohintonia mexicana│Geohintonia mexicana│Geohintonia mexicana
Events	Fog│Fog│Fog│Fog│Fog│Fog│Fog
Limsa	Limsa│New│Old│Middle│Lower│Eastern│Western│Upper
__index_level_426__	on│Co
TEAM_CITY	Milwaukee│Milwaukee│Milwaukee│Milwaukee│Milwaukee│Milwaukee│Milwaukee│Milwaukee
__index_level_2__	County│KENT│KENT│SUSSEX│SUSSEX│SUSSEX│KENT│SUSSEX
TEAM_CITY	LA│LA│LA│LA│LA│LA│LA│LA
TEAM_CITY	LA│LA│LA│LA│LA│LA│LA│LA
TEAM_CITY	New Orleans│New Orleans│New Orleans│New Orleans│New Orleans│New Orleans│New Orleans│New Orleans
Wind Direction	WSW│WSW│SSW│SW│SSW│West│SW│SW
name	Patellonectria│puiggarii
ept	al-geography/S92000003│al-geography/S12000013│al-geography/S12000036│al-geography/S12000042│al-geography/S12000014│al-geography/S12000029│al-geography/S12000006│al-geography/S12000035
Контрагент	Контрагент│Контрагент
County	County│BARBER│PIPESTONE│MURRAY│RENO│MONTGOMERY│County│SANTA ROSA
Namespace	ServerRegistrationManager│ServerRegistrationManager│ServerRegistrationManager
It	Cyclo-cross│Sheep│Junior│Junior│Springs,CO,0:19:36,│Planner│H,Morris,Denver,CO,0:19:36,Alpha
Unnamed: 0	Alabama│Alaska│Arizona│Arkansas│California│Colorado│Connecticut│Delaware
School Location	California│California│Colorado│Florida│MALAYSIA│Massachusetts│Massachusetts│Massachusetts
County	TRIGG│County│TETON│RUTHERFORD│RUTHERFORD│WOOD│TOOELE│MCDOWELL
groupingname	Grouping-1│Grouping-2│Grouping-3│Grouping-3│Grouping-2
Namespace	wyDay.Controls│wyDay.Controls│wyDay.Controls│wyDay.Controls│wyDay.Controls│wyDay.Controls│wyDay.Controls│wyDay.Controls
folder_owner_addrprovince	TX│TX│TX│TX│TX│TX
__index_level_142__	ALNVALUE
County	Monroe│Taylor│Hampshire│Mineral│Preston│Jackson│Randolph
Wind	NNE│NNE│NE│N│NNE│NNE│NNE│NNE
Wind Direction	West│West│West│WSW│WSW│WSW│SW│WSW
Events	Fog│Fog│Fog
__index_level_1059__	in│Bao
name	Aberdeenshire│Angus│Argyll│Avon│Ayrshire│Banffshire│Bedfordshire│Berkshire
Home	Hernandezfurt│Richfort│Marthafort│New Chelsea│North Matthew│Lisaton│Port Jonathan│Port Nicholas
registration	Scottsdale, Ariz. **│Panama, Pa. **│Veles, Macedonia│Kobenhavn, Denmark │Kumanovo, Macedonia│Dhaka, Bangladesh │Phoenix, Ariz.│Scottsdale, Ariz. **
location_name_filter	Panevėžys County, Lithuania│Panevėžys County, Lithuania│Panevėžys County, Lithuania│Panevėžys County, Lithuania│Panevėžys County, Lithuania│Panevėžys County, Lithuania│Panevėžys County, Lithuania│Panevėžys County, Lithuania
__index_level_2__	was
seq_TM-tmhmm	O│O│O│O│O│O│O│O
Region	Latin America & Caribbean│South Asia│Sub-Saharan Africa│Europe & Central Asia│Europe & Central Asia│Middle East & North Africa│Latin America & Caribbean
Hard	Detroit│Detroit's│Where│An│How│Hard│Detroit│Detroit's
Park	Cedar Point│Six Flags Magic Mountain│Cedar Point│Six Flags Magic Mountain│Six Flags Over Texas│Kennywood Park│Knott's Berry Farm│Buffalo Bill's Resort & Casino
Wind Direction	Calm│Calm│Calm│Calm│Calm│Calm│Calm│Calm
PORTFOLIO	East_Bay│East_Bay│East_Bay│East_Bay│East_Bay│East_Bay│Big_Gas│Big_Gas
Ca	Ca│Ca│Ca│Ca
Charging Agency	ST JOHNS COUNTY SHERIFFS OFFICE│ST JOHNS COUNTY SHERIFFS OFFICE│ST JOHNS COUNTY SHERIFFS OFFICE│ST JOHNS COUNTY SHERIFFS OFFICE
interaction_type	Pushed│LeftGate│LeftGate│RightGate│PickedUp│LeftGate│RightGate│LeftGate
geographic zone code	Ngorongoro1│Ngorongoro│Ngorongoro1│Ngorongoro│Ngorongoro1│Ngorongoro│Ngorongoro1│Ngorongoro
company.1	@joernchen,│at│we│if
economic	company│IN│the│the│in│in│5│in
status	PAYING│PAYING│PAYING│SELLING│SELLING│SELLING│SELLING
ordenvalido	Anura│Anura│Anura│Anura│Anura│Anura│Anura│Anura
__index_level_1__	; Seasonally adjusted at annual rates                           │Quarterly data from 1947 To 2009│Bureau of Economic Analysis│Data published February 26, 2010 │File created 2/25/2010 8:33:00 AM│Line
Wind Direction	West│West│WSW│WSW│SW│WSW│Calm│Calm
TEAM_CITY	Minnesota│Minnesota│Minnesota│Minnesota│Minnesota│Minnesota│Minnesota│Minnesota
Region	Latin America & Caribbean│South Asia│Sub-Saharan Africa│Europe & Central Asia│Europe & Central Asia│Middle East & North Africa│Latin America & Caribbean
Wind Direction	South│South│South│South│South│SSE│South│South
Wind Direction	NNE│NNE│North│NNE│NNE│NNE│North│North
Events	Fog│Fog│Fog
Events	Snow│Snow│Snow│Snow│Snow│Snow│Snow│Snow
Namespace	CSVLogAnalyser.Properties│CSVLogAnalyser│CSVLogAnalyser│CSVLogAnalyser│CSVLogAnalyser│CSVLogAnalyser│CSVLogAnalyser│CSVLogAnalyser
Wind Direction	SSE│Calm│NNE│NE│NNE│NE│ENE│East
Low	Low│Low│Medium│Low│Low│Low│Low│Low
__index_level_13__	in│Man│Movie...
geographical_scope	To be released nationwide in the next week or two│Regional│National
TEAM_CITY	LA│LA│LA│LA│LA│LA│LA│LA
V26	orderPres│1│2│3│4│5
OrganisationLabel	Rother District Council│Rother District Council│Rother District Council│Rother District Council│Rother District Council│Rother District Council│Rother District Council│Rother District Council
Wind Direction	West│ESE│Calm│Calm│NE│East│East│East
County	Wibaux│Glacier│Sheridan│Park│Yellowstone│Missoula│Yellowstone│Hill
Wind Direction	Calm│Calm│ENE│Calm│Calm│ENE│East│East
Unnamed: 0	Alabama│Alaska│Arizona│Arkansas│California│Colorado│Connecticut│Delaware
__index_level_318__	GW│in
__index_level_2__	County│WASHINGTON│KENT│KENT│PROVIDENCE│PROVIDENCE│KENT│PROVIDENCE
Wind Direction	Calm│Calm│Calm│Calm│Calm│Calm│SSE│SSE
Wind Direction	South│South│Calm│South│Calm│Calm│Calm│Calm
loc_1 _1	Massachusetts│New York│New York│New York│Ohio│Massachusetts│Texas│Australia
category	Household│Household│Household│Observation│Observation│Observation│Observation│Participant
TEAM_CITY	LA│LA│LA│LA│LA│LA│LA│LA
Wind Direction	South│SW│WSW│SW│WSW│Calm│Calm│Calm
__index_level_54__	The│for│chairman│China
Notes	Bayfield, WI│Ashland, WI│Iron River, WI│Minneapolis, MN; isolated population for a long time; coordinate│Grant County, WI│Burnett, WI│Nicholas County/Summersville, WV│Kiser Gap Rd Franklin, WV
primaryCategory	Mining│Mining│Mining│Mining│Mining│Mining│Mining│Mining
Tamarack	08/20/2006│Place,License│1,0,Cody,Rapp,,,6:16.03,│2,0,Daniel,Reed,,,6:27.78,│3,0,A.J.,Barclay,,,7:57.08,│08/20/2006│Place,License│1,233378,Kyle,Bickford,Peoria,AZ,6:18.02,
PORTFOLIO	Big_Coal│Big_Coal│Big_Coal│Big_Coal│Big_Coal│Big_Coal│Big_Gas│Big_Gas
__index_level_1__	Criterium│Criterium│Criterium│Criterium│Criterium│Criterium│Criterium│Criterium
-.1	SIDEB│Attack.
lgID	AL│AL│AL│AL│AL│AL│AL│AL
GEO.display-label	Geography│United States│North Carolina│Alamance County, North Carolina│Brunswick County, North Carolina│Buncombe County, North Carolina│Burke County, North Carolina│Cabarrus County, North Carolina
location	unknown│HK│HK│IN│IN│HK│IN│IN
Buffer (Km)	Si│Si
__index_level_1__	Cross Country│Cross Country│Cross Country│Cross Country│Cross Country│Cross Country│Cross Country│Cross Country
Wind Direction	South│South│SSW│SSW│SSW│SSW│SSW│SW
name	Alabama│Alaska│Arizona│Arkansas│California│Colorado│Connecticut│Delaware
Name	하루트│마루트│하루트│마루트
value	Abchazisch│Adangme│Adygees│Afaan Oromo│Afar│Afrihili│Afrikaans│Aghem
V26	orderPres│1│2│3│4│5
CharacteristicCategory	Region│Region│Region│Region│Region│Region│Region│Region
Domain	Oceanography│Oceanography│Oceanography│Oceanography│Fisheries│Oceanography│Oceanography│Fisheries
CODE_CCBIO	Acsac│Acsac│Cacar│Cacar│Caova│Caova│Pigla│Pigla
Event	Running│InputWindowOpen│KeyDown│KeyDown│KeyDown│KeyDown│KeySequenceStopped│InputWindowClosed
location_name_filter	Montana Province, Bulgaria│Montana Province, Bulgaria│Montana Province, Bulgaria│Montana Province, Bulgaria│Montana Province, Bulgaria│Montana Province, Bulgaria│Montana Province, Bulgaria│Montana Province, Bulgaria
County	Fayette│Mercer│Monongalia│Mason│Grant│Kanawha│Upshur
TEAM_CITY	LA│LA│LA│LA│LA│LA│LA│LA
Events	Fog│Fog│Fog│Fog│Fog│Fog│Fog
__index_level_1__	hours│TAM│6│2│8│8│MCBC│8
is	to│rain│?│?│?│saw│?│two-penny
Requirement	String│Wheat│Corn│Corn│Soybean│Carrot│Soybean│Wheat
MonitoringLocationIdentifier	organization-siteId2│organization-siteId2
interaction_type	Pushed│LeftGate│PickedUp│LeftGate│LeftGate│LeftGate│LeftGate│LeftGate
Wind Direction	NNE│NNE│NNE│NNE│NNE│North│NE│NNE
STD-L3	Columbia City│Huntington│Albion│Ceylon│Pleasant Mills│Fort Wayne│Woodburn│Huntertown
Velo	Circuit│Pro│Rosa,CA,,Marc│Pro│Pro│Dorado,CA,,Team│Rosa,CA,,Red
dc.coverage type=Country	coverage_type_country│Country│Please pick one or more countries the information product relate│select-m│copo-lookup2│countrieslist│dc.coverage│m
TEAM_CITY	Milwaukee│Milwaukee│Milwaukee│Milwaukee│Milwaukee│Milwaukee│Milwaukee│Milwaukee
TEAM_CITY	Sacramento│Sacramento│Sacramento│Sacramento│Sacramento│Sacramento│Sacramento│Sacramento
COUNTY	Kleberg│Collin│Hamilton│Harris│Tarrant│Guadalupe│Harris│Fort Bend
right	MC-SENT│MC-SENT
country_code_filter	LT│LT│LT│LT│LT│LT│LT│LT
Event	Running│InputWindowOpen│KeyDown│KeyDown│KeySequenceStopped│KeyDown│KeyDown│KeySequenceStopped
Method	Parse│Deserialize│ToDataType│Format│FormatIfExprIsDateTime│VisitBinary│VisitMember│ToHumanReadableSize
TEAM_CITY	Sacramento│Sacramento│Sacramento│Sacramento│Sacramento│Sacramento│Sacramento│Sacramento
field	Quantitative│Quantitative│Humanities│Humanities│Humanities│Humanities│Quantitative│Quantitative
1.	PLANNING
Data provider	Land Journal│Land Journal│Land Journal│Land Journal│Land Journal│Land Journal│Land Journal│Land Journal
lgID	NL│NL│NL│NL│NL│NL│NL│NL
value	Afrika ya Súdi│Afuganisita│Ajelbayidja│Alabu Nsawudi│Åland Islands│Alemanu│Alijantine│Alijeri
__index_level_1__	Cross Country│Cross Country│Cross Country│Cross Country│Cross Country│Cross Country│Cross Country│Cross Country
Composition:	10-11:│and│Castle
Wind Direction	ENE│Calm│Calm│Calm│Calm│Calm│ENE│ENE
Events	Fog│Fog│Fog
Wind Direction	NNE│NNE│NNE│NNE│NNE│North│NE│NNE
__index_level_1__	Marathon│Marathon│Marathon│Marathon│Marathon│Marathon│Marathon│Marathon
__index_level_419__	faxed│Ross
MonitoringLocationIdentifier	organization-siteId2│organization-siteId2│organization-siteId2│organization-siteId2
parent	About
TEAM_CITY	Golden State│Golden State│Golden State│Golden State│Golden State│Golden State│Golden State│Golden State
Órgão	SECRETARIA MUNICIPAL DE SAÚDE│SECRETARIA MUNICIPAL DE SAÚDE│SECRETARIA MUNICIPAL DE SAÚDE│SECRETARIA MUNICIPAL DE EDUCAÇÃO│SECRETARIA MUNICIPAL DE EDUCAÇÃO│SECRETARIA MUNICIPAL DE ADMINISTRAÇÃO│SECRETARIA MUNICIPAL DE ADMINISTRAÇÃO│SECRETARIA MUNICIPAL DE ADMINISTRAÇÃO
Wind Direction	South│East│ENE│NNE│NE│North│East│ESE
infonet_id	InfoAsset ID
Wind Direction	West│SW│SW│SW│SW│SW│SW│WSW
Wind Direction	SE│SSE│SSE│South│South│South│South│South
EstadoDoc	Si│Si│Si│Si│Si│Si
-.1	from│Archers│BARBARIAN│BARBARIANS│ARCHERS│ARCHERS│BARBARIANS
TEAM_CITY	Minnesota│Minnesota│Minnesota│Minnesota│Minnesota│Minnesota│Minnesota│Minnesota
Unnamed: 0	Alabama│Alaska│Arizona│Arkansas│California│Colorado│Connecticut│Delaware
Wind Direction	Calm│North│Calm│Variable│SW│Calm│Calm│SSW
Web	Worldwide│Interest│Week,Charitable│2004-01-04│2004-01-11│2004-01-18│2004-01-25│2004-02-01
interaction_type	PickedUp│LeftGate│RightGate│LeftGate│RightGate│LeftGate│LeftGate│LeftGate
County	County│KANAWHA│CAMPBELL│WILKES│KEMPER│WILKES│POLK│SURRY
season	1│1│1│1│1│1│1│1
Events	Fog│Fog│Fog│Fog│Fog│Fog│Fog
__index_level_17__	Location│EU (Ireland)
Arabic_Names	اجينيا ايفان سموكينا نصار متأهلة نصار│شارل ادمون سعد│اسكندر يوناكي حنا│هاني محمود زمزم│رجا عباس بو فخر الدين│وديع اميل ضاهر│مايا طعان عرنوس│نجيب شفيق سعاده
cs5Label	Other info│Other info│Other info
name	Ditopellina│saccardiana
interaction_type	PickedUp│Pushed│PickedUp│RightGate│RightGate│RightGate│LeftGate│LeftGate
Unnamed: 0	Alabama│Alaska│Arizona│Arkansas│California│Colorado│Connecticut│Delaware
X	Cyclo-cross│Elite│Cycle│Cycle│Collins,CO,48:09.3,First│Giant│CLIF
__index_level_1__	Criterium│Criterium│Criterium│Criterium│Criterium│Criterium│Criterium│Criterium
name	Balu shahi│Boondi│Gajar ka halwa│Ghevar│Gulab jamun│Imarti│Jalebi│Kaju katli
TEAM_CITY	Washington│Washington│Washington│Washington│Washington│Washington│Washington│Washington
Cup	Cross│BLACKSTAR│Springs,CA,3:16:09.92,BEAR│CHINA,San│Cross
note	 │ │ Humboldtina bonplandi
interaction_type	PickedUp│LeftGate│RightGate│LeftGate│RightGate│RightGate│RightGate│LeftGate
Wind Direction	Calm│Calm│ENE│Calm│Calm│ENE│East│East
TT	Velo│Springs,CO,28:17.8,Cafe
patterns_u	Not significant│Not significant│Not significant│Not significant│Not significant│Not significant│Not significant│Not significant
Region	NV│NV│NV│NV│NV│NV│NV│NV
Wind Direction	SSW│SSW│SW│SW│SW│SW│SW│SW
OrganisationLabel	Cannock Chase Council │Cannock Chase Council │Cannock Chase Council │Cannock Chase Council │Cannock Chase Council │Cannock Chase Council │Cannock Chase Council │Cannock Chase Council 
Provider State	DC│DC│DC│DC│DC│DC│DC│DC
Wind Direction	NNW│WNW│NW│NW│West│West│NW│NW
county	County of Hawaii│County of Hawaii│County of Hawaii│County of Hawaii│County of Hawaii│County of Hawaii│County of Hawaii│County of Hawaii
Departments	Water Authority│PWD│KSEB│Water Authority│Water Authority│Water Authority│PWD│KSRTC
Events	Snow│Snow│Snow│Snow
Wind Direction	Calm│Calm│Calm│Calm│Calm│NE│ENE│ENE
VA/CA	VA/CA│VA/NM│VA/NM│VA/CA
Namespace	Cadenza│Cadenza.Collections│Cadenza
Method	Main│Main│Main│Main
Wind Direction	Calm│West│NW│NW│Calm│Calm│West│WSW
interaction_type	PickedUp│LeftGate│LeftGate│RightGate│LeftGate│LeftGate│RightGate│RightGate
Unnamed: 2	PRO
.bss_flags	WA│WA│WA
groupingname	Grouping-1│Grouping-2│Grouping-3│Grouping-3│Grouping-2
Wind Direction	South│South│South│South│South│South│South│South
venue_state	IN│GA│GA│IN│KY│IN│CA
School Location	Alaska│California│California│California│Connecticut│Connecticut│Connecticut│Georgia
TEAM_CITY	Minnesota│Minnesota│Minnesota│Minnesota│Minnesota│Minnesota│Minnesota│Minnesota
Wind Direction	South│Calm│Calm│Calm│Calm│Calm│SW│SW
interaction_type	PickedUp│PickedUp│LeftGate│LeftGate│RightGate│RightGate│LeftGate│LeftGate
GEO.display-label	Geography│United States│North Carolina│Durham County, North Carolina│Forsyth County, North Carolina│Guilford County, North Carolina
Home	Changchester│West Tammyfort│Hullport│Howardborough│West Donald│New Laurenside│West Corey│Port Gabriellafort
If the media is associated with other sections, distinct from it's primary instance, please note them here as you did for the initial placement, with document title and text references. If there is more than one association, separate them with semicolons.	Associations
Wind Direction	Calm│Calm│South│SW│WSW│WSW│WSW│WSW
Data provider	Land Journal│Land Journal│Land Journal│Land Journal│Land Journal│Land Journal│Land Journal│Land Journal
Wind Direction	Calm│Calm│Calm│Calm│Calm│WNW│NW│NE
Wind Direction	SSW│South│SSW│SW│WSW│Calm│Calm│Calm
County	CROOK│BLAINE│CROOK│County│SEMINOLE│HOUSTON│BERKS│BALTIMORE
reservoir	Lake Coeur D'Alene│Lake Pend Oreille│Priest Lake│Dworshak│Magic│Blackfoot│Oakley│Salmon Falls
TEAM_CITY	Memphis│Memphis│Memphis│Memphis│Memphis│Memphis│Memphis│Memphis
Wind Direction	ESE│ESE│ESE│ESE│ESE│ESE│ESE│ESE
Source	Mayo Clinic│Mayo Clinic│Mayo Clinic│Mayo Clinic│NBME│NBME
Wind Direction	SSW│SSW│SW│SW│SW│SW│SW│SW
__index_level_15__	DIRECTION
region_code_filter	aquitaine│aquitaine│aquitaine│aquitaine│aquitaine│aquitaine│aquitaine│aquitaine
County	Clark│Humboldt│Clark│Mineral│Clark│Washoe│Pershing│Clark
Tamil (India)(ta-IN)	இப்பகுதியில் கொஞ்சம் பாங்குகள் அல்லது விவரங்களைத் தேடுங்கள்│AR தொடங்குகிறது│இங்கே இருட்டாக இருக்கிறது. வெளிச்சம் உள்ள இடத்திற்குச் செல்லுங்க│மெதுவாக நகர முயற்சிக்கவும்│கண்காணிப்பு தொடங்க காத்திருக்கவும்│AR அம்சம் ஆதரிக்கப்படவில்லை│ கண்காணிக்க ஒரு உடலைக் கண்டுபிடிக்கவும்│கண்காணிக்க ஒரு முகத்தைக் கண்டறியவும்
topic_description	HOBBIES_AND_CRAFTS│HOBBIES_AND_CRAFTS│HOBBIES_AND_CRAFTS│HOBBIES_AND_CRAFTS│HOBBIES_AND_CRAFTS│HOBBIES_AND_CRAFTS│HOBBIES_AND_CRAFTS│HOBBIES_AND_CRAFTS
__index_level_2__	County│BRISTOL│WASHINGTON│WASHINGTON│KENT│KENT│PROVIDENCE│KENT
mudel	Terrano│Terrano│Terrano│Terrano
of	Cross│Chico│Leandro,CA,1:40:27,Cannondale│Valley,CA,1:42:39,Team│Sport
term	Winter│Winter│Winter│Winter│Winter│Winter│Winter│Winter
category	Household│Household│Household│Household│Household│Household│Observation│Observation
County	Washington│Cumberland│Somerset│Kennebec│Cumberland│Oxford│Hancock│York
TEAM_CITY	Brooklyn│Brooklyn│Brooklyn│Brooklyn│Brooklyn│Brooklyn│Brooklyn│Brooklyn
DeviceId	FARMLTC│FARMLTC│FARMLTC│FARMLTC│FARMLTC│FARMLTC│FARMLTC│FARMLTC
CARD	SURVEY
origin_cf_job	unskilled - resident│unskilled - resident
geocoverage	European Union│European Union│European Union
Comment	 Name of the mission
Mountain	Country│Cycles
seq_TM-tmhmm	O│O│O│O│O│O│O│O
School Location	CANADA│CANADA│CHINA│Connecticut│Georgia│Maine│Maryland│Maryland
location_code_filter	montana_province_BG│montana_province_BG│montana_province_BG│montana_province_BG│montana_province_BG│montana_province_BG│montana_province_BG│montana_province_BG
như	tôi│mình│mà│ông│là│cho│trên│là
Events	Fog│Fog│Fog│Fog│Fog│Fog│Fog│Fog
alecm122|34279|Grancrest	Asuka│Series|6|6|1|Low│Aoshi|5|24|2|Low│Aoshi:│Shirayuki-hime|5|12|2|Low│Kanojo|5|25|2|Low
Target Type	State│State│State│State│State│State│State│State
TEAM_CITY	LA│LA│LA│LA│LA│LA│LA│LA
location_name_filter	Virovitica-Podravina County, Croatia│Virovitica-Podravina County, Croatia│Virovitica-Podravina County, Croatia│Virovitica-Podravina County, Croatia│Virovitica-Podravina County, Croatia│Virovitica-Podravina County, Croatia│Virovitica-Podravina County, Croatia│Virovitica-Podravina County, Croatia
TEAM_CITY	Minnesota│Minnesota│Minnesota│Minnesota│Minnesota│Minnesota│Minnesota│Minnesota
customerState	Louisiana│Virginia│Ohio│Indiana│SouthDakota│Texas│Massachusetts│Idaho
__index_level_29__	total)│of│of│people)
would	it's│in│Or│the
Wind Direction	Variable│NNE│Calm│North│Calm│Calm│Calm│Calm
|Army	Hall│Barbarians│and│Rhinoceros│1.3
topic_description	AIR_POLLUTION│AIR_POLLUTION│AIR_POLLUTION│AIR_POLLUTION│AIR_POLLUTION│AIR_POLLUTION│AIR_POLLUTION│AIR_POLLUTION
folder_owner_addrprovince	TX│TX│TX│TX│TX│TX│TX│TX
NMSPC_CD	KC-NEGOTIATION│KC-SYS│KC-SYS│KC-SYS│KC-NEGOTIATION│KC-NEGOTIATION│KC-NEGOTIATION│KC-AWARD
Region	Latin America & Caribbean│South Asia│Sub-Saharan Africa│Europe & Central Asia│Europe & Central Asia│Middle East & North Africa│Latin America & Caribbean
Dash	Race
TEAM_CITY	Dallas│Dallas│Dallas│Dallas│Dallas│Dallas│Dallas│Dallas
Event	Running│InputWindowOpen│KeyDown│KeyDown│KeySequenceStopped│InputWindowClosed│DecisionFabInput│NewPolicyMeetDesignGoals
Wind Direction	NNE│NNE│NE│NNE│North│North│North│North
was_home	New Alyssaland│Elizabethshire│Ortegafurt│South Christopherview│West Tyler│West Michael│East Denise│South Rachel
region_name_filter	Klaipėda County│Klaipėda County│Klaipėda County│Klaipėda County│Klaipėda County│Klaipėda County│Klaipėda County│Klaipėda County
Wind Direction	WSW│SW│SW│SW│SW│Calm│SW│SW
category	Asbestos, Environment, Licenses│Construction│Crime│Crime│Crime│Demographics│Drinking Water│Drinking Water
Provider State	NM│NM│NM│NM│NM│NM│NM│NM
Speaker	Sanyam Bhutani│Andrew Shaw│Sanyam Bhutani│Andrew Shaw│Sanyam Bhutani│Andrew Shaw│Sanyam Bhutani│Andrew Shaw
Wind Direction	WNW│NW│NW│NW│NW│NNW│NW│NW
name	Aberdeenshire│Angus│Argyll│Avon│Ayrshire│Banffshire│Bedfordshire│Berkshire
Wind Direction	SE│SE│SSE│SE│SSE│SE│SSE│SE
TEAM_CITY	Atlanta│Atlanta│Atlanta│Atlanta│Atlanta│Atlanta│Atlanta│Atlanta
TEAM_CITY	Utah│Utah│Utah│Utah│Utah│Utah│Utah│Utah
Sophomore	Sophomore│Sophomore│Sophomore│Sophomore│Sophomore│Junior│Graduate Student│Sophomore
lgID	AL│AL│AL│AL│AL│AL│AL│AL
County	MCCLAIN│HILL│DALLAS│DALLAS│DALLAS│ELLIS│County│ELLIS
Wind Direction	Calm│Calm│ENE│Calm│Calm│ENE│East│East
UnoControlContainerModel	UnoControlContainerModel│UnoControlContainerModel│UnoControlContainerModel│UnoControlContainerModel│UnoControlContainerModel│UnoControlContainerModel│UnoControlContainerModel│UnoControlContainerModel
value	Abkhazian│Achinese│Acoli│Adangme│Adyghe│Afar│Afrihili│Afrikaans
run4name	OXFORD ART│QADIR│ALDINI│SHARDS│CANNY HENRY│ALKAASHEF│COURT IT ALL│LOUISIANA ROUGE
__index_level_923__	coal│in
Wind Direction	SW│South│South│South│South│South│South│South
Wind Direction	ENE│Calm│Calm│Calm│Calm│West│Calm│Calm
2013 position (if different)	then a Clark County district judge
country_code_filter	LV│LV│LV│LV│LV│LV│LV│LV
interaction_type	RightGate│RightGate│LeftGate│LeftGate│RightGate│RightGate│RightGate│LeftGate
idDominio	{idDominio}│{idDominio}
ORowSet	ORowSet│ORowSet│ORowSet│ORowSet│ORowSet│ORowSet│ORowSet│ORowSet
topic_description	FAMILY_LIFE│FAMILY_LIFE│FAMILY_LIFE│FAMILY_LIFE│FAMILY_LIFE│FAMILY_LIFE│FAMILY_LIFE│FAMILY_LIFE
County	Dewey│Clay│Tripp│Davison│Faulk│Minnehaha│Edmunds│Meade
USPS	AL│AK│AZ│AR│CA│CO│CT
outcome	Grasby2020surfarea│Grasby2020surfarea│Grasby2020surfarea│Grasby2020surfarea│Grasby2020surfarea│Grasby2020surfarea│Grasby2020surfarea│Grasby2020surfarea
Jurisdiction	PROVINCE OBERÖSTERREICH│BAVARIA│BRANDENBURG│VILSANDI ISLAND│VOOREMAA│NAVARRA│HÄME PROVINCE
Unnamed: 0	Alabama│Alaska│Arizona│Arkansas│California│Colorado│Connecticut│Delaware
mfr	Nabisco│Quaker Oats│Kellogs│Kellogs│Ralston Purina│General Mills│Kellogs│General Mills
Unnamed: 12	Two│Evidence of Tuberculosis│Two
-.1	from│Archers│BARBARIAN│BARBARIANS│ARCHERS│ARCHERS│BARBARIANS
OrganisationLabel	Harborough District Council│Harborough District Council│Harborough District Council│Harborough District Council│Harborough District Council│Harborough District Council│Harborough District Council│Harborough District Council
intent	negate│negate│negate│negate│negate│negate│negate│negate
Namespace	BianduiLiebiaoChajian│BianduiLiebiaoChajian│BianduiLiebiaoChajian│BianduiLiebiaoChajian│BianduiLiebiaoChajian│BianduiLiebiaoChajian│BianduiLiebiaoChajian│BianduiLiebiaoChajian
Unnamed: 0	Alabama│Alaska│Arizona│Arkansas│California│Colorado│Connecticut│Delaware
TEAM_CITY	Washington│Washington│Washington│Washington│Washington│Washington│Washington│Washington
EstadoDoc	Si│Si│Si│Si│Si│Si│Si│Si
placeLocation	Athens, Greece│Athens, Greece│Athens, Greece│Ferrycarrig, Ireland│Ferrycarrig, Ireland│Berlin, Germany│Berlin, Germany│Berlin, Germany
TEAM_CITY	LA│LA│LA│LA│LA│LA│LA│LA
ANSI	AL│AK│AZ│AR│CA│CO│CT
name	Waldemaria│argentea│pernambucensis
value	অসমীয়া│Abkhazian│Achinese│Acoli│Adangme│Adyghe│Afar│Afrihili
cs5Label	Other info│Other info│Other info
country_name_filter	Cyprus│Cyprus│Cyprus│Cyprus│Cyprus│Cyprus│Cyprus│Cyprus
EstadoDoc	Si│Si
interaction_type	LeftGate│LeftGate│LeftGate│RightGate│RightGate│RightGate│LeftGate│LeftGate
Language_ID	psi│pmv│pse│ma│pwc│pdh│la│ch
__index_level_9__	adventure;│environmental│in│for│adventure;│environmental│in
FolderName	Hexdump│Timing│Timing│Timing│Timing│Timing│My maps│My maps
Удалено	Удалено│Удалено
Wind Direction	SW│SSW│SSW│Calm│SSW│SW│SW│SSW
TEAM_CITY	New Orleans│New Orleans│New Orleans│New Orleans│New Orleans│New Orleans│New Orleans│New Orleans
interaction_type	Pushed│PickedUp│RightGate│LeftGate│RightGate│RightGate│LeftGate│RightGate
interaction_type	LeftGate│LeftGate│RightGate│LeftGate│LeftGate│RightGate│LeftGate│LeftGate
Name	Alabama│Alaska│Arizona│Arkansas│California│Colorado│Connecticut│Delaware
nombreProducto	Tapa diseño│Tapa diseño│Tapa diseño│Tapa diseño
__index_level_1__	Cross Country│Cross Country│Cross Country│Cross Country│Cross Country│Cross Country│Cross Country│Cross Country
UnoControlContainerModel	UnoControlContainerModel│UnoControlContainerModel│UnoControlContainerModel│UnoControlContainerModel│UnoControlContainerModel│UnoControlContainerModel│UnoControlContainerModel│UnoControlContainerModel
Wind Direction	North│Variable│NNE│Calm│Calm│Calm│Calm│Calm
__index_level_2__	Line│1
Wind Direction	SSE│SSE│South│South│South│South│South│South
interaction_type	Pushed│PickedUp│LeftGate│RightGate│RightGate│LeftGate│LeftGate│LeftGate
County	County│BAY│LAFAYETTE│PUTNAM│County│PLAQUEMINES│LEVY│FLAGLER
Headnote	Chronicles d'Engleterre│Troie Fragments│Scala Chronica│Apocalypse│Plinius Iunior, etc.│Sermons in French and Latin│WACE. CHRESTIEN DE TROYES. LIVES OF SAINTS. SOMME LE ROY, ETC│Medica
outcome	Beecham2014vbiany│Beecham2014vbiany│Beecham2014vbiany│Beecham2014vbiany│Beecham2014vbiany│Beecham2014vbiany│Beecham2014vbiany│Beecham2014vbiany
OrganisationLabel	Erewash Borough Council│Erewash Borough Council│Erewash Borough Council│Erewash Borough Council│Erewash Borough Council│Erewash Borough Council│Erewash Borough Council│Erewash Borough Council
place	Alabama│Alaska│Arizona│California│Colorado│Connecticut│Delaware│District of Columbia
LibraryLayout	SINGLE│SINGLE│SINGLE│SINGLE│SINGLE│SINGLE│SINGLE│SINGLE
cenario	não gamificado│não gamificado│gamificado│gamificado│gamificado│gamificado│não gamificado│não gamificado
Project	CmsData│CmsData│CmsData│CmsData│CmsData│CmsData│CmsData│CmsData
other2	stim2│na│na│na│na│na│na
TEAM_CITY	Philadelphia│Philadelphia│Philadelphia│Philadelphia│Philadelphia│Philadelphia│Philadelphia│Philadelphia
__index_level_1__	Cross Country│Cross Country│Cross Country│Cross Country│Cross Country│Cross Country│Cross Country│Cross Country
ParallelAcquisitionTechnique	GRAPPA│GRAPPA│GRAPPA
ActivityMediaSubdivisionName	activityMediaSubdivNameStewards│activityMediaSubdivNameStewards│activityMediaSubdivNameStewards│activityMediaSubdivNameNwis│activityMediaSubdivNameNwis│activityMediaSubdivNameNwis
LenderState	VA│VA│VA│VA│VA│VA│VA│VA
value	Abkhazian│Achinese│Acoli│Adangme│Adyghe│Afar│Afrihili│Afrikaans
Steward	geo│geo│geo
party_type	IN│GR│CO│IN│GR│CO│IN│GR
Region	Cascadia│Cascadia│Cascadia│Cascadia│Cascadia│Cascadia│Cascadia│Cascadia
ft_genreBig	Middle-Eastern│Middle-Eastern│Asian│Middle-Eastern│Asian
__index_level_1__	Criterium│Criterium│Criterium│Criterium│Criterium│Criterium│Criterium│Criterium
name	Achnophora│tatei
County	Adair│Adams│Allamakee│Appanoose│Audubon│Benton│Black Hawk│Boone
DistConocida	Si│Si│Si│Si│Si│Si│Si│Si
to.2	of│IN│transaction│8│$383,000,│or│narrowed│or
Wind Direction	Calm│Calm│Calm│Calm│Calm│NNW│NNW│NNE
time_unit	ms│ms│ms│ms│ms│ms
LENORE	ALINA│LENORE│ALINA│LENORE│ALINA│LENORE│ALINA│LENORE
TYPE_2	District│District│District│District│District│District│District│District
topic_description	SOCIAL_CHANGE│SOCIAL_CHANGE│SOCIAL_CHANGE│SOCIAL_CHANGE│SOCIAL_CHANGE│SOCIAL_CHANGE│SOCIAL_CHANGE│SOCIAL_CHANGE
was_home	New Shellyland│North Sherriburgh│Sharonshire│West Vanessa│Maryshire│West Joshua│Lake Dana│West Sarah
Events	Fog│Fog│Fog
S3	GLAccountCode
value	Abkhazia│Achinese│Adangme│Adyghe│Afar│Afrihili│Afrikaans│Aghem
name	Amalago│antillana│malamiri
Wind Direction	SE│SSE│Calm│Calm│Calm│East│East│East
Wind Direction	ESE│Calm│Calm│Calm│Calm│Calm│Calm│Calm
LocationDesc	Tennessee│Montana│Alabama│North Dakota│Puerto Rico│Guam│Kansas│New York
__index_level_419__	faxed│Ross
Region	Latin America & Caribbean│South Asia│Sub-Saharan Africa│Europe & Central Asia│Europe & Central Asia│Middle East & North Africa│Latin America & Caribbean
interaction_type	Pushed│LeftGate│RightGate│RightGate│PickedUp│RightGate│RightGate│RightGate
TEAM_CITY	New York│New York│New York│New York│New York│New York│New York│LA
professional_profile	Statistics│Agriculture│Agriculture│Agriculture│Agriculture
Wind Direction	South│Calm│Calm│East│ESE│ESE│ESE│ESE
Wind	NE│NNE│NE│NNE│NE│NE│NE│NE
folder_owner_addrprovince	TX│TX│TX│TX│T│TX│TX│T
Wind Direction	NE│NE│ENE│ENE│ENE│ENE│East│East
County	SHAWANO│County│RENVILLE│FORT BEND│ISSAQUENA│HINDS│COFFEE│LANGLADE
geo_loc_name (city)	North Kelly│Carlashire│South Sandramouth│East Yesenia│Harmonshire│West Sarahfort│Vargasburgh│New Pattyview
__index_level_1__	; Seasonally adjusted at annual rates                           │Quarterly data from 1947 To 2006│Bureau of Economic Analysis│Data published September 28, 2006│File created 9/27/2006 8:43:15 AM│Line
Provider State	VT│VT│VT│VT│VT│VT│VT│VT
Wind Direction	SW│SW│SW│SW│SW│SW│WSW│WSW
__index_level_1__	Cross Country Marathon│Cross Country Marathon│Cross Country Marathon│Cross Country Marathon│Cross Country Marathon│Cross Country Marathon│Cross Country Marathon│Cross Country Marathon
Steward	geo│geo│geo
OrganisationLabel	North York Moors National Park Authority│North York Moors National Park Authority│North York Moors National Park Authority│North York Moors National Park Authority
NA	NY│NY│NY│NY
interaction_type	RightGate│RightGate│PickedUp│RightGate│LeftGate│LeftGate│RightGate│LeftGate
Wind Direction	SE│Calm│Calm│Calm│NNW│ENE│ESE│Calm
label	Glasgow City│Inverclyde│Dundee City│West Dunbartonshire│Clackmannanshire│North Ayrshire│Renfrewshire│East Ayrshire
__index_level_2__	County│KENT│KENT│SUSSEX│SUSSEX│SUSSEX│KENT│SUSSEX
Wind	W│WSW│W│W│WNW│WNW│W│W
interaction_type	RightGate│RightGate│RightGate│RightGate│RightGate│Pushed│RightGate│LeftGate
GEO.display-label	Geography│United States│North Carolina│Durham County, North Carolina│Forsyth County, North Carolina│Guilford County, North Carolina
|Town	70│and│Fair
County	New Castle│Sussex│New Castle│New Castle│Sussex│Sussex│New Castle│New Castle
ID	psi-930-1-1│pch-930-1-1│pma-930-1-1│pmv-930-1-1│cr-930-1-1│hi-930-1-1│hi-930-2-1│ma-930-1-1
name	Alabama│Alaska│Arizona│Arkansas│California│Colorado│Connecticut│Delaware
Regional	Country│PB│FISHER│EXPERTS
Wind Direction	NW│NW│NNW│NNW│North│North│North│NNW
Events	Fog│Fog│Fog│Fog
Wind Direction	SSW│SSW│SSW│South│SSW│South│South│SSE
PORTFOLIO	Big_Coal│Big_Coal│Big_Coal│Big_Coal│Big_Coal│Big_Coal│Big_Gas│Big_Gas
was_home	New Michaelport│Jonesville│Port Catherine│South Leslie│Daltonberg│Pattonview│Petersonhaven│Port Brady
County	County│ANDERSON│CLEVELAND│County
value	Abchazisch│Adangme│Adygees│Afaan Oromo│Afar│Afrihili│Afrikaans│Aghem
DL State	FL│FL│FL│FL│FL│FL│FL│FL
Road	Road│Octane│Jose,CA,,Team│Rosa,CA,,Bear│Del│Mike's│Jose,CA,,SquadraSF
County	Cumberland│Oxford│York│Franklin│Cumberland│York│Cumberland│Somerset
subregion4	West│South│South│West│West│West│Northeast│South
Method	Map│Map
TEAM_CITY	Minnesota│Minnesota│Minnesota│Minnesota│Minnesota│Minnesota│Minnesota│Utah
team_division_pre2002	NFC West│NFC East│NFC East│NFC West│AFC Central│AFC East│NFC West│NFC Central
TEAM_CITY	Brooklyn│Brooklyn│Brooklyn│Brooklyn│Brooklyn│Brooklyn│Brooklyn│Brooklyn
Wind Direction	ENE│NE│Calm│NNW│NNE│East│Calm│Calm
interaction_type	PickedUp│Pushed│LeftGate│RightGate│LeftGate│LeftGate│RightGate│LeftGate
type	NON│NON│NON│NON│NON│NON│NON│NON
StateCode	VA│VA│VA│VA│VA│VA│VA│VA
Wind Direction	Calm│Calm│Calm│NNE│NE│ENE│NNE│NE
topic_description	FAMILY_LIFE│FAMILY_LIFE│FAMILY_LIFE│FAMILY_LIFE│FAMILY_LIFE│FAMILY_LIFE│FAMILY_LIFE│FAMILY_LIFE
X	Cyclo-cross│Fernando│Giant│Cycle│Springs,CO,0:59:15.00,Evol│Cycle│Cycle
EvalPeriod	(I) LastWeek│(I) LastWeek│(I) LastWeek│(I) LastWeek│(I) LastWeek│(I) LastWeek│(I) LastWeek│(I) LastWeek
Wind	NW│NW│WNW│NW│NW│NNW│NW│NW
Type	PW_Lists│PW_Lists│PW_Lists│PW_Lists│PW_Lists│PW_Lists│PW_Lists│PW_Lists
seq_TM-tmhmm	O│O│O│O│O│O│O│O
Wind Direction	NNE│NE│East│NNE│East│North│NE│ESE
Event	Running│InputWindowOpen│InputWindowClosed│DecisionAcceptAllInput│NewPolicyMeetDesignGoals│KeyDown│KeyDown│KeyDown
Wind Direction	North│North│North│North│North│North│North│North
Provider State	NM│NM│NM│NM│NM│NM│NM│NM
interaction_type	PickedUp│Pushed│Pushed│RightGate│LeftGate│RightGate│LeftGate│RightGate
jurisdiction_id	ocd-jurisdiction/country:us/state:sc/government│ocd-jurisdiction/country:us/state:sc/government│ocd-jurisdiction/country:us/state:sc/government│ocd-jurisdiction/country:us/state:sc/government│ocd-jurisdiction/country:us/state:sc/government│ocd-jurisdiction/country:us/state:sc/government│ocd-jurisdiction/country:us/state:sc/government│ocd-jurisdiction/country:us/state:sc/government
Wind Direction	SE│East│SE│SE│SSE│SSE│South│South
Method	JwtAuthenticationHandler│GetAuthenticationResult│GetAuthenticationResult
TEAM_CITY	Minnesota│Minnesota│Minnesota│Minnesota│Minnesota│Minnesota│Minnesota│Minnesota
OrganisationLabel	Christchurch Borough Council│Christchurch Borough Council│Christchurch Borough Council│Christchurch Borough Council│Christchurch Borough Council│Christchurch Borough Council│Christchurch Borough Council│Christchurch Borough Council
Wind	SSW│NW│NW│NW│NW│NW│NW│NNW
DL State	FL│FL│FL│FL│FL│FL│FL│FL
Application	Blockatron│Blockatron│Blockatron│Blockatron│Blockatron│Blockatron│Application
OrganisationLabel	North East Derbyshire District Council│North East Derbyshire District Council│North East Derbyshire District Council│North East Derbyshire District Council│North East Derbyshire District Council│North East Derbyshire District Council│North East Derbyshire District Council│North East Derbyshire District Council
location_name_filter	Lower Silesian Voivodeship, Poland│Lower Silesian Voivodeship, Poland│Lower Silesian Voivodeship, Poland│Lower Silesian Voivodeship, Poland│Lower Silesian Voivodeship, Poland│Lower Silesian Voivodeship, Poland│Lower Silesian Voivodeship, Poland│Lower Silesian Voivodeship, Poland
Wind Direction	NE│NE│North│NNE│NE│NNE│NE│NE
Wind Direction	WSW│SW│SW│SW│SW│Calm│SW│SW
__index_level_1__	; Seasonally adjusted at annual rates                           │Quarterly data from 1947 To 2006│Bureau of Economic Analysis│Data published February 28, 2007 │File created 2/28/2007 7:38:53 AM│Line
TEAM_CITY	LA│LA│LA│LA│LA│LA│LA│LA
Wind Direction	NNE│NNE│North│NNE│NNE│NNE│North│North
top_samp	Corrosol│Green│Green│Corrosol│Corrosol│Corrosol│Corrosol│Corrosol
Status	Operational│Operational│Operational│Operational│Operational│Operational│Operational│Operational
Wind Direction	Calm│North│Calm│Calm│Calm│Calm│Calm│Calm
Wind Direction	North│North│North│NNE│NE│NE│NE│NE
DL State	FL│FL│FL│FL│FL│FL│FL│FL
tile	NE│NE│NE│NE│NE│NE│NE│NE
Data provider	Land Journal│Land Journal│Land Journal│Land Journal│Land Journal│Land Journal│Land Journal│Land Journal
Provider State	AZ│AZ│AZ│AZ│AZ│AZ│AZ│AZ
Events	Fog│Fog│Fog│Fog│Fog│Fog│Fog│Fog
unit	per unit│MVA│MVA
TEAM_CITY	Atlanta│Atlanta│Atlanta│Atlanta│Atlanta│Atlanta│Atlanta│Atlanta
unit_title	Actuation│Actuation│Actuation│Actuation│Actuation│Actuation│Perception│Perception
-.1	from│Archers│BARBARIAN│BARBARIANS
PORTFOLIO	Big_Gas│Big_Gas│Big_Gas│Big_Gas│Big_Gas│Big_Gas│Big_Gas│Beachfront
interaction_type	PickedUp│RightGate│RightGate│RightGate│RightGate│RightGate│RightGate│RightGate
[EC7 JP Name]	None│None│マロッカ│None│None│None│None│None
Provider State	WY│WY│WY│WY│WY│WY│WY│WY
country_name_filter	Czechia│Czechia│Czechia│Czechia│Czechia│Czechia│Czechia│Czechia
Race	Men│Springs,CO,,│,CO,,Think│Grocers│Audi│Plan│Cycling
Wind Direction	Calm│SE│SE│SSE│SSE│SE│SSE│South
__index_level_1059__	in│Bao
name	Afghanistan│Afrique du Sud│Albanie│Algérie│Allemagne│Andorre│Angola│Anguilla
in	Men
Wind Direction	Calm│North│Calm│Variable│SW│Calm│Calm│SSW
group3:signs_symptoms_final_illness:id3B115	moderate│severe
TEAM_CITY	LA│LA│LA│LA│LA│LA│LA│LA
TEAM_CITY	New Orleans│New Orleans│New Orleans│New Orleans│New Orleans│New Orleans│New Orleans│New Orleans
TEAM_CITY	Dallas│Dallas│Dallas│Dallas│Dallas│Dallas│Dallas│Dallas
Wind Direction	Calm│Calm│Calm│Calm│Calm│Calm│Calm│Calm
MAC	MAC│productionDate
dominant_object	Hand│Hand│Hand│Hand│HandToWrist│HandToWrist│Hand│Hand
COUNTY	Limestone│Denton│Wilbarger│Wheeler│Polk│Lavaca│Harris│Gillespie
Steward	geo│geo│geo
assoc_press	Ala.│Alaska│Ariz.│Ark.│Calif.│Colo.│Conn.│Del.
shrub.origin	non-native│native│non-native│native│non-native│native│non-native│ambiguous
MAC	MAC│productionDate
Name	id-ada+county│id-ada+county│id-ada+county│id-ada+county│id-ada+county│id-ada+county│id-ada+county│id-ada+county
EXAMPLE_UNITS	mV│mV│mV│mV│mV│mV│mV
country_code_filter	BE│BE│BE│BE│BE│BE│BE│BE
__index_level_1__	Cross Country│Marathon│Marathon│Marathon│Marathon│Marathon│Marathon│Marathon
value	Abkhazian│Achinese│Acoli│Adangme│Adyghe│Afar│Afrihili│Afrikaans
Code	US-AL│US-AK│US-AZ│US-AR│US-CA│US-CO│US-CT│US-DE
Project	Chart│Chart│Chart│Chart│Chart│Chart│Chart│Chart
lgID	AL│NL│AL│NL│AL│NL│AL│NL
was_home	Port Lance│West Lynn│South Maria│West Sandrashire│Harrischester│Russellfort│East Timothy│North Tyler
The	Berlin│The│Casablanca│Schindler's│The│Rear│Raiders│The
country_id	Peru│Peru│Peru
OrganisationLabel	Purbeck District Council│Purbeck District Council│Purbeck District Council│Purbeck District Council│Purbeck District Council│Purbeck District Council│Purbeck District Council│Purbeck District Council
interaction_type	RightGate│RightGate│LeftGate│LeftGate│RightGate│RightGate│RightGate│LeftGate
__index_level_23__	and│STRING?)¦│STRING?)¦│MAP?,│graph
lgID	AL│AL│AL│AL│AL│AL│AL│AL
CenterName	GEO│GEO│GEO│GEO│GEO│GEO
TEAM_CITY	Golden State│Golden State│Golden State│Golden State│Golden State│Golden State│Golden State│Golden State
County	ROBERTSON│LOGAN│LOGAN│WARREN│CLAY│MISSISSIPPI│NEW MADRID│OBION
name	Korwa│Lyria/露莉亚│Worry Wart│Korwa
name	Aberdeenshire│Angus│Argyll│Avon│Ayrshire│Banffshire│Bedfordshire│Berkshire
name	Sinowilsonia│henryi
Status	Operational│Operational│Operational│Operational│Operational│Operational│Operational│Operational
Condition	Fog│Fog│Fog│Fog│Fog│Fog│Fog│Cloudy
Publishers	Land Journal│Land Journal│Land Journal│Land Journal│Land Journal│Land Journal│Land Journal│Land Journal
label	Abdomen│ActiveActionStatus│ActiveNotRecruiting│AerobicActivity│AlbumRelease│AllWheelDriveConfiguration│AnaerobicActivity│Anesthesia
TEAM_CITY	Minnesota│Minnesota│Minnesota│Minnesota│Minnesota│Minnesota│Minnesota│Minnesota
message	%s : Вы должны сконфигурировать модуль продаж для компании %s│Должна быть выбрана причина отмены.│АТИ│Принятый кредит│Бухгалтерские доходы
Wind Direction	NE│ENE│NE│Calm│Calm│Calm│Calm│SE
PORTFOLIO	Big_Gas│Big_Gas│Big_Gas│Big_Gas│Big_Gas│Big_Gas│Big_Gas│Beachfront
County	ST. JOSEPH│County│MCDONALD│NEWTON│ST. JOSEPH│SAGINAW│ST. JOSEPH│ELKHART
Race	Age│SENIOR
__index_level_1__	Cross Country│Cross Country│Cross Country│Cross Country│Cross Country│Cross Country│Cross Country│Cross Country
interaction_type	PickedUp│LeftGate│LeftGate│RightGate│RightGate│RightGate│RightGate│RightGate
Race	Cat│Long│NYC│Assoc│Long
Cat4/5	Road│Insurance│Syracuse,NY,04:00:00,MaxPowerCycling│Fayette,NY,04:00:00,Maxpower│Ranch,CO,04:00:00,
county	Marshall County│Marshall County│Marshall County│Marshall County│Marshall County│Marshall County│Marshall County│Marshall County
salutation	mr│ms
Language_ID	psi│pch│pmv│pse│ca│ca│ca│cr
Detector	contextOSE│contextOSE│contextOSE│contextOSE│contextOSE│contextOSE│contextOSE│contextOSE
interaction_type	PickedUp│Pushed│RightGate│RightGate│RightGate│RightGate│RightGate│RightGate
county	Galway│Cork│Cork│Cork│Dublin│Cork│Derry│Cork
Wind	NE│ENE│NE│N│NNE│NNE│NNE│N
country_code_filter	BE│BE│BE│BE│BE│BE│BE│BE
__index_level_42__	From Location Type
Wind Direction	Calm│Calm│Calm│Calm│Calm│Calm│Calm│Calm
Android	?│?│?│No│?│Yes│?│?
MENU_HINT	USA / Delaw (US) 13th Aug│USA / Delaw (US) 13th Aug│USA / Delaw (US) 13th Aug│USA / MountP (US) 13th Aug│USA / MountP (US) 13th Aug│USA / PrIsleD (US) 13th Aug│USA / PrIsleD (US) 13th Aug│USA / PrIsleD (US) 13th Aug
va	VA│VA│VA│VA│VA│VA│VA│VAe
Federal	Circuit│Wear│Northwest│J,Holt,Arroyo│Springs,CO,20:16.8,│Rio│Organic
S3	GLAccountCode
ORowSet	ORowSet│ORowSet│ORowSet│ORowSet│ORowSet│ORowSet│ORowSet│ORowSet
ObjectName	Browser│Hindi│Search│Marati│Search│Google Search│Search│Search
reference_id:excluded	area_1│area_2│area_3
value	Abkhazia│Achinese│Adangme│Adyghe│Afar│Afrihili│Afrikaans│Aghem
Events	Fog│Fog│Fog
Events	Fog│Fog│Fog│Fog│Fog│Fog
Wind Direction	ESE│ESE│ESE│ESE│ESE│ESE│ESE│ESE
country_code_filter	LT│LT│LT│LT│LT│LT│LT│LT
name	Ann Arbor│Back Lake│Contwoyto│Dawson City│Eskimo Point│Fort Chipewyan│Fort Churchill│Fort Simpson
site	bartlettir│bartlettir│bartlettir│bartlettir│bartlettir│bartlettir│bartlettir│bartlettir
Country*	New York│New York│Arizona
Time Question	Zone (A-E)│Zone (A-E)│Zone (A-E)│Zone (A-E)│Zone (A-E)│Zone (A-E)│Zone (A-E)│Zone (A-E)
Events	Fog
Namespace	MatroskaImporter│MatroskaImporter│MatroskaImporter│MatroskaImporter│MatroskaImporter│MatroskaImporter│MatroskaImporter│MatroskaImporter
lgID	NL│NL│AL│AL│AL│AL│AL│AL
TEAM_CITY	LA│LA│LA│LA│LA│LA│LA│LA
var1	Polygon│Polygon│Polygon│Polygon│Polygon│Polygon│Polygon│Polygon
County	LEE│County│TAYLOR│SARASOTA│LEE│LEE│LEE│DESOTO
Wind Direction	WSW│WSW│WSW│SSW│SW│SW│SW│SW
Wind Direction	SSW│SSW│SW│SSW│South│SSW│SSW│SSW
System Creator	egdunham│egdunham│egdunham│egdunham│egdunham│egdunham│egdunham│egdunham
Wind Direction	Calm│Calm│Calm│Calm│East│NW│North│Calm
.bss_flags	WA│WA│WA
Code	US-AL│US-AK│US-AZ│US-AR│US-CA│US-CO│US-CT│US-DE
groupingname	Grouping-1│Grouping-2│Grouping-3│Grouping-3│Grouping-2
TEAM_CITY	Cleveland│Cleveland│Cleveland│Cleveland│Cleveland│Cleveland│Cleveland│Cleveland
Wind Direction	SSW│SW│SW│WSW│WSW│WSW│SW│WSW
Species min value	Median│Median│Median
value	ارمني│ازبکي│الماني│انګلیسي│ایټالوي│بلوڅي│پښتو│پورتګالي
country_id	Peru│Peru│Peru
domain	TS│TS│TS│TS│TS│TS│TS│TS
interaction_type	RightGate│LeftGate│RightGate│RightGate│LeftGate│RightGate│RightGate│LeftGate
arg1_topic	['sport']│['sport']│['sport']│['entertainment']
Events	Fog│Fog│Fog│Fog│Fog│Fog
Wind Direction	Calm│Calm│Calm│Calm│Calm│NNW│NNW│NNE
scaled_input_race	White│White│White│White│Asian-Pac-Islander
groupingname	Grouping-1│Grouping-2│Grouping-3│Grouping-3│Grouping-2
interaction_type	PickedUp│Pushed│LeftGate│LeftGate│LeftGate│LeftGate│PickedUp│LeftGate
Q32	"Regardless of your previous answer, how would you describe your │{""ImportId"":""QID8""}│White│White│White│White│White│White,Native American or First Nations"
denominazione_regione	Abruzzo│Abruzzo│Abruzzo│Abruzzo│Abruzzo│Basilicata│Basilicata│Basilicata
SequenceWindowClosure	ClosedByDeadzone│ClosedByDeadzone│ClosedByDeadzone│ClosedByDeadzone│ClosedByDeadzone│ClosedByDeadzone
Method	Main│Main│Main│Main│Main│Main│Main│Main
TEAM_CITY	Sacramento│Sacramento│Sacramento│Sacramento│Sacramento│Sacramento│Sacramento│Sacramento
TEAM_CITY	LA│LA│LA│LA│LA│LA│LA│LA
Component	Californium│Californium│Californium│Californium│Californium│Californium│Scandium│Californium
to	in│to│transport│his
topic_description	FAMILY_LIFE│FAMILY_LIFE│FAMILY_LIFE│FAMILY_LIFE│FAMILY_LIFE│FAMILY_LIFE│FAMILY_LIFE│FAMILY_LIFE
Wind Direction	WSW│Calm│East│South│South│SSE│South│SSE
OrganisationLabel	North Norfolk District Council│North Norfolk District Council│North Norfolk District Council│North Norfolk District Council│North Norfolk District Council│North Norfolk District Council│North Norfolk District Council│North Norfolk District Council
town_map_darkelf_t00	town_map_darkelf_t00│town_map_dwarf_t00│town_map_dwarf_t00│town_map_dwarf_t00│town_map_elf_t00│town_map_elf_t00│town_map_elf_t00│town_map_talking_t00
STXC	Country│Team
State/Territory	Alabama│Alaska│Arizona│Arkansas│California│Colorado│Connecticut│Delaware
Namespace	Forge.Utilities│Forge.Utilities│Forge.Utilities│Forge.Utilities│Forge.Utilities│Forge.Utilities│Forge.Utilities│Forge.Utilities
-.1	from│Archers│BARBARIAN│BARBARIANS│ARCHERS│ARCHERS│BARBARIANS
Provider State	DC│DC│DC│DC│DC│DC│DC│DC
__index_level_1__	Cross Country│Cross Country│Cross Country│Cross Country│Cross Country│Cross Country│Cross Country│Cross Country
name	Addepar│AeroFS│Affirm Delphix│Airbnb│AirWar│Akamai│Alarm.com│Amazon
created_by	LH│LH│LH│OS│LH│LH│LH│MG
groupingname	Grouping-1│Grouping-2│Grouping-3│Grouping-3│Grouping-2
wrong	MC-SENT│MC-SENT│MC-SENT│MC-SENT│MC-SENT│MC-SENT│MC-SENT│MC-SENT
interaction_type	Pushed│LeftGate│RightGate│RightGate│PickedUp│RightGate│RightGate│RightGate
обект	име
TEAM_CITY	LA│LA│LA│LA│LA│LA│LA│LA
Wind Direction	ENE│Calm│Calm│Calm│Calm│ESE│SE│SE
Wind Direction	SSE│South│Calm│Calm│Calm│Calm│Calm│Calm
Namespace	ARKitAudio│ARKitAudio│ARKitAudio│ARKitAudio│ARKitAudio│ARKitAudio│ARKitAudio│ARKitAudio
TEAM_CITY	LA│LA│LA│LA│LA│LA│LA│LA
parent:place WHERE reference_id=COL_VAL	district_3│district_3│district_3│district_3│district_3│district_3│district_3│district_3
model_id:id	model_wiki_wiki│model_wiki_groups│model_wiki_wiki│model_wiki_groups│model_wiki_wiki_history│model_wiki_wiki│model_wiki_wiki
Series	Men│Endurance│Cities│Men
24	Hour
lgID	NL│NL│AL│AL│AL│AL│AL│AL
__index_level_1__	Cross Country│Cross Country│Cross Country│Cross Country│Cross Country│Cross Country│Cross Country│Cross Country
name	Stenhammaria│maritima
Aa	Abacus│Abbey│Abdomen│Ability│Abolishment│Ab│Accele│Accele
New Region Structure	New Region Structure│New Region Structure│New Region Structure│New Region Structure│New Region Structure│New Region Structure│New Region Structure│Quebec
topic_description	WEATHER_CLIMATE│WEATHER_CLIMATE│WEATHER_CLIMATE│WEATHER_CLIMATE│WEATHER_CLIMATE│WEATHER_CLIMATE│WEATHER_CLIMATE│WEATHER_CLIMATE
parentLabel	Community│Community│Community administrative information│Assets│Assets│Assets
County	County│CLAY│BANKS│GREENVILLE│County│TALLADEGA│MCDOWELL│TALLADEGA
Wind Direction	ENE│ENE│ENE│ENE│ENE│NE│NE│NE
User ID	US-WEST-CA-San Francisco│US-WEST-CA-San Francisco│US-WEST-CA-San Francisco│US-WEST-CA-San Francisco│US-WEST-CA-San Francisco│US-WEST-CA-San Francisco│US-WEST-CA-San Francisco│US-WEST-CA-San Francisco
pruefer_original	TB│TB│TB│TB│TB│NR│NR│SW
TEAM_CITY	Utah│Utah│Utah│Utah│Utah│Utah│Utah│Utah
Input.word2	Jaws│Jaws│Jaws│Jaws│Jaws│Jaws│Jaws│Jaws
TEAM_CITY	Milwaukee│Milwaukee│Milwaukee│Milwaukee│Milwaukee│Milwaukee│Milwaukee│Milwaukee
was_home	Hernandezfort│New Scott│South Rebecca│Angelaborough│North Bryanbury│Sawyerbury│Port Tammyhaven│Middletonport
County	Berkeley│Wood│Roane│Harrison│Nicholas│Jackson│Greenbrier│Mercer
Wind Direction	Calm│NW│Calm│Calm│NNW│Calm│North│NNE
venue_state	CA│MA│MA│MA
Race_ethnicity	white│white/asian│white │white │white│white│white │white 
Wind Direction	ENE│ENE│ENE│NE│Calm│East│East│ENE
studySub	Barrett│Barrett│Barrett│Barrett│Barrett│Barrett│Bedford│Bedford
code	CHEAONE│CHEATWO│CHOONE│CHOTWO
Namespace	Akka.Persistence.Query│Akka.Persistence.Query│Akka.Persistence.Query│Akka.Persistence.Query│Akka.Persistence.Query│Akka.Persistence.Query
TEAM_CITY	Houston│Houston│Houston│Houston│Houston│Houston│Houston│Houston
TEAM_CITY	Washington│Washington│Washington│Washington│Washington│Washington│Washington│Washington
Race Desc	White│Asian│White│White│White│White│Asian│White
The_1	The│DETERIORATION│million,│in│share,│share,│or│share,
ordenvalido	Caryophyllales│Caryophyllales│Caryophyllales
Wind Direction	South│WSW│Calm│Calm│Calm│WSW│West│NW
Source	Aegon-I-Targaryen│Aegon-Targaryen-(son-of-Rhaegar)│Aegon-Targaryen-(son-of-Rhaegar)│Aegon-Targaryen-(son-of-Rhaegar)│Aegon-Targaryen-(son-of-Rhaegar)│Aegon-Targaryen-(son-of-Rhaegar)│Aegon-Targaryen-(son-of-Rhaegar)│Aegon-Targaryen-(son-of-Rhaegar)
groupingname	Grouping-1│Grouping-2│Grouping-3│Grouping-3│Grouping-2
name	Rhodesia│subtecta
__index_level_43__	To Location│EU (Ireland)
search_term	Tidal Datums│Tidal Datums│Tidal Datums│Tidal Datums│Tidal Datums│Tidal Datums│Tidal Datums│Tidal Datums
Sacramento	Cyclo-cross│Giant/Specialized│Rosa,CA,56:47:00,Focus│Luis│Dorado│reno│Masters
dominant_object	Hand│Hand│Hand│Hand│Hand│Hand│HandToWrist
Wind Direction	South│South│South│South│SSE│South│South│South
TEAM_CITY	Utah│Utah│Utah│Utah│Utah│Utah│Utah│Utah
DRM	 DRM │ No 
Lookout	Hill│C,Kyer,Boulder,CO,16:43.1,UCI│Organic│J,Burleigh,Edgewater│Fit│Boom│Fit
V26	orderPres│1│2│3│4│5
Wind Direction	SSE│SE│SSE│South│South│South│South│South
-.1	from│Archers│BARBARIAN│BARBARIANS│ARCHERS│ARCHERS│BARBARIANS
TEAM	Arrow│Arrow│Arrow│Arrow│Arrow│Arrow│Becker│Becker
Product	BPMN2Modeler│BPMN2Modeler│BPMN2Modeler│BPMN2Modeler│BPMN2Modeler│BPMN2Modeler│BPMN2Modeler│BPMN2Modeler
of	and│OS│in
TEAM_CITY	Minnesota│Minnesota│Minnesota│Minnesota│Minnesota│Minnesota│Minnesota│Minnesota
six	Dunston│Buechele│Buechele│Buechele│Johnson│Dunston│Dunston│Dunston
__index_level_1__	Marathon│Marathon│Marathon│Marathon│Marathon│Marathon│Marathon│Marathon
__index_level_29__	total)│of│of│people)
name	Australian Capital Territory│New South Wales│Northern Territory│Queensland│South Australia│Tasmania│Victoria│Western Australia
Wind Direction	ENE│ENE│ENE│ENE│ENE│East│East│East
folder_owner_addrprovince	TX│TX│TX│HI│HI│TX│TX
value	Abkhazian│Achinese│Acoli│Adangme│Adyghe│Afar│Afrihili│Afrikaans
value	Abchazisch│Adangme│Adygees│Afaan Oromo│Afar│Afrihili│Afrikaans│Aghem
Wind Direction	SW│SE│Calm│South│Calm│Calm│Calm│Calm
Steward	geo│geo│geo
Unnamed: 0	Alabama│Alaska│Arizona│Arkansas│California│Colorado│Connecticut│Delaware
Wind Direction	East│East│East│East│ESE│SE│East│Calm
Jug	Country│Racing│Country
TEAM_CITY	LA│LA│LA│LA│LA│LA│LA│LA
interaction_type	PickedUp│RightGate│RightGate│LeftGate│RightGate│RightGate│LeftGate│RightGate
name	Andra Anderson's Area│Brinda Bush's Area│Charlie Coste's Area
County	County│TAYLOR│COLLIN│HASKELL│LAMAR│MIDLAND│County│TAYLOR
group3:signs_symptoms_final_illness:id3B115	moderate│severe
Location	2 ENE GARDENDALE│2 S ELYSIAN│2 SSW LYTLE│3 NNW DEVINE│2 ESE LACOSTE│UNIONTOWN│Location│5 E TULSA
__index_level_2__	Line│1
TEAM_CITY	LA│LA│LA│LA│LA│LA│LA│LA
Implementation smell	Long Parameter List│Long Parameter List│Long Parameter List│Long Parameter List│Long Parameter List│Long Parameter List│Long Parameter List│Long Parameter List
TEAM_CITY	LA│LA│LA│LA│LA│LA│LA│LA
Heritage	Cyclo-cross│Lake,IL,,│Head│Cycling│Cycling│Factory
value	Abkhazian│Achinese│Acoli│Adangme│Adyghe│Afar│Afrihili│Afrikaans
state.name	Alabama│Alabama│Alaska│Alaska│Arizona│Arizona│Arkansas│Arkansas
Wind Direction	Variable│SE│SE│South│Variable│South│South│South
value	Abkhazian│Achinese│Acoli│Adangme│Adyghe│Afar│Afrihili│Afrikaans
County	Clark│Marshall│Pennington│Aurora│Hamlin│Charles Mix│Pennington│Pennington
name	Lahia│kutejensis
country_name_filter	Cyprus│Cyprus│Cyprus│Cyprus│Cyprus│Cyprus│Cyprus│Cyprus
TEAM_CITY	Golden State│Golden State│Golden State│Golden State│Golden State│Golden State│Golden State│Golden State
interaction_type	PickedUp│RightGate│RightGate│RightGate│LeftGate│RightGate│LeftGate│RightGate
interaction_type	PickedUp│RightGate│RightGate│RightGate│RightGate│RightGate│RightGate│RightGate
TEAM_CITY	Los Angeles│Los Angeles│Los Angeles│Los Angeles│Los Angeles│Los Angeles│Los Angeles│Los Angeles
Namespace	CloudEditor│CloudEditor│CloudEditor│CloudEditor│CloudEditor│CloudEditor│CloudEditor│CloudEditor
lgID	NL│NL│AL│AL│AL│AL│AL│AL
TEAM_CITY	Indiana│Indiana│Indiana│Indiana│Indiana│Indiana│Indiana│Indiana
cs5Label	Other info│Other info│Other info
Wind Direction	SSE│Calm│Calm│Calm│Calm│Calm│SW│SSW
Location	Pendleton, Pendleton, Umatilla County│Pendleton, Pendleton, Umatilla County│Pendleton, Pendleton, Umatilla County
DL State	FL│FL│FL│FL│FL│FL│FL│FL
Events	Fog│Fog│Fog│Fog│Fog│Fog│Fog
Gene	GOI1│GOI1│GOI1│GOI1│GOI1│GOI1│GOI2│GOI2
tags	popular_agency
OrganizationFormalName	USDA Agricultural Research Service│USDA Agricultural Research Service│USDA Agricultural Research Service│USGS California Water Science Center│USGS Wisconsin Water Science Center│USGS Wisconsin Water Science Center│USGS Wisconsin Water Science Center│USGS Wisconsin Water Science Center
COUNTY	Limestone│Denton│Wilbarger│Wheeler│Polk│Lavaca│Harris│Gillespie
Region	Latin America & Caribbean│South Asia│Sub-Saharan Africa│Europe & Central Asia│Europe & Central Asia│Middle East & North Africa│Latin America & Caribbean
interaction_type	PickedUp│RightGate│RightGate│RightGate│RightGate│RightGate│RightGate│RightGate
name	Balu shahi│Boondi│Gajar ka halwa│Ghevar│Gulab jamun│Imarti│Jalebi│Kaju katli
Wind Direction	NE│NE│NE│NE│NE│NE│NE│NE
Region	Baden-Wurttemberg│Bavaria│Berlin│Brandenburg│Bremen│Dolnośląskie│Germany│Hamburg
Events	Fog│Fog│Fog
venue_state	GA│GA│CA
DistConocida	Si│Si│Si│Si│Si│Si│Si
__index_level_53__	Latest_province
University City	KOLKATA│RANCHI│trichy│Sambalpur│Guwahati│Delhi│SRIPERUMBUDUR, CHENNAI│ALIGARH
Wind Direction	East│ENE│ENE│ENE│ENE│Calm│North│NE
Events	Fog│Fog│Fog
Method	Main│Main│Main│Main│Main│Main│Main│Main
name	Angulimaya│sundara
OrganisationLabel	Mid Devon│Mid Devon│Mid Devon│Mid Devon│Mid Devon│Mid Devon│Mid Devon│Mid Devon
Events	Snow│Snow│Snow│Snow│Snow│Snow│Snow│Snow
Unnamed: 0	Alabama│Alaska│Arizona│Arkansas│California│Colorado│Connecticut│Delaware
bait	Pilchards│Sardines│Sardines│Skipjack tuna│Sardines│Sardines│Pilchards│Pilchards
TEAM_CITY	Charlotte│Charlotte│Charlotte│Charlotte│Charlotte│Charlotte│Charlotte│Charlotte
Wind Direction	WNW│Variable│Calm│Calm│Variable│NW│WNW│Variable
TEAM_CITY	LA│LA│LA│LA│LA│LA│LA│LA
nombreProducto	Tapa diseño│Tapa diseño│Tapa diseño│Tapa diseño
Wind Direction	West│WSW│WSW│Calm│Calm│Calm│SSW│Calm
County	County│KANAWHA│CAMPBELL│WILKES│KEMPER│WILKES│POLK│SURRY
TEAM_CITY	Oklahoma City│Oklahoma City│Oklahoma City│Oklahoma City│Oklahoma City│LA│LA│LA
groupingname	Grouping-1│Grouping-2│Grouping-3│Grouping-3│Grouping-2
Wind Direction	ENE│NE│Calm│NNE│ENE│NE│NE│NE
Fingers	non│non│non│non│non│non│non│non
town_map_darkelf_t00	town_map_darkelf_t00│town_map_dwarf_t00│town_map_dwarf_t00│town_map_dwarf_t00│town_map_elf_t00│town_map_elf_t00│town_map_elf_t00│town_map_talking_t00
Presented	UCI│Belly
region	BC│BC
dominant_object	Hand│Hand│Hand│Hand│Hand│HandToWrist│HandToWrist│HandToWrist
ENGTYPE_2	District│District│District│District│District│District│District│District
location_name_filter	Coastal–Karst Statistical Region, Slovenia│Coastal–Karst Statistical Region, Slovenia│Coastal–Karst Statistical Region, Slovenia│Coastal–Karst Statistical Region, Slovenia│Coastal–Karst Statistical Region, Slovenia│Coastal–Karst Statistical Region, Slovenia│Coastal–Karst Statistical Region, Slovenia│Coastal–Karst Statistical Region, Slovenia
Component	Core│Core│Core│Core│Core│Core│Core│Core
lgID	AL│AL│AL│AL│AL│AL│AL│AL
had.1	agent│have│to│to
interaction_type	Pushed│PickedUp│Pushed│Pushed│RightGate│PickedUp│LeftGate│LeftGate
company.1	@joernchen,│at│we│if
F34Eng	Where's my dolly name Sam?│Where's my dolly?│Where's my dolly?│Where's my dolly name Sam?│Where's my dolly?
Wind Direction	South│Calm│SE│SE│SSE│SSE│SE│SE
region_name_filter	Lower Silesian Voivodeship│Lower Silesian Voivodeship│Lower Silesian Voivodeship│Lower Silesian Voivodeship│Lower Silesian Voivodeship│Lower Silesian Voivodeship│Lower Silesian Voivodeship│Lower Silesian Voivodeship
County	White Pine│Clark│Lyon│Washoe│Clark│Washoe│Clark│Clark
NAME_2	Arlit│Bilma│Tchighozerine│Diffa│Maïné-Soroa│N'Guigmi│Boboye│Dogon-Doutchi
Wind Direction	Calm│Calm│ESE│Calm│ESE│Calm│South│NW
__index_level_29__	total)│of│of│people)
Wind Direction	Calm│Calm│ENE│ENE│ENE│East│ENE│ENE
__index_level_1__	ASSETNUM│cent45│cent45
COUNTY	Dallas│Dallas│Madison│Jefferson│Collin│Kleberg│Harris│Falls
program	Business│Business│Business│Business│Business│Business│Business│Business
Provider State	ID│ID│ID│ID│ID│ID│ID│ID
TEAM_CITY	LA│LA│LA│LA│LA│LA│LA│LA
interaction_type	Pushed│LeftGate│RightGate│RightGate│PickedUp│RightGate│LeftGate│RightGate
value	Afganistanas│Airija│Alandų Salos│Albanija│Alžyras│Amerikos Samoa│Andora│Angilija
Method	QueryablePattern│QueryablePlan│QueryablePattern│And│Then│QueryablePattern│And│Then
OrganisationLabel	South Cambridgeshire District Council│South Cambridgeshire District Council│South Cambridgeshire District Council│South Cambridgeshire District Council│South Cambridgeshire District Council│South Cambridgeshire District Council│South Cambridgeshire District Council│South Cambridgeshire District Council
S11	State│Maharashtra│Maharashtra│Maharashtra│Maharashtra│Maharashtra│Maharashtra│Maharashtra
C18_lower_territory	Amiens│Bordeaux│Toulouse│Alençon│Tours│Lille│Riom│Caen
Wind Direction	ENE│East│NE│Calm│NNE│NE│NNE│NNE
Steward	geo│geo│geo
County	Multnomah│Curry│Umatilla│Umatilla│Deschutes│Josephine│Hood River│Clackamas
County	Stage│Bella-Kona│View,CA,,Kalyra/Bella│Grove,CA,,Velo│Barbara,CA,,Kalyra/Bella│Roaring│Bella-Kona
CA	CA│CA│CA│CA│CA│CA│CA│CA
interaction_type	PickedUp│LeftGate│RightGate│RightGate│RightGate│LeftGate│LeftGate│LeftGate
topic_description	WEATHER_CLIMATE│WEATHER_CLIMATE│WEATHER_CLIMATE│WEATHER_CLIMATE│WEATHER_CLIMATE│WEATHER_CLIMATE│WEATHER_CLIMATE│WEATHER_CLIMATE
Head	Junior
Mailing State Abbr [District] 2013-14	NV │NV │NV │NV │NV │NV │NV │NV 
act_tag	sd│sd│sv│b│+│%│sv│sv
land_ownership	Gov.│Gov.│Rent│Gov.│Gov.│Gov.│Gov.
County	COLLIER│PRINCE GEORGES│LANCASTER│County│COLLIER│LOUDOUN│BALTIMORE│HARFORD
status	Final│VOID│Expired│Final│Final│Final│Final
Low	Low│Low│Low│Low│Low│Low│Low│Low
Wind Direction	NNE│NNE│North│NNE│NNE│NNE│North│North
__index_level_27__	$115│Aid,│FOR│NEW│Aid│HAMPSHIRE,│WEST│TOTAL
name	Alabama│Alaska│Arizona│Arkansas│California│Colorado│Connecticut│Delaware
code	CHEAONE│CHEATWO│CHOONE│CHOTWO
Wind Direction	Calm│Calm│Calm│Calm│Calm│Calm│Calm│SSE
TEAM_CITY	LA│LA│LA│LA│LA│LA│LA│LA
NWCG_REPORTING_AGENCY	FS│FS│FS│FS│FS│FS│FS│FS
TEAM_CITY	Indiana│Indiana│Indiana│Indiana│Indiana│Indiana│Indiana│Indiana
Reference	Cognizant│Cognizant│Cognizant│Cognizant│Cognizant│Cognizant│Cognizant
EstadoDoc	Si│Si│Si
County	HIDALGO│County│LOUISA│CUMBERLAND│CUMBERLAND│ANZ537│ANZ543│WICOMICO
TEAM_CITY	Minnesota│Minnesota│Minnesota│Minnesota│Minnesota│Minnesota│Minnesota│Minnesota
topic_description	RECYCLING│RECYCLING│RECYCLING│RECYCLING│RECYCLING│RECYCLING│RECYCLING│RECYCLING
Samsung	Mi│Mi
TEAM_CITY	LA│LA│LA│LA│LA│LA│LA│LA
S11	State│Maharashtra│Maharashtra│Maharashtra
County	County│YUMA│BAY│GENEVA│IMPERIAL│IMPERIAL│County
object_type	NOUN_CHUNK│NOUN_CHUNK│NOUN_CHUNK│NOUN_CHUNK│NOUN_CHUNK│ORG│NOUN_CHUNK│CARDINAL
TEAM_CITY	New York│New York│New York│New York│New York│New York│New York│New York
Wind Direction	Calm│Calm│Calm│Calm│Calm│Calm│Calm│WSW
TEAM_CITY	San Antonio│San Antonio│San Antonio│San Antonio│San Antonio│San Antonio│San Antonio│San Antonio
County	North Dakota│North Dakota│North Dakota│North Dakota│North Dakota│North Dakota│North Dakota│North Dakota
Language_ID	psi│pch│pma│pmv│cr│cr│cr│hi
TEAM_CITY	Minnesota│Minnesota│Minnesota│Minnesota│Minnesota│Minnesota│Minnesota│Minnesota
name	REBUILD│NADINE│WELCOME
Region	Latin America & Caribbean│South Asia│Sub-Saharan Africa│Europe & Central Asia│Europe & Central Asia│Middle East & North Africa│Latin America & Caribbean
Region	Latin America & Caribbean│South Asia│Sub-Saharan Africa│Europe & Central Asia│Europe & Central Asia│Middle East & North Africa│Latin America & Caribbean
Value	*yą│*wiyą́•│*yąne (?)│*wVrá│*:wrą│*yą│*wiyą́│yanαpís
Language_ID	psi│pmv│pse│ca│ca│ma│pda│pdh
Unnamed: 0	Alabama│Alaska│Arizona│Arkansas│California│Colorado│Connecticut│Delaware
StateCode	VA│VA│VA│VA
TYPE	Bacteria│Climate│Climate│Climate│Climate│Climate│Climate│Climate
Theme	Business, Industry and Trade│Business, Industry and Trade│Business, Industry and Trade│Business, Industry and Trade│Business, Industry and Trade│Business, Industry and Trade│Business, Industry and Trade│Business, Industry and Trade
TEAM_CITY	Brooklyn│Brooklyn│Brooklyn│Brooklyn│Brooklyn│Brooklyn│Brooklyn│Brooklyn
From	kari.dohn@gov.ca.gov│kari.dohn@gov.ca.gov│kari.dohn@gov.ca.gov│kari.dohn@gov.ca.gov│kari.dohn@gov.ca.gov│kari.dohn@gov.ca.gov│kari.dohn@gov.ca.gov│kari.dohn@gov.ca.gov
interaction_type	PickedUp│RightGate│RightGate│PickedUp│RightGate│RightGate│RightGate│RightGate
__index_level_923__	coal│in
Akuma01|33506|Ao	Akuma01|33988|Demi-chan│Akuma01|30694|Dragon│Akuma01|32930|Fairy│Akuma01|33743|Fuuka|0|0|1|Low│Akuma01|33487|Masamune-kun│Akuma01|1735|Naruto:│Akuma01|21|One│Akuma01|34126|Rewrite
Wind Direction	North│Variable│Calm│Calm│Calm│Calm│Calm│Calm
Tag	O│O│O│O│O│O│O│O
TEAM_CITY	New York│New York│New York│New York│New York│New York│New York│New York
OrganisationLabel	Mid Devon│Mid Devon│Mid Devon│Mid Devon│Mid Devon│Mid Devon│Mid Devon│Mid Devon
topic_description	FAMILY_LIFE│FAMILY_LIFE│FAMILY_LIFE│FAMILY_LIFE│FAMILY_LIFE│FAMILY_LIFE│FAMILY_LIFE│FAMILY_LIFE
area	Area│ha
Wind Direction	WNW│NW│NNW│NNW│Calm│SSW│SW│SSW
TEAM_CITY	LA│LA│LA│LA│LA│LA│LA│LA
The_1	The│DETERIORATION│million,│in│share,│share,│or│share,
United States of America	Alabama│Alaska│Arizona│Arkansas│California│Colorado│Connecticut│Delaware
GEO.display-label	Geography│Alabama│Alaska│Arizona│Arkansas│California│Colorado│Connecticut
Wind Direction	SW│WSW│SW│SSW│WSW│WSW│SW│SW
Wind Direction	Calm│North│Calm│Calm│Calm│Calm│Calm│Calm
Wind Direction	North│Variable│North│NNE│NE│NE│ENE│East
Wind Direction	NE│NE│NNE│ENE│NE│NE│NE│ENE
OrganisationLabel	Allerdale Borough Council│Allerdale Borough Council│Allerdale Borough Council│Allerdale Borough Council│Allerdale Borough Council│Allerdale Borough Council│Allerdale Borough Council│Allerdale Borough Council
calc distribution	REGIONAL│SEGMENTAL│DIFFUSELY_SCATTERED│DIFFUSELY_SCATTERED│REGIONAL-REGIONAL│CLUSTERED
County	District Of Columbia│District Of Columbia│District Of Columbia│District Of Columbia│District Of Columbia│District Of Columbia│District Of Columbia│District Of Columbia
area	Indiana│Indiana│Indiana│Indiana│United States│United States│United States│Iowa Area
especievalida	Obregonia denegrii│Obregonia denegrii│Obregonia denegrii│Obregonia denegrii│Obregonia denegrii│Obregonia denegrii│Obregonia denegrii│Obregonia denegrii
Wind Direction	West│West│WSW│Calm│Calm│Calm│Calm│Calm
DL State	FL│FL│FL│FL│FL│FL│FL│FL
TEAM_CITY	Cleveland│Cleveland│Cleveland│Cleveland│Cleveland│Cleveland│Cleveland│Cleveland
Championship	Country
printings	VAN│VAN│VAN│VAN│VAN│VAN│VAN│VAN
High	Cross
REGIONE	LOMBARDIA│LOMBARDIA│LOMBARDIA│LOMBARDIA│LOMBARDIA│LOMBARDIA│LOMBARDIA│LOMBARDIA
TEAM_CITY	Washington│Washington│Washington│Washington│Washington│Washington│Washington│Washington
location_name_filter	Lower Sava Statistical Region, Slovenia│Lower Sava Statistical Region, Slovenia│Lower Sava Statistical Region, Slovenia│Lower Sava Statistical Region, Slovenia│Lower Sava Statistical Region, Slovenia│Lower Sava Statistical Region, Slovenia│Lower Sava Statistical Region, Slovenia│Lower Sava Statistical Region, Slovenia
region_name_filter	Aquitaine│Aquitaine│Aquitaine│Aquitaine│Aquitaine│Aquitaine│Aquitaine│Aquitaine
Wind Direction	South│South│SSW│South│SW│SW│SW│WSW
Wind Direction	ENE│ENE│NNE│NNE│NE│NE│NE│NNE
this	in│the│in│the
rarity	Uncommon│Common│Uncommon│Common│Common│Common│Rare│Rare
interaction_type	Pushed│LeftGate│RightGate│LeftGate│LeftGate│LeftGate│Pushed│LeftGate
Actor2Name	ATTORNEY GENERAL│ENGINEER│CHINESE│PAKISTAN│PRESIDENT
Wind Direction	South│South│South│South│SSW│SSW│SSW│NNW
__index_level_1__	Criterium│Criterium│Criterium│Criterium│Criterium│Criterium│Criterium│Criterium
DeviceAction	Permit│Permit│Permit
TEAM_CITY	New Orleans│New Orleans│New Orleans│New Orleans│New Orleans│New Orleans│New Orleans│New Orleans
TEAM_CITY	Washington│Washington│Washington│Washington│Washington│Washington│Washington│Washington
OrganisationLabel	Forest of Dean District Council│Forest of Dean District Council│Forest of Dean District Council│Forest of Dean District Council│Forest of Dean District Council│Forest of Dean District Council│Forest of Dean District Council│Forest of Dean District Council
Haryana	Uttar Pardesh│Uttar Pardesh│Uttar Pardesh│Uttar Pardesh│Uttar Pardesh│Uttar Pardesh│Uttar Pardesh│Maharashtra 411038
SimplifiedDeviceAction	Permit│Permit│Permit
name	ABD Virgin Adaları│Afganistan│Aland Adaları│Almanya│Amerika Birleşik Devletleri│Amerika Birleşik Devletleri Küçük Dış Adaları│Amerikan Samoası│Andorra
Wind Direction	ENE│East│East│East│East│ENE│ENE│ENE
Up	2nd│In
category	Asbestos, Environment, Licenses│Construction│Crime│Crime│Crime│Demographics│Drinking Water│Drinking Water
TEAM_CITY	New Orleans│New Orleans│New Orleans│New Orleans│New Orleans│New Orleans│New Orleans│New Orleans
Wind	NW│NW│WNW│WNW│W│WNW│WNW│W
Bike	Criterium│Cycling│City,CA,,ol'│Tiburon,CA,,Team│City│City│City
country_code_filter	RO│RO│RO│RO│RO│RO│RO│RO
Events	Fog│Fog│Fog│Fog│Fog│Fog│Fog│Fog
TEAM_CITY	Indiana│Indiana│Indiana│Indiana│Indiana│Indiana│Indiana│Indiana
Wind	WNW│NNW│N│NNE│NNE│NNE│N│NW
was_home	Huntburgh│Port Kimberly│Jamesstad│Julietown│Chavezborough│South Andrea│New Ashlee│Alexachester
Namespace	GeoUserDiscovery│GeoUserDiscovery│GeoUserDiscovery
TEAM_CITY	Indiana│Indiana│Indiana│Indiana│Indiana│Indiana│Indiana│Indiana
groupingname	Grouping-1│Grouping-2│Grouping-3│Grouping-3│Grouping-2
name	Ambuchanania│leucobryoides
__index_level_4__	Introduction│,9,
resource	geothermal│geothermal│geothermal│geothermal│geothermal│geothermal│geothermal│geothermal
term	Winter│Winter│Winter│Winter│Winter│Winter│Winter│Winter
scaled_cf_job	unskilled - resident│unskilled - resident
__index_level_1__	Cross Country│Cross Country│Cross Country│Cross Country│Cross Country│Cross Country│Cross Country│Cross Country
intent	negate│negate│negate│negate│negate│negate│negate│negate
DL State	FL│FL│FL│FL│FL│FL│FL│FL
Events	Fog│Fog│Fog
Unnamed: 0	Alabama│Alaska│Arizona│Arkansas│California│Colorado│Connecticut│Delaware
Events	Fog│Fog│Fog
Wind Direction	North│Variable│NNE│Calm│Calm│Calm│Calm│Calm
competitive_cluster	text mining│text mining│text mining│text mining│text mining│text mining│text mining│text mining
Capability 1	Control│FULL│Navigation│Localization│Navigation│FULL│FULL│FULL
TEAM_CITY	Utah│Utah│Utah│Utah│Utah│Utah│Utah│Utah
EstadoDoc	Si│Si│Si│Si│Si
region_name_filter	Central Sava Statistical Region│Central Sava Statistical Region│Central Sava Statistical Region│Central Sava Statistical Region│Central Sava Statistical Region│Central Sava Statistical Region│Central Sava Statistical Region│Central Sava Statistical Region
Wind	N│N│N│NNW│N│NNW│NNW│NNW
dominant_object	Hand│Hand│Hand│Hand│Hand│HandToWrist│HandToWrist
Ecosystem	Marine│Terrestrial│Terrestrial│Terrestrial│Terrestrial│Terrestrial│Lotic│Lotic
to.4	Gaza
geo	GEO│GEO│GEO│GEO│GEO│GEO
name	Aberdeenshire│Angus│Argyll│Avon│Ayrshire│Banffshire│Bedfordshire│Berkshire
Conditions	Fog│Fog│Fog│Fog│Fog│Fog│Fog│Fog
interaction_type	RightGate│LeftGate│LeftGate│RightGate│LeftGate│RightGate│LeftGate│Pushed
copy_of_id	الغربية│الغربية│الغربية
Wind Direction	NNW│NNW│NNW│North│North│NNW│NNW│NNW
Language_ID	psi│pch│pmv│cr│cr│hi│hi│hi
interaction_type	Pushed│LeftGate│RightGate│RightGate│PickedUp│RightGate│RightGate│RightGate
ordenvalido	Caryophyllales│Caryophyllales│Caryophyllales│Caryophyllales
property_owner_addrprovince	IL│TX│NC│IL│NC│TX│NC│TX
Wind Direction	South│Calm│SE│SE│SSE│SSE│SE│SE
TEAM_CITY	LA│LA│LA│LA│LA│LA│LA│LA
interaction_type	PickedUp│LeftGate│RightGate│LeftGate│RightGate│LeftGate│LeftGate│RightGate
Wind Direction	South│South│South│South│South│SSE│South│South
TEAM_CITY	New York│New York│New York│New York│New York│New York│New York│New York
topic_description	CARE_OF_THE_ELDERLY│CARE_OF_THE_ELDERLY│CARE_OF_THE_ELDERLY│CARE_OF_THE_ELDERLY│CARE_OF_THE_ELDERLY│CARE_OF_THE_ELDERLY│CARE_OF_THE_ELDERLY│CARE_OF_THE_ELDERLY
Wind Direction	North│NNE│NNE│NE│North│North│North│Variable
exposure	Huang2017aaos│Huang2017aaos│Huang2017aaos│Huang2017aaos│Huang2017aaos│Huang2017aaos│Huang2017aaos│Huang2017aaos
IMEAPIS.DLL	IMEAPIS.DLL│IMEAPIS.DLL│IMEAPIS.DLL│IMEAPIS.DLL│IMEAPIS.DLL│IMEAPIS.DLL│IMEAPIS.DLL│IMEAPIS.DLL
__index_level_2__	County│KENT│KENT│PROVIDENCE│KENT│PROVIDENCE│WASHINGTON│WASHINGTON
Wind Direction	NNW│NNW│NNW│NNW│North│NNW│North│NNW
County	YAVAPAI│County│MARICOPA│MARICOPA│MARICOPA│MARICOPA│MARICOPA│MARICOPA
Name	United States│Alabama│Alaska│Arizona│Arkansas│California│Colorado│Connecticut
Wind Direction	West│West│West│West│West│West│West│West
Events	Rain
Geography	Alaska│Alabama│Arkansas│Arizona│California│Colorado│Connecticut│District of Columbia
dominant_object	Hand│Hand│Hand│Hand│HandToWrist
__index_level_1__	Criterium│Criterium│Criterium│Criterium│Criterium│Criterium│Criterium│Criterium
Unnamed: 0	Alabama│Alaska│Arizona│Arkansas│California│Colorado│Connecticut│Delaware
topic_description	WEATHER_CLIMATE│WEATHER_CLIMATE│WEATHER_CLIMATE│WEATHER_CLIMATE│WEATHER_CLIMATE│WEATHER_CLIMATE│WEATHER_CLIMATE│WEATHER_CLIMATE
Wind Direction	South│Calm│East│East│East│SE│South│South
product/locationType	AWS Region│AWS Region│AWS Region│AWS Region│AWS Region│AWS Region│AWS Region│AWS Region
TEAM_CITY	Sacramento│Sacramento│Sacramento│Sacramento│Sacramento│Sacramento│Sacramento│Sacramento
Parent TV Show	Vikings│Vikings│Vikings│Vikings│Vikings│Vikings│Vikings
TEAM_CITY	Minnesota│Minnesota│Minnesota│Minnesota│Minnesota│Minnesota│Minnesota│Minnesota
Events	Fog
Terrain	Plains│Plains│Plains│Plains│Swamp│Swamp│Swamp│Plains
major_category	Noncampaign│Trump - other│Noncampaign│Noncampaign│Noncampaign│Noncampaign│Noncampaign│Noncampaign
__index_level_1__	Criterium│Criterium│Criterium│Criterium│Criterium│Criterium│Criterium│Criterium
Race	Seymour│Seymour│Wyong│Seymour│Mackay│Wyong│Seymour│Mackay
Publication	Gard. Chron.│Willdenowia
dominant_object	Hand│Hand│Hand│Hand│Hand│FailOnTouchObstacleShort│Hand│HandToWrist
Championship	PRO│P/B
Wind	NW│NNW│NNW│NNW│NNW│NNW│NNW│NNW
Web	Worldwide│Interest│Week,antigen│2004-01-04│2004-01-11│2004-01-18│2004-01-25│2004-02-01
TEAM_CITY	LA│LA│LA│LA│LA│LA│LA│LA
Samsung	Mi│Mi
topic_description	HOBBIES_AND_CRAFTS│HOBBIES_AND_CRAFTS│HOBBIES_AND_CRAFTS│HOBBIES_AND_CRAFTS│HOBBIES_AND_CRAFTS│HOBBIES_AND_CRAFTS│HOBBIES_AND_CRAFTS│HOBBIES_AND_CRAFTS
DL State	FL│FL│FL│FL│GA│FL│FL│FL
CenterName	GEO│GEO
__index_level_9__	adventure;│environmental│in│for│adventure;│environmental│in
Wind Direction	SW│WSW│SW│WSW│Calm│SW│SW│Calm
TEAM_CITY	Minnesota│Minnesota│Minnesota│Minnesota│Minnesota│Minnesota│Minnesota│Minnesota
rec_type	GLOBAL│GLOBAL│GLOBAL│GLOBAL│GLOBAL│GLOBAL│GLOBAL│GLOBAL
Wind Direction	SW│SW│SW│SW│SW│SW│WSW│WSW
citation_micro	Reis. Br.-Guiana 30 1818
EstadoDoc	Si│Si│Si
interaction_type	PickedUp│LeftGate│LeftGate│LeftGate│RightGate│RightGate│LeftGate│RightGate
review-id	review-id│319979│98054│124652│695340│561527│95919
NA	MO│CA│CA│CA│CA
country_code_filter	MT│MT│MT│MT│MT│MT│MT│MT
topic_description	CARE_OF_THE_ELDERLY│CARE_OF_THE_ELDERLY│CARE_OF_THE_ELDERLY│CARE_OF_THE_ELDERLY│CARE_OF_THE_ELDERLY│CARE_OF_THE_ELDERLY│CARE_OF_THE_ELDERLY│CARE_OF_THE_ELDERLY
County	County│BROWARD│BROWARD│BROWARD│County
Wind Direction	Calm│Calm│Calm│Calm│Calm│Calm│NE│Variable
Shape	IMAGE_ID│STREAM│IMAGE_YEAR│IMAGE_TIME│MAP_X│MAP_Y│GPID│BIRTH_YEAR
County	NATCHITOCHES│County│CARBON│JEFFERSON│County
DL State	FL│FL│FL│FL│FL│FL│FL│FL
Wind Direction	WSW│SW│WSW│WSW│West│West│WSW│SW
code	CHEAONE│CHEATWO│CHOONE│CHOTWO
interaction_type	Pushed│RightGate│LeftGate│PickedUp│RightGate│LeftGate│RightGate│LeftGate
__index_level_1__	Criterium│Criterium│Criterium│Criterium│Criterium│Criterium│Criterium│Criterium
interaction_type	PickedUp│Pushed│RightGate│RightGate│RightGate│LeftGate│LeftGate│RightGate
Category	Openbox│Openbox│Openbox│featurephones│Openbox│Preowned│Preowned│Preowned
TEAM_CITY	Minnesota│Minnesota│Minnesota│Minnesota│Minnesota│Minnesota│Minnesota│Minnesota
Location	2 WNW TESCOTT│4 NE CULVER│1 S LONE WOLF│3 NNW MOUNDRIDGE│6 SSW BLUE RAPIDS│6 NE MOUNTAIN VIEW│7 SSW BLUE RAPIDS│6 WSW FRANKFORT
country_name_filter	Cyprus│Cyprus│Cyprus│Cyprus│Cyprus│Cyprus│Cyprus│Cyprus
shortName	DEUTSCHE WOHNEN SE│DEUTSCHE WOHNEN SE│DEUTSCHE WOHNEN SE│DEUTSCHE WOHNEN SE
code	CHEAONE│CHEATWO│CHOONE│CHOTWO
OrganisationLabel	West Oxfordshire│West Oxfordshire│West Oxfordshire│West Oxfordshire│West Oxfordshire│West Oxfordshire│West Oxfordshire│West Oxfordshire
formation	Redding│Sant Corneli│Niobrara│Brezno│Lewes Nodular Chalk│Lewes Nodular Chalk
idDominio	{idDominio}│{idDominio}│{idDominio}│{idDominio}
Wind Direction	WNW│West│Calm│WSW│WSW│West│Calm│West
Provider State	MT│MT│MT│MT│MT│MT│MT│MT
Type	World│Label/Separator│Development Group│Development Group│Development Group│Development Group│Development Group│Special other
district	Port-Au-Prince│Port-Au-Prince│Port-Au-Prince│Port-Au-Prince│Port-Au-Prince
object_id_identity	DE│IL│DE_WDF03_Board│DE_WDF04_Board│IL_RAA03_Board
Wind Direction	Calm│Calm│South│Calm│SW│SW│SW│SW
V26	orderPres│1│2│3│4│5
TEAM_CITY	Indiana│Indiana│Indiana│Indiana│Indiana│Indiana│Indiana│Indiana
Wind Direction	WNW│WNW│NW│NNW│North│North│NNW│NW
hard_1	Detroit│Detroit's│Where│An│How│Hard│Detroit│Detroit's
Wind	NW│NW│NNW│NW│NNW│NW│NW│NW
Periodicity	Annual│Annual│Annual│Annual│Annual│Annual│Annual│Annual
Рейтинг	Рейтинг│Рейтинг
Wind Direction	Calm│Calm│NNW│Calm│Calm│Calm│Calm│Calm
TEAM_CITY	Milwaukee│Milwaukee│Milwaukee│Milwaukee│Milwaukee│Milwaukee│Milwaukee│Milwaukee
name	Paraaoria│himalayana
symbol	Bi│Bi│Bi│Bi│Bi│Bi│Bi│Bi
TEAM_CITY	Oklahoma City│Oklahoma City│Oklahoma City│Oklahoma City│Oklahoma City│Oklahoma City│Oklahoma City│Oklahoma City
TEAM_CITY	Milwaukee│Milwaukee│Milwaukee│Milwaukee│Milwaukee│Milwaukee│Milwaukee│Milwaukee
lgID	AL│NL│AL│NL│AL│NL│AL│NL
Key	Type│Subtype│Rect│Contents│P│NM│M│F
Haryana	Uttar Pardesh│Uttar Pardesh│Uttar Pardesh│Uttar Pardesh│Uttar Pardesh│Uttar Pardesh│Uttar Pardesh│Maharashtra 411038
County	LAWRENCE│ROCKCASTLE│LINCOLN│KANAWHA│County│ANDERSON│WOODFORD│FAYETTE
Creator	tsanabria_IDWR│tsanabria_IDWR│mrichman_IDWR│mrichman_IDWR
Wind Direction	SE│WSW│West│WSW│WSW│SW│Calm│Calm
interaction_type	Pushed│RightGate│LeftGate│LeftGate│PickedUp│RightGate│LeftGate│LeftGate
"""Има разминаване между държавата и мястото в базата на Speedy"""	Избраната услуга непозволява качване до етаж│Невалиден телефонен номер на получател│Не може да са избрани документи/разписка за връщане, при доставк│Не може да са избрани документи/разписка за връщане, при доставк│Неразпознат телефонен номер│Не може пощенския паричен превод да е включен в цената на наложе│При обявената стойност, трябва да има избран платец на обявената│Грешна последователност на палетите
operon	sdhCDAB-sucABCD│sdhCDAB-sucABCD│sdhCDAB-sucABCD│sdhCDAB-sucABCD│gnd
Wind Direction	SW│SW│SSW│SSW│WSW│West│WSW│SSW
site	oregonYP│oregonYP│oregonYP│oregonYP│oregonYP│oregonYP│oregonYP│oregonYP
interaction_type	Pushed│RightGate│RightGate│LeftGate│RightGate│PickedUp│LeftGate│RightGate
TEAM_CITY	LA│LA│LA│LA│LA│LA│LA│LA
Region	Latin America & Caribbean│South Asia│Sub-Saharan Africa│Europe & Central Asia│Europe & Central Asia│Middle East & North Africa│Latin America & Caribbean
exposure	Grasby2020surfarea│Grasby2020surfarea│Grasby2020surfarea│Grasby2020surfarea│Grasby2020surfarea│Grasby2020surfarea│Grasby2020surfarea│Grasby2020surfarea
domain	geo│geo│geo│geo│geo│geo
Shape Type	Country│Country│Country│Country│District│District│District│District
Wind Direction	West│ESE│Calm│Calm│NE│East│East│East
Reporting	in│state│crime,,,,Violent
__index_level_1__	Annual data from 1930 To 1969│Bureau of Economic Analysis│Data published October 29, 2015  │File created 11/4/2015 6:19:17 AM│Line
Zone	WA Ocean Shores│WA Ocean Shores│WA Ocean Shores│WA Ocean Shores│WA Ocean Shores│WA Ocean Shores│WA Ocean Shores│WA Ocean Shores
StateCode	VA│VA│VA│VA│VA│VA│VA
Type	Review│Article│Meeting Abstract│Article│Article│Article│Article│Article
time_unit	ms│ms│ms│ms│ms│ms│ms│ms
OrganisationLabel	Cannock Chase Council│Cannock Chase Council│Cannock Chase Council│Cannock Chase Council│Cannock Chase Council│Cannock Chase Council│Cannock Chase Council│Cannock Chase Council
County	Brown│Bon Homme│Clay│Custer│Deuel│Minnehaha│Clay│Fall River
Namespace	OrchardCore.Admin│OrchardCore.Admin│OrchardCore.Admin
Wind	CALM│S│S│S│S│CALM│S│S
also	watch│people
User ID	US-WEST-CA-San Francisco│US-WEST-CA-San Francisco│US-WEST-CA-San Francisco│US-WEST-CA-San Francisco│US-WEST-CA-San Francisco│US-WEST-CA-San Francisco
Language_ID	psi│pch│pmv│cr│cr│hi│hi│hi
Status	Operational│Operational│Operational│Operational│Operational│Operational│Operational│Operational
Wind Direction	WSW│SE│SW│WSW│SW│WNW│SSE│SSW
uni	Duncetown University│Duncetown University│Duncetown University│Duncetown University│Duncetown University│Duncetown University│Duncetown University│Duncetown University
Tuscaloosa	Race│U25│U25│p/b│Spinergy│9/Tristar
Capability 1	Control│FULL│Navigation│Localization│Navigation│FULL│FULL│FULL
ClientPrefix	Hu│Or│Dw│Ni│Sc│Ta│Gn│Tr
source	Ngoc Thao│Ngoc Thao│Ngoc Thao│Ngoc Thao│Ngoc Thao│Ngoc Thao│Ngoc Thao│Ngoc Thao
Events	Fog
Region	Latin America & Caribbean│South Asia│Sub-Saharan Africa│Europe & Central Asia│Europe & Central Asia│Middle East & North Africa│Latin America & Caribbean
region_code_filter	masovian_voivodeship│masovian_voivodeship│masovian_voivodeship│masovian_voivodeship│masovian_voivodeship│masovian_voivodeship│masovian_voivodeship│masovian_voivodeship
Center_Name_s	GEO│GEO│GEO│GEO│GEO│GEO│GEO│GEO
Steward	geo│geo│geo│geo│geo│geo
TEAM_CITY	LA│LA│LA│LA│LA│LA│LA│LA
Unnamed: 1	dium d
kaigukast	H6│A6│H6│H6│A6│H6│A6│A6
Wind Direction	Calm│WSW│WSW│WSW│WSW│WSW│WSW│WSW
TEAM_CITY	Oklahoma City│Oklahoma City│Oklahoma City│Oklahoma City│Oklahoma City│Oklahoma City│Oklahoma City│Oklahoma City
exposure	Grasby2020surfarea│Grasby2020surfarea│Grasby2020surfarea│Grasby2020surfarea│Grasby2020surfarea│Grasby2020surfarea│Grasby2020surfarea│Grasby2020surfarea
TEAM_CITY	Utah│Utah│Utah│Utah│Utah│Utah│Utah│Utah
location	unknown│HK│HK│IN│IN│HK│IN│IN
HD01_VD03	Estimate; Total: - Renter occupied│8372529│135776│3620│1814│2167│1091│2944
property_owner_addrprovince	IL│TX│TX
Whit	Country│Cycling│Alene,ID,,Broken
region	Latin America & Caribbean│South Asia│Sub-Saharan Africa│Europe & Central Asia│Europe & Central Asia│Middle East & North Africa│Latin America & Caribbean
Data Type	Address locator│Address locator style│Analysis cell size│Any value│ArcMap Document│Area units│Boolean│CAD Drawing Dataset
country_code_filter	EL│EL│EL│EL│EL│EL│EL│EL
value	Abkhazian│Achinese│Acoli│Adangme│Adyghe│Afar│Afrihili│Afrikaans
Hiện	Hiển│Di│tên│Hiển│X│Numpad│Áp│Revert
groupingname	Grouping-1│Grouping-2│Grouping-3│Grouping-3│Grouping-2
CTYNAME	Harris County│Dallas County│Tarrant County│Bexar County│Travis County│Collin County│Hidalgo County│Denton County
School Location	California│Minnesota│New Jersey│New Mexico│New York│New York│New York│New York
country_code_filter	IE│IE│IE│IE│IE│IE│IE│IE
pikk_mudel	206│206│206│206│206 CC│206 SW│206+│206+
StateCode	DC│VA
tenure_type	FH│FH│FH│FH│FH│FH│FH│FH
RA	KI│GK│GK│KI│GK│RAZ│KI│RAZ
Standardized?	No│1996, ECMA│1983, 2005, 2012, ANSI, ISO, GOST 27831-88│No│No│1960, IFIP WG 2.1, ISO│1968, IFIP WG 2.1, GOST 27974-88,│No
countryCode	IL│IL│IL│IL│IL│IL│IL│IL
topic_description	FAMILY_LIFE│FAMILY_LIFE│FAMILY_LIFE│FAMILY_LIFE│FAMILY_LIFE│FAMILY_LIFE│FAMILY_LIFE│FAMILY_LIFE
location_code_filter	wexford_IE│wexford_IE│wexford_IE│wexford_IE│wexford_IE│wexford_IE│wexford_IE│wexford_IE
Unnamed: 0	Alabama│Alaska│Arizona│Arkansas│California│Colorado│Connecticut│Delaware
Events	Fog│Fog
groupingname	Grouping-1│Grouping-2│Grouping-3│Grouping-3│Grouping-2
Wind Direction	Calm│Calm│SW│Calm│Calm│Calm│Calm│NE
location_name_filter	Mura Statistical Region, Slovenia│Mura Statistical Region, Slovenia│Mura Statistical Region, Slovenia│Mura Statistical Region, Slovenia│Mura Statistical Region, Slovenia│Mura Statistical Region, Slovenia│Mura Statistical Region, Slovenia│Mura Statistical Region, Slovenia
Namespace	Asteroid_Belt_Assault│Asteroid_Belt_Assault│Asteroid_Belt_Assault│Asteroid_Belt_Assault│Asteroid_Belt_Assault│Asteroid_Belt_Assault│Asteroid_Belt_Assault│Asteroid_Belt_Assault
interaction_type	PickedUp│RightGate│LeftGate│RightGate│LeftGate│RightGate│RightGate│LeftGate
Language_ID	psi│pma│pmv│ca│ca│ma│pda│pdh
TEAM_CITY	Washington│Washington│Washington│Washington│Washington│Washington│Washington│Washington
TEAM_CITY	LA│LA│LA│LA│LA│LA│LA│LA
Wind Direction	Calm│SE│SE│Calm│SE│SE│WSW│SW
Type	ChallengeCacheHandlerTests│ChallengeCacheHandlerTests│ChallengeCacheHandlerTests│ChallengeCacheHandlerTests│ChallengeCacheHandlerTests│ChallengeCacheHandlerTests│ChallengeCacheHandlerTests│ChallengeCacheHandlerTests
keyCode2	ArrowRight│ArrowRight│ArrowRight│ArrowRight│ArrowRight│ArrowRight│ArrowRight│ArrowRight
Wind Direction	WSW│WSW│SW│SW│WSW│SW│SW│WSW
BUFFY	GILES│BUFFY│BUFFY VOICEOVER│BUFFY VOICEOVER│BUFFY VOICEOVER│BUFFY│BUFFY│BUFFY
Namespace	Google.Maps.Direction│Google.Maps.Direction│Google.Maps.DistanceMatrix│Google.Maps.Elevation│Google.Maps.Elevation│Google.Maps.Geocoding│Google.Maps.Geocoding│Google.Maps
Data provider	Land Journal│Land Journal│Land Journal│Land Journal│Land Journal│Land Journal│Land Journal│Land Journal
DATASTORE region	gs.US,ncbi.public,s3.us-east-1│gs.US,ncbi.public,s3.us-east-1│gs.US,ncbi.public,s3.us-east-1│gs.US,ncbi.public,s3.us-east-1│gs.US,ncbi.public,s3.us-east-1│gs.US,ncbi.public,s3.us-east-1│gs.US,ncbi.public,s3.us-east-1│gs.US,ncbi.public,s3.us-east-1
topic_description	FAMILY_LIFE│FAMILY_LIFE│FAMILY_LIFE│FAMILY_LIFE│FAMILY_LIFE│FAMILY_LIFE│FAMILY_LIFE│FAMILY_LIFE
Namespace	NNanomsg│NNanomsg│NNanomsg│NNanomsg│NNanomsg│NNanomsg│NNanomsg│NNanomsg
TEAM_CITY	Minnesota│Minnesota│Minnesota│Minnesota│Minnesota│Minnesota│Minnesota│Minnesota
Database	GO│GO│GO│GO│GO│GO
in	TRIAL
NAME	ALAMOSA DITCH│RIO GRANDE CNL
Wind Direction	South│South│South│SSW│SSW│South│South│South
Location	California│Wisconsin│Washington, DC│Waterbury, CT
TEAM_CITY	LA│LA│LA│LA│LA│LA│LA│LA
time_bin	aquitanian│aquitanian│aquitanian│aquitanian│aquitanian│aquitanian│aquitanian│aquitanian
Wind Direction	ENE│ENE│NE│NE│NE│NE│ENE│ENE
TEAM_CITY	Sacramento│Sacramento│Sacramento│Sacramento│Sacramento│Sacramento│Sacramento│Sacramento
place	Acropolis│Namaste India│Restaurant Šestinski Lagvić
Events	Fog-Rain-Thunderstorm│Fog-Rain-Thunderstorm│Fog-Rain-Thunderstorm│Fog-Rain-Thunderstorm│Fog-Rain-Thunderstorm│Fog-Rain
object_type	NOUN_CHUNK│NOUN_CHUNK│NOUN_CHUNK│NOUN_CHUNK│NOUN_CHUNK│ORG│NOUN_CHUNK│CARDINAL
Wind Direction	SSW│South│SSW│SW│WSW│Calm│Calm│Calm
countryCode	AO│AO│AO│AO│AO│AO│AO│AO
Provider State	NM│NM│NM│NM│NM│NM│NM│NM
__index_level_3__	Mt. Paku, Taiwan│Tyonek, Alaska│Gatwick Airport, Horley, Surrey, England│Near Bradford, Pennsylvania│Mt. Tawu, Thailand│Off Los Angeles, California│Shemya, Alaska│Near Hue, Vietnam
Wind Direction	WSW│WSW│WSW│SSW│SW│SW│SW│SW
location_code_filter	harju_county_EE│harju_county_EE│harju_county_EE│harju_county_EE│harju_county_EE│harju_county_EE│harju_county_EE│harju_county_EE
Fatality Significant	Not Significant│Not Significant│Not Significant│Significant│Significant│Not Significant
Events	Rain-Thunderstorm│Rain-Thunderstorm│Rain│Rain│Fog│Fog
__index_level_1__	Cross Country│Cross Country│Cross Country│Cross Country│Cross Country│Cross Country│Cross Country│Cross Country
Name	DmdA│DmdA│DmdA│DmdA│DmdA│DmdA│DmdA│DmdA
DL State	FL│FL│FL│MD│FL│FL│FL│FL
__index_level_1__	Cross Country│Cross Country│Cross Country│Cross Country│Cross Country│Cross Country│Cross Country│Cross Country
__index_level_1__	SUPER D│SUPER D│SUPER D│SUPER D│SUPER D│SUPER D│SUPER D│SUPER D
the.1	generation│the│the│generation│the│best-selling
2019	coverage:
Credit	Criterium│Angeles,CA,21:56.8,UCI│Angeles,CA,21:56.9,Rock│Monica,CA,21:57.0,Tim│Jose,CA,21:57.1,BMC│Sebastian,HAEDO,,,21:57.1,Colavita│Oaks,CA,21:57.5,Amgen/Giant
__index_level_1__	                                                                │Annual data from 1930 To 1969│Bureau of Economic Analysis│Data published September 26, 2013│File created 10/31/2013 10:25:08 PM│Line
REGIONE	LOMBARDIA│LOMBARDIA│LOMBARDIA│LOMBARDIA│LOMBARDIA│LOMBARDIA│LOMBARDIA│LOMBARDIA
__index_level_2__	County│HONOLULU│KAUAI│HAWAII│HAWAII│HONOLULU│MAUI│HAWAII
-.1	from│Archers│BARBARIAN│BARBARIANS│ARCHERS│ARCHERS│BARBARIANS
me.1	GitHub│vulnerability│is
Wind Direction	Calm│Calm│WSW│WSW│West│Calm│Calm│Calm
Wind Direction	WSW│West│West│West│WSW│WSW│WSW│WSW
uniq_obs_id	label│background│Uniq ID of observation within its submission type│415│415
Wind Direction	South│South│South│South│South│SSE│South│South
billing_region	Michigan│Michigan
Fatality Significant	Not Significant│Significant│Significant│Significant│Significant│Significant│Significant
cut	NYC│NYC│NYC│NYC│NYC│NYC│NYC│NYC
Publishers	Land Journal│Land Journal│Land Journal│Land Journal│Land Journal│Land Journal│Land Journal│Land Journal
OrganisationLabel	Purbeck District Council│Purbeck District Council│Purbeck District Council│Purbeck District Council│Purbeck District Council│Purbeck District Council│Purbeck District Council│Purbeck District Council
PLANT	PITTSBURGH_1-4│PITTSBURGH_5-6│PITTSBURG_7│CONTRA_COSTA_4-5│CONTRA_COSTA_6-7│POTRERO_HILL│EL_SEGUNDO_1-2│EL_SEGUNDO_3-4
Events	Snow│Snow│Snow
Unnamed: 0	Alabama│Alaska│Arizona│Arkansas│California│Colorado│Connecticut│Delaware
TEAM_CITY	Minnesota│Minnesota│Minnesota│Minnesota│Minnesota│Minnesota│Minnesota│Minnesota
Описание	Описание│Описание
__index_level_1__	Criterium│Criterium│Criterium│Criterium│Criterium│Criterium│Criterium│Criterium
Composition:	7-8:│and│Castle│Fair
in	Ncca
Conditions	Mostly Cloudy│Overcast│Overcast│Overcast│Overcast│Overcast│Overcast│Overcast
Wind Direction	SSW│South│SSW│SW│WSW│Calm│Calm│Calm
TEAM_CITY	Minnesota│Minnesota│Minnesota│Minnesota│Minnesota│Minnesota│Minnesota│Minnesota
TEAM_CITY	Minnesota│Minnesota│Minnesota│Minnesota│Minnesota│Minnesota│Minnesota│Minnesota
of.4	boats.│few│$US2.│Aras),│asked
County	Brown│Clay│Hutchinson│Union│Codington│Hand│McPherson│Minnehaha
Shape Type	Country│Country│Country│Country│District│District│District│District
Avimor	Country│Cycling│Country
EstadoDoc	Si│Si│Si│Si
home	Matthewsport│Smithland│West Deborah│North Tina│New Alyssaland│Elizabethshire│Ortegafurt
interaction_type	Pushed│PickedUp│LeftGate│LeftGate│LeftGate│LeftGate│LeftGate│LeftGate
Status	Operational│Operational│Operational│Operational│Operational│Operational│Operational│Operational
nombreProducto	Caja 6 unidades Kirkland│Caja 6 unidades Kirkland│Caja 6 unidades Kirkland│Caja 6 unidades Kirkland│Caja 6 unidades Kirkland│Caja 6 unidades Kirkland│Caja 6 unidades Kirkland│Caja 6 unidades Kirkland
F_Scale	RUSSELL│County│SMITH│JEWELL│County│BUTLER│BUTLER│GREENWOOD
Field Note	Include Area Code
product/toLocationType	AWS Region│AWS Region│AWS Region│AWS Region│AWS Region│AWS Region│AWS Region│AWS Region
TEAM_CITY	Indiana│Indiana│Indiana│Indiana│Indiana│Indiana│Indiana│Indiana
groupingname	Grouping-1│Grouping-2│Grouping-3│Grouping-3│Grouping-2
OrganisationLabel	Rutland County Council│Rutland County Council│Rutland County Council│Rutland County Council│Rutland County Council
Wind Direction	SSW│SSW│SW│Calm│SW│SSW│SW│SW
social_uptake	Considerable│Considerable│Considerable│Large│Considerable
OrganisationLabel	Christchurch Borough Council│Christchurch Borough Council│Christchurch Borough Council│Christchurch Borough Council│Christchurch Borough Council│Christchurch Borough Council│Christchurch Borough Council│Christchurch Borough Council
topic_description	RECYCLING│RECYCLING│RECYCLING│RECYCLING│RECYCLING│RECYCLING│RECYCLING│RECYCLING
TEAM_CITY	LA│LA│LA│LA│LA│LA│LA│LA
Wind Direction	South│South│South│South│South│South│South│SSW
Wind Direction	NNE│Calm│NNE│Calm│NE│ENE│ENE│NE
LOCCOORD	Mid-Block│Mid-Block│Mid-Block│Intersection│Intersection│Intersection│Intersection│Intersection
repeat	or│may│to│was│operations,
__index_level_1__	Cross Country│Cross Country│Cross Country│Cross Country│Cross Country│Cross Country│Cross Country│Cross Country
NMSPC_CD	KC-NEGOTIATION│KC-SYS│KC-SYS│KC-SYS│KC-NEGOTIATION│KC-NEGOTIATION│KC-NEGOTIATION│KC-AWARD
Wind Direction	SSW│SSW│SSW│SW│SSW│SSW│SW│SSW
step	WHITE│BLACK│WHITE│BLACK│WHITE│BLACK│WHITE│BLACK
TEAM_CITY	Memphis│Memphis│Memphis│Memphis│Memphis│Memphis│Memphis│Memphis
venue_state	CA│MI│MI
Events	Fog│Fog│Fog
Region-Int	East Region│West Region
region_name_filter	Tauragė County│Tauragė County│Tauragė County│Tauragė County│Tauragė County│Tauragė County│Tauragė County│Tauragė County
area	秋葉原│港区│港区│港区│千代田区│文京区│北区
__index_level_1__	Just│Peak│only│Peak
SequenceWindowClosure	ClosedByDeadzone│ClosedByDeadzone│ClosedByDeadzone│ClosedByDeadzone│ClosedByDeadzone│ClosedByDeadzone
Wind Direction	ENE│NE│NE│NE│NE│NE│NE│NE
topic_description	CRIME│CRIME│CRIME│CRIME│CRIME│CRIME│CRIME│CRIME
macroregion	Norte│Nordeste│Norte│Norte│Nordeste│Nordeste│Centro-Oeste│Sudeste
Namespace	TodoApp.Controllers│Oak.Controllers│Oak.Controllers│TodoApp│Oak│Oak│Oak│Oak
ordenvalido	Caryophyllales│Caryophyllales│Caryophyllales│Caryophyllales│Caryophyllales
Provider State	NM│NM│NM│NM│NM│NM│NM│NM
Race	Wht│Blk│Hsp│API│NAAI│Oth│Wht│Blk
Race/Ethnicity	Black or African American│Multiracial or multiethnic│Hispanic or Latino│Black or African American│Black or African American│Black or African American│White│Hispanic or Latino
2019	coverage:
__index_level_2__	The│is│Gallows│The│one
TEAM_CITY	LA│LA│LA│LA│LA│LA│LA│LA
Algori	kmeans│DBSCAN│Fuzzy cmeans│CHA│Densi
__index_level_390__	for│China,
interaction_type	PickedUp│RightGate│RightGate│LeftGate│LeftGate│RightGate│LeftGate│PickedUp
__index_level_150__	the│patient│be│local│to│to
Wind Direction	SW│SW│SW│SW│SW│SW│WSW│WSW
Wind Direction	SW│WSW│WSW│WSW│WSW│WSW│WSW│WSW
rarity	Uncommon│Rare│Common│Uncommon│Rare│Common│Uncommon│Rare
TEAM_CITY	Golden State│Golden State│Golden State│Golden State│Golden State│Golden State│Golden State│Golden State
DistPotencial	Si│Si│Si│Si│Si│Si│Si│Si
Unnamed: 0	Alabama│Alaska│Arizona│Arkansas│California│Colorado│Connecticut│Delaware
Tag	O│O│O│O│O│O│O│O
What was the author doing when they got into an accident?	Driving│Driving│Driving│Driving│Driving│Driving│Driving│Driving
ocd_id	ocd-division/country:us/state:id/county:ada│ocd-division/country:us/state:id/county:adams│ocd-division/country:us/state:id/county:bannock│ocd-division/country:us/state:id/county:bear_lake│ocd-division/country:us/state:id/county:benewah│ocd-division/country:us/state:id/county:bingham│ocd-division/country:us/state:id/county:blaine│ocd-division/country:us/state:id/county:boise
TEAM_CITY	Golden State│Golden State│Golden State│Golden State│Golden State│Golden State│Golden State│Golden State
country_name_filter	Greece│Greece│Greece│Greece│Greece│Greece│Greece│Greece
seq_TM-tmhmm	O│O│O│O│O│O│O│O
seq_TM-tmhmm	O│O│O│O│O│O│O│O
ALIAS	Central Denmark Region│Capital Region│Southern Denmark Region│North Denmark Region│Capital Region│Capital Region│Capital Region│Capital Region
EXAMPLE_UNITS	mV│mV│mV│mV│mV│mV│mV
Family	Donald│Chalmers│Windsor│Everywoman
User ID	US-WEST-CA-San Francisco│US-WEST-CA-San Francisco│US-WEST-CA-San Francisco│US-WEST-CA-San Francisco│US-WEST-CA-San Francisco│US-WEST-CA-San Francisco│US-WEST-CA-San Francisco
name	Addepar│AeroFS│Affirm Delphix│Airbnb│AirWar│Akamai│Alarm.com│Amazon
학과	경영학과│철학│영어영문학과│신문방송학과│행정학과│법학과│불어불문학│생활디자인
Wind Direction	SSW│Calm│SSE│SE│Calm│South│Calm│SSE
symbol	SOBA.DE│SOBA.DE│SOBA.DE│SOBA.DE
__index_level_145__	complete│about│to│the│Horner│Al
__index_level_0__	-Kuroh|36456|Boku│-Kuroh|34566|Boruto:│-Kuroh|33082|Kingsglaive:│-Kuroh|31758|Kizumonogatari│-Kuroh|35062|Mahoutsukai│-Kuroh|36563|Megalo│-Kuroh|35949|Mobile│-Kuroh|35466|ReLIFE:
home	Lake David│Normaborough│South Deannaport│Buckburgh│Samanthaland│Brownstad│Emilyshire│Gutierreztown
Wind Direction	WNW│NW│NNW│NNW│Calm│SSW│SW│SSW
citation_micro	Syst. Pilze (Würzburg) 148 (1816)│Syst. Pilze (Würzburg) 148 (1816)
value	Achinese│Adangme│Adyghe│Afar│Afrihili│Ainu│Akkadian│Akoose
StateCode	VA│VA│NC│NC│NC│VA│VA│VA
bkg_typ	Haus│Haus│Haus│Haus│Haus│Haus│Haus│Haus
to	in│to│transport│his
Wind Direction	North│Calm│Calm│Calm│Calm│East│Calm│Calm
Namespace	UnitTestLagacy.Lagacy│UnitTestLagacy.Lagacy│UnitTestLagacy.Lagacy│UnitTestLagacy.Lagacy│UnitTestLagacy.Lagacy│UnitTestLagacy.Lagacy│UnitTestLagacy.Lagacy│UnitTestLagacy.Lagacy
Race	Men│-│Nevada│Nevada│Nevada
interaction_type	PickedUp│LeftGate│LeftGate│RightGate│LeftGate│LeftGate│LeftGate│LeftGate
Region	Europe & Central Asia│Latin America & Caribbean│South Asia│Sub-Saharan Africa│Europe & Central Asia│Europe & Central Asia│Middle East & North Africa
name	Parasilaus│afghanicus│asiaticus
Wind Direction	South│SSW│SSW│SSW│SSW│SSW│SW│SW
name	Schizacme│archeri│montana
Unnamed: 0	Alabama│Alaska│Arizona│Arkansas│California│Colorado│Connecticut│Delaware
__index_level_1__	Cross Country│Cross Country│Cross Country│Cross Country│Cross Country│Cross Country│Cross Country│Cross Country
name	Buffonia│mauritanica
TEAM_CITY	New York│New York│New York│New York│New York│New York│New York│New York
Wind Direction	Calm│West│West│West│West│West│Calm│SSW
DistPotencial	Si│Si│Si│Si│Si│Si│Si│Si
LenderState	VA│VA│VA│VA│VA│VA│VA│VA
Buffer (Km)	Si│Si
source	Vĩnh Thuyên Kim│Vĩnh Thuyên Kim│Vĩnh Thuyên Kim│Vĩnh Thuyên Kim│Vĩnh Thuyên Kim│Vĩnh Thuyên Kim│Vĩnh Thuyên Kim│Vĩnh Thuyên Kim
PORTFOLIO	East_Bay│East_Bay│East_Bay│East_Bay│East_Bay│East_Bay│Low_Fossil│Low_Fossil
CA	CA│CA│CA
School Location	CHINA│California│Connecticut│Florida│Georgia│Kansas│Kansas│Maryland
Wind Direction	East│ESE│ESE│ESE│ESE│ESE│ESE│ESE
country_id	Peru│Peru│Peru
name	Hockinia│montana│fulvicoma│hainanensis│howii│kaempferi│kankauensis│macrophylla
Events	Fog│Fog│Fog
note	 │ │ │ │ │ braziliensis│ Chaconia brasiliensis│ 
TEAM_CITY	LA│LA│LA│LA│LA│LA│LA│LA
interaction_type	RightGate│RightGate│RightGate│Pushed│RightGate│RightGate│PickedUp│RightGate
__index_level_1__	Cross Country│Cross Country│Cross Country│Cross Country│Cross Country│Cross Country│Cross Country│Cross Country
Wind Direction	SSW│SW│SW│SSW│SW│South│South│South
V	Junior
Speaker	Sanyam Bhutani│Julien Chaumond│Sanyam Bhutani│Julien Chaumond│Sanyam Bhutani│Julien Chaumond│Sanyam Bhutani│Julien Chaumond
TEAM_CITY	Minnesota│Minnesota│Minnesota│Minnesota│Minnesota│Minnesota│Minnesota│Sacramento
Speaker	Sanyam Bhutani│Suzana│Sanyam Bhutani│Suzana│Sanyam Bhutani│Suzana│Sanyam Bhutani│Suzana
County	County│BOULDER│LAFOURCHE│GMZ552│GULF│FRANKLIN│FRANKLIN│FRANKLIN
Cooldown	int│250│250│50│50│250│50│250
unit	Ha│Ha│Ha│Ha│Ha│Ha│Ha│Ha
region_code_filter	vilnius_county│vilnius_county│vilnius_county│vilnius_county│vilnius_county│vilnius_county│vilnius_county│vilnius_county
Location	Mattawa.E, Grant County│Mattawa.E, Grant County│Mattawa.E, Grant County│Mattawa.E, Grant County│Mattawa.E, Grant County│Mattawa.E, Grant County│Mattawa.E, Grant County│Mattawa.E, Grant County
TEAM_CITY	Minnesota│Minnesota│Minnesota│Minnesota│Minnesota│Minnesota│Minnesota│Minnesota
Location_val	CO│CO/CA│TBD│CO/CA│CO/TBD│CO/TBD│CO/CA│CO
DL State	FL│MA│FL│FL│FL│FL│FL│FL
Wind Direction	North│North│NNE│NE│NE│NE│NE│NNE
Events	Snow│Snow│Snow│Snow│Snow│Snow│Snow│Snow
subject_condition	no warning│no warning│no warning│no warning│no warning│no warning│no warning│no warning
TEAM_CITY	New York│New York│New York│New York│New York│New York│New York│New York
Wind Direction	East│East│East│East│ESE│SE│East│Calm
name	Australian Capital Territory│New South Wales│Northern Territory│Queensland│South Australia│Tasmania│Victoria│Western Australia
TEAM_CITY	Atlanta│Atlanta│Atlanta│Atlanta│Atlanta│Atlanta│Atlanta│Atlanta
targetLang	ca│ca│ca│ca│ca│ca│ca│ca
Wind Direction	SSE│SE│SSE│SSE│SSE│SSE│South│South
ordenvalido	Anura│Anura│Anura│Anura│Anura│Anura│Anura
CO	CO│CO│CO│CO
Wind Direction	Calm│Calm│Calm│Calm│Calm│Calm│Calm│Calm
Wind	NW│NNW│NW│NW│NW│NW│NW│NW
Condition	RI-A│RI-A│RI-A│RI-A│RI-A│RI-A│RI-A│RI-A
coll_shortname	Maps_AGB_North_Slope_AK_1565│Maps_AGB_North_Slope_AK_1565│Maps_AGB_North_Slope_AK_1565│Maps_AGB_North_Slope_AK_1565│Maps_AGB_North_Slope_AK_1565│Maps_AGB_North_Slope_AK_1565│Maps_AGB_North_Slope_AK_1565│Maps_AGB_North_Slope_AK_1565
TEAM_CITY	Indiana│Indiana│Indiana│Indiana│Indiana│Indiana│Indiana│Indiana
SimplifiedDeviceAction	Permit│Permit│Permit
Wind Direction	South│SSE│ESE│SE│ESE│SSE│SE│SSE
groupingname	Grouping-1│Grouping-2│Grouping-3│Grouping-3│Grouping-2
Provider State	DC│DC│DC│DC│DC│DC│DC│DC
Wind Direction	East│East│East│East│ESE│SE│East│Calm
dataFile	MAL-ED TAC data│MAL-ED TAC data│MAL-ED TAC data│MAL-ED TAC data│MAL-ED TAC data│MAL-ED TAC data│MAL-ED TAC data│MAL-ED TAC data
TEAM_CITY	LA│LA│LA│LA│LA│LA│LA│LA
__index_level_912__	measures.│in
Events	Fog│Fog│Fog-Rain│Fog-Rain│Fog│Fog│Fog│Fog
Type	KTAS-CONTACT│KTAS-CONTACT│KTAS-CONTACT│KTAS-CONTACT│KTAS-CONTACT│KTAS-CONTACT│KTAS-CONTACT│KTAS-CONTACT
Provider State	DC│DC│DC│DC│DC│DC│DC│DC
da	rural)
was_home	North Jeffrey│East Tanyaton│South Pamela│Davismouth│Hollandmouth│East Carl│Webbburgh│Stephanieport
DL State	FL│FL│MD│FL│FL│FL│FL
CR_CodeType	Immediate│Other significant│Immediate│Underlying│Underlying│Underlying│Underlying│Underlying
TEAM_CITY	Indiana│Indiana│Indiana│Indiana│Indiana│Indiana│Indiana│Indiana
nombreProducto	Tapa bocas diseño│Tapa bocas diseño│Tapa bocas diseño│Tapa bocas diseño│Tapa bocas diseño│Tapa bocas diseño
jurisdiction_id	ocd-jurisdiction/country:us/state:ne/government│ocd-jurisdiction/country:us/state:ne/government│ocd-jurisdiction/country:us/state:ne/government│ocd-jurisdiction/country:us/state:ne/government│ocd-jurisdiction/country:us/state:ne/government│ocd-jurisdiction/country:us/state:ne/government│ocd-jurisdiction/country:us/state:ne/government│ocd-jurisdiction/country:us/state:ne/government
County	BRISCOE│BRISCOE│County│SWISHER│BRISCOE│BRISCOE│BRISCOE│BRISCOE
County	CLARK│HARRISON│DE SOTO│DE SOTO│NATCHITOCHES│FAULKNER│WINN│JACKSON
Wind Direction	Calm│Calm│Calm│Calm│Calm│Calm│Calm│Calm
Namespace	Akko.Areas.Lighthouse│Akko.Areas.Lighthouse│Akko.Areas.Lighthouse│Akko.Areas.Lighthouse│Akko.Areas.Lighthouse│Akko.Areas.Lighthouse│Akko.Areas.Lighthouse│Akko.Areas.Lighthouse
category	Household│Household│Household│Household│Household│Household│Household│Household
__index_level_1__	Annual data from 1930 To 1969│Bureau of Economic Analysis│Data published December 22, 2011 │File created 12/21/2011 10:11:40 AM│Line
Status	Operational│Operational│Operational│Operational│Operational│Operational│Operational│Operational
Wind Direction	North│North│North│North│North│North│North│NNW
to.2	of│IN│transaction│8│$383,000,│or│narrowed│or
TEAM_CITY	Golden State│Golden State│Golden State│Golden State│Golden State│Golden State│Golden State│Golden State
venue_state	CA│MA│MA│MA
Unnamed: 0	Alabama│Alaska│Arizona│Arkansas│California│Colorado│Connecticut│Delaware
County	Juneau│Not Available│Valdez-Chitina-Whittier│Nome│Wrangell-Petersburg│Kodiak Island Borough│Anchorage│Wrangell-Petersburg
interaction_type	PickedUp│LeftGate│RightGate│LeftGate│RightGate│LeftGate│RightGate│LeftGate
interaction_type	Pushed│RightGate│LeftGate│RightGate│PickedUp│RightGate│RightGate│PickedUp
Language_ID	pmv│pda│pwc│pdh│la│la│la│la
__index_level_3__	Zheng Zou AB, China│Near Silimo, Indonesia│Near Lake Point, Utah│Eider Point, Alaska│Ciudad Bolivar, Venezuela│Byers, Colorado│El Yopal, Colombia│Beaver Island, Minnesota
Event	Running│InputWindowOpen│KeyDown│KeyDown│KeyDown│KeyDown│KeySequenceStopped│InputWindowClosed
Wind Direction	ENE│East│NE│Calm│NNE│NE│NNE│NNE
Place	Boston, MA│Boston, MA│Cham│Cham│Cham│Cham
__index_level_1020__	GEM.│to
Events	Fog│Fog│Fog
groupingname	Grouping-1│Grouping-2│Grouping-3│Grouping-3│Grouping-2
citation_micro	Bull. Jard. Bot. État 7: 101 (1920)│Bull. Jard. Bot. État 7: 119 (1920)│Bull. Jard. Bot. État 7: 120 (1920)│Bull. Jard. Bot. État 7: 119 (1920)│Bull. Jard. Bot. État 7: 119 (1920)│Sydowia 5(3-6): 335 (1951)│Bull. Jard. Bot. État 7: 119 (1920)│Sydowia 5(3-6): 335 (1951)
Provider State	AZ│AZ│AZ│AZ│AZ│AZ│AZ│AZ
TEAM_CITY	Utah│Utah│Utah│Utah│Utah│Utah│Utah│Utah
Wind Direction	South│South│South│SSW│SSW│SSW│SW│SSW
__index_level_4__	Introduction│,0,
County	District Of Columbia│District Of Columbia│District Of Columbia│District Of Columbia│District Of Columbia│District Of Columbia│District Of Columbia│District Of Columbia
__index_level_1__	; Seasonally adjusted at annual rates                           │Quarterly data from 1947 To 2005│Bureau of Economic Analysis│Data published August 31, 2005   │File created 8/30/2005 9:35:05 AM│Line
Wind Direction	ESE│ESE│SSE│Calm│SE│East│ESE│SSE
Wind Direction	South│South│South│South│South│SSE│South│South
Language_ID	psi│pmv│pwc│pdh│pbo│ch│ch│wi
approximationMode	NONALIGNING_KNOWN│NONALIGNING_KNOWN│NONALIGNING_KNOWN│NONALIGNING_KNOWN│NONALIGNING_KNOWN│NONALIGNING_KNOWN│NONALIGNING_KNOWN│NONALIGNING_KNOWN
7	('path',)│('path',)│('p',)│('paths',)│('m',)│('p',)│('path',)│('path',)
EstadoDoc	Si│Si│Si│Si│Si│Si│Si
Wind Direction	Calm│NNW│North│Calm│South│South│SW│Calm
nome_macrorregiao	Norte│Norte│Norte│Norte│Norte│Norte│Norte│Norte
như	tôi│mình│mà│ông│là│cho│trên│là
__index_level_105__	AM_ORGID│SDAORG│SDAORG
__index_level_426__	on│Co
TEAM_CITY	San Antonio│San Antonio│San Antonio│San Antonio│San Antonio│San Antonio│San Antonio│San Antonio
Treatments	TE│TE
Shape Type	Country│Country│Country│Country│Country│Country│Country│Country
COMMODITY_DESC	CATTLE│CATTLE│CATTLE│CATTLE│CATTLE│CATTLE│CATTLE│CATTLE
Wind Direction	SSE│South│South│South│South│South│South│South
value	Abkhazian│Achinese│Acoli│Adangme│Adyghe│Afar│Afrihili│Afrikaans
country_code_filter	LV│LV│LV│LV│LV│LV│LV│LV
Source	Website│Website
Race	Tamworth│Moe│Tamworth│Moe│Moe│Moe│Tamworth│Moe
TEAM_CITY	Utah│Utah│Utah│Utah│Utah│Utah│Utah│Utah
GEO.display-label	Geography│United States│North Carolina│Durham County, North Carolina│Forsyth County, North Carolina│Guilford County, North Carolina
message	Percentuale di ricarica dei bauletti di ritorno│È richiesta una scadenza
__index_level_1__	; Seasonally adjusted at annual rates                           │Quarterly data from 1947 To 1969│Bureau of Economic Analysis│Data published May 26, 2011      │File created 5/25/2011 9:19:43 AM│Line
County	Yankton│Hughes│Codington│Aurora│Day│Brown│Charles Mix│McCook
taxState	MA      │MA      │MA      
about	This map is great.│This map is great.│This map is great.│This map is great.│This map is great.│This map is great.│This map is great.
Wind Direction	Calm│Calm│Calm│NE│NNE│NNE│NE│Variable
TEAM_CITY	Utah│Utah│Utah│Utah│Utah│Utah│Utah│Utah
Comments	TODO│OK│OK│OK│OK
IN	MO│IN│MO│IN│MO│IN│MO│IN
Wind Direction	SE│SSE│SSE│South│South│South│South│South
TEAM_CITY	Sacramento│Sacramento│Sacramento│Sacramento│Sacramento│Sacramento│Sacramento│Sacramento
TEAM_CITY	Denver│Denver│Denver│Denver│Denver│Denver│Denver│Denver
jurisdiction_id	ocd-jurisdiction/country:us/state:al/government│ocd-jurisdiction/country:us/state:al/government│ocd-jurisdiction/country:us/state:al/government│ocd-jurisdiction/country:us/state:al/government│ocd-jurisdiction/country:us/state:al/government│ocd-jurisdiction/country:us/state:al/government│ocd-jurisdiction/country:us/state:al/government│ocd-jurisdiction/country:us/state:al/government
FeatureType	Other│Artefact scatter│Masonry│Isolated find│Masonry│Metal Feature│Artefact scatter│Masonry
PrefLabel	National│State│Local
country_name_filter	Cyprus│Cyprus│Cyprus│Cyprus│Cyprus│Cyprus│Cyprus│Cyprus
Wind Direction	NW│NNW│NW│NW│Calm│NNW│North│North
TEAM_CITY	Houston│Houston│Houston│Houston│Houston│Houston│Houston│Houston
Events	Snow│Snow│Snow│Fog│Fog-Snow
geoextent	Local│National│Regional│National│National│Local│National│Local
TEAM_CITY	Indiana│Indiana│Indiana│Indiana│Indiana│Indiana│Indiana│Indiana
Cross.2	to│great
Cross.2	to│great
TEAM_CITY	Indiana│Indiana│Indiana│Indiana│Indiana│Indiana│Indiana│Indiana
Events	Rain-Thunderstorm│Rain-Thunderstorm│Rain│Rain│Fog│Fog
__index_level_2__	Line│1
interaction_type	PickedUp│RightGate│RightGate│RightGate│RightGate│RightGate│LeftGate│RightGate
Wind Direction	West│WNW│WNW│West│WNW│WNW│WNW│West
Input.word3	Slender│Slender│Slender│Slender│Slender│Slender│Slender│Slender
locality	MAINE│MAINE│MAINE│MAINE│MAINE│MAINE│MAINE│MAINE
Figure	Tigers
TEAM_CITY	Sacramento│Sacramento│Sacramento│Sacramento│Sacramento│Sacramento│Sacramento│Sacramento
Wind Direction	NNE│Calm│Calm│Calm│Calm│Calm│Calm│Calm
Wind Direction	WNW│Calm│Calm│Calm│Calm│Calm│Calm│South
category	Meat│Meat│Meat│Meat│Meat│Meat│Meat│Meat
ObjectTypeCV	Demand site│Demand site│Demand site│Demand site│Demand site│Demand site│Demand site│Demand site
geocoverage	European Union│European Union│European Union
Provider State	MT│MT│MT│MT│MT│MT│MT│MT
PLANT	EL_SEGUNDO_1-2│EL_SEGUNDO_3-4│LONG_BEACH│NORTH_ISLAND│ENCINA│KEARNY│SOUTH_BAY│COOLWATER
Arabic_Names	جورج اميل عون│بسام علي اسماعيل│منح سعيد مراد
EstadoDoc	Si│Si│Si│Si│Si│Si│Si│Si
represent	Aid
Wind Direction	Calm│Calm│Calm│ENE│Calm│Variable│SSE│SE
Wind	NNW│N│NNW│NW│NNW│NNW│NNW│NW
name	Alabama│Alaska│Arizona│Arkansas│California│Colorado│Connecticut│Delaware
CountyName	Adair│Alfalfa│Atoka│Beaver│Beckham│Blaine│Bryan│Caddo
Events	Fog-Snow│Fog-Snow│Fog-Snow│Fog│Fog-Snow│Fog-Snow│Fog-Snow│Fog-Snow
County	JEFFERSON│JEFFERSON│JEFFERSON│TALLADEGA│CLAY│LEE│County│MCCREARY
value	Abkhazian│Achinese│Acoli│Adangme│Adyghe│Afar│Afrihili│Afrikaans
region_name_filter	South Eastern Region│South Eastern Region│South Eastern Region│South Eastern Region│South Eastern Region│South Eastern Region│South Eastern Region│South Eastern Region
New Region Structure.1	New Region Structure│New Region Structure│New Region Structure│New Region Structure│New Region Structure│New Region Structure│New Region Structure│03004
DL State	FL│FL│FL│FL│FL│FL│FL│FL
__index_level_1__	Cross Country│Cross Country│Cross Country│Cross Country│Cross Country│Cross Country│Cross Country│Cross Country
venue_state	WA│WA│GA│GA│WA│CA│WA
TEAM_CITY	LA│LA│LA│LA│LA│LA│LA│LA
__index_level_1__	Cross Country│Cross Country│Cross Country│Cross Country│Cross Country│Cross Country│Cross Country│Cross Country
nombreProducto	Cuchilla estandar│Cuchilla estandar│Cuchilla estandar│Cuchilla estandar│Cuchilla estandar│Cuchilla estandar│Cuchilla estandar│Cuchilla estandar
Wind Direction	SSW│South│SSW│SW│WSW│Calm│Calm│Calm
name	Alabama│Alaska│Arizona│Arkansas│California│Colorado│Connecticut│Delaware
value	Abchazisch│Adangme│Adygees│Afaan Oromo│Afar│Afrihili│Afrikaans│Aghem
Unnamed: 0	Alabama│Alaska│Arizona│Arkansas│California│Colorado│Connecticut│Delaware
__index_level_1__	Cross Country│Cross Country│Cross Country│Cross Country│Cross Country│Cross Country│Cross Country│Cross Country
County	BROWARD│MIAMI-DADE│County│KERN│LOS ANGELES│County
Source	Aegon-I-Targaryen│Aegon-Targaryen-(son-of-Rhaegar)│Aegon-Targaryen-(son-of-Rhaegar)│Aegon-Targaryen-(son-of-Rhaegar)│Aegon-Targaryen-(son-of-Rhaegar)│Aegon-Targaryen-(son-of-Rhaegar)│Aegon-Targaryen-(son-of-Rhaegar)│Aegon-Targaryen-(son-of-Rhaegar)
name	Australian Capital Territory│New South Wales│Northern Territory│Queensland│South Australia│Tasmania│Victoria│Western Australia
Term Source REF.14	UO│UO│UO│UO
interaction_type	PickedUp│RightGate│RightGate│PickedUp│RightGate│RightGate│LeftGate│LeftGate
center_type	عام│عام│عام
name	Abe
__index_level_2__	Line│1
TEAM_CITY	Minnesota│Minnesota│Minnesota│Minnesota│Minnesota│Minnesota│Minnesota│Minnesota
topic_description	SOCIAL_CHANGE│SOCIAL_CHANGE│SOCIAL_CHANGE│SOCIAL_CHANGE│SOCIAL_CHANGE│SOCIAL_CHANGE│SOCIAL_CHANGE│SOCIAL_CHANGE
TEAM_CITY	Minnesota│Minnesota│Minnesota│Minnesota│Minnesota│Minnesota│Minnesota│Minnesota
Value	*pą-│*hpą́•he│*pą•h-│*hpą́│*phą́hį│pąʔ│pą́h│wą́pat
__index_level_523__	surrounding│He
scenario	qa│qa│qa│qa│qa│qa│qa│qa
Language_ID	psc│psi│pch│pmv│pse│ca│cr│cr
region	East│West│North│West│East│East│North│-1
name	Doyleanthus│arillata│orientalis
Events	Snow│Snow│Snow│Snow│Snow│Snow
Wind Direction	North│North│NNE│NE│NNE│North│North│NW
location_en	Ancient Forest│Ancient Forest│Ancient Forest│Ancient Forest│Ancient Forest│Wildspire Waste│Wildspire Waste│Ancient Forest
dominant_object	Hand│Hand│Hand│Hand│Hand│Hand│Hand│Hand
County	Maricopa│Gila│Maricopa│Cochise│Pima│Maricopa│Maricopa│Pima
__index_level_1__	Criterium│Criterium│Criterium│Criterium│Criterium│Criterium│Criterium│Criterium
code	CHEAONE│CHEATWO│CHOONE│CHOTWO
TEAM_CITY	Brooklyn│Brooklyn│Brooklyn│Brooklyn│Brooklyn│Brooklyn│Brooklyn│Brooklyn
Wind Direction	ESE│SE│East│East│ENE│East│ENE│East
name	Addepar│AeroFS│Affirm Delphix│Airbnb│AirWar│Akamai│Alarm.com│Amazon
Wind Direction	North│North│North│Calm│NNE│NNE│Variable│NE
interaction_type	Pushed│LeftGate│LeftGate│RightGate│PickedUp│LeftGate│LeftGate│RightGate
Events	Fog│Fog│Fog│Fog│Fog│Fog│Fog
Series Number	sayı 7
County	HARRISON│STONE│HARRISON│JACKSON│HOLMES│MONROE│JACKSON│GREENE
Type	OS│OS│OS│OS
country_name_filter	Cyprus│Cyprus│Cyprus│Cyprus│Cyprus│Cyprus│Cyprus│Cyprus
name	Hylebia│bungeana│glandulifera│montana│nemorum
area	Canton_SG│Canton_SG│Canton_SG│Canton_SG│Canton_SG│Canton_SG│Canton_SG│Canton_SG
uniqueVar	hucs_gambia_mali::childid│hucs_gambia_mali::age│hucs_gambia_mali::gender│hucs_gambia_mali::dob│hucs_gambia_mali::site│hucs_gambia_mali::mali_dss│hucs_gambia_mali::gambia_dss│hucs_gambia_mali::dssid
Wind Direction	South│South│South│South│South│SSW│SSW│SSE
interaction_type	Pushed│LeftGate│RightGate│LeftGate│PickedUp│LeftGate│RightGate│LeftGate
Unnamed: 0	Alabama│Alaska│Arizona│Arkansas│California│Colorado│Connecticut│Delaware
Alan	Criterium│Charles│Criterium│Orleans,LA,,Palmer│Bicycle│Orleans,LA,,Palmer
interaction_type	Pushed│RightGate│LeftGate│LeftGate│PickedUp│RightGate│LeftGate│RightGate
__index_level_1__	Criterium│Criterium│Criterium│Criterium│Criterium│Criterium│Criterium│Criterium
County	WAYNE│SUMMIT│PORTAGE│PORTAGE│PORTAGE│County│ST. CHARLES│VAN WERT
Wind Direction	Calm│Calm│Calm│Calm│Calm│Calm│Calm│SW
ordenvalido	Caryophyllales│Caryophyllales│Caryophyllales
TEAM_CITY	LA│LA│LA│LA│LA│LA│LA│LA
Category 2	VEGETATION│VEGETATION│ATMOSPHERIC PRESSURE│ATMOSPHERIC PRESSURE│ATMOSPHERIC TEMPERATURE│ATMOSPHERIC TEMPERATURE│ATMOSPHERIC TEMPERATURE│ATMOSPHERIC TEMPERATURE
interaction_type	Pushed│RightGate│LeftGate│PickedUp│LeftGate│LeftGate│RightGate│RightGate
Detector	contextOSE│contextOSE│contextOSE│contextOSE│contextOSE│contextOSE│contextOSE│contextOSE
__index_level_1__	Cross Country│Cross Country│Cross Country│Cross Country│Cross Country│Cross Country│Cross Country│Cross Country
Wind Direction	East│East│ENE│East│East│ESE│East│East
County	County│SIMPSON│SMITH│SMITH│County│AMITE
Wind Direction	West│West│West│West│WSW│WSW│SW│SW
__index_level_1__	Cross Country│Cross Country│Cross Country│Cross Country│Cross Country│Cross Country│Cross Country│Cross Country
TEAM_CITY	Sacramento│Sacramento│Sacramento│Sacramento│Sacramento│Sacramento│Sacramento│Sacramento
location	Panama-Kuna_Yala-Mulatupu│Panama-Kuna_Yala-Ustupu│Panama-Kuna_Yala-Ogobsucum│Panama-Kuna_Yala-Achutupu│Panama-Kuna_Yala-Pto_Obaldia│Panama-Kuna_Yala-Playon_Chico│Panama-Kuna_Yala-Nargana│Panama-Kuna_Yala-Corazon_de_Jesus
vi-vn	United States of America│Kentucky│New York│Palau│South Dakota│Minnesota│Nebraska│Alaska
specificEpithet	unidentified│unidentified│unidentified│unidentified│unidentified│unidentified│unidentified│unidentified
Region	Latin America & Caribbean│South Asia│Sub-Saharan Africa│Europe & Central Asia│Europe & Central Asia│Middle East & North Africa│Latin America & Caribbean
Wind Direction	West│SW│SSW│SSW│SW│SSW│SW│SSW
Wind Direction	ENE│East│NE│Calm│NNE│NE│NNE│NNE
Light	None│Blue│Icy blue│Red│None│Invisible, blue, yellow, or purple│Red
Periodicity	Annual│Annual│Annual│Annual│Annual│Annual
English	Bumblebee│Clam│Donkey│Slug│Whale│Vulture│Camel│Canary
scenario	qa│qa│qa│qa│qa│qa│qa│qa
Unnamed: 0	Alabama│Alaska│Arizona│Arkansas│California│Colorado│Connecticut│Delaware
interaction_type	Pushed│PickedUp│RightGate│RightGate│RightGate│RightGate│RightGate│RightGate
nj	nj│nj│nj│nj│nj│nj│nj│nj
__index_level_1__	Annual data from 1969 To 2011│Bureau of Economic Analysis│Data published September 27, 2012│File created 9/26/2012 10:28:12 AM│Line
__index_level_1__	; Seasonally adjusted at annual rates                           │Quarterly data from 1969 To 2012│Bureau of Economic Analysis│Data published May 31, 2012      │File created 5/30/2012 10:11:56 AM│Line
TEAM_CITY	Indiana│Indiana│Indiana│Indiana│Indiana│Indiana│Indiana│Indiana
Grinder	Marathon│Collins,CO,,│D
ObjectName	Browser│Hindi│Search│Marati│Search│Google Search│Search│Search
__index_level_5__	in│of│for│6│as│Revealed'│By
Events	Rain│Rain
name	Alabama│Alaska│Arizona│Arkansas│California│Colorado│Connecticut│Delaware
Events	Fog│Fog│Fog
__index_level_4__	Introduction│,0,
Language_ID	psi│pch│pmv│cr│hi│pda│pwc│pdh
County	County│SAN BERNARDINO│SANTA CRUZ│GUADALUPE│County│PEMBINA│PEMBINA│PEMBINA
__index_level_1__	عمر بن الخطاب│اشميخ
act_tag	sd│sd│sv│b│+│%│sv│sv
County	County│CORTLAND│RUSH│MARION│BUTLER│SHELBY│BUTLER│GUTHRIE
Отгрузочный адрес - страна	Отгрузочный адрес - страна│Отгрузочный адрес - страна
County	District Of Columbia│District Of Columbia│District Of Columbia│District Of Columbia│District Of Columbia│District Of Columbia│District Of Columbia│District Of Columbia
__index_level_22__	Fort Leavenworth│Kansas Territory│Kansas Territory│Kansas Territory│Kansas Territory│Kansas Territory│Kansas Territory│Kansas Territory
Wind Direction	WSW│WSW│WSW│WSW│WSW│WSW│WSW│West
season	1│1│1│1│1│1│1│1
Category	Dairy│Dairy
Parent Location	Asia Pacific│Asia Pacific│Asia Pacific
patterns_y	Not significant│Not significant│Not significant│Not significant│Not significant│Not significant│Not significant│Not significant
interaction_type	RightGate│LeftGate│RightGate│RightGate│LeftGate│RightGate│LeftGate│RightGate
username	anissa_sani│anissa_sani│anissa_sani│anissa_sani│anissa_sani│anissa_sani│anissa_sani│anissa_sani
Wind Direction	Calm│SW│Calm│Calm│Calm│Calm│SSE│Calm
country_code_filter	MT│MT│MT│MT│MT│MT│MT│MT
TEAM_CITY	LA│LA│LA│LA│LA│LA│LA│LA
data type	date│Massachusetts│Abington│Acton│Acushnet│Adams│Agawam│Alford
topic_description	WEATHER_CLIMATE│WEATHER_CLIMATE│WEATHER_CLIMATE│WEATHER_CLIMATE│WEATHER_CLIMATE│WEATHER_CLIMATE│WEATHER_CLIMATE│WEATHER_CLIMATE
Administered to	Mother│Child│Child
TEAM_CITY	LA│LA│LA│LA│LA│LA│LA│LA
County	Adair│Adams│Allamakee│Appanoose│Audubon│Benton│Black Hawk│Boone
Provider State	MT│MT│MT│MT│MT│MT│MT│MT
tr	Sağlayıcı Bilgisi│Sağlayıcı silinemedi, bazı sağlayıcıların satışı var.│Şirket Adı│Şirket Adı zorunlu alandır│ │Seçili sağlayıcıları düzenlemek istiyor musunuz?│Sağlayıcı ekleme/düzenleme hatası
GEO.display-label	Geography│United States│North Carolina│Durham County, North Carolina│Forsyth County, North Carolina│Guilford County, North Carolina
Namespace	Mapster│Mapster│Mapster│Mapster│Mapster│Mapster│Mapster│Mapster
was_home	Kaneside│South Lori│Davidside│Tonyaburgh│North Johnborough│Fritzborough│Port Mercedesmouth│Michaelview
name	Aberdeenshire│Angus│Argyll│Avon│Ayrshire│Banffshire│Bedfordshire│Berkshire
name	Aberdeenshire│Angus│Argyll│Avon│Ayrshire│Banffshire│Bedfordshire│Berkshire
Manhattan	Criterium│Hill,CA,,Surf│Marcos,CA,,Monster│Factory│Beach,CA,,Get│Beach,CA,,Team
County	Adair│Adams│Allamakee│Appanoose│Audubon│Benton│Black Hawk│Boone
Wind Direction	West│West│WNW│WNW│WSW│WSW│West│Calm
also	watch│people
StateCode	VA│VA│VA│CA│CA│VA
COUNTY	WESTMEATH│TIPPERARY│DONEGAL│CORK│LEITRIM│DONEGAL│CAVAN│LIMERICK
__index_level_1__	Cross Country│Cross Country│Cross Country│Cross Country│Cross Country│Cross Country│Cross Country│Cross Country
title	About│Mission
TEAM_CITY	Dallas│Dallas│Dallas│Dallas│Dallas│Dallas│Dallas│Dallas
Wind Direction	Calm│Calm│SW│Calm│Calm│Calm│Calm│NE
Web	Worldwide│Interest│Week,spacetime│2004-01-04│2004-01-11│2004-01-18│2004-01-25│2004-02-01
DistConocida	Si│Si│Si│Si│Si│Si│Si│Si
Top	and│was│residents,│the│harvest│in│region
Изменено	Изменено│Изменено
Wind Direction	Calm│West│WNW│WNW│North│Calm│Calm│WNW
Speaker	Sanyam Bhutani│Bart│Sanyam Bhutani│Bart│Sanyam Bhutani│Bart│Bart│Sanyam Bhutani
was_home	New Scott│South Rebecca│Angelaborough│North Bryanbury│Sawyerbury│Port Tammyhaven│Middletonport│Trevorborough
Wind Direction	Calm│Calm│Calm│Calm│SSW│WSW│WSW│Calm
interaction_type	PickedUp│RightGate│RightGate│RightGate│RightGate│LeftGate│LeftGate│RightGate
GEO.display-label	Geography│United States│North Carolina│Alamance County, North Carolina│Brunswick County, North Carolina│Buncombe County, North Carolina│Burke County, North Carolina│Cabarrus County, North Carolina
TEAM_CITY	Golden State│Golden State│Golden State│Golden State│Golden State│Golden State│Golden State│Golden State
Detector	contextOSE│contextOSE│contextOSE│contextOSE│contextOSE│contextOSE│contextOSE│contextOSE
Wind Direction	Calm│Calm│ENE│Calm│Calm│ENE│East│East
seq_TM-tmhmm	O│O│O│O│O│O│O│O
Road	Road│CT:│Giant/Village│Fifty│Bike│Velo│Valley
Wind Direction	West│Calm│Calm│Calm│Calm│Calm│SW│SW
Wind Direction	WSW│Calm│Calm│Calm│Calm│West│SW│SW
home_open_odds	Billton│Annmouth│Lake Daniel│Justinbury│North Kathy│Laurenshire│Parkerport│Port Brian
he_1	by│provinces.|The│Restoration,│the│its│can│has│Kansai
OrganisationLabel	North York Moors National Park Authority│North York Moors National Park Authority│North York Moors National Park Authority│North York Moors National Park Authority
Method	Main│Main│Main
interaction_type	Pushed│PickedUp│Pushed│RightGate│Pushed│LeftGate│RightGate│LeftGate
DL State	FL│FL│FL│FL│FL│FL│FL
County	EL PASO│FISHER│STONEWALL│County│LINN│LINN│JONES│JONES
http	http│Clackmannanshire│http│Dumfries and Galloway│http│East Ayrshire│http│East Lothian
interaction_type	RightGate│PickedUp│RightGate│LeftGate│LeftGate│LeftGate│LeftGate│LeftGate
Source	Aegon-I-Targaryen│Aegon-Targaryen-(son-of-Rhaegar)│Aegon-Targaryen-(son-of-Rhaegar)│Aegon-Targaryen-(son-of-Rhaegar)│Aegon-Targaryen-(son-of-Rhaegar)│Aegon-Targaryen-(son-of-Rhaegar)│Aegon-Targaryen-(son-of-Rhaegar)│Aegon-Targaryen-(son-of-Rhaegar)
value	Abkhazian│Achinese│Acoli│Adangme│Adyghe│Afar│Afrihili│Afrikaans
-.1	from│Archers│BARBARIAN│BARBARIANS│ARCHERS│ARCHERS│BARBARIANS
COUNTY	Limestone│Denton│Wilbarger│Wheeler│Polk│Lavaca│Harris│Gillespie
County	Brown│Bennett│Hamlin│Lincoln│Day│Minnehaha│Minnehaha│Pennington
Wind Direction	SW│SW│SW│SW│SW│SW│WSW│WSW
Wind Direction	ENE│ENE│ENE│NE│NNE│NNE│NE│NNE
Wind Direction	Calm│North│NE│NE│Calm│Calm│NE│NNE
rec_type	GLOBAL│GLOBAL│GLOBAL│GLOBAL│GLOBAL│GLOBAL│GLOBAL│GLOBAL
EstadoDoc	Si│Si│Si│Si│Si│Si│Si│Si
ge	IV│IV│IV│IV│IV│IV│IV
Wind Direction	SSE│South│Calm│Calm│Calm│Calm│Calm│Calm
Dash	Race
U.S.	Ala.│Alaska│Ariz.│Ark.│Calif.│Colo.│Conn.│Del.
OrganisationLabel	Castle Point Borough Council│Castle Point Borough Council│Castle Point Borough Council│Castle Point Borough Council│Castle Point Borough Council│Castle Point Borough Council│Castle Point Borough Council│Castle Point Borough Council
DistPotencial	Si│Si│Si│Si
Отгрузочный адрес - город	Отгрузочный адрес - город│Отгрузочный адрес - город
Wind Direction	ESE│East│East│East│ENE│ENE│NNW│Calm
codelist	travel-to-work-area│travel-to-work-area│travel-to-work-area│travel-to-work-area│travel-to-work-area│travel-to-work-area│travel-to-work-area│travel-to-work-area
Wind Direction	ESE│SSE│SE│SE│ESE│East│ENE│East
name	Hypogaea│brunnea
Provider State	ID│ID│ID│ID│ID│ID│ID│ID
Namespace	NUnitLite│NUnitLite│NUnitLite│NUnitLite│NUnitLite│NUnitLite│NUnitLite│NUnitLite
TEAM_CITY	LA│LA│LA│LA│LA│LA│LA│LA
Wind Direction	Calm│SW│Calm│Calm│Calm│Calm│SSE│Calm
TEAM_CITY	LA│LA│LA│LA│LA│LA│LA│LA
Wind Direction	South│SSE│SE│Calm│East│East│East│ENE
calc distribution	REGIONAL│SEGMENTAL│DIFFUSELY_SCATTERED│DIFFUSELY_SCATTERED│REGIONAL-REGIONAL│CLUSTERED
Event	Running│InputWindowOpen│KeyDown│KeyDown│KeyDown│KeyDown│KeySequenceStopped│InputWindowClosed
name	الغربية│الغربية
78darkdragon	78darkdragon│78darkdragon│78darkdragon│78darkdragon│78darkdragon│78darkdragon│78darkdragon│78darkdragon
TEAM_CITY	New York│New York│New York│New York│New York│New York│New York│New York
__index_level_9__	Tower│Tower│Tower│Tower│Tower│Tower│Tower│Tower
Method	Try│EqualsIgnoreCase│IsValidEmail│IsPalindrome│IsAnagram│ClearAll│WithinIndex│IfFalse
__index_level_1092__	June│Ant
PermissionType	full planning permission│full planning permission│full planning permission│full planning permission│full planning permission│full planning permission│full planning permission│full planning permission
denominazione_regione	Abruzzo│Basilicata│Bolzano│Calabria│Campania│Emilia Romagna│Friuli V. G. │Lazio
InstanceName	Oneida Narrows│Oneida Narrows│Oneida Narrows│Oneida Narrows│Oneida Narrows│Oneida Narrows│Oneida Narrows│Oneida Narrows
name	Aberdeenshire│Angus│Argyll│Avon│Ayrshire│Banffshire│Bedfordshire│Berkshire
interaction_type	PickedUp│RightGate│LeftGate│RightGate│LeftGate│RightGate│RightGate│LeftGate
School Location	MALAYSIA│Maryland│Maryland│Maryland│New York│New York│New York│New York
Wind Direction	Calm│SW│Calm│Calm│Calm│Calm│SSE│Calm
Wind Direction	SSW│SSW│SSW│SW│SW│SW│SW│WSW
roles	district-admin│district-admin
title_cn	我们有它 │组装说明 │文艺复兴时期的人重生 │力盾 │腔增强石墨烯 │均值机 │在寒冷中希格斯 │超流体的霍尔效应 
symbol	平安银行│平安银行│平安银行│平安银行│平安银行│平安银行│平安银行│平安银行
TEAM_CITY	New York│New York│New York│New York│New York│New York│New York│New York
interaction_type	PickedUp│RightGate│RightGate│RightGate│LeftGate│RightGate│LeftGate│RightGate
interaction_type	Pushed│RightGate│RightGate│LeftGate│PickedUp│LeftGate│RightGate│RightGate
TEAM_CITY	Minnesota│Minnesota│Minnesota│Minnesota│Minnesota│Minnesota│Minnesota│Minnesota
County	COCONINO│GREELEY│GRANT│VERNON│County│BROOME│HAMPSHIRE│HAMPSHIRE
__index_level_1__	Cross Country│Cross Country│Cross Country│Cross Country│Cross Country│Cross Country│Cross Country│Cross Country
Race	White│Asian│White│Unknown│White│White│White│Asian
Suburb	City│City│City│City│City│City│City│City
Wind Direction	SE│SE│Variable│North│North│North│NNE│NNE
UID	EAAI-6│EAAI-16│EAAI-18│EAAI-20│EAAI-21│EAAI-23│EAAI-25│EAAI-26
Wind Direction	South│WSW│Calm│Calm│Calm│WSW│West│NW
Condition	Fair│Fair│Mostly Cloudy│Mostly Cloudy│Partly Cloudy│Fair│Partly Cloudy│Fair
was_home	Vaughnland│Jerryview│North Derekborough│Santanashire│Karlton│North Jerryhaven│South Bryanville│Joshuamouth
million	DETERIORATION
Religious or Pagan?	Pagan│Christian│Christian│Christian│Christian│Christian│Pagan│Pagan
__index_level_1__	Criterium│Criterium│Criterium│Criterium│Criterium│Criterium│Criterium│Criterium
on	Time│Boom│Grocers│Giant│Springs│R,Dye,Boulder,CO,20.02,│Fit
interventionType.dataStatus	GREEN│???│GREEN│GREEN│AMBER│GREEN│RED - No data found│AMBER
ordenvalido	Caryophyllales│Caryophyllales│Caryophyllales│Caryophyllales
interaction_type	Pushed│LeftGate│RightGate│PickedUp│RightGate│LeftGate│RightGate│RightGate
Wind Direction	North│NNW│NW│NNW│NW│WNW│NW│WNW
Wind Direction	Calm│West│SW│SSW│SSW│Calm│Calm│SSW
value	Abkhazian│Achinese│Acoli│Adangme│Adyghe│Afar│Afrihili│Afrikaans
Wind Direction	WSW│West│WSW│WSW│West│SW│WSW│West
lgID	AL│NL│AL│NL│AL│NL│AL│NL
in	SS│Club
Events	Rain
Wind Direction	NNE│Calm│Calm│Calm│Calm│Calm│Calm│Calm
vlan_name_1	Management│Management│Management│Management│Management│Management│Management│Management
Wind Direction	Calm│Calm│Calm│Calm│Calm│Calm│Calm│Calm
Namespace	ClrHeapAllocationAnalyzer│ClrHeapAllocationAnalyzer│ClrHeapAllocationAnalyzer│ClrHeapAllocationAnalyzer│ClrHeapAllocationAnalyzer│ClrHeapAllocationAnalyzer│ClrHeapAllocationAnalyzer│ClrHeapAllocationAnalyzer
World's	Prince│Justice
ordenvalido	Caryophyllales│Caryophyllales│Caryophyllales│Caryophyllales│Caryophyllales
County	County│RUNNELS│ASHLEY│County│RUNNELS│RUNNELS│COLEMAN│ERATH
Events	Fog-Rain-Thunderstorm│Fog-Rain-Thunderstorm│Fog-Rain-Thunderstorm│Fog-Rain-Thunderstorm│Fog-Rain-Thunderstorm│Fog-Rain-Thunderstorm│Fog-Thunderstorm│Fog-Rain-Thunderstorm
id	3017003020010│3017003020020│3017003020030│3017003020040│3017003020050│3017003020060│3017003020070│3017003020080
OrganisationLabel	South Hams District Council│South Hams District Council│South Hams District Council│South Hams District Council│South Hams District Council│South Hams District Council│South Hams District Council│South Hams District Council
value	Abchazisch│Adangme│Adygees│Afaan Oromo│Afar│Afrihili│Afrikaans│Aghem
TEAM_CITY	LA│LA│LA│LA│LA│LA│LA│LA
Category	General│General│General│General│General│General│General│General
Events	Rain│Rain
Wind Direction	WNW│NW│NNW│North│North│NNW│NNW│NNW
Wind Direction	Calm│Calm│ENE│ENE│ENE│East│ENE│ENE
location_name_filter	Riga Planning Region, Latvia│Riga Planning Region, Latvia│Riga Planning Region, Latvia│Riga Planning Region, Latvia│Riga Planning Region, Latvia│Riga Planning Region, Latvia│Riga Planning Region, Latvia│Riga Planning Region, Latvia
17	04│19│49│34│08│08│43│29
rec_type	GLOBAL│GLOBAL│GLOBAL│GLOBAL│GLOBAL│GLOBAL│GLOBAL│GLOBAL
OrganisationLabel	Allerdale Borough Council│Allerdale Borough Council│Allerdale Borough Council│Allerdale Borough Council│Allerdale Borough Council│Allerdale Borough Council│Allerdale Borough Council│Allerdale Borough Council
country_code_filter	LT│LT│LT│LT│LT│LT│LT│LT
ObjectName	Browser│Hindi│Search│Marati│Search│Google Search│Search│Search
Wind Direction	WSW│Calm│East│South│South│SSE│South│SSE
in	USAC│Tigers│Bikes│Tigers│NE
geo_id	ak│al│ar│az│ca│co│ct│dc
Location	SAN DIEGO│CA│CA│CA│ SAN DIEGO
value	Abkhazian│Achinese│Acoli│Adangme│Adyghe│Afar│Afrihili│Afrikaans
Namespace	MongoGUIView│MongoGUIView│MongoGUIView│MongoGUIView│MongoGUIView│MongoGUIView│MongoGUIView│MongoGUIView
DL State	FL│FL│FL│NJ│FL│FL│FL│FL
cat_destination_group_id	WESTERN EUROPE│WESTERN EUROPE│WESTERN EUROPE│WESTERN EUROPE│WESTERN EUROPE│WESTERN EUROPE│WESTERN EUROPE│WESTERN EUROPE
TYPE_2	District│District│District│District│District│District│District│District
groupingname	Grouping-1│Grouping-2│Grouping-3│Grouping-3│Grouping-2
TEAM_CITY	LA│LA│LA│LA│LA│LA│LA│LA
OrganisationLabel	Mid Suffolk District Council│Mid Suffolk District Council│Mid Suffolk District Council│Mid Suffolk District Council│Mid Suffolk District Council│Mid Suffolk District Council│Mid Suffolk District Council│Mid Suffolk District Council
fuel	Uranium│Coal│Gas│Gas│Gas
V26	orderPres│1│2│3│4│5
Allegiances	Lannister│None│House Targaryen│House Greyjoy│Lannister│Baratheon│Night's Watch│None
crop	Persea americana│Persea americana│Persea americana│Persea americana│Persea americana│Persea americana│Persea americana│Persea americana
competitive_cluster	text mining│text mining│text mining│text mining│text mining│text mining│text mining│text mining
facilityType	Drive-Thru│Drive-Thru│Drive-Thru│Drive-Thru│Drive-Thru│Drive-Thru│Drive-Thru│Drive-Thru
Events	Fog│Fog│Fog│Fog│Fog-Rain│Fog│Rain
__index_level_768__	coal│MS.N,
Status	Operational│Operational│Operational│Operational│Operational│Operational│Operational│Operational
notes	new haven resident│new haven resident│new haven resident│new haven resident│new haven resident│new haven resident│new haven resident
Wind	NNW│NNW│NW│N│N│NNW│SW│W
Detector	contextOSE│contextOSE│contextOSE│contextOSE│contextOSE│contextOSE│contextOSE│contextOSE
location_name_filter	Central Greece (region), Greece│Central Greece (region), Greece│Central Greece (region), Greece│Central Greece (region), Greece│Central Greece (region), Greece│Central Greece (region), Greece│Central Greece (region), Greece│Central Greece (region), Greece
Pipeline	Other│COVAX│Other│Other│COVAX│Other│Other│COVAX
topic_description	TRIAL_BY_JURY│TRIAL_BY_JURY│TRIAL_BY_JURY│TRIAL_BY_JURY│TRIAL_BY_JURY│TRIAL_BY_JURY│TRIAL_BY_JURY│TRIAL_BY_JURY
TEAM_CITY	Philadelphia│Philadelphia│Philadelphia│Philadelphia│Philadelphia│Philadelphia│Philadelphia│Philadelphia
code	CHEAONE│CHEATWO│CHOONE│CHOTWO
GEO.display-label	Geography│United States│North Carolina│Durham County, North Carolina│Forsyth County, North Carolina│Guilford County, North Carolina
County	County│LANE│ZAPATA│ZAPATA│UVALDE│ZAVALA│KLEBERG│KLEBERG
V26	orderPres│1│2│3│4│5
interaction_type	Pushed│PickedUp│RightGate│LeftGate│RightGate│RightGate│LeftGate│LeftGate
Wind Direction	ENE│NE│Calm│NNE│ENE│NE│NE│NE
__index_level_1__	Criterium│Criterium│Criterium│Criterium│Criterium│Criterium│Criterium│Criterium
OrganisationLabel	Allerdale Borough Council│Allerdale Borough Council│Allerdale Borough Council│Allerdale Borough Council│Allerdale Borough Council│Allerdale Borough Council│Allerdale Borough Council│Allerdale Borough Council
__index_level_1__	Annual data from 1930 To 1969│Bureau of Economic Analysis│Data published October 29, 2015  │File created 11/4/2015 6:18:07 AM│Line
Wind Direction	Calm│Calm│SW│Calm│Calm│Calm│Calm│NE
name	Entolomina│paludosa
name	Patellonectria│puiggarii
TEAM_CITY	Minnesota│Minnesota│Minnesota│Minnesota│Minnesota│Minnesota│Minnesota│Minnesota
dominant_object	Hand│Hand│Hand│Hand│Hand│Hand│HandToWrist│HandToWrist
crop	Persea americana│Persea americana│Persea americana│Persea americana│Persea americana│Persea americana│Persea americana│Persea americana
__index_level_1__	Annual data from 1969 To 2014│Bureau of Economic Analysis│Data published February 27, 2015 │File created 2/26/2015 2:43:19 PM│Line
ObjectType	Reservoir│Reservoir│Reservoir│Reservoir│Reservoir│Reservoir│Reservoir│Reservoir
Unnamed: 0	Alabama│Alaska│Arizona│Arkansas│California│Colorado│Connecticut│Delaware
TEAM_CITY	LA│LA│LA│LA│LA│LA│LA│LA
TEAM_CITY	Charlotte│Charlotte│Charlotte│Charlotte│Charlotte│Charlotte│Charlotte│Charlotte
Wind Direction	WSW│WNW│WSW│Calm│Calm│Calm│SSW│SW
name	Alabama│Alaska│Arizona│Arkansas│California│Colorado│Connecticut│Delaware
OrganisationLabel	North Norfolk District Council│North Norfolk District Council│North Norfolk District Council│North Norfolk District Council│North Norfolk District Council│North Norfolk District Council│North Norfolk District Council
Pinyin	àiqíng│ānpái│ānquán│ànshí│ànzhào│bǎifēnzhī│bàng│bāozi
IF AVAILBLE.3	County/state where isolate was collected if known│County/state
Wind Direction	SW│SW│SW│SW│WSW│SW│SW│WSW
type	NON│NON│NON│NON│NON│NON│NON│NON
field_comments	locality_name=farm│locality_name=farm│locality_name=farm│locality_name=farm│locality_name=farm│locality_name=farm│locality_name=farm│locality_name=farm
Provider State	NM│NM│NM│NM│NM│NM│NM│NM
TEAM_CITY	Charlotte│Charlotte│Charlotte│Charlotte│Charlotte│Charlotte│Charlotte│Charlotte
Events	Snow│Snow│Snow│Snow│Snow│Snow│Snow│Snow
Wind Direction	East│NE│Calm│Calm│Calm│Calm│NNE│NE
County	KIOWA│CARVER│County│MARION│CHATHAM│LINCOLN│RAWLINS│ROOKS
Events	Fog│Fog│Fog
TEAM_CITY	LA│LA│LA│LA│LA│LA│LA│LA
__index_level_49__	in│held│reports│6│and│The│not
Step	In│In│All
query	NO_QUERY│NO_QUERY│NO_QUERY│NO_QUERY│NO_QUERY│NO_QUERY│NO_QUERY│NO_QUERY
name	Vailia│mucronata│salicina
LocationDesc	Alabama│Alaska│Arizona│Arkansas│California│Colorado│Connecticut│Delaware
TEAM_CITY	Minnesota│Minnesota│Minnesota│Minnesota│Minnesota│Minnesota│Minnesota│Minnesota
TEAM_CITY	Cleveland│Cleveland│Cleveland│Cleveland│Cleveland│Cleveland│Cleveland│Cleveland
id	county_San José_SJ│county_Alajuelita_SJ│county_Vásquez de Coronado_SJ│county_Acosta_SJ│county_Tibás_SJ│county_Moravia_SJ│county_Montes de Oca_SJ│county_Turrubares_SJ
Wind Direction	NNE│NNE│North│NNE│NNE│North│North│North
TEAM_CITY	Minnesota│Minnesota│Minnesota│Minnesota│Minnesota│Minnesota│Minnesota│Minnesota
substation_id	DOW_OSS│DOW_OSS│DOW_OSS│DOW_OSS│DOW_OSS│DOW_OSS│DOW_OSS│DOW_OSS
type	NON│NON│NON│NON│NON│NON│NON│NON
TEAM_CITY	Minnesota│Minnesota│Minnesota│Minnesota│Minnesota│Minnesota│Minnesota│Minnesota
Wind Direction	NNE│NE│NNE│NW│WNW│WNW│West│West
Wind Direction	SSE│South│Calm│Calm│Calm│Calm│Calm│Calm
Namespace	Csla.Windows│Csla.Windows│Csla.Windows│Csla.Windows│Csla.Windows│Csla.Windows│Csla.Windows│Csla.Windows
UniqueCarrier	PS│PS│PS│PS│PS│PS│PS│PS
home	Michaelville│Donaldsonberg│Susantown│Morganside│East Greg│Lake Erin│Sonyafort│Williamsbury
Steward	geo│geo│geo
Events	Fog│Fog│Fog
citation_micro	Nova Genera et Species Plantarum (folio ed.) 4: 118 1820 [1818]│Prodr. 5: 108. 1836.│Prodromus Systematis Naturalis Regni Vegetabilis 5: 107 1836│8 1817│345 1876│Prodromus Systematis Naturalis Regni Vegetabilis 5: 108 1836│Bot. Voy. Sulphur 111
CrossReno	Cyclo-cross│CX│La│Basin│p/b
Wind Direction	Calm│Calm│Calm│Calm│SSW│WSW│WSW│Calm
ordenvalido	Caryophyllales│Caryophyllales│Caryophyllales
name	عمر بن الخطاب│اشميخ
__index_level_424__	was│Ross
Wind Direction	Calm│Calm│Calm│Calm│Calm│Calm│Calm│Calm
extraction	D-POL│D-POL│D-POL│D-POL│D-POL│D-POL│D-POL│D-POL
Wind Direction	Calm│Calm│Calm│Calm│Calm│Calm│Calm│WSW
V26	orderPres│1│2│3│4│5
sospechoso	Si│Si│Si
REGION1	ADAMS│ALAMOSA│BACA
NA	CA│CA│CA│CA
Product	Vorto│Vorto│Vorto│Vorto│Vorto│Vorto│Vorto│Vorto
County	County│ALGER│ALGER│County
Name	ルリア│ビィ│ルリア│ビィ
StateCode	VA│VA│VA│VA
County	CHILTON│CHILTON│CHILTON│ELMORE│BUTLER│County│TALLAPOOSA│RANDOLPH
Wind Direction	Calm│NE│Calm│Calm│Calm│WNW│Calm│Calm
Wind	NW│NNW│NNW│NNW│NW│NW│NW│NNW
TEAM_CITY	Indiana│Indiana│Indiana│Indiana│Indiana│Indiana│Indiana│Indiana
Region	East of England│England│London│Midlands│North East and Yorkshire│North West│Northern Ireland│Scotland
Wind Direction	NE│ENE│East│East│East│ENE│NE│ENE
TEAM_CITY	Sacramento│Sacramento│Sacramento│Sacramento│Sacramento│Sacramento│Sacramento│Sacramento
value	Abkhazian│Achinese│Acoli│Adangme│Adyghe│Afar│Afrihili│Afrikaans
name	Alabama│Alaska│Arizona│Arkansas│California│Colorado│Connecticut│Delaware
Language_ID	pmv│pse│wo│pwc│pdh│ch│ch│wi
Wind Direction	Calm│Calm│Calm│Calm│Calm│Calm│Calm│Calm
TEAM_CITY	LA│LA│LA│LA│LA│LA│LA│Los Angeles
Status	Operational│Operational│Operational│Operational│Operational│Operational│Operational│Operational
Namespace	MissionEditor2│MissionEditor2│MissionEditor2│MissionEditor2│MissionEditor2│MissionEditor2│MissionEditor2│MissionEditor2
sample_collection_location	CA│SAN DIEGO│SAN DIEGO│CA│ CHULA VISTA
OrganisationLabel	Erewash Borough Council│Erewash Borough Council│Erewash Borough Council│Erewash Borough Council│Erewash Borough Council│Erewash Borough Council│Erewash Borough Council│Erewash Borough Council
category	Entomology│Entomology│Entomology│Entomology│Entomology│Entomology│Entomology│Entomology
OrganisationLabel	Basingstoke & Deane Borough Council│Basingstoke & Deane Borough Council│Basingstoke & Deane Borough Council│Basingstoke & Deane Borough Council│Basingstoke & Deane Borough Council│Basingstoke & Deane Borough Council│Basingstoke & Deane Borough Council│Basingstoke & Deane Borough Council
Bike	Criterium│Oaks,CA,,UCI│CT:│CT:│Rosa,CA,,Dewars│CT:│Jose,CA,,UCI
Wind Direction	SSW│SSW│SSW│SW│SSW│SSW│SW│SSW
County	CHARLESTON│CHARLESTON│CHARLESTON│BAMBERG│CHARLESTON│County│GEORGETOWN│KINGS
OrganizationFormalName	USDA Agricultural Research Service│USDA Agricultural Research Service│USDA Agricultural Research Service│USGS California Water Science Center│USGS Wisconsin Water Science Center│USGS Wisconsin Water Science Center│USGS Wisconsin Water Science Center│USGS Wisconsin Water Science Center
value	Abkhazian│Achinese│Acoli│Adangme│Adyghe│Afar│Afrihili│Afrikaans
value	Abkhazian│Achinese│Acoli│Adangme│Adyghe│Afar│Afrihili│Afrikaans
Language_ID	pmv│pda│la│la│la│la│la│la
interaction_type	Pushed│RightGate│LeftGate│RightGate│PickedUp│RightGate│RightGate│RightGate
Wind Direction	SSW│SSW│SSW│SSW│SSW│SSW│SSW│South
location_code_filter	lovech_province_BG│lovech_province_BG│lovech_province_BG│lovech_province_BG│lovech_province_BG│lovech_province_BG│lovech_province_BG│lovech_province_BG
Wind Direction	NE│ENE│NE│Calm│Calm│Calm│Calm│SE
query	NO_QUERY│NO_QUERY│NO_QUERY│NO_QUERY│NO_QUERY│NO_QUERY│NO_QUERY│NO_QUERY
__index_level_426__	on│Co
location_name_filter	Southeast Slovenia Statistical Region, Slovenia│Southeast Slovenia Statistical Region, Slovenia│Southeast Slovenia Statistical Region, Slovenia│Southeast Slovenia Statistical Region, Slovenia│Southeast Slovenia Statistical Region, Slovenia│Southeast Slovenia Statistical Region, Slovenia│Southeast Slovenia Statistical Region, Slovenia│Southeast Slovenia Statistical Region, Slovenia
TEAM_CITY	LA│LA│LA│LA│LA│LA│LA│LA
nom	Blizzard│Blizzard│Bo'thal│Celeborn│Comet│Daedrel│Dagger│Dawn
country_code_filter	LV│LV│LV│LV│LV│LV│LV│LV
INITDIR	South│East│South│North│North│West
value	Abkhazian│Achinese│Acoli│Adangme│Adyghe│Afar│Afrihili│Afrikaans
http	http│Clackmannanshire│http│Dumfries and Galloway│http│East Ayrshire│http│East Lothian
nombreProducto	Tapa bocas pareja│Tapa bocas pareja
category	Household│Participant│Observation│Sample│Household│Participant│Household│Participant
IRI	EUPATH_0000151│EUPATH_0023002│EUPATH_0000095│EUPATH_0000110│EUPATH_0023052│EUPATH_0000091│OBIB_0000236│EUPATH_0023038
Provider City	CHEYENNE│LARAMIE│TORRINGTON│POWELL│CASPER│SARATOGA│CASPER│BUFFALO
__index_level_1__	; Seasonally adjusted at annual rates                           │Quarterly data from 1947 To 1969│Bureau of Economic Analysis│Data published July 30, 2010     │File created 8/5/2010 11:49:54 AM│Line
SimplifiedDeviceAction	Permit│Permit│Permit
act_tag	sd│sd│sv│b│+│%│sv│sv
ActivityLocation/HorizontalAccuracyMeasure/MeasureUnitCode	actHorizontalAccuracyUnit│actHorizontalAccuracyUnit
code	CHEAONE│CHEATWO│CHOONE│CHOTWO
Wind Direction	ENE│ENE│Calm│Calm│NE│NE│NNE│NE
TEAM_CITY	Oklahoma City│Oklahoma City│Oklahoma City│Oklahoma City│Oklahoma City│Oklahoma City│Oklahoma City│Oklahoma City
country_id	Peru│Peru│Peru
Gene	GOI1│GOI1│GOI1│GOI1│GOI1│GOI1│GOI2│GOI2
County	County│HOCKLEY│BARTON│LUBBOCK│BARTON│BARTON│CROSBY│RANDALL
OrganizationName	AdventureWorks Cycle│North America Operations│Northeast Division│Northwest Division│Central Division│Southeast Division│Southwest Division│Canadian Division
County	SHAWNEE│BEDFORD│County│MILWAUKEE│BEDFORD│GENEVA│MASON│BEDFORD
__index_level_1__	Criterium│Criterium│Criterium│Criterium│Criterium│Criterium│Criterium│Criterium
Kind_of_Data	State│State│State│State│State│State│State│State
value	Afuganisitani│Afurika y’Epfo│Åland Islands│Alijeriya│Alubaniya│Amazinga y’Isugi y’Abanyamerika│Amazinga ya Filipine│Amazinga ya Mariyana ryo mu majaruguru
Region	Latin America & Caribbean│South Asia│Sub-Saharan Africa│Europe & Central Asia│Europe & Central Asia│Middle East & North Africa│Latin America & Caribbean
Unnamed: 2	Data Acquisition│Data Acquisition│Data Acquisition│Data Acquisition│Data Acquisition│Data Acquisition│Data Acquisition│Data Acquisition
Wind Direction	SSE│South│SSE│South│SSW│SSW│SW│West
Name	Alabama│Alaska│Arizona│Arkansas│California│Colorado│Connecticut│Delaware
PLANT	Four Corners│ALAMITOS_7│HUNTINGTON_BEACH_1-2│HUNTINGTON_BEACH_5│REDONDO_5-6│REDONDO_7-8│EL_SEGUNDO_1-2│EL_SEGUNDO_3-4
TEAM_CITY	San Antonio│San Antonio│San Antonio│San Antonio│San Antonio│San Antonio│San Antonio│San Antonio
value	Abkhazian│Achinese│Acoli│Adangme│Adyghe│Afar│Afrihili│Afrikaans
Wind Direction	NE│NNE│NE│NE│NNE│ENE│ENE│East
TEAM_CITY	Cleveland│Cleveland│Cleveland│Cleveland│Cleveland│Cleveland│Cleveland│Cleveland
Wind Direction	Calm│WSW│Calm│WSW│Calm│Calm│Calm│SW
TEAM_CITY	Utah│Utah│Utah│Utah│Utah│Utah│Utah│Utah
series	Men│JUNIOR
__index_level_29__	total)│of│of│people)
__index_level_4__	CA│CA│CA│CA│CA│CA│CA│CO
Wind Direction	East│NNE│NNE│ENE│East│Calm│Calm│Calm
PORTFOLIO	Big_Coal│Big_Coal│Big_Coal│Big_Coal│Big_Coal│Big_Coal│Big_Gas│Big_Gas
interaction_type	RightGate│RightGate│RightGate│LeftGate│LeftGate│LeftGate│LeftGate│LeftGate
Wind Direction	SSW│SSW│SSW│SSW│SSW│SSW│SSW│South
__index_level_4__	Slim│Player│Peace:│Print│in│A-Line
Whiteface	07/23/2009│Place,License│1,0,Greg,St.│07/23/2009│Place,License│1,0,Ben,St.│07/23/2009│Place,License
Wind Direction	SE│SSE│Calm│Calm│Calm│East│East│East
interaction_type	PickedUp│LeftGate│RightGate│LeftGate│RightGate│LeftGate│RightGate│RightGate
Distillery	Aberfeldy│Aberlour│AnCnoc│Ardbeg│Ardmore│ArranIsleOf│Auchentoshan│Auchroisk
TEAM_CITY	Minnesota│Minnesota│Minnesota│Minnesota│Minnesota│Minnesota│Minnesota│Minnesota
in	Men│Harley-Davidson│Bicycle│Racing│Masters│Cycling
__index_level_1__	Cross Country│Cross Country│Cross Country│Cross Country│Cross Country│Cross Country│Cross Country│Cross Country
value	Abkasies│Achinese│Adangme│Adyghe│Afar│Afrihili│Afrikaans│Aghem
County	County│ORANGEBURG│HILLSBOROUGH│HILLSBOROUGH│SUMTER│LAWRENCE│WILCOX│DICKSON
Wind Direction	Calm│SE│SSE│SSE│SSE│South│WSW│SW
home	New Michellehaven│Ericview│New Sergiobury│Cruzhaven│Jeremyshire│Selenaton│West Courtney│Brownhaven
East Lisa	Yolandafurt│Angelaview│Rodriguezport│North Maxstad│New Robert│Lake Johnton│Port Robert│Lake Danielleshire
home	Joanneside│Dennisfort│Chelseastad│Lake Kyle│Pooleland│New Jamesmouth│East Jeffrey│Grayshire
topic_description	FEDERAL_BUDGET│FEDERAL_BUDGET│FEDERAL_BUDGET│FEDERAL_BUDGET│FEDERAL_BUDGET│FEDERAL_BUDGET│FEDERAL_BUDGET│FEDERAL_BUDGET
NAME	Wychwood (94)│Yonge-Eglinton (100)│Yonge-St.Clair (97)│York University Heights (27)│Yorkdale-Glen Park (31)│Lambton Baby Point (114)│Lansing-Westgate (38)│Lawrence Park North (105)
property_owner_addrprovince	TX│TX
TEAM_CITY	New Orleans│New Orleans│New Orleans│New Orleans│New Orleans│New Orleans│New Orleans│New Orleans
subject	MT-AKZ8SFOAI4RZN│MT-AKZ8SFOAI4RZN│MT-AKZ8SFOAI4RZN│MT-AKZ8SFOAI4RZN│MT-AKZ8SFOAI4RZN│MT-AKZ8SFOAI4RZN│MT-AKZ8SFOAI4RZN│MT-AKZ8SFOAI4RZN
TEAM_CITY	Minnesota│Minnesota│Minnesota│Minnesota│Minnesota│Minnesota│Minnesota│LA
interaction_type	LeftGate│Pushed│PickedUp│LeftGate│LeftGate│PickedUp│LeftGate│RightGate
geo_loc_name (province/territory)	Northwest Territories│British Columbia│Yukon Territory│Missing│New Brunswick│New Brunswick│Newfoundland│Saskatchewan
cca2	ID│ID│ID│ID│ID
interaction_type	PickedUp│RightGate│RightGate│RightGate│RightGate│LeftGate│LeftGate│RightGate
ID	Reservoir1│Reservoir2
|Town	90│and│Fair
County	County│HAMILTON│LAWRENCE│CABELL│PUTNAM│CABELL│CATTARAUGUS│MASON
GEO.display-label	Geography│United States│North Carolina│Alamance County, North Carolina│Brunswick County, North Carolina│Buncombe County, North Carolina│Burke County, North Carolina│Cabarrus County, North Carolina
townNameLevel.2	Town│Kingdom
TEAM_CITY	Washington│Washington│Washington│Washington│Washington│Washington│Washington│Washington
TYPE_2	District│District│District│District│District│District│District│District
__index_level_1__	Cross Country│Cross Country│Cross Country│Cross Country│Cross Country│Cross Country│Cross Country│Cross Country
Wind Direction	WNW│WNW│WNW│WNW│WNW│WNW│WNW│WNW
venue_state	CA│CA│CA│CA│CA
navigation_key	MAIN_NAVIGATION│MAIN_NAVIGATION│MAIN_NAVIGATION│MAIN_NAVIGATION│MAIN_NAVIGATION│MAIN_NAVIGATION│MAIN_NAVIGATION│MAIN_NAVIGATION
Name	Acai│Alpine Strawberry│Amaretto Sour│Apple│Apple Cider│Apple Cranberry│Apple Filling│Apple Pop
TECHNOLOGY	ALUPLANT│ALUPLANT│ALUPLANT│ALUPLANT│ALUPLANT│ALUPLANT│ALUPLANT│ALUPLANT
Wind Direction	SSW│SSW│SW│Calm│SW│SSW│SW│SW
Wind Direction	ENE│East│East│East│ENE│East│East│ENE
__index_level_1__	Annual data from 1999 To 2015│Bureau of Economic Analysis│Data published August 05, 2015   │File created 1/29/2016 11:11:21 AM│Line
interaction_type	Pushed│RightGate│LeftGate│PickedUp│RightGate│LeftGate│LeftGate│LeftGate
ParticleMinLife	int│400│400│200│200│1000│1000
DL State	FL│FL│FL│FL│FL│FL
TEAM_CITY	Philadelphia│Philadelphia│Philadelphia│Philadelphia│Philadelphia│Philadelphia│Philadelphia│Philadelphia
Wind Direction	ENE│East│East│East│East│Variable│East│Calm
Time	Individual│Jose,CA,│Alto,CA,│Valley,CA,
School Location	AUSTRALIA│Delaware│Florida│Massachusetts│Massachusetts│New Mexico│New York│South Carolina
TEAM_CITY	Milwaukee│Milwaukee│Milwaukee│Milwaukee│Milwaukee│Milwaukee│Milwaukee│Milwaukee
DL State	FL│FL│FL│FL│FL│FL│FL│TX
abi	Rust│Rust│Rust│Rust│Rust│Rust│Rust│Rust
name	Australian Capital Territory│New South Wales│Northern Territory│Queensland│South Australia│Tasmania│Victoria│Western Australia
|Town	50%│and│Modified│Fair
TEAM_CITY	Minnesota│Minnesota│Minnesota│Minnesota│Minnesota│Minnesota│Minnesota│Minnesota
interaction_type	RightGate│LeftGate│LeftGate│Pushed│RightGate│RightGate│RightGate│RightGate
Wind Direction	WNW│NW│NNW│NNW│Calm│SSW│SW│SSW
Events	Fog
County	FORT BEND│FORT BEND│BRAZORIA│BRAZORIA│GALVESTON│GALVESTON│County│FORT BEND
People	"Central"",27,32,AFG,38042000,796│Eastern│and│and│North│Latin"",92,98,ARG,44781000,5"
Events	Fog│Fog│Fog│Fog│Fog│Fog│Fog│Fog
GEO.display-label	Geography│United States│North Carolina│Alamance County, North Carolina│Brunswick County, North Carolina│Buncombe County, North Carolina│Burke County, North Carolina│Cabarrus County, North Carolina
interaction_type	Pushed│RightGate│RightGate│RightGate│PickedUp│RightGate│RightGate│RightGate
interaction_type	RightGate│RightGate│RightGate│RightGate│RightGate│RightGate│RightGate│RightGate
AreaCode	CA│CA│CA│CA
Event	Running│InputWindowOpen│KeyDown│KeyDown│KeySequenceStopped│KeyDown│KeyDown│KeySequenceStopped
__index_level_1__	Criterium│Criterium│Criterium│Criterium│Criterium│Criterium│Criterium│Criterium
lgID	NL│NL│AL│AL│AL│AL│AL│AL
Wind Direction	SW│SW│SW│SW│SW│SW│SW│WSW
Wind Direction	Calm│Calm│Calm│Calm│Calm│NE│East│NNE
nombreProducto	Tapa diseño│Tapa diseño│Tapa diseño│Tapa diseño
Wind Direction	North│North│North│NNE│North│North│North│NNE
to	in│to│transport│his
Wind Direction	NW│NNW│North│North│NNW│NNW│North│North
Bulfinch	McIntire│Dewing│Goldman│Graves│Hassam│Homer│Laird│Lane
Wind Direction	SSW│SSW│SSW│SW│SSW│SSW│SW│SSW
Country*	New York│New York│Arizona
Other Provider Identifier State_5	NE│FL│TX
__index_level_40__	Active_BacVerNumber
step	WHITE│BLACK│WHITE│BLACK│WHITE│BLACK│WHITE│BLACK
[State Name]	Poison│Poison│Poison│Poison│Poison│Poison│Stone│Poison
Wind Direction	Calm│Calm│SW│South│SSW│Calm│SW│SSW
name	Microcitrus│australasica│australis│garrawayae│garrowayi│inodora│maideniana│papuana
Wind Direction	WNW│Variable│Calm│Calm│Variable│NW│WNW│Variable
Abkhaz	Afar│Afrikaans│Akan│Albanian│Amharic│Arabic│Aragonese│Armenian
Publishers	Land Journal│Land Journal│Land Journal│Land Journal│Land Journal│Land Journal│Land Journal│Land Journal
Wind Direction	NNW│North│North│North│North│North│North│NNE
TEAM_CITY	Minnesota│Minnesota│Minnesota│Minnesota│Minnesota│Minnesota│Minnesota│Minnesota
name	Fulfordiella│fuegiana
id	2020004110010│0000000000000│2020004110020│0000000000000│0000000000000│2020004110030│2020004110040│0000000000000
OrganisationLabel	Huntingdonshire District Council│Huntingdonshire District Council│Huntingdonshire District Council│Huntingdonshire District Council│Huntingdonshire District Council│Huntingdonshire District Council│Huntingdonshire District Council│Huntingdonshire District Council
Unnamed: 0	Alabama│Alaska│Arizona│Arkansas│California│Colorado│Connecticut│Delaware
DL State	FL│FL│FL│FL│FL│FL│FL│FL
Wind Direction	East│ENE│East│East│East│ENE│ENE│ENE
Wind Direction	Variable│SE│SE│South│Variable│South│South│South
|Town	70│and│Fair
Wind Direction	SW│SW│SW│SW│SW│SW│WSW│WSW
Enduro	Enduro│Ridge,CA,:36:43,
Active_BacVerNumber	Active_BacVerNumber│Active_BacVerNumber
category	Politics│Politics│Politics│Politics│Politics│Politics│Politics│Politics
would	it's│in│Or│the
value	ارمني│ازبکي│الماني│انګلیسي│ایټالوي│بلوڅي│پښتو│پورتګالي
county	Coffee County│Coffee County│Coffee County│Coffee County│Coffee County│Coffee County│Coffee County│Coffee County
Region	Latin America & Caribbean│South Asia│Sub-Saharan Africa│Europe & Central Asia│Europe & Central Asia│Middle East & North Africa│Latin America & Caribbean
value	Abkhazian│Achinese│Acoli│Adangme│Adyghe│Afar│Afrihili│Afrikaans
Wind Direction	West│WSW│West│West│Calm│WSW│NW│WNW
Region	Northern Ireland│South West│Wales
Wind Direction	North│Variable│NNE│Calm│Calm│Calm│Calm│Calm
Wind Direction	South│South│South│South│South│SSW│SSW│SSE
Road	Men│at│at│at│Men
NetSurfaceAreaMeasure/MeasureUnitCode	actNetSurfaceAreaUnit│actNetSurfaceAreaUnit
sospechoso	No│Si│Si│Si│Si│Si│Si
OrganisationLabel	Wiltshire Council│Wiltshire Council│Wiltshire Council│Wiltshire Council│Wiltshire Council│Wiltshire Council│Wiltshire Council│Wiltshire Council
'приемност']	 'апартман']│ 'руво']
Wind Direction	Calm│Calm│Calm│Calm│Calm│WNW│NW│NE
name	Afghanistan│Afrique du Sud│Albanie│Algérie│Allemagne│Andorre│Angola│Anguilla
County	County│WICHITA│WICHITA│JACK│WISE│WAGONER│TARRANT│DENTON
DistPotencial	Si│Si│Si│Si│Si│Si│Si│Si
interaction_type	PickedUp│LeftGate│RightGate│LeftGate│RightGate│RightGate│LeftGate│LeftGate
note	 │ │ │ │ │ │ │ 
country_code_filter	IE│IE│IE│IE│IE│IE│IE│IE
contactMechTypeId	TELECOM_NUMBER│TELECOM_NUMBER│TELECOM_NUMBER│TELECOM_NUMBER│TELECOM_NUMBER│TELECOM_NUMBER│TELECOM_NUMBER│TELECOM_NUMBER
County	BEDFORD│TUSCALOOSA│TUSCALOOSA│SMITH│JEFFERSON│JEFFERSON│County│PUTNAM
venue_state	NC│GA│GA
Location	California│Wisconsin│Washington, DC│Waterbury, CT
domainName	Great Lakes│Southern Rockies & Colorado Plateau│Pacific Tropical│Southeast│Prairie Peninsula│Mid-Atlantic│Southern Plains│Pacific Southwest
Irony	NONIRONIC│NONIRONIC│NONIRONIC│NONIRONIC│NONIRONIC│NONIRONIC│NONIRONIC│NONIRONIC
TEAM_CITY	Indiana│Indiana│Indiana│Indiana│Indiana│Indiana│Indiana│Indiana
major_category	Noncampaign│Trump - other│Noncampaign│Noncampaign│Noncampaign│Noncampaign│Noncampaign│Noncampaign
value	abkhaziskt│Achinese│Acoli│Adangme│Adyghe│Afar│afghanskt│Afrihili
Events	Fog│Fog│Fog│Fog│Fog│Fog
Region	regionone│regiontwo
book	Romans│Romans│Galatians│Romans│2 Corinthians│1 Corinthians│2 Corinthians│Galatians
TEAM_CITY	LA│LA│LA│LA│LA│LA│LA│LA
NWCXCUP	Single│p/b│Single
groupingname	Grouping-1│Grouping-2│Grouping-3│Grouping-3│Grouping-2
Dash	Race
__index_level_1__	Criterium│Criterium│Criterium│Criterium│Criterium│Criterium│Criterium│Criterium
TEAM_CITY	Minnesota│Minnesota│Minnesota│Minnesota│Minnesota│Minnesota│Minnesota│Minnesota
sector	Food│Food│Food│Food│Food
Wind Direction	SSW│South│SSW│SW│WSW│Calm│Calm│Calm
__index_level_1__	; Seasonally adjusted at annual rates                           │Quarterly data from 1947 To 2005│Bureau of Economic Analysis│Data published December 21, 2005 │File created 12/21/2005 11:59:57 AM│Line
Wind Direction	WNW│NW│NNW│NNW│Calm│SSW│SW│SSW
Events	Fog
EstadoDoc	Si│Si│Si│Si│Si│Si│Si
pruefer_DC	HK│HK│HK│HK│HK│HK│HK│HK
value	Abkhazian│Achinese│Acoli│Adangme│Adyghe│Afar│Afrihili│Afrikaans
ITEM	Diabetes│Diabetes│Diabetes│Diabetes│Diabetes│Diabetes│Diabetes
Area	Caernarfonshire│South Glamorgan│Glamorgan│Mid-Glamorgan│Glamorgan│Glamorgan│Monmouthshire│Powys
Speaker	Sanyam Bhutani│Julien Chaumond│Sanyam Bhutani│Julien Chaumond│Sanyam Bhutani│Julien Chaumond│Sanyam Bhutani│Julien Chaumond
SequenceWindowClosure	ClosedByDeadzone│ClosedByDeadzone│ClosedByDeadzone│ClosedByDeadzone│ClosedByDeadzone
act_tag	qw│sd│+│sv│b│sd│b│qy
titoloFile	Abruzzo│Basilicata│Calabria│Campania│Emilia Romagna│Friuli Venezia Giulia│Lazio│Liguria
Wind Direction	SE│SSE│SSE│SSE│SSE│South│South│South
TEAM_CITY	Utah│Utah│Utah│Utah│Utah│Utah│Utah│Utah
TEAM_CITY	Oklahoma City│Oklahoma City│Oklahoma City│Oklahoma City│Oklahoma City│Oklahoma City│Oklahoma City│Oklahoma City
Conditions	Clear│Clear│Clear│Clear│Clear│Clear│Haze│Clear
__index_level_1041__	to│Great
V15	nationality│United States of America│ISI│na│na│na│na│na
geo_id	ak│ak│al│al│ar│ar│az│az
eye-color	eye-color│Brown│Brown│Blue│Green│Green│Brown
location	unknown│HK│HK│IN│IN│HK│IN│IN
Wind Direction	SE│SE│ESE│ESE│SE│SE│SE│SE
TEAM_CITY	Golden State│Golden State│Golden State│Golden State│Golden State│Golden State│Golden State│Golden State
venue_state	CA│MA│MA│MA
Departments	Water Authority│PWD│KSEB│Water Authority│Water Authority│Water Authority│PWD│KSRTC
Wind Direction	NNE│Calm│NE│NNW│NNE│NE│NE│East
division_id	ocd-division/country:us/state:ar│ocd-division/country:us/state:ne│ocd-division/country:us/state:az│ocd-division/country:us/state:mn│ocd-division/country:us/state:ky│ocd-division/country:us/state:sd│ocd-division/country:us/state:md│ocd-division/country:us/state:or
Composition:	10-11:│and│Castle
throughout	Git│is
Wind Direction	South│South│South│SSW│SSW│SSW│WSW│WSW
Wind	NW│NW│NNW│NW│NNW│N│NW│NNW
value	Map_Map.csv@1
Events	Snow│Snow
COUNTY	Denton│Wilbarger│Wheeler│Polk│Lavaca│Harris│Gillespie│Dimmit
fr	Kilomètres par Heure│Miles par Heure│Vitesse illimitée│Limite de vitesse par défaut│Limites de vitesse par défaut│Sauvegarder│Affiche la vitesse limit en MPH à la place de km/h│Panneaux Allemand
name	Cassidocarpus│chilensis
Wind Direction	ENE│ENE│East│East│ENE│East│East│East
Events	Fog│Fog│Fog│Fog
SubField	 هندسة بحرية│ هندسة بحرية│ هندسة بحرية│ هندسة بحرية│ هندسة بحرية│ هندسة بحرية│ هندسة بحرية│ هندسة بحرية
TEAM_CITY	Minnesota│Minnesota│Minnesota│Minnesota│Minnesota│Minnesota│Minnesota│Minnesota
value	অসমীয়া│Abkhazian│Achinese│Acoli│Adangme│Adyghe│Afar│Afrihili
Religious or Pagan?	Pagan│Christian│Christian│Christian│Christian│Christian│Pagan│Pagan
Wind Direction	SW│WSW│WSW│SW│SW│SW│SW│SW
TYPE	Bacteria│Climate│Climate│Climate│Climate│Climate│Climate│Climate
interaction_type	RightGate│LeftGate│RightGate│LeftGate│RightGate│LeftGate│RightGate│RightGate
TEAM_CITY	Minnesota│Minnesota│Minnesota│Minnesota│Minnesota│Minnesota│Minnesota│Minnesota
OrganisationLabel	North Norfolk District Council│North Norfolk District Council│North Norfolk District Council│North Norfolk District Council│North Norfolk District Council│North Norfolk District Council│North Norfolk District Council
Field	 الهندسة المدنية│ الهندسة المدنية│ الهندسة المدنية│ الهندسة المدنية│ الهندسة المدنية│ الهندسة المدنية│ الهندسة المدنية│ الهندسة المدنية
interaction_type	Pushed│RightGate│RightGate│RightGate│PickedUp│RightGate│RightGate│RightGate
note	 Rostafinsckia│ │ 
Provider State	NM│NM│NM│NM│NM│NM│NM│NM
interaction_type	Pushed│LeftGate│RightGate│LeftGate│RightGate│PickedUp│RightGate│LeftGate
country_code_filter	LV│LV│LV│LV│LV│LV│LV│LV
Events	Fog
Wind Direction	South│SSE│South│South│SSW│SSE│South│SSW
groupingname	Grouping-1│Grouping-2│Grouping-3│Grouping-3│Grouping-2
DL State	KY│KY│KY│FL
Сайт	Сайт│Сайт
Location	West│Central│Singapore│Orchard│Singapore│Singapore│Central
ordenvalido	Caryophyllales│Caryophyllales│Caryophyllales│Caryophyllales
name	Aberdeenshire│Angus│Argyll│Avon│Ayrshire│Banffshire│Bedfordshire│Berkshire
name	Lelum│ustilaginoides
interaction_type	LeftGate│LeftGate│LeftGate│PickedUp│PickedUp│LeftGate│LeftGate│LeftGate
What wild animal did the author belief visited them recently?	Deer│Deer│Do not recall│Do not recall│Do not recall│Deer│Deer│Deer
ordenvalido	Anura│Anura│Anura│Anura│Anura│Anura│Anura│Anura
Events	Fog│Fog│Fog
OrganisationLabel	Adur District Council│Adur District Council│Adur District Council│Adur District Council│Adur District Council│Adur District Council│Adur District Council│Adur District Council
Wind Direction	SW│SW│SW│SW│SW│SW│WSW│WSW
BOTH_UNSET.4	BOTH_UNSET│BOTH_UNSET│BOTH_UNSET│BOTH_UNSET│BOTH_UNSET│BOTH_UNSET│BOTH_UNSET│BOTH_UNSET
coll_shortname	Alaska_Yukon_NDVI_1614│Alaska_Yukon_NDVI_1614│Alaska_Yukon_NDVI_1614│Alaska_Yukon_NDVI_1614│Alaska_Yukon_NDVI_1614│Alaska_Yukon_NDVI_1614│Alaska_Yukon_NDVI_1614│Alaska_Yukon_NDVI_1614
Wind Direction	SSW│WNW│SSW│WNW│West│West│WNW│WNW
Las	CAT│CAT
Wind Direction	SW│WSW│SW│WSW│Calm│SW│SW│Calm
Wind Direction	SW│SW│SW│SW│SW│SW│WSW│WSW
Mixin	// TODOs & doc│o:Displayable_0│o:Ancestor_0│geo:Area_0│geo:Area_0│geo:Country_0│geo:Country_0
interaction_type	LeftGate│LeftGate│PickedUp│RightGate│LeftGate│LeftGate│RightGate│LeftGate
Wind Direction	Calm│Calm│ENE│ENE│ENE│East│ENE│ENE
Namespace	Oak.Controllers│Oak.Controllers│Oak.Controllers│Oak.Controllers│Oak.Controllers│Oak.Controllers│Oak.Controllers│Oak.Controllers
__index_level_1__	Criterium│Criterium│Criterium│Criterium│Criterium│Criterium│Criterium│Criterium
topic_description	UNIVERSAL_HEALTH_INS│UNIVERSAL_HEALTH_INS│UNIVERSAL_HEALTH_INS│UNIVERSAL_HEALTH_INS│UNIVERSAL_HEALTH_INS│UNIVERSAL_HEALTH_INS│UNIVERSAL_HEALTH_INS│UNIVERSAL_HEALTH_INS
country_code_filter	BE│BE│BE│BE│BE│BE│BE│BE
Events	Fog│Fog│Fog│Fog│Fog│Fog
$$stateabbreviation	al│ak│az│ar│ca│co│ct│de
__index_level_988__	growth,│mainland’s
rarity	Uncommon│Rare│Common│Uncommon│Rare│Common│Uncommon│Rare
TEAM_CITY	LA│LA│LA│LA│LA│LA│LA│LA
TEAM_CITY	Houston│Houston│Houston│Houston│Houston│Houston│Houston│Houston
ApellidoPaterno	Álvarez│Auth│Cariola│Carvajal│Cicardini│Coloma│Fernández│Flores
Wind Direction	ENE│East│NE│Calm│NNE│NE│NNE│NNE
County	PAGE│STORY│POLK│JOHNSON│BREMER│SCOTT│LINN│STORY
exposure	Beecham2014npany│Beecham2014npany│Beecham2014npany│Beecham2014npany│Beecham2014npany│Beecham2014npany│Beecham2014npany│Beecham2014npany
Event	Running│InputWindowOpen│KeyDown│KeySequenceStopped│KeyDown│KeyDown│KeyDown│KeySequenceStopped
Events	Rain│Rain│Fog
race	Latino│Latino│Latino│Black│Black│Latino│Black│White
NMSPC_CD	KC-NEGOTIATION│KC-SYS│KC-SYS│KC-SYS│KC-NEGOTIATION│KC-NEGOTIATION│KC-NEGOTIATION│KC-AWARD
cmr_native_id	Alaska_Yukon_NDVI.long_term_max_NDVI.tif│Alaska_Yukon_NDVI.max_NDVI_2002.tif│Alaska_Yukon_NDVI.max_NDVI_2003.tif│Alaska_Yukon_NDVI.max_NDVI_2004.tif│Alaska_Yukon_NDVI.max_NDVI_2005.tif│Alaska_Yukon_NDVI.max_NDVI_2006.tif│Alaska_Yukon_NDVI.max_NDVI_2007.tif│Alaska_Yukon_NDVI.max_NDVI_2008.tif
TEAM_CITY	Golden State│Golden State│Golden State│Golden State│Golden State│Golden State│Golden State│Golden State
__index_level_1__	Cross Country│Cross Country│Cross Country│Cross Country│Cross Country│Cross Country│Cross Country│Cross Country
TEAM_CITY	LA│LA│LA│LA│LA│LA│LA│LA
EXAMPLE_UCUM_UNITS	mV│mV│mV│mV│mV│mV│mV
CastingRange	int│23│23│27│33│16│33│30
step	WHITE│BLACK│WHITE│BLACK│WHITE│BLACK│WHITE│BLACK
value	abhaasi│adangme│adyge│afar│afrihili│afrikaans│aghem│aimara
OrganisationLabel	West Oxfordshire│West Oxfordshire│West Oxfordshire│West Oxfordshire│West Oxfordshire│West Oxfordshire│West Oxfordshire│West Oxfordshire
Wind Direction	Calm│Calm│Calm│ENE│Calm│Variable│SSE│SE
DL State	FL│FL│IL│FL│FL│FL│FL│FL
__index_level_4__	Introduction│,0,
topic_description	SOCIAL_CHANGE│SOCIAL_CHANGE│SOCIAL_CHANGE│SOCIAL_CHANGE│SOCIAL_CHANGE│SOCIAL_CHANGE│SOCIAL_CHANGE│SOCIAL_CHANGE
Provider State	NV│NV│NV│NV│NV│NV│NV│NV
Wind Direction	North│ENE│Calm│Calm│East│East│South│SSW
name	Australian Capital Territory│New South Wales│Northern Territory│Queensland│South Australia│Tasmania│Victoria│Western Australia
__index_level_1__	 │Quarterly data from 1947 To 2002│Bureau of Economic Analysis│Data published September 27, 2002│File created 9/26/2002 5:00:58 PM│Line
Wind Direction	North│North│NE│NNE│North│North│NNE│North
Unnamed: 0	Alabama│Alaska│Arizona│Arkansas│California│Colorado│Connecticut│Delaware
TEAM_CITY	San Antonio│San Antonio│San Antonio│San Antonio│San Antonio│San Antonio│San Antonio│San Antonio
Self-Reported Race	Asian│Asian│Asian│Asian│Asian│Asian│Black│Asian
State Name [District] 2013-14	Nevada│Nevada│Nevada│Nevada│Nevada│Nevada│Nevada│Nevada
Wind Direction	SE│SSE│Calm│Calm│Calm│East│East│East
bioregion	Neotropical│Nearctic
groupingname	Grouping-1│Grouping-2│Grouping-3│Grouping-3│Grouping-2
__index_level_1__	Cross Country│Cross Country│Cross Country│Cross Country│Cross Country│Cross Country│Cross Country│Cross Country
GEO.display-label	Geography│United States│North Carolina│Durham County, North Carolina│Forsyth County, North Carolina│Guilford County, North Carolina
Provider City	BASIN│RIVERTON│NEWCASTLE│LANDER│PINEDALE│POWELL│AFTON│SUNDANCE
Namespace	Gallio.NCoverIntegration.Tools│Gallio.NCoverIntegration.Tools
Wind Direction	SSW│Calm│East│North│Variable│NE│Calm│East
Allegiances	Lannister│None│House Targaryen│House Greyjoy│Lannister│Baratheon│Night's Watch│None
country_code_filter	BE│BE│BE│BE│BE│BE│BE│BE
interaction_type	Pushed│RightGate│LeftGate│RightGate│PickedUp│LeftGate│LeftGate│RightGate
Wind Direction	SE│SSE│Calm│SE│Calm│Calm│Calm│Calm
TEAM_CITY	Minnesota│Minnesota│Minnesota│Minnesota│Minnesota│Minnesota│Minnesota│Minnesota
TEAM_CITY	LA│LA│LA│LA│LA│LA│LA│LA
Широта	Широта│Широта
__index_level_1__	Cross Country│Cross Country│Cross Country│Cross Country│Cross Country│Cross Country│Cross Country│Cross Country
Component	Core│Core│Core│Core│Core│Core│Core│Core
Events	Snow│Snow│Snow│Snow│Snow│Snow│Snow│Snow
place	Alabama│Alaska│Arizona│California│Colorado│Connecticut│Delaware│District of Columbia
value	Abkhazian│Achinese│Acoli│Adangme│Adyghe│Afar│Afrihili│Afrikaans
Provider State	AZ│AZ│AZ│AZ│AZ│AZ│AZ│AZ
EstadoDoc	Si│Si│Si│Si│Si│Si│Si│Si
OrganisationLabel	Christchurch Borough Council│Christchurch Borough Council│Christchurch Borough Council│Christchurch Borough Council│Christchurch Borough Council│Christchurch Borough Council│Christchurch Borough Council│Christchurch Borough Council
Bryan	Masters│&│Masters│by
Wind Direction	South│SSW│SSW│SSW│SSW│SSW│SW│SW
__index_level_1__	Cross Country│Cross Country│Cross Country│Cross Country│Cross Country│Cross Country│Cross Country│Cross Country
Wind Direction	North│NNE│NE│NE│NE│NE│ENE│ENE
Method	Main│Main│Main│Main│Main
FeatureId	Nose│LEar│REar│Nose│Nose│Nose│LEar│REar
Region	Latin America & Caribbean│South Asia│Sub-Saharan Africa│Europe & Central Asia│Europe & Central Asia│Middle East & North Africa│Latin America & Caribbean
Wind	NNW│NW│WNW│W│WNW│WSW│SW│SW
Wind Direction	North│North│Calm│North│Calm│Calm│Calm│North
EstadoDoc	Si│Si│Si│Si│Si│Si│Si│Si
EstadoDoc	Si│Si│Si│Si
Wind Direction	North│West│WNW│WNW│West│WNW│West│WNW
COUNTY	Kleberg│Collin│Hamilton│Harris│Tarrant│Guadalupe│Harris│Fort Bend
ordenvalido	Caryophyllales│Caryophyllales│Caryophyllales│Caryophyllales│Caryophyllales│Caryophyllales
dominant_object	Hand│Hand│Hand│Hand│Hand│Hand│HandToWrist
text2	PD│Assault│Assault│Assault
country_code_filter	LV│LV│LV│LV│LV│LV│LV│LV
STD-L1	Sumatera Barat│Padang│West Sumatra│Padang│West Sumatra│Sumatera Barat│West Sumatra│West Sumatra
TEAM_CITY	Washington│Washington│Washington│Washington│Washington│Washington│Washington│Washington
outcome	Beecham2014vbiany│Beecham2014vbiany│Beecham2014vbiany│Beecham2014vbiany│Beecham2014vbiany│Beecham2014vbiany│Beecham2014vbiany│Beecham2014vbiany
Wind Direction	North│North│North│NNW│NNW│NNW│North│North
Wind Direction	Calm│Calm│Calm│Calm│Calm│Calm│Calm│Calm
County	Adair│Adams│Allamakee│Appanoose│Audubon│Benton│Black Hawk│Boone
Wind Direction	SE│SSE│SE│SSE│South│SSW│SW│SSW
U.S.	Ala.│Alaska│Ariz.│Ark.│Calif.│Colo.│Conn.│Del.
Wind Direction	East│ESE│Calm│Calm│Calm│SSW│Calm│Calm
industry	Travel Services│Travel Services│Travel Services│Travel Services
EXAMPLE_UNITS	mV│mV│mV│mV│mV│mV│mV
rater	EN│EN│HK│HK│HK│TB│TB│TB
Source	Website│Website
race	Latino│Latino│Latino│Black│Black│Latino│Black│White
name	Celyphus│montana
other2	stim2│na│na│na│na│na│na
существительное	существительное│существительное│существительное│существительное│существительное│существительное│существительное│существительное
TEAM_CITY	Golden State│Golden State│Golden State│Golden State│Golden State│Sacramento│Sacramento│Sacramento
Provider State	VT│VT│VT│VT│VT│VT│VT│VT
Namespace	MapEditor.Properties│MapEditor.Forms.MilitaryForms│MapEditor.Forms.MilitaryForms│MapEditor.Forms.MilitaryForms│MapEditor.Forms.MilitaryForms│MapEditor.Forms.MilitaryForms│MapEditor.Forms.MilitaryForms│MapEditor.Forms.MilitaryForms
PLANT	BIG_CREEK│MOHAVE_1│MOHAVE_2│HIGHGROVE│SAN_BERNARDINO│COOLWATER│ETIWANDA_1-4│ETIWANDA_5
Wind Direction	WSW│WSW│WSW│WSW│WSW│West│WSW│West
__index_level_1__	Cross Country│Cross Country│Cross Country│Cross Country│Cross Country│Cross Country│Cross Country│Cross Country
stage	Early stage│Plateau│Project│Exit│Project│Scaling│Established/Public│Scaling
title	To Have and To Hold│Red Pottage│Unleavened Bread│The Reign of Law│Eben Holden│Janice Meredith│The Redemption of David Corson│Richard Carvel
EstadoDoc	Si│Si│Si│Si
Language_ID	psi│pch│pmv│cr│hi│hi│ma│ma
Wind Direction	SW│SW│SW│Calm│SSW│South│SSE│ENE
extraction	D-POL│D-POL│D-POL│D-POL│D-POL│D-POL│D-POL│D-POL
lang2	English│English│English│Black & White│Monochromatic│English│Black & White│Black & White
Wind Direction	SW│SW│SW│WSW│NW│NW│NW│NE
Distillery	Aberfeldy│Aberlour│AnCnoc│Ardbeg│Ardmore│ArranIsleOf│Auchentoshan│Auchroisk
__index_level_1__	Cross Country│Cross Country│Cross Country│Cross Country│Cross Country│Cross Country│Cross Country│Cross Country
Wind Direction	Calm│Calm│SW│Calm│Calm│Calm│Calm│NE
Wind Direction	SW│SW│WSW│WSW│WSW│NW│WNW│WNW
Wind Direction	WNW│West│West│WNW│WNW│West│West│WNW
OrganisationLabel	Adur District Council│Adur District Council│Adur District Council│Adur District Council│Adur District Council│Adur District Council│Adur District Council│Adur District Council
County	SAN DIEGO│County│PALM BEACH│BOSSIER│County│BOONE│SARASOTA│PALM BEACH
Local Authority	FINGAL COUNTY COUNCIL│FINGAL COUNTY COUNCIL│FINGAL COUNTY COUNCIL│FINGAL COUNTY COUNCIL│FINGAL COUNTY COUNCIL│FINGAL COUNTY COUNCIL│FINGAL COUNTY COUNCIL│FINGAL COUNTY COUNCIL
TEAM_CITY	Golden State│Golden State│Golden State│Golden State│Golden State│Golden State│Golden State│Golden State
Wind Direction	South│South│SSW│South│East│NNE│NNW│NNW
interaction_type	PickedUp│RightGate│LeftGate│LeftGate│RightGate│LeftGate│RightGate│LeftGate
id	wiki_wiki_all│wiki_groups_all│wiki_wiki│wiki_groups│wiki_wiki_history│access_wiki_wiki_sale_manager│wiki_wiki_user
TEAM_CITY	Minnesota│Minnesota│Minnesota│Minnesota│Minnesota│Minnesota│Minnesota│Minnesota
Wind Direction	SW│SW│SSW│SW│SSW│SW│SSW│SW
Active_BacVerNumber	Active_BacVerNumber│Active_BacVerNumber
Cave	Road│Hand│Oaks,CA,,Le│Road│Clean
Wind Direction	SW│SW│WSW│SW│SW│SW│SW│SW
exposure	Grasby2020surfarea│Grasby2020surfarea│Grasby2020surfarea│Grasby2020surfarea│Grasby2020surfarea│Grasby2020surfarea│Grasby2020surfarea│Grasby2020surfarea
value	Abkhazian│Achinese│Acoli│Adangme│Adyghe│Afar│Afrihili│Afrikaans
OrganisationLabel	West Oxfordshire│West Oxfordshire│West Oxfordshire│West Oxfordshire│West Oxfordshire│West Oxfordshire│West Oxfordshire│West Oxfordshire
TEAM_CITY	LA│LA│LA│LA│LA│LA│LA│LA
the	The│DETERIORATION│million,│in│share,│share,│or│share,
act_tag	sd│sd│sv│b│+│%│sv│sv
topic_description	CRIME│CRIME│CRIME│CRIME│CRIME│CRIME│CRIME│CRIME
-.1	from│Archers│BARBARIAN│BARBARIANS
Wind Direction	ESE│NE│NE│NNE│NNE│ENE│NE│NNE
name	Aberdeenshire│Angus│Argyll│Avon│Ayrshire│Banffshire│Bedfordshire│Berkshire
Race	Country│Obispo│Polytechnic-San│Barbara│State│Cruz
value	Abchazisch│Adangme│Adygees│Afaan Oromo│Afar│Afrihili│Afrikaans│Aghem
AZ	AZ│AZ│AZ│AZ│AZ│AZ│AZ│AZ
interaction_type	Pushed│PickedUp│RightGate│RightGate│LeftGate│RightGate│LeftGate│RightGate
TEAM_CITY	San Antonio│San Antonio│San Antonio│San Antonio│San Antonio│San Antonio│San Antonio│San Antonio
DistConocida	Si│Si│Si│Si│Si│Si│Si
especievalida	Mammillaria schiedeana│Mammillaria schiedeana│Mammillaria schiedeana│Mammillaria schiedeana│Mammillaria schiedeana│Mammillaria schiedeana│Mammillaria schiedeana│Mammillaria schiedeana
lobby_image	standchara01│standchara02│standchara03│standchara04│standchara05│standchara06│standchara07│standchara08
Events	Snow│Snow│Snow
-.1	WARDEN│Haste
topic_description	RECYCLING│RECYCLING│RECYCLING│RECYCLING│RECYCLING│RECYCLING│RECYCLING│RECYCLING
Road	Race│Electric│p/b│Racing│Hammer│Velo
interaction_type	PickedUp│RightGate│RightGate│RightGate│LeftGate│RightGate│LeftGate│LeftGate
TEAM_CITY	Sacramento│Sacramento│Sacramento│Sacramento│Sacramento│Sacramento│Sacramento│Sacramento
Wind Direction	SW│SW│WSW│SW│SW│SW│SW│SW
TEAM_CITY	Detroit│Detroit│Detroit│Detroit│Detroit│Detroit│Detroit│Detroit
topic_description	TRIAL_BY_JURY│TRIAL_BY_JURY│TRIAL_BY_JURY│TRIAL_BY_JURY│TRIAL_BY_JURY│TRIAL_BY_JURY│TRIAL_BY_JURY│TRIAL_BY_JURY
TEAM_CITY	New York│New York│New York│New York│New York│New York│New York│New York
TEAM_CITY	LA│LA│LA│LA│LA│LA│LA│LA
TEAM_CITY	Memphis│Memphis│Memphis│Memphis│Memphis│Memphis│Memphis│Memphis
interaction_type	Pushed│PickedUp│LeftGate│LeftGate│RightGate│RightGate│LeftGate│RightGate
BRAAVOSI MAN	ARYA│MAN│ARYA│BRAAVOS - THE HOUSE OF BLACK AND WHITE They arrive at The House │ARYA│MAN│ARYA│An old man enters ARYA
county	Samburu│Samburu│Wajir│Isiolo│Taita Taveta│Taita Taveta│Tana River│Baringo
geographic_level	Local authority│Local authority│Local authority│Local authority│Local authority│Local authority│Local authority│Local authority
Собственность	Собственность│Собственность
Region	Latin America & Caribbean│South Asia│Sub-Saharan Africa│Europe & Central Asia│Europe & Central Asia│Middle East & North Africa│Latin America & Caribbean
Wind Direction	WSW│WSW│WSW│SSW│SW│SW│SW│SW
folder_owner_addrprovince	TX│TX│TX│TX│TX│TX│TX│TX
attribute	Statewide│Statewide│Statewide│Statewide│Statewide│Statewide│Note│Note
Technology	Java SQL│Hibernate│Hibernate│Java SQL│Hibernate│Hibernate│Hibernate│Hibernate
unsettling_description	TODO│TODO│TODO│TODO│TODO│TODO│TODO│TODO
spatial_unit	ab_montane_cordillera│ab_montane_cordillera│ab_montane_cordillera│ab_montane_cordillera│ab_montane_cordillera│ab_montane_cordillera│ab_montane_cordillera│ab_montane_cordillera
pop_state_code	NC│NJ│MD
Wind Direction	West│ESE│Calm│Calm│NE│East│East│East
학과	경영학과│계량위험관리│언더우드국제대학 문화디자인경영│언더우드 국제학과│생활디자인│신문방송학과│경영대학 경영학과│행정학과
__index_level_9__	marketName
TEAM_CITY	Golden State│Golden State│Golden State│Golden State│Golden State│Golden State│Golden State│Golden State
TEAM_CITY	Memphis│Memphis│Memphis│Memphis│Memphis│Memphis│Memphis│Memphis
Language_ID	psi│pch│pma│pmv│pse│cr│hi│hi
HD02_VD02	Margin of Error; Median earnings in the past 12 months (in 2015 │33│348│1608│2363│1442│1505│1285
value	Abkasies│Achinese│Adangme│Adyghe│Afar│Afrihili│Afrikaans│Aghem
Wind Direction	WNW│Calm│Calm│Calm│West│WSW│WSW│WNW
Source	Delineation│Delineation│Delineation│Delineation│Delineation│Delineation│Delineation│Delineation
travel history	Chad, Danielstad│Poland, Jeremiahshire; Niue│Tuvalu, Laurenview; Guatemala; Pakistan, West Dylan│Montenegro, New Tracyfort; Wake Island, Mariomouth│Lithuania, Shannonstad; Turks and Caicos Islands; Saint Lucia; H│Mexico, South Paulview│Panama, Woodsmouth│Afghanistan, New Carloschester; Ashmore and Cartier Islands; And
code	CHEAONE│CHEATWO│CHOONE│CHOTWO
topic_description	FAMILY_LIFE│FAMILY_LIFE│FAMILY_LIFE│FAMILY_LIFE│FAMILY_LIFE│FAMILY_LIFE│FAMILY_LIFE│FAMILY_LIFE
County	COWETA│HENRY│FAIRFIELD│County│HIDALGO│COWETA│CAMERON│CAMERON
TYPE	Bacteria│Climate│Climate│Climate│Climate│Climate│Climate│Climate
topic_description	FAMILY_REUNIONS│FAMILY_REUNIONS│FAMILY_REUNIONS│FAMILY_REUNIONS│FAMILY_REUNIONS│FAMILY_REUNIONS│FAMILY_REUNIONS│FAMILY_REUNIONS
Wind Direction	North│NNE│Variable│East│ESE│SE│SE│SSE
Wind Direction	Calm│North│NE│NE│Calm│Calm│NE│NNE
Wind Direction	SW│WSW│WSW│WSW│West│West│WSW│WSW
EstadoDoc	Si│Si│Si│Si│Si│Si│Si
Wind	NNW│NNW│NNW│NNW│N│N│N│N
bike	Country
OrganisationLabel	North Norfolk District Council│North Norfolk District Council│North Norfolk District Council│North Norfolk District Council│North Norfolk District Council│North Norfolk District Council│North Norfolk District Council
Wind Direction	NE│NE│NE│NE│NE│NE│NNE│NNE
N	Bi│Bi│Bi│Bi│Bi│Bi│Bi│Bi
Type	AggregateNotifier│LoadFailedPluginData│Plugin│PluginService│Cache<TContract>│PluginMetadata│BrowserZoomFactor│ExitConfirmationType
TEAM_CITY	Minnesota│Minnesota│Minnesota│Minnesota│Minnesota│Minnesota│Minnesota│Minnesota
__index_level_762__	such│Co
TEAM_CITY	Sacramento│Sacramento│Sacramento│Sacramento│Sacramento│Sacramento│Sacramento│Sacramento
name	Hiratsukaia│tsugae
name	Alabama│Alaska│Arizona│Arkansas│California│Colorado│Connecticut│Delaware
Wind Direction	Calm│Calm│Calm│ENE│Calm│Variable│SSE│SE
DistConocida	Si│Si│Si│Si│Si│Si│Si│Si
-.1	from│Archers│BARBARIAN│BARBARIANS
interaction_type	RightGate│RightGate│RightGate│RightGate│LeftGate│RightGate│LeftGate│RightGate
TEAM_CITY	Indiana│Indiana│Indiana│Indiana│Indiana│Indiana│Indiana│Indiana
TEAM_CITY	Indiana│Indiana│Indiana│Indiana│Indiana│Indiana│Indiana│Indiana
TEAM_CITY	Golden State│Golden State│Golden State│Golden State│Golden State│Golden State│Golden State│Golden State
Wind Direction	South│South│SSW│SSW│West│NNW│North│SSW
PROV	ON│ON
Wind Direction	South│South│South│WSW│SW│WSW│WSW│WSW
Wind Direction	WSW│SW│SW│SW│WSW│WNW│Variable│Calm
Location	Location│Location│2 NNW CASTLE HAYNE│DIXON│3 S HUBERT│7 S MOUNT ENTERPRISE
Wind Direction	SSW│SSW│South│SSW│SSW│SSW│SW│SW
ordenvalido	Anura│Anura│Anura│Anura│Anura│Anura│Anura│Anura
__index_level_1__	Cross Country│Cross Country│Cross Country│Cross Country│Cross Country│Cross Country│Cross Country│Cross Country
Wind Direction	Calm│Calm│Calm│Calm│Calm│NNE│Calm│ESE
Home country*	Evanfurt│Lake Bobby│Lake Lindashire│Rossville│Martinburgh│New Thomasfurt│Port Natalie│South David
in	Men│Team│pb
Годовой доход	Годовой доход│Годовой доход
__index_level_2__	County│KENT│KENT│SUSSEX│SUSSEX│SUSSEX│KENT│SUSSEX
Wind Direction	Calm│Calm│Calm│SSE│Calm│Calm│South│ESE
EstadoDoc	Si│Si│Si│Si│Si│Si│Si│Si
SubField	 هندسة الجيولوجية│ هندسة الجيولوجية│ هندسة الجيولوجية│ هندسة الجيولوجية│ هندسة الجيولوجية
Omnium	Men│Wheelman│Motion│Motion│Men
County	Adair│Adams│Allamakee│Appanoose│Audubon│Benton│Black Hawk│Boone
__index_level_22__	Fort Leavenworth│Kansas Territory│Kansas Territory│Kansas Territory│Kansas Territory│Kansas Territory│Kansas Territory│Kansas Territory
Namespace	KeraLua│KeraLua│KeraLua│KeraLua│KeraLua│KeraLua│KeraLua│KeraLua
Wind Direction	Calm│North│North│NNE│North│Calm│NNW│NNW
Template	SandySurvey│SandySurvey│SandySurvey│SandySurvey│SandySurvey│SandySurvey│SandySurvey│SandySurvey
groupingname	Grouping-1│Grouping-2│Grouping-3│Grouping-3│Grouping-2
League	Appalachian│Appalachian│Appalachian│Appalachian│Appalachian│Appalachian│Appalachian│Appalachian
Alberta.1	Alaska│Alabama│Arkansas│Arizona│British Columbia│California│Colorado│Description
Wind Direction	ENE│Calm│Calm│Calm│Calm│ESE│SE│SE
review-id	review-id│319979│98054│124652│695340│561527│95919
Wind Direction	South│South│South│South│South│South│SW│SW
Wind Direction	West│West│Calm│West│NNW│Variable│Calm│Calm
interaction_type	Pushed│PickedUp│RightGate│RightGate│RightGate│RightGate│RightGate│RightGate
Wind Direction	SSW│SSW│SSW│SW│SSW│SSW│SW│SSW
Pinyin	àiqíng│ānpái│ānquán│ànshí│ànzhào│bǎifēnzhī│bàng│bāozi
value	Achinese│Adangme│Adyghe│Afar│Afrihili│Ainu│Akkadian│Akoose
interaction_type	LeftGate│LeftGate│RightGate│LeftGate│RightGate│RightGate│LeftGate│LeftGate
Data provider	Land Journal│Land Journal│Land Journal│Land Journal│Land Journal│Land Journal│Land Journal│Land Journal
location_name_filter	Goriška Statistical Region, Slovenia│Goriška Statistical Region, Slovenia│Goriška Statistical Region, Slovenia│Goriška Statistical Region, Slovenia│Goriška Statistical Region, Slovenia│Goriška Statistical Region, Slovenia│Goriška Statistical Region, Slovenia│Goriška Statistical Region, Slovenia
Time	TEHAMA│COLUSA│County│OKALOOSA│County
Fast	Race│Race
Unnamed: 0	Alabama│Alaska│Arizona│Arkansas│California│Colorado│Connecticut│Delaware
Parent TV Show	Vikings│Vikings│Vikings│Vikings│Vikings│Vikings│Vikings
ge	IV│IV│IV│IV│IV│IV│IV
DL State	FL│FL│FL│FL
Wind Direction	ESE│ESE│ESE│Calm│Calm│ESE│SE│SE
TEAM_CITY	Milwaukee│Milwaukee│Milwaukee│Milwaukee│Milwaukee│Milwaukee│Milwaukee│Milwaukee
Wind Direction	Calm│Calm│NNE│Variable│Variable│North│NE│NE
Provider State	DC│DC│DC│DC│DC│DC│DC│DC
name	Andorra│Emiraethau Arabaidd Unedig│Affganistan│Antigwa a Barbuda│Anguilla│Albania│Armenia│Ynysoedd Caribî yr Iseldiroedd
__index_level_132__	over│the│sunlight.The│8│did│Somalia
Wind Direction	North│Calm│Calm│Calm│Calm│East│Calm│Calm
__index_level_5__	Disney│Disney│Blue room
TEAM_CITY	LA│LA│LA│LA│LA│LA│LA│LA
TEAM_CITY	Cleveland│Cleveland│Cleveland│Cleveland│Cleveland│Cleveland│Cleveland│Cleveland
Wind Direction	Calm│South│Calm│South│SW│SW│South│SW
NMSPC_CD	KC-NEGOTIATION│KC-SYS│KC-SYS│KC-SYS│KC-NEGOTIATION│KC-NEGOTIATION│KC-NEGOTIATION│KC-AWARD
Language_ID	psc│psi│pmv│ca│ca│pda│pwc│pdh
interaction_type	LeftGate│LeftGate│RightGate│Pushed│PickedUp│RightGate│RightGate│LeftGate
interaction_type	LeftGate│RightGate│LeftGate│RightGate│LeftGate│RightGate│Pushed│LeftGate
uptake	Considerable│Considerable│Considerable│Considerable│Considerable
Events	Fog│Fog│Fog│Fog│Fog│Fog
TEAM_CITY	LA│LA│LA│LA│LA│LA│LA│LA
interaction_type	RightGate│LeftGate│RightGate│RightGate│LeftGate│RightGate│LeftGate│RightGate
Wind Direction	Calm│West│West│West│West│West│Calm│SSW
REGIONE	LOMBARDIA│LOMBARDIA│LOMBARDIA│LOMBARDIA│LOMBARDIA│LOMBARDIA│LOMBARDIA│LOMBARDIA
topic_description	TRIAL_BY_JURY│TRIAL_BY_JURY│TRIAL_BY_JURY│TRIAL_BY_JURY│TRIAL_BY_JURY│TRIAL_BY_JURY│TRIAL_BY_JURY│TRIAL_BY_JURY
relationship	AND│AND│SINGLE│OR│SINGLE│OR│SINGLE│SINGLE
Provider State	WY│WY│WY│WY│WY│WY│WY│WY
TEAM_CITY	Sacramento│Sacramento│Sacramento│Sacramento│Sacramento│Sacramento│Sacramento│Sacramento
OrganisationLabel	Wiltshire Council│Wiltshire Council│Wiltshire Council│Wiltshire Council│Wiltshire Council│Wiltshire Council│Wiltshire Council│Wiltshire Council
__index_level_12__	and│https://t.co/MTG65Z9POA│the
Value	*-xąhe│*xa• < *xahe│*-sąh-│*-ɣą│-xa•, na-│-xa•, ara-│-xa•, ára-│-xa•, náx-
Wind Direction	Calm│NE│ENE│Calm│ENE│East│Calm│Calm
Wind Direction	Calm│Calm│Calm│Calm│Calm│North│NNE│Calm
Ca	Ca│Ca│Ca│Ca
ClearTimeSeconds	int│10│15│10│10│10│15│10
type	nhs│local-council│local-council│grouping│local-council│executive-agency│executive-ndpb│alb
__index_level_4__	Slim│Player│Peace:│Print│in│A-Line
AreaCode	CA│CA│CA│CA
__index_level_1__	; Seasonally adjusted at annual rates                           │Quarterly data from 1947 To 2008│Bureau of Economic Analysis│Data published September 26, 2008│File created 9/25/2008 9:51:30 AM│Line
<title>	geochemicalPara│tiliaCordata│yearChange│dataNeo│biologicalSignals│rootLength│temporalDynamics│soilMoisture
EstadoDoc	Si│Si│Si│Si│Si│Si
ABANDON	ABANDONED│ABANDONING│ABANDONMENT│ABANDONMENTS│ABANDONS│ABDICATED│ABDICATES│ABDICATING
0.07194	0.05517│1│10│0.64946│0.74438│0.04174│0.13
name	Afɨrɨka ya Saame│Afuganisitáani│Aisiláandi│Ajentíina│Åland Islands│Alijéria│Alubánia│Amerɨka
mudel	Uno│Uno│Uno│Uno
Category	Art & Design│Art & Design;Pretend Play│Art & Design│Art & Design│Art & Design;Creativity│Art & Design│Art & Design│Art & Design
in.4	Gaza
venue_state	CA│PA│GA│PA│GA
store_type	HeadQuarters│Supermarket│Small Grocery│Supermarket│Gourmet Supermarket│Small Grocery│Gourmet Supermarket│Supermarket
Method	Main│Main│Main│Main│Main│Main│Main│Main
CountyName	Adair│Alfalfa│Atoka│Beaver│Beckham│Blaine│Bryan│Caddo
team	ONEBILLION│ONEBILLION│ONEBILLION│ONEBILLION│ONEBILLION│ONEBILLION│ONEBILLION│ONEBILLION
Region	Northern Ireland│South West│Wales
Bash	Cross
value	Abkhazian│Achinese│Acoli│Adangme│Adyghe│Afar│Afrihili│Afrikaans
EstadoDoc	Si│Si│Si│No│Si│Si│Si│Si
County	MANATEE│POLK│POLK│CHARLOTTE│NEW HANOVER│County│PASCO│Lake
Project	Quartz│Quartz│Quartz│Quartz│Quartz│Quartz│Quartz│Quartz
interaction_type	LeftGate│LeftGate│LeftGate│RightGate│RightGate│RightGate│RightGate│RightGate
GEO.display-label	Geography│United States│North Carolina│Alamance County, North Carolina│Brunswick County, North Carolina│Buncombe County, North Carolina│Burke County, North Carolina│Cabarrus County, North Carolina
value	Aarabeere│Abkhazian│Achinese│Acoli│Adangme│Adyghe│Afar│Afrihili
GEO.display-label	Geography│United States│North Carolina│Durham County, North Carolina│Forsyth County, North Carolina│Guilford County, North Carolina
TEAM_CITY	LA│LA│LA│LA│LA│LA│LA│LA
TEAM_CITY	Dallas│Dallas│Dallas│Dallas│Dallas│Dallas│Dallas│Dallas
TEAM_CITY	Houston│Houston│Houston│Houston│Houston│Houston│Houston│Houston
interaction_type	PickedUp│RightGate│LeftGate│RightGate│RightGate│LeftGate│RightGate│LeftGate
groupingname	Grouping-1│Grouping-2│Grouping-3│Grouping-3│Grouping-2
value	Abkhazian│Achinese│Acoli│Adangme│Adyghe│Afar│Afrihili│Afrikaans
Wind Direction	SSW│WSW│West│WNW│SW│Calm│Calm│SW
TEAM_CITY	Utah│Utah│Utah│Utah│Utah│Utah│Utah│Utah
Unnamed: 0	Alabama│Alaska│Arizona│Arkansas│California│Colorado│Connecticut│Delaware
Wind Direction	ESE│ESE│ESE│ESE│ESE│ESE│ESE│East
value	Black or African American│Not Reported│Unknown│Asian│American Indian or Alaska Native│White│Native Hawaiian or Other Pacific Islander
Events	Fog│Fog│Fog│Fog│Fog
country_code_filter	LV│LV│LV│LV│LV│LV│LV│LV
Roubaix	Road│Trek│Living│Diego,CA,,HRRC│Trek│Charles│S
Location	9 NW POPLAR BLUFF│6 N DONIPHAN│5 E REEDS SPRING│6 SW JENKINS│8 NW DUDLEY│2 ENE BUTTERFIELD│3 E BUTTERFIELD│FORSYTH
Region	Amazonas│Antioquia│Arauca│Atlantico│Bogota│Bolivar│Boyaca│Caldas
X	Cyclo-cross│Sheep│Junior│D,Elphingstone,Boulder,CO,19:17.8,Boulder│Junior│Springs,CO,20:22.0,│Planner
TEAM_CITY	Los Angeles│Los Angeles│Los Angeles│Los Angeles│Los Angeles│Los Angeles│Los Angeles│Los Angeles
__index_level_1__	; Seasonally adjusted at annual rates                           │Quarterly data from 1947 To 2006│Bureau of Economic Analysis│Data published April 28, 2006    │File created 4/27/2006 10:47:49 AM│Line
Wind Direction	South│South│Calm│South│Calm│Calm│Calm│Calm
TEAM_CITY	LA│LA│LA│LA│LA│LA│LA│LA
speakerparty	Conservative│Liberal│New Democratic Party│GPQ (ex-Bloc)│Bloc Québécois│Green Party│Liberal│Liberal
coll_shortname	FIFE_LONG_RAD_49│FIFE_LONG_RAD_49│FIFE_LONG_RAD_49│FIFE_LONG_RAD_49│FIFE_LONG_RAD_49│FIFE_LONG_RAD_49│FIFE_LONG_RAD_49│FIFE_LONG_RAD_49
venue_state	FL│CA│FL│FL
parentLabel	Observation details│Geographic location
TEAM_CITY	Washington│Washington│Washington│Washington│Washington│Washington│Washington│Indiana
Wind Direction	South│SSE│ESE│SE│ESE│SSE│SE│SSE
학과	노어노문학과│노어노문학과│노어노문학과│노어노문학과│노어노문학과│노어노문학과│노어노문학과│노어노문학과
XC	Country│City,CA,1.17.08,BEAR│Country│BIKE
value	Abkhazian│Achinese│Acoli│Adangme│Adyghe│Afar│Afrihili│Afrikaans
groupingname	Grouping-1│Grouping-2│Grouping-3│Grouping-3│Grouping-2
__index_level_385__	in,│for
Wind Direction	NNE│Calm│North│Calm│NW│Calm│North│North
__index_level_1__	Cross Country│Cross Country│Cross Country│Cross Country│Cross Country│Cross Country│Cross Country│Cross Country
TEAM_CITY	Golden State│Golden State│Golden State│Golden State│Golden State│Golden State│Golden State│Golden State
value	Abkhazia│Achinese│Adangme│Adyghe│Afar│Afrihili│Afrikaans│Aghem
Events	Fog│Fog│Fog│Fog│Fog│Fog│Fog│Fog
Wind Direction	West│West│West│West│WNW│WNW│WNW│WNW
Wind Direction	Calm│WSW│West│WNW│Calm│ENE│Calm│SSW
race	Latino│Latino│Latino│Black│Black│Latino│Black│White
interaction_type	Pushed│LeftGate│RightGate│LeftGate│RightGate│PickedUp│LeftGate│RightGate
TEAM_CITY	LA│LA│LA│LA│LA│LA│LA│LA
Center_Name_s	GEO│GEO│GEO│GEO│GEO│GEO│GEO│GEO
seq_TM-tmhmm	O│O│O│O│O│O│O│O
Wind Direction	East│South│SSE│SSE│South│South│SW│SW
Project	MapEditor│MapEditor│MapEditor│MapEditor│MapEditor│MapEditor│MapEditor│MapEditor
ComunaNombre	'Arica'│'Camarones'│'General Lagos'│'Putre'│'Alto Hospicio'│'Iquique'│'Camiña'│'Colchane'
TEAM_CITY	LA│LA│LA│LA│LA│LA│LA│LA
name	Christensonia│vietnamica
Unnamed: 0	Alabama│Alaska│Arizona│Arkansas│California│Colorado│Connecticut│Delaware
visitation_rate_units	visits per hour and bush│visits per hour and bush│visits per hour and bush│visits per hour and bush│visits per hour and bush│visits per hour and bush│visits per hour and bush│visits per hour and bush
location_name_filter	Świętokrzyskie Voivodeship, Poland│Świętokrzyskie Voivodeship, Poland│Świętokrzyskie Voivodeship, Poland│Świętokrzyskie Voivodeship, Poland│Świętokrzyskie Voivodeship, Poland│Świętokrzyskie Voivodeship, Poland│Świętokrzyskie Voivodeship, Poland│Świętokrzyskie Voivodeship, Poland
__index_level_1__	Super D│Super D│Super D│Super D│Super D│Super D│Super D│Super D
TEAM_CITY	Milwaukee│Milwaukee│Milwaukee│Milwaukee│Milwaukee│Milwaukee│Milwaukee│Milwaukee
Wind Direction	SW│SW│WSW│SW│SW│SW│SW│SW
Series	Cat│Br│Br│Br
OrganisationLabel	North Norfolk District Council│North Norfolk District Council│North Norfolk District Council│North Norfolk District Council│North Norfolk District Council│North Norfolk District Council│North Norfolk District Council│North Norfolk District Council
interaction_type	Pushed│LeftGate│LeftGate│RightGate│PickedUp│RightGate│RightGate│RightGate
Region	Baden-Wurttemberg│Bavaria│Berlin│Brandenburg│Bremen│Dolnośląskie│Germany│Hamburg
COUNTY	Matagorda│Bexar│Dallas│Dallas│Harris│Madison│Jefferson│Collin
Manager	Apache Directory Committee│Apache Directory Committee│Apache Directory Committee│Apache Directory Committee│Apache Directory Committee│Apache Directory Committee│Apache Directory Committee│Apache Directory Committee
Wind Direction	SE│SE│Calm│NNW│North│NNW│NNW│NW
2019	coverage:
OrganisationLabel	West Devon Borough Council│West Devon Borough Council│West Devon Borough Council│West Devon Borough Council
TEAM_CITY	Los Angeles│Los Angeles│Los Angeles│Los Angeles│Los Angeles│Los Angeles│Los Angeles│Los Angeles
right	MC-SENT│MC-SENT│MC-SENT│MC-SENT│MC-SENT│MC-SENT│MC-SENT│MC-SENT
County	CITY OF SUFFOLK│CITY OF CHESAPEAK│BERTIE│CITY OF CHESAPEAK│BERTIE│County│PITTSYLVANIA│WAYNE
[State Name]	Poison│Poison│Poison│Poison│Poison│Poison│Stone│Poison
Label	O│O│O│O│O│O│O│O
Type	ClusterClient│ClusterClient│ClusterClient│ClusterClient│ClusterClient│ClusterClient│ClusterClient│ClusterClient
Events	Fog
dominant_object	Hand│Hand│Hand│Hand│Hand│HandToWrist
Entity Type	UserStory│UserStory│UserStory│UserStory│UserStory│UserStory│UserStory│UserStory
Shape Type	Country│Country│Country│Country│Country│Country│Country│Country
Wind Direction	Calm│North│Calm│Calm│Calm│Calm│Calm│Calm
_address_region	Arkansas│California│Washington│Pennsylvania
category	remove│Persons and Places│Events and Society │Events and Society │Events and Society │Business and Commerce│Business and Commerce│Events and Society 
Wind Direction	East│Calm│SE│SSW│Calm│South│Calm│Calm
100	Country│Category│Power│2/SDBC│University│Performance
Wind Direction	WNW│NNW│NE│East│East│East│East│Calm
School Location	California│California│Georgia│Hawaii│Louisiana│Massachusetts│Massachusetts│Michigan
V26	orderPres│1│2│3│4│5
dominant_object	Hand│Hand│Hand│Hand│Hand│Hand│HandToWrist
Data provider	Land Journal│Land Journal│Land Journal│Land Journal│Land Journal│Land Journal│Land Journal│Land Journal
was_home	South Leslie│Daltonberg│Pattonview│Petersonhaven│Port Brady│Phillipside│West Patriciahaven│East Caleb
name	Iseia│luxurians
JP Descr Str	ヴァイスが愛用する両方の手に持つ、二刀流の剣だ。\n遠くの敵には、カマイタチで攻撃できるぞ!!│ヴァイスの武器。両手に持つ。\n│屈強な空の男たちが魚をさばくのにも使う、切れ味が\n抜群のカトラスだ。これでさばいた魚は美味いぞ。│某帝国軍で開発された、雷の力を秘めたカトラスだ。\nこれさえあれば、どんな敵もイチコロだぞ!!
Conditions	Overcast│Scattered Clouds│Scattered Clouds│Clear│Clear│Clear│Clear│Clear
the	Criterium│American│American│Hills,AZ,,Unattached
Region	Idf│Idf│Nord│Idf│Nord
property_owner_addrprovince	TX│TX│TX│TX
Wind Direction	East│ENE│ENE│East│ENE│ENE│East│Calm
__index_level_1__	Short Track Cross Country│Short Track Cross Country│Short Track Cross Country│Short Track Cross Country│Short Track Cross Country│Short Track Cross Country│Short Track Cross Country│Short Track Cross Country
County	Wirt│Fayette│Fayette│Jefferson│Tucker│Grant│Kanawha│Marion
Wind Direction	WNW│NW│NNW│NNW│Calm│SSW│SW│SSW
County	HARRISON│County│SEMINOLE│HARRISON│County│ST. TAMMANY│PEARL RIVER
Events	Fog-Rain│Fog-Rain│Fog-Rain│Fog-Rain│Fog-Rain│Fog-Rain│Fog-Rain│Fog-Rain
Wind Direction	East│ENE│Calm│Calm│East│East│Calm│Calm
interaction_type	PickedUp│LeftGate│RightGate│LeftGate│RightGate│RightGate│RightGate│LeftGate
Unnamed: 0	Alabama│Alaska│Arizona│Arkansas│California│Colorado│Connecticut│Delaware
Wind Direction	NW│NW│WNW│NW│NNW│NNW│NNW│WNW
coll_shortname	OTTER_LAI_45│OTTER_LAI_45│OTTER_LAI_45│OTTER_LAI_45│OTTER_LAI_45│OTTER_LAI_45│OTTER_LAI_45
Wind Direction	Variable│NNE│Calm│North│Calm│Calm│Calm│Calm
interaction_type	PickedUp│RightGate│RightGate│RightGate│RightGate│RightGate│LeftGate│RightGate
Walk	Middle│Middle│Middle│Middle│Middle│Middle│Middle│Middle
Term Source REF.7	UO│UO│UO│UO
Region	Latin America & Caribbean│South Asia│Sub-Saharan Africa│Europe & Central Asia│Europe & Central Asia│Middle East & North Africa│Latin America & Caribbean
Wind Direction	WSW│SW│SW│SW│SW│Calm│SW│SW
dp/processing_level_code	Raw│Parsed_Canonical│L1│L1│L1│L2
Events	Fog│Fog│Fog│Fog│Fog│Fog│Fog
Events	Snow│Snow│Snow│Snow│Snow│Snow│Snow│Snow
RefSeq_category	na│na│na│na│na│na│na│na
TEAM_CITY	LA│LA│LA│LA│LA│LA│LA│LA
origin_input_race	Other│Caucasian│African-American│African-American│African-American
interaction_type	PickedUp│PickedUp│LeftGate│LeftGate│RightGate│RightGate│LeftGate│LeftGate
Unnamed: 0	Alabama│Alaska│Arizona│Arkansas│California│Colorado│Connecticut│Delaware
Road	Road│Octane│Jose,CA,,Team│Rosa,CA,,Bear│Del│Mike's│Jose,CA,,SquadraSF
TEAM_CITY	Sacramento│Sacramento│Sacramento│Sacramento│Sacramento│Sacramento│Sacramento│Sacramento
value	Afeganistão│África do Sul│Albânia│Alemanha│Andorra│Angola│Anguilla│Antártida
location_name_filter	South Bohemian Region, Czechia│South Bohemian Region, Czechia│South Bohemian Region, Czechia│South Bohemian Region, Czechia│South Bohemian Region, Czechia│South Bohemian Region, Czechia│South Bohemian Region, Czechia│South Bohemian Region, Czechia
Range	int│1000│5000│500│1250│750│2000│100
news_1	Places│Map│Weather│Payment│Cricket
Location	California│Wisconsin│Washington, DC│Waterbury, CT
TEAM_CITY	Indiana│Indiana│Indiana│Indiana│Indiana│Indiana│Indiana│Indiana
Place	Boston, MA│Boston, MA│Cham│Cham│Cham│Cham
code	CHEAONE│CHEATWO│CHOONE│CHOTWO
TEAM_CITY	Minnesota│Minnesota│Minnesota│Minnesota│Minnesota│Minnesota│Minnesota│Minnesota
es	Descripción│Ubicación/Dirección│Región│País
TEAM_CITY	San Antonio│San Antonio│San Antonio│San Antonio│San Antonio│San Antonio│San Antonio│San Antonio
label	Abdomen│ActiveNotRecruiting│AerobicActivity│AnaerobicActivity│Anesthesia│Appearance│Ayurvedic│Bacteria
TEAM_CITY	Minnesota│Minnesota│Minnesota│Minnesota│Minnesota│Minnesota│Minnesota│Minnesota
OrganisationLabel	North York Moors National Park Authority│North York Moors National Park Authority│North York Moors National Park Authority│North York Moors National Park Authority
-.1	from│Archers│BARBARIAN│BARBARIANS│ARCHERS│ARCHERS│BARBARIANS
location_name_filter	Lefkoşa District, Cyprus│Lefkoşa District, Cyprus│Lefkoşa District, Cyprus│Lefkoşa District, Cyprus│Lefkoşa District, Cyprus│Lefkoşa District, Cyprus│Lefkoşa District, Cyprus│Lefkoşa District, Cyprus
country_code_filter	LT│LT│LT│LT│LT│LT│LT│LT
TEAM_CITY	LA│LA│LA│LA│LA│LA│LA│LA
Wind Direction	East│NE│Calm│Calm│Calm│Calm│NNE│NE
Unnamed: 2	Darla│Boy│Darla│Boy│Boy
OrganisationLabel	Cannock Chase Council│Cannock Chase Council│Cannock Chase Council│Cannock Chase Council│Cannock Chase Council│Cannock Chase Council│Cannock Chase Council│Cannock Chase Council
title	甘肃省│江西省│河南省│辽宁省│湖南省│四川省│天津市│广东省
Wind Direction	Calm│Variable│Calm│Variable│North│NNE│Calm│Calm
Unnamed: 0	Alabama│Alaska│Arizona│Arkansas│California│Colorado│Connecticut│Delaware
OrganisationLabel	Wiltshire Council│Wiltshire Council│Wiltshire Council│Wiltshire Council│Wiltshire Council│Wiltshire Council│Wiltshire Council│Wiltshire Council
Events	Snow
Wind Direction	SSW│SW│SW│WSW│WSW│WSW│WSW│WSW
APP	TimeCard│TimeCard│TimeCard│TimeCard│TimeCard│TimeCard│TimeCard│TimeCard
County	DICKENS│DONLEY│County│MORRIS│BOWIE│ECTOR│Howard│GARZA
Language_ID	psi│pch│pma│pmv│pse│ca│ca│cr
Event	Running│InputWindowOpen│InputWindowClosed│DecisionAcceptAllInput│NewPolicyMeetDesignGoals│KeyDown│KeyDown│KeyDown
Design smell	Unutilized Abstraction│Unnecessary Abstraction│Unutilized Abstraction│Duplicate Abstraction│Unutilized Abstraction│Unutilized Abstraction│Duplicate Abstraction│Unutilized Abstraction
TOPIC	Review_or_Overview│Review_or_Overview│Review_or_Overview│Review_or_Overview│Review_or_Overview│Review_or_Overview│Review_or_Overview│Review_or_Overview
Events	Fog-Snow│Fog-Snow│Fog-Snow│Fog-Snow│Fog
Type	Review│Review│Review│Review
Conditions	Overcast│Overcast│Overcast│Overcast│Overcast│Overcast│Overcast│Mostly Cloudy
act_tag	sd│sd│sv│b│+│%│sv│sv
Wind Direction	North│Calm│North│North│North│NW│NW│NNW
folder_owner_addrprovince	TX│TX│TX│TX│TX│TX│TX
TEAM_CITY	New York│New York│New York│New York│New York│New York│New York│New York
name	عمر بن الخطاب│اشميخ│مدرسة النجم الساطع
groupingname	Grouping-1│Grouping-2│Grouping-3│Grouping-3│Grouping-2
Wind Direction	SSW│SW│SW│SW│SW│SSW│SW│WSW
OrganisationLabel	West Oxfordshire│West Oxfordshire│West Oxfordshire│West Oxfordshire│West Oxfordshire│West Oxfordshire│West Oxfordshire│West Oxfordshire
Wind	NNW│WNW│NW│WNW│SW│WNW│W│W
venue_state	CA│GA│GA│TX│TX
Modality	CT│PT│PT
race	Latino│Latino│Latino│Black│Black│Latino│Black│White
Wind Direction	SSW│SW│SW│WSW│WSW│Calm│Calm│Calm
Wind Direction	SSW│SW│SW│SW│SSW│SW│SW│WSW
Composition:	7-8:│and│Castle
Vvc	Fw│Nc│Fw│Nc│Dn│Ag│Nc│Cs
Wind Direction	East│East│East│East│Calm│Calm│Calm│WNW
value	Abkhazian│Achinese│Acoli│Adangme│Adyghe│Afar│Afrihili│Afrikaans
Wind Direction	East│ENE│ENE│ENE│NNE│NE│ENE│ENE
Wind Direction	South│South│South│South│SSW│SSW│SSW│WSW
type	NON│NON│NON│NON│NON│NON│NON│NON
Resting	Criteria│Criteria│Criteria│Criteria│Criteria│Criteria│Criteria│Criteria
__index_level_11__	lady│and│best│and│NOT
__index_level_1__	; Seasonally adjusted at annual rates                           │Quarterly data from 1947 To 1969│Bureau of Economic Analysis│Data published August 26, 2011   │File created 8/25/2011 10:14:23 AM│Line
Provider State	AZ│AZ│AZ│AZ│AZ│AZ│AZ│AZ
TEAM_CITY	Minnesota│Minnesota│Minnesota│Minnesota│Minnesota│Minnesota│Minnesota│Minnesota
was_home	East Robertstad│Christophertown│New Tammy│New Michellehaven│Ericview│New Sergiobury│Cruzhaven│Jeremyshire
code	CHEAONE│CHEATWO│CHOONE│CHOTWO
Aa	Abacus│Abbey│Abdomen│Ability│Abolishment│Ab│Accele│Accele
Subject	Postcards--California│City & town life--California--Los Angeles│California poppy│California poppy
was_home	Normaborough│South Deannaport│Buckburgh│Samanthaland│Brownstad│Emilyshire│Gutierreztown│Langborough
name	Barssia│oregonensis│yezo-montana│yezomontana
teamName	Buffalo│Miami (Fla.)│Wichita St.│Arizona│Yale│Baylor│UNCW│Duke
interaction_type	LeftGate│LeftGate│LeftGate│LeftGate│LeftGate│LeftGate│Pushed│PickedUp
TEAM_CITY	Milwaukee│Milwaukee│Milwaukee│Milwaukee│Milwaukee│Milwaukee│Milwaukee│Milwaukee
DeviceAction	Permit│Permit│Permit
PA	WI│PA│WI│PA│WI│WI│WI│WI
__index_level_419__	faxed│Ross
forecasts submitted	Deaths│Deaths│Hospitalizations, deaths│Cases│Cases, deaths│Cases, hospitalizations, deaths│Cases, hospitalizations, deaths│Cases, hospitalizations, deaths
Status	Operational│Operational│Operational│Operational│Operational│Operational│Operational│Operational
Home Y	South Brendamouth│East Allen│Davebury│Lauramouth│Cabreraville│Port Heidi│Port Audreyside│North Davidborough
topic_description	HOBBIES_AND_CRAFTS│HOBBIES_AND_CRAFTS│HOBBIES_AND_CRAFTS│HOBBIES_AND_CRAFTS│HOBBIES_AND_CRAFTS│HOBBIES_AND_CRAFTS│HOBBIES_AND_CRAFTS│HOBBIES_AND_CRAFTS
Wind Direction	SSW│SSW│SSW│SSW│SW│SW│SW│SSW
OrganisationLabel	Stratford-On-Avon District Council│Stratford-On-Avon District Council│Stratford-On-Avon District Council│Stratford-On-Avon District Council│Stratford-On-Avon District Council│Stratford-On-Avon District Council│Stratford-On-Avon District Council│Stratford-On-Avon District Council
of	and│OS│in
24H-40	N/A Middle of the city│ok│- damages, lost for some tools│No losses│Urban area NA│some loss of tools due to collapsed buildings
value	Abkasies│Achinese│Adangme│Adyghe│Afar│Afrihili│Afrikaans│Aghem
no	Shirogane│Second│Punch
Fall	Men│University│Louisville
Unnamed: 0	Alabama│Alaska│Arizona│Arkansas│California│Colorado│Connecticut│Delaware
team_division_pre2002	NFC West│NFC East│NFC East│NFC West│AFC Central│AFC East│NFC West│NFC Central
Wind Direction	WNW│Variable│Calm│Calm│Variable│NW│WNW│Variable
Wind Direction	South│SSW│SSW│SSW│SSW│SSW│SW│SW
name	Australian Capital Territory│New South Wales│Northern Territory│Queensland│South Australia│Tasmania│Victoria│Western Australia
TEAM_CITY	Indiana│Indiana│Indiana│Indiana│Indiana│Indiana│Indiana│Indiana
Wind Direction	WNW│NW│NNW│NNW│Calm│SSW│SW│SSW
other2	stim2│na│na│na│na│na│na
country_name_filter	Cyprus│Cyprus│Cyprus│Cyprus│Cyprus│Cyprus│Cyprus│Cyprus
name_of_HH	সুরুজ্জামান│অাব্দুল বারেক মন্ডল│হানিফ উদ্দিন│মো: অামিনুর ইসলাম│সোজা মন্ডল│মিজানুর রহমান│ জামিনুর ইসলাম│মো: গোলজার হোসেন
An	Dawson│The│Morrison's│An│...an│Dawson│A│...many
Wind Direction	WSW│Calm│East│South│South│SSE│South│SSE
__index_level_1__	Circuit│Park,CA,,NCCF/│Endurance│BP/Sierra│Francisco,CA,,Fresh│,CA,,iRT-Reactor
County	County│COFFEE│OVERTON│OVERTON│CLINTON│WAYNE│MONROE│CARVER
Place*	Klagenfurt, Austria│Vienna, Austria│Brussels, Belgium│Brussels, Belgium│Brussels, Belgium│Bulgaria │Bulgaria │Bulgaria 
Events	Rain│Rain
TEAM_CITY	Minnesota│Minnesota│Minnesota│Minnesota│Minnesota│Minnesota│Minnesota│Minnesota
value	Abkhazian│Achinese│Acoli│Adangme│Adyghe│Afar│Afrihili│Afrikaans
Wind Direction	SSE│Calm│NNE│NE│NNE│NE│ENE│East
Home	Riveraborough│Port Katherinechester│West Charles│East Allison│Collinston│Riversmouth│Lake Warren│Millerbury
value	ارمني│ازبکي│الماني│انګلیسي│ایټالوي│بلوڅي│پښتو│پورتګالي
Wind Direction	WSW│SW│WSW│WSW│SW│WSW│WSW│WSW
major_category	Noncampaign│Trump - other│Noncampaign│Noncampaign│Noncampaign│Noncampaign│Noncampaign│Noncampaign
County	WHARTON│County│SOCORRO│VAL VERDE│VAL VERDE│HOUSTON│REAGAN│REAGAN
Crop	Corn│Corn│Corn│Corn│Corn│Corn│Corn│Corn
Events	Rain│Fog-Rain│Fog│Fog│Fog│Fog
Wind Direction	NNE│North│Variable│NW│NNW│North│North│North
topic_description	FAMILY_REUNIONS│FAMILY_REUNIONS│FAMILY_REUNIONS│FAMILY_REUNIONS│FAMILY_REUNIONS│FAMILY_REUNIONS│FAMILY_REUNIONS│FAMILY_REUNIONS
County	Bethel│Wrangell-Petersburg│Anchorage│Valdez-Chitina-Whittier│Anchorage│Fairbanks│Kenai-Cook Inlet│Anchorage
Wind Direction	West│West│West│WSW│SW│SSW│SW│WSW
COUNTY	Limestone│Denton│Wilbarger│Wheeler│Polk│Lavaca│Harris│Gillespie
Wind Direction	Calm│South│SSW│SSW│South│South│South│SSW
Events	Fog│Fog│Fog
dominant_object	Hand│Hand│Hand│Hand│Hand│HandToWrist
name	ALABAMA│ALASKA│ARIZONA│ARKANSAS│CALIFORNIA│COLORADO│CONNECTICUT│DELAWARE
Wind Direction	SSW│SW│SW│SSW│SW│SW│SW│SW
name	Aberdeenshire│Angus│Argyll│Avon│Ayrshire│Banffshire│Bedfordshire│Berkshire
code	CHEAONE│CHEATWO│CHOONE│CHOTWO
County	Montgome│Montgome│Delaware│Bucks│Bucks│Bucks│Delaware│Montgome
Name_ClimateRegion	name of the climatic region│VarChar│Germany│Germany
TEAM_CITY	New Orleans│New Orleans│New Orleans│New Orleans│New Orleans│New Orleans│New Orleans│New Orleans
County	JOHNSON│STORY│BLACK HAWK│JOHNSON│JOHNSON│SCOTT│POLK│POLK
TEAM_CITY	New York│New York│New York│New York│New York│New York│New York│New York
Wind Direction	WNW│NW│NNW│NNW│Calm│SSW│SW│SSW
__index_level_768__	coal│MS.N,
StateCode	VA│VA│VA│VA│VA│VA│VA│VA
DL State	FL│FL│FL│FL│FL│FL│FL│FL
ethnicity	White│White│Other│White│White│Asian│Asian│Other
offense	Alabama│Army│Northwestern│Stanford│TCU│Texas│Kentucky│Kentucky
code	CHEAONE│CHEATWO│CHOONE│CHOTWO
Unnamed: 0	Alabama│Alaska│Arizona│Arkansas│California│Colorado│Connecticut│Delaware
TEAM_CITY	Indiana│Indiana│Indiana│Indiana│Indiana│Indiana│Indiana│Indiana
TEAM_CITY	LA│LA│LA│LA│LA│LA│LA│LA
value	Abkhazian│Achinese│Acoli│Adangme│Adyghe│Afar│Afrihili│Afrikaans
TEAM_CITY	Minnesota│Minnesota│Minnesota│Minnesota│Minnesota│Minnesota│Minnesota│Minnesota
substation_id	DOW_OSS│DOW_OSS│DOW_OSS│DOW_OSS│DOW_OSS│DOW_OSS│DOW_OSS│DOW_OSS
Wind Direction	Calm│Calm│NW│North│North│North│North│NNW
interaction_type	Pushed│RightGate│LeftGate│RightGate│PickedUp│RightGate│LeftGate│LeftGate
review-id	review-id│319979│98054│124652│695340│561527│95919
TEAM_CITY	Utah│Utah│Utah│Utah│Utah│Utah│Utah│Utah
Post Unique Reference	1│2│4│5│6│12│14│15
name	Oaxacania│malvaefolia│malvifolia
groupingname	Grouping-1│Grouping-2│Grouping-3│Grouping-3│Grouping-2
Wind Direction	Calm│Calm│Calm│Calm│Calm│Calm│Calm│Calm
TEAM_CITY	Utah│Utah│Utah│Utah│Utah│Utah│Utah│Utah
TEAM_CITY	Milwaukee│Milwaukee│Milwaukee│Milwaukee│Milwaukee│Milwaukee│Milwaukee│Milwaukee
County	Sanborn│Grant│Pennington│Pennington│Minnehaha│Codington│Brookings│Meade
Status	Operational│Operational│Operational│Operational│Operational│Operational│Operational│Operational
Unnamed: 0	Alabama│Alaska│Arizona│Arkansas│California│Colorado│Connecticut│Delaware
Wind Direction	Calm│Calm│Calm│Calm│Calm│Calm│West│WSW
TEAM_CITY	LA│LA│LA│LA│LA│LA│LA│LA
color	Gris│Noir│Bleu│Blanc│rouge│Jaune│Gris│Noir
interaction_type	LeftGate│RightGate│LeftGate│RightGate│LeftGate│RightGate│PickedUp│RightGate
category	Community│Community│Community│Community│Community│Household│Household│Household
type	NON│NON│NON│NON│NON│NON│NON│NON
symbol	DCO.DE│DCO.DE│DCO.DE│DCO.DE
__index_level_1__	Cross Country│Cross Country│Cross Country│Cross Country│Cross Country│Cross Country│Cross Country│Cross Country
Wind Direction	WSW│Calm│Calm│WSW│Calm│NW│NNW│ENE
V15	nationality│American│ISI│na│na│na│na│na
throughout	Git│is
ordenvalido	Caryophyllales│Caryophyllales│Caryophyllales│Caryophyllales│Caryophyllales│Caryophyllales│Caryophyllales
Federal state	State│State│State│State│State│State│State│State
_address_region	Arkansas│California│Washington│Pennsylvania
Restoration	day,,,5,
Unnamed: 0	Alabama│Alaska│Arizona│Arkansas│California│Colorado│Connecticut│Delaware
Speaker	Sanyam Bhutani│Sanyam Bhutani│Eugene Khvedchenya│Sanyam Bhutani│Eugene Khvedchenya│Sanyam Bhutani│Eugene Khvedchenya│Sanyam Bhutani
:TYPE	IST_IM_RAT│IST_IM_RAT│IST_IM_RAT│IST_IM_RAT│IST_IM_RAT│IST_IM_RAT│IST_IM_RAT│IST_IM_RAT
Wind Direction	Calm│South│South│SSE│South│South│South│SSW
Wind Direction	South│South│SSW│SSW│SW│SW│SW│SW
TEAM_CITY	New York│New York│New York│New York│New York│New York│New York│New York
Category	About│About│About│About│About│About│About│About
Stampede	Country│IOWA│of
Unnamed: 0	Alabama│Alaska│Arizona│Arkansas│California│Colorado│Connecticut│Delaware
especievalida	Eumops perotis│Eumops perotis│Eumops perotis│Eumops perotis│Eumops perotis│Eumops perotis│Eumops perotis│Eumops perotis
TEAM_CITY	Washington│Washington│Washington│Washington│Washington│Washington│Washington│Washington
property_owner_addrprovince	TX│TX│TX│CA
TEAM_CITY	Washington│Washington│Washington│Washington│Washington│Washington│Washington│Washington
value	Abkhazian│Achinese│Acoli│Adangme│Adyghe│Afar│Afrihili│Afrikaans
Events	Rain│Rain│Fog
Wind Direction	SSE│SSE│South│South│South│South│South│South
wa	Naruto│to│Hina|0|0|1|Low│no│OVA|0|0|1|Low│Piece|10|792|1|High
Project	KeyVault│KeyVault│KeyVault│KeyVault
TEAM_CITY	Dallas│Dallas│Dallas│Dallas│Dallas│Dallas│Dallas│Dallas
groupingname	Grouping-1│Grouping-2│Grouping-3│Grouping-3│Grouping-2
Events	Fog│Fog
primaryCategory	Mining│Mining│Mining│Mining│Mining│Mining│Mining│Mining
TEAM_CITY	LA│LA│LA│LA│LA│LA│LA│LA
Provider City	ARMOUR│ABERDEEN│RAPID CITY│GROTON│MILLER│WOONSOCKET│CLEAR LAKE│BROOKINGS
Stage	SP│SP│SP
name	Aberdeenshire│Angus│Argyll│Avon│Ayrshire│Banffshire│Bedfordshire│Berkshire
TEAM_CITY	Indiana│Indiana│Indiana│Indiana│Indiana│Indiana│Indiana│Indiana
region_label	Northern California│Central California│Southern California│Oregon│Washington│California Current Ocean│California Current Study Area (area.weighted.mean)
TEAM_CITY	Golden State│Golden State│Golden State│Golden State│Golden State│Golden State│Golden State│Golden State
external_identifier_value	ocd-division/country:us/state:wa/county:adams│ocd-division/country:us/state:wa/county:asotin│ocd-division/country:us/state:wa/county:benton│ocd-division/country:us/state:wa/county:benton│ocd-division/country:us/state:wa/county:benton│ocd-division/country:us/state:wa/county:chelan│ocd-division/country:us/state:wa/county:clallam│ocd-division/country:us/state:wa/county:clark
Unnamed: 0	Alabama│Alaska│Arizona│Arkansas│California│Colorado│Connecticut│Delaware
__index_level_25__	a│(a3)│that
venue_state	GA│GA│CA
lgID	NL│NL│AL│AL│AL│AL│AL│AL
TEAM_CITY	Utah│Utah│Utah│Utah│Utah│Utah│Utah│Utah
COUNTY	Kleberg│Collin│Hamilton│Harris│Tarrant│Guadalupe│Harris│Fort Bend
Wind Direction	Calm│Calm│Calm│Calm│Calm│Calm│Calm│Calm
rite	ahau│tona│e│e ia│ko│hoki│runga i│ko
interaction_type	PickedUp│LeftGate│LeftGate│Pushed│LeftGate│LeftGate│LeftGate│PickedUp
Region	Alabama│Alaska│Arizona│Arkansas│California│Colorado│Connecticut│Delaware
Hamilton	Road│Giant│View,CA,00:00.0,California│Dorado│Pillar│Cycling│Luis
location_code_filter	kurzeme_region_LV│kurzeme_region_LV│kurzeme_region_LV│kurzeme_region_LV│kurzeme_region_LV│kurzeme_region_LV│kurzeme_region_LV│kurzeme_region_LV
__index_level_23__	be│said
*StateProv	North Province│North Province│North Province│North Province│North Province│North Province│North Province│North Province
region_code_filter	smolyan_province│smolyan_province│smolyan_province│smolyan_province│smolyan_province│smolyan_province│smolyan_province│smolyan_province
User ID	US-WEST-CA-San Francisco│US-WEST-CA-San Francisco│US-WEST-CA-San Francisco│US-WEST-CA-San Francisco│US-WEST-CA-San Francisco│US-WEST-CA-San Francisco│US-WEST-CA-San Francisco
tenure_type	FH│FH│FH│FH│FH│FH│FH│FH
TEAM_CITY	LA│LA│LA│LA│LA│LA│LA│LA
REGION1	ADAMS│ALAMOSA│BACA
County	County│OZARK│GRAY│County│COBB│LACLEDE│SHANNON│RANDOLPH
EstadoDoc	Si│Si│Si│Si│Si│Si
OrganisationLabel	South Staffordshire District Council│South Staffordshire District Council│South Staffordshire District Council│South Staffordshire District Council│South Staffordshire District Council│South Staffordshire District Council│South Staffordshire District Council│South Staffordshire District Council
Unnamed: 4	Pro│CREW│/│THE
Events	Rain-Thunderstorm│Rain-Thunderstorm│Rain│Rain│Fog│Fog
external_identifier_value	ocd-division/country:us/state:hi/county:hawaii│ocd-division/country:us/state:hi/county:hawaii│ocd-division/country:us/state:hi/county:honolulu│ocd-division/country:us/state:hi/county:hawaii│ocd-division/country:us/state:hi/county:maui│ocd-division/country:us/state:hi/county:maui│ocd-division/country:us/state:hi/county:kauai│ocd-division/country:us/state:hi/county:hawaii
OH	CA│OH│CA│OH│CA│OH│CA│OH
Wind Direction	NE│ENE│NE│Calm│Calm│Calm│Calm│SE
Wind Direction	Calm│North│Calm│Variable│SW│Calm│Calm│SSW
home	Susantown│Morganside│East Greg│Lake Erin│Sonyafort│Williamsbury│Markbury│Jeremychester
LENORE	ALINA│LENORE│ALINA│LENORE│ALINA│LENORE│ALINA│LENORE
County	Clark│Clark│Washoe│Carson City│Clark│Clark│Lincoln│Clark
name	Afganistan│Insulele Åland│Albania│Algeria│Samoa americană│Andorra│Angola│Anguilla
Type	NodaTimeZone│OlsonTimeZone
interaction_type	RightGate│RightGate│LeftGate│RightGate│LeftGate│LeftGate│PickedUp│LeftGate
interaction_type	PickedUp│RightGate│RightGate│LeftGate│RightGate│LeftGate│RightGate│RightGate
Wind Direction	NE│ENE│NNE│NNE│NE│NNE│North│North
attribute	Statewide│Statewide│Statewide│Statewide│Statewide│Statewide│Note│Note
__index_level_29__	total)│of│of│people)
Wind Direction	SW│SW│SW│WSW│SW│West│WSW│WNW
country_id	Peru│Peru│Peru
Source State	DC│CO│DC│DC│DC│DC│DC
TEAM_CITY	LA│LA│LA│LA│LA│LA│LA│LA
groupingname	Grouping-1│Grouping-2│Grouping-3│Grouping-3│Grouping-2
Wind Direction	WSW│Calm│SW│SW│SW│SSW│South│WSW
type	NON│NON│NON│NON│NON│NON│NON│NON
value	Abkhazian│Achinese│Acoli│Adangme│Adyghe│Afar│Afrihili│Afrikaans
Wind Direction	SE│WSW│West│WSW│WSW│SW│Calm│Calm
sospechoso	Si│Si│Si
Wind Direction	Calm│Calm│NNW│Calm│Calm│Calm│Calm│Calm
TEAM_CITY	LA│LA│LA│LA│LA│LA│LA│LA
interaction_type	LeftGate│RightGate│RightGate│Pushed│LeftGate│RightGate│RightGate│PickedUp
Wind Direction	SSE│South│South│SW│West│Calm│NNW│North
TEAM_CITY	LA│LA│LA│LA│LA│LA│LA│LA
Region	Latin America & Caribbean│South Asia│Sub-Saharan Africa│Europe & Central Asia│Europe & Central Asia│Middle East & North Africa│Latin America & Caribbean
exposure	Grasby2020surfarea│Grasby2020surfarea│Grasby2020surfarea│Grasby2020surfarea│Grasby2020surfarea│Grasby2020surfarea│Grasby2020surfarea│Grasby2020surfarea
country_id	Peru│Peru│Peru
Chevrolet	Cross│Cross│Lake
V26	orderPres│1│2│3│4│5
town_map_darkelf_t00	town_map_darkelf_t00│town_map_dwarf_t00│town_map_dwarf_t00│town_map_dwarf_t00│town_map_elf_t00│town_map_elf_t00│town_map_elf_t00│town_map_talking_t00
County	STORY│JOHNSON│POLK│POLK│LINN│WASHINGTON│BLACK HAWK│DUBUQUE
Namespace	EditorExtensions│EditorExtensions│EditorExtensions│EditorExtensions│EditorExtensions│EditorExtensions│EditorExtensions│EditorExtensions
Wind	WSW│CALM│CALM│CALM│N│N│N│N
TEAM_CITY	LA│LA│LA│LA│LA│LA│LA│LA
Wind Direction	Variable│SE│SE│South│Variable│South│South│South
country_name_filter	Cyprus│Cyprus│Cyprus│Cyprus│Cyprus│Cyprus│Cyprus│Cyprus
community_type	Nonprofit│Nonprofit│Nonprofit│Nonprofit│Nonprofit│Nonprofit│Nonprofit
Type	OS│OS│OS│OS
title	To Have and To Hold│Red Pottage│Unleavened Bread│The Reign of Law│Eben Holden│Janice Meredith│The Redemption of David Corson│Richard Carvel
Namespace	GeoUserDiscovery│GeoUserDiscovery│GeoUserDiscovery│GeoUserDiscovery│GeoUserDiscovery│GeoUserDiscovery│GeoUserDiscovery│GeoUserDiscovery
PORTFOLIO	East_Bay│East_Bay│East_Bay│East_Bay│East_Bay│East_Bay│Big_Gas│Big_Gas
EXAMPLE_UNITS	mV│mV│mV│mV│mV│mV│mV
TEAM_CITY	Milwaukee│Milwaukee│Milwaukee│Milwaukee│Milwaukee│Milwaukee│Milwaukee│Milwaukee
Championship	Pro│/│Race
Wind Direction	NNE│Calm│Calm│Calm│Calm│Calm│Calm│Calm
groupingname	Grouping-1│Grouping-2│Grouping-3│Grouping-3│Grouping-2
Wind Direction	Calm│North│NE│NE│Calm│Calm│NE│NNE
GEO.display-label	Geography│United States│North Carolina│Durham County, North Carolina│Forsyth County, North Carolina│Guilford County, North Carolina
TEAM_CITY	Cleveland│Cleveland│Cleveland│Cleveland│Cleveland│Cleveland│Cleveland│Cleveland
TEAM_CITY	Brooklyn│Brooklyn│Brooklyn│Brooklyn│Brooklyn│Brooklyn│Brooklyn│Brooklyn
Unnamed: 0	Alabama│Alaska│Arizona│Arkansas│California│Colorado│Connecticut│Delaware
__index_level_1__	Cross Country│Cross Country│Cross Country│Cross Country│Cross Country│Cross Country│Cross Country│Cross Country
name	Gymnanthera│cunninghamii│fruticosa│hypoleuca│insularum│nitida│oblonga│paludosa
Events	Snow
topic_description	FAMILY_REUNIONS│FAMILY_REUNIONS│FAMILY_REUNIONS│FAMILY_REUNIONS│FAMILY_REUNIONS│FAMILY_REUNIONS│FAMILY_REUNIONS│FAMILY_REUNIONS
property_owner_addrprovince	TX│TX│TX
Race	Junior│1919│Cycling│Junior
Conditions	Overcast│Overcast│Mostly Cloudy│Clear│Clear│Clear│Clear│Fog
Label	O│O│O│O│O│O│O│O
search_term	Coastal Topographic Lidar│Coastal Topographic Lidar│Coastal Topographic Lidar│Coastal Topographic Lidar│Coastal Topographic Lidar│Coastal Topographic Lidar│Coastal Topographic Lidar│Coastal Topographic Lidar
FFG  Act  Status	In Review│Listed│Listed│In Review│In Review│In Review│In Review│Listed
Provider State	AZ│AZ│AZ│AZ│AZ│AZ│AZ│AZ
Region	Latin America & Caribbean│South Asia│Sub-Saharan Africa│Europe & Central Asia│Europe & Central Asia│Middle East & North Africa│Latin America & Caribbean
X	Cyclo-cross│Elite│Cycle│Cycle│Collins,CO,48:09.3,First│Giant│CLIF
Wind Direction	Calm│NE│ENE│Calm│ENE│East│Calm│Calm
PORTFOLIO	Old_Timers│Old_Timers│Old_Timers│Old_Timers│Old_Timers│Beachfront│Beachfront│Beachfront
groupingname	Grouping-1│Grouping-2│Grouping-3│Grouping-3│Grouping-2
Wind Direction	Calm│Calm│Calm│Calm│Calm│Calm│NE│Variable
TEAM_CITY	Minnesota│Minnesota│Minnesota│Minnesota│Minnesota│Minnesota│Minnesota│Minnesota
field	name│geography│geography│geography│geography│geography│geography│geography
Namespace	SurveyMonkey│SurveyMonkey│SurveyMonkey│SurveyMonkey│SurveyMonkey│SurveyMonkey│SurveyMonkey│SurveyMonkey
Event	Running│InputWindowOpen│KeyDown│KeyDown│KeyDown│KeyDown│KeySequenceStopped│InputWindowClosed
variable	Country_Code│Latitude│Longitude│Village_ID
County	County│PINELLAS│HERNANDO│ALACHUA│RICHLAND│GARFIELD│VALLEY│SHANNON
value	Abkhazian│Achinese│Acoli│Adangme│Adyghe│Afar│Afrihili│Afrikaans
COUNTY	Limestone│Denton│Wilbarger│Wheeler│Polk│Lavaca│Harris│Gillespie
DistConocida	Si│Si│Si│Si│Si│Si│Si│Si
Product	Vorto│Vorto│Vorto│Vorto│Vorto│Vorto│Vorto│Vorto
Wind Direction	North│Calm│Calm│Calm│Calm│East│Calm│Calm
County	County│GMZ032│SEQUOYAH│BEAUFORT│CLINTON│CLINTON│SUWANNEE│MARICOPA
value	Achinese│Adangme│Adyghe│Afar│Afrihili│Ainu│Akkadian│Akoose
Component	Maven│Maven│Maven│Maven│Commits Explorer (Retired)│Commits Explorer (Retired)│Commits Explorer (Retired)│Maven
Wind Direction	WNW│Calm│Calm│Calm│Calm│Calm│Calm│South
Wind Direction	South│South│South│SE│SSW│South│SSW│Calm
County	FRESNO│County│CHEATHAM│SUMNER│ORANGEBURG│MARION│County│BOONE
County	County│ROCK│MENOMINEE│KENOSHA│STEPHENSON│OGLE│WINNEBAGO│EDDY
Unnamed: 4	Annual│Annual│Annual│Annual│Perennial│Annual│Annual│Annual
Theme	Business, Industry and Trade│Business, Industry and Trade│Business, Industry and Trade│Business, Industry and Trade│Business, Industry and Trade│Business, Industry and Trade│Business, Industry and Trade│Business, Industry and Trade
__index_level_1__	Cross Country│Cross Country│Cross Country│Cross Country│Cross Country│Cross Country│Cross Country│Cross Country
County	LANDER│SHAWANO│JONES│County│HENNEPIN│HENNEPIN│RAMSEY│DAKOTA
Name	Ann Arbor│Back Lake│Contwoyto│Dawson City│Eskimo Point│Fort Chipewyan│Fort Churchill│Fort Simpson
USPS	AL│AK│AZ│AR│CA│CO│CT
Wind Direction	Calm│Calm│SE│SSE│SE│ESE│ESE│ESE
Language_ID	psi│pmv│ma│pda│pwc│pdh│la│la
JGI Sample template	Sample Name│ADDING (linked to Sample ID from JGI LIMS)│Sample Group Name (in some cases)
County	District Of Columbia│District Of Columbia│District Of Columbia│District Of Columbia│District Of Columbia│District Of Columbia│District Of Columbia│District Of Columbia
Wind Direction	West│ESE│Calm│Calm│NE│East│East│East
attribute	Statewide│Statewide│Statewide│Statewide│Statewide│Statewide│Statewide│Note
Wind Direction	Calm│NE│ENE│Calm│ENE│East│Calm│Calm
note	 │ │ │ Sarea brassicicola│ brassicaecola│ │ │ 
Input.word3	Slender│Slender│Slender│Slender│Slender│Slender│Slender│Slender
state.name	Alabama│Alabama│Alaska│Alaska│Arizona│Arizona│Arkansas│Arkansas
symbol	MCE.DE│MCE.DE│MCE.DE│MCE.DE
Wind Direction	East│East│ENE│Calm│East│Calm│Calm│NE
Wind Direction	South│SSW│SSW│SSW│Calm│Calm│WNW│West
Wind Direction	Calm│Calm│SW│SW│SW│SW│SW│SW
value	Abkhazian│Achinese│Acoli│Adangme│Adyghe│Afar│Afrihili│Afrikaans
Wind Direction	SW│WSW│Calm│NW│NNE│North│North│North
topic_description	TRIAL_BY_JURY│TRIAL_BY_JURY│TRIAL_BY_JURY│TRIAL_BY_JURY│TRIAL_BY_JURY│TRIAL_BY_JURY│TRIAL_BY_JURY│TRIAL_BY_JURY
Namespace	INAZUMA11│INAZUMA11│INAZUMA11│INAZUMA11│INAZUMA11│INAZUMA11│INAZUMA11│INAZUMA11
Wind Direction	SW│SW│SW│SW│SW│SW│WSW│WSW
Wind Direction	WSW│SW│WSW│SW│SW│SW│SW│SW
TEAM_CITY	Minnesota│Minnesota│Minnesota│Minnesota│Minnesota│Minnesota│Minnesota│Minnesota
Region	Cascadia│Cascadia│Cascadia│Cascadia│Cascadia│Cascadia│Cascadia│Cascadia
Wind Direction	SW│SW│SW│SW│SW│SW│SW│SW
TEAM_CITY	Golden State│Golden State│Golden State│Golden State│Golden State│Golden State│Golden State│Golden State
sospechoso	Si│Si│Si│Si│Si│No│Si│Si
types	Eaturecray│Instant│Creature│Creature│Creature│Enchantment│Creature│Enchantment
NMSPC_CD	OLE-DLVR│OLE-DLVR│OLE-DLVR│OLE-DLVR│OLE-SYS│OLE-SYS│OLE-SYS
__index_level_1115__	NEA│on
TEAM_CITY	Houston│Houston│Houston│Houston│Houston│Houston│Houston│Houston
ordenvalido	Anura│Anura│Anura│Anura│Anura
name	Wurdastom│bullata│cuatrecasasii│dorrii│dudleyi│ecuadorense│ecuadorensis│hexamera
Events	Fog│Fog│Fog-Rain│Fog-Rain│Fog-Rain│Fog│Fog
Nama	DHAMARANGGANA│MASBUHIN MA'ARIF│MOH. FANDI PAULIVAN│RAFLY MANTOFANI│PUTRA DWI LAKSONO│IBNUH AFANDI│AKHMAD ZAKI PERMANA│RIFALDI
name	Australian Capital Territory│New South Wales│Northern Territory│Queensland│South Australia│Tasmania│Victoria│Western Australia
__index_level_1__	Downhill│Downhill│Downhill│Downhill│Downhill│Downhill│Downhill│Downhill
Chastain	area
label	Glasgow City│Dundee City│North Lanarkshire│East Ayrshire│Stirling│Clackmannanshire│Inverclyde│South Lanarkshire
OrganisationLabel	Cannock Chase Council│Cannock Chase Council│Cannock Chase Council│Cannock Chase Council│Cannock Chase Council│Cannock Chase Council│Cannock Chase Council│Cannock Chase Council
type	NON│NON│NON│NON│NON│NON│NON│NON
dataset	Gasto por habitante│Gasto por habitante│Gasto por habitante│Gasto por habitante│Gasto por habitante│Gasto por habitante│Gasto por habitante│Gasto por habitante
Wind Direction	SE│SSE│SSE│South│South│SW│East│SE
Wind	W│SSW│SSW│SSW│S│SSW│SSW│S
TEAM_CITY	San Antonio│San Antonio│San Antonio│San Antonio│San Antonio│San Antonio│San Antonio│San Antonio
column_type	country_code│country_name│region_code
Wind Direction	NNW│NNW│WNW│West│West│WNW│West│WNW
TEAM_CITY	Golden State│Golden State│Golden State│Golden State│Golden State│Golden State│Golden State│Golden State
Wind Direction	ENE│East│NE│Calm│NNE│NE│NNE│NNE
country_name_filter	Cyprus│Cyprus│Cyprus│Cyprus│Cyprus│Cyprus│Cyprus│Cyprus
Wind Direction	Calm│SW│Calm│Calm│Calm│Calm│SSE│Calm
Title	Meetupdiary
TEAM_CITY	LA│LA│LA│LA│LA│LA│LA│LA
name	Addepar│AeroFS│Affirm Delphix│Airbnb│AirWar│Akamai│Alarm.com│Amazon
ScadaSwId	SCADASW_NEW2│SCADASW_NEW2│SCADASW_NEW2│SCADASW_NEW2│SCADASW_NEW2│SCADASW_NEW2│SCADASW_NEW2│SCADASW_NEW2
California,	far│in│to
Unnamed: 0	Alabama│Alaska│Arizona│Arkansas│California│Colorado│Connecticut│Delaware
FeatureId	Nose│LEar│REar│Nose│Nose│Nose│LEar│REar
__index_level_1__	Cross Country│Cross Country│Cross Country│Cross Country│Cross Country│Cross Country│Cross Country│Cross Country
name	Afar│Amharic│Arabic│Hausa│Hebrew (modern)│Maltese│Oromo│Somali
Center_Name_s	GEO│GEO│GEO│GEO│GEO│GEO│GEO│GEO
ordenvalido	Caryophyllales│Caryophyllales│Caryophyllales│Caryophyllales│Caryophyllales│Caryophyllales
County	Somerset│Penobscot│Knox│Androscoggin│Aroostook│Cumberland│Oxford│York
TEAM_CITY	New York│New York│New York│New York│New York│New York│New York│New York
Wind Direction	SW│WSW│SW│WSW│Calm│SW│SW│Calm
categ_id	Fees│Fees│Fees│Fees│Fees│Fees
property_owner_addrprovince	TX│TX│TX│TX│TX
name	Aberdeenshire│Angus│Argyll│Avon│Ayrshire│Banffshire│Bedfordshire│Berkshire
Family	Centrolepidaceae│Centrolepidaceae│Centrolepidaceae│Centrolepidaceae│Centrolepidaceae│Centrolepidaceae│Centrolepidaceae│Centrolepidaceae
TEAM_CITY	Golden State│Golden State│Golden State│Golden State│Golden State│Golden State│Golden State│Golden State
World / Drawdown Region	Asia (Sans Japan)│World│World│Middle East and Africa│Middle East and Africa│Middle East and Africa│Middle East and Africa│Middle East and Africa
REGIONE	LOMBARDIA│LOMBARDIA│LOMBARDIA│LOMBARDIA│LOMBARDIA│LOMBARDIA│LOMBARDIA│LOMBARDIA
title	To Have and To Hold│Red Pottage│Unleavened Bread│The Reign of Law│Eben Holden│Janice Meredith│The Redemption of David Corson│Richard Carvel
Events	Fog│Fog│Fog
Language_ID	pmv│ca│ca│ca│ca│ca│ca│ca
Describe any restrictions the grantor has placed on use of the material. Generally we require WORLD rights WITHOUT TERM limits for BOTH PRINT and ELECTRONIC formats (as applicable).	Restrictions
Wind Direction	SW│WSW│SW│WSW│Calm│SW│SW│Calm
TEAM_CITY	Golden State│Golden State│Golden State│Golden State│Golden State│Golden State│Golden State│Golden State
interaction_type	PickedUp│RightGate│PickedUp│LeftGate│LeftGate│LeftGate│RightGate│RightGate
Wind Direction	SSE│SSE│South│South│South│South│South│South
code	CHEAONE│CHEATWO│CHOONE│CHOTWO
value	Afghanistan│Ajentina│Åland Islands│Albania│Aljeriya│Amelika│Andora│Angola
id	canton_101│canton_102│canton_103│canton_104│canton_105│canton_106│canton_107│canton_108
venue_state	GA│GA│CA
interaction_type	PickedUp│RightGate│RightGate│LeftGate│RightGate│LeftGate│RightGate│RightGate
__index_level_29__	total)│of│of│people)
County	Kennebec│Kennebec│Aroostook│Franklin│Cumberland│Aroostook│Cumberland│Hancock
uptake	Considerable│Considerable│Considerable│Considerable│Considerable
County	New Castle│Sussex│Sussex│New Castle│Sussex│New Castle│Kent│New Castle
was_home	South Charles│Coxchester│Gregorytown│Bakerton│New Dianaton│Margaretfort│Colonshire│Deleonborough
BSR	Bourbon France│Bourbon France│Bourbon France│Bourbon France│Bourbon France│Bourbon France│Bourbon France│Bourbon France
OrganisationLabel	North West Leicestershire District Council│North West Leicestershire District Council│North West Leicestershire District Council│North West Leicestershire District Council│North West Leicestershire District Council│North West Leicestershire District Council│North West Leicestershire District Council│North West Leicestershire District Council
of	Households
Wind Direction	North│Variable│Calm│Calm│Calm│Calm│Calm│Calm
TEAM_CITY	LA│LA│LA│LA│LA│LA│LA│LA
OH	CA│OH│CA│OH│CA│OH│CA│OH
TEAM_CITY	LA│LA│LA│LA│LA│LA│LA│LA
groupingname	Grouping-1│Grouping-2│Grouping-3│Grouping-3│Grouping-2
COUNTY	Limestone│Denton│Wilbarger│Wheeler│Polk│Lavaca│Harris│Gillespie
venue_state	MO│CA│GA│GA│CA
name	San Joaquin at Antioch│Mokelumne River at Benson's Ferry│Cache Slough│Cache Creek at Yolo│Old River at Coney Island│Clifton Court│Discovery Bay at Indian Slough│Doughty Cut above Grant Line Canal
frictModel	samosAT│samosAT│samosAT│samosAT
label	Abdomen│ActiveNotRecruiting│AerobicActivity│AnaerobicActivity│Anesthesia│Appearance│Ayurvedic│Bacteria
HD02_VD05	Margin of Error; Quintile Upper Limits: - Fourth Quintile│52│631│3705│4054│3246
Thomas	or│on│in
EstadoDoc	Si│Si
Events	Fog│Fog│Fog
of	Criterium│Inks/Summit│SOLUTIONS/PANTHER│Euclid,OH,,UNATTACHED│Heights,OH,,TEAM│NOVE
V26	orderPres│1│2│3│4│5
__index_level_1__	Cross Country│Cross Country│Cross Country│Cross Country│Cross Country│Cross Country│Cross Country│Cross Country
ORIGIN_STATE_ABR	FL│GA│GA
County	County│ROCK│JEFFERSON│ROCK│WASHINGTON│FORREST│LAMAR│COVINGTON
Provider State	AK│AK│AK│AK│AK│AK│AK│AK
County	OKFUSKEE│OKFUSKEE│MCCURTAIN│County│CLEVELAND│OKLAHOMA│MCCLAIN│JEFFERSON
TEAM_CITY	Memphis│Memphis│Memphis│Memphis│Memphis│Memphis│Memphis│Memphis
Type	Review│Article│Review│Article│Article│Review│Review│Article
OrganisationLabel	East Northamptonshire Council│East Northamptonshire Council│Corby Borough Council│Corby Borough Council│Corby Borough Council│Corby Borough Council│Corby Borough Council│Corby Borough Council
Steve.1	Gaza)│due│Windows│Muslim
County	County│County│BOURBON│CRAWFORD│BATES│CRAWFORD│BARTON│BATES
_partition	Column│Column│Column│Column│Column│Column│Column│Column
South	Road│Dorado│Rafael│Angeles,CA,,Willaims/SC│Fast│Rosa,CA,,McGuire│Cycling
Wind Direction	North│North│North│NNE│North│North│NW│West
country_name_filter	Cyprus│Cyprus│Cyprus│Cyprus│Cyprus│Cyprus│Cyprus│Cyprus
Events	Fog│Fog│Fog-Rain│Fog-Rain│Fog-Rain│Fog-Rain│Fog│Fog
TEAM_CITY	LA│LA│LA│LA│LA│LA│LA│LA
Wind Direction	Calm│NE│East│East│East│ESE│SE│ESE
service_areas	Colma│San Mateo County│San Mateo County│San Mateo County│San Mateo County│San Mateo County│Belmont, Burlingame, East Palo Alto│Belmont, East Palo Alto
__index_level_2__	Cat 1/2/3/4/5│Cat 1/2/3/4/5│Cat 1/2/3/4/5│Cat 1/2/3/4/5│Cat 1/2/3/4/5│Cat 1/2/3/4/5│Cat 1/2/3/4/5│Cat 1/2/3/4/5
__index_level_331__	Europe’s│led
id	type│test│test│test│test│test│test
Old.GPO	U.S.│Ala.│Alaska│Ariz.│Ark.│Calif.│Colo.│Conn.
interaction_type	PickedUp│RightGate│RightGate│PickedUp│RightGate│RightGate│RightGate│RightGate
__index_level_2__	Line│1
TEAM_CITY	Minnesota│Minnesota│Minnesota│Minnesota│Minnesota│Minnesota│Minnesota│Minnesota
TEAM_CITY	Philadelphia│Philadelphia│Philadelphia│Philadelphia│Philadelphia│Philadelphia│Philadelphia│Philadelphia
Method	Main│Main│Main│Main│Main│Main│Main│Main
Mountain	Time│Junior│Junior│Sheep│Time
請求先	テストアカウント│テストアカウント
Namespace	Postal│Postal│Postal│Postal│Postal│Postal│Postal│Postal
MachineName	IZNOGOUD│IZNOGOUD│IZNOGOUD│IZNOGOUD│IZNOGOUD│IZNOGOUD│IZNOGOUD│IZNOGOUD
Wind Direction	WSW│WSW│Calm│Calm│NNE│ENE│ENE│ENE
__index_level_1__	Criterium│Criterium│Criterium│Criterium│Criterium│Criterium│Criterium│Criterium
TEAM_CITY	Sacramento│Sacramento│Sacramento│Sacramento│Sacramento│Sacramento│Sacramento│Sacramento
SightRange	int│5500│5500│5500│7500│5000│5500│7700
was_home	Nathanielmouth│East Dylan│Annechester│North Richardmouth│Jenniferton│Alexanderton│West Mitchellview│Port Kristin
Object	Points│Points│Points│Points│Points│Points│Points│Points
Unnamed: 0	Alabama│Alaska│Arizona│Arkansas│California│Colorado│Connecticut│Delaware
Project	PowerShellFar│PowerShellFar│PowerShellFar│PowerShellFar│PowerShellFar│PowerShellFar│PowerShellFar│PowerShellFar
Language_ID	psi│pch│pmv│pse│cr│hi│ma│ma
Wind Direction	Calm│Calm│East│East│SSE│East│East│ESE
SHOT_ZONE_BASIC	Restricted Area│Restricted Area│In The Paint (Non-RA)│Restricted Area│Restricted Area│Restricted Area│Restricted Area
Wind Direction	NNE│NNE│North│NNE│NNE│NNE│North│North
Steward	geo│geo│geo
TEAM_CITY	Dallas│Dallas│Dallas│Dallas│Dallas│Dallas│Dallas│Dallas
TEAM_CITY	LA│LA│LA│LA│LA│LA│LA│LA
folder_owner_addrprovince	TX│TX│TX│TX│TX
TEAM_CITY	LA│LA│LA│LA│LA│LA│LA│LA
Agarius	Agarius│Agarius│Agarius│Agarius│Agarius│Agarius│Agarius│Agarius
__index_level_8__	Power│Canadian│privilege.│Women
Wind Direction	WNW│NW│NNW│NNW│Calm│SSW│SW│SSW
TEAM_CITY	Golden State│Golden State│Golden State│Golden State│Golden State│Golden State│Golden State│Golden State
groupingname	Grouping-1│Grouping-2│Grouping-3│Grouping-3│Grouping-2
interaction_type	RightGate│Pushed│RightGate│PickedUp│RightGate│RightGate│LeftGate│LeftGate
Method	Main│Main│Main│Main│Main│Main
pl_bmassprov	Mass│Msini
Wind Direction	West│WNW│WNW│WNW│WNW│WNW│NW│WNW
Events	Rain-Thunderstorm│Rain-Thunderstorm│Rain│Rain│Fog│Fog
in	Men│Men
value	Abchazisch│Adangme│Adygees│Afaan Oromo│Afar│Afrihili│Afrikaans│Aghem
name	Borrachinea│paludosa
interaction_type	Pushed│RightGate│RightGate│RightGate│PickedUp│LeftGate│RightGate│RightGate
Provider State	NV│NV│NV│NV│NV│NV│NV│NV
TEAM_CITY	LA│LA│LA│LA│LA│LA│LA│LA
County	County│MACON│RUSSELL│ALCORN│County│SUMNER│LAUDERDALE│LEE
TEAM_CITY	Cleveland│Cleveland│Cleveland│Cleveland│Cleveland│Cleveland│Cleveland│Cleveland
topic_description	SOCIAL_CHANGE│SOCIAL_CHANGE│SOCIAL_CHANGE│SOCIAL_CHANGE│SOCIAL_CHANGE│SOCIAL_CHANGE│SOCIAL_CHANGE│SOCIAL_CHANGE
Language_ID	psc│psi│pma│pmv│pse│ca│hi│ma
Wind Direction	SW│WSW│WSW│West│West│West│West│West
value	Abkhazian│Achinese│Acoli│Adangme│Adyghe│Afar│Afrihili│Afrikaans
Language_ID	psi│pmv│pwc│pdh│st│ch│ot│wi
GEO.display-label	Geography│Alabama│Alaska│Arizona│Arkansas│California│Colorado│Connecticut
County	Flathead│Flathead│Ravalli│Ravalli│Jefferson│Lincoln│Missoula│Rosebud
Unnamed: 0	Alabama│Alaska│Arizona│Arkansas│California│Colorado│Connecticut│Delaware
topic_description	FEDERAL_BUDGET│FEDERAL_BUDGET│FEDERAL_BUDGET│FEDERAL_BUDGET│FEDERAL_BUDGET│FEDERAL_BUDGET│FEDERAL_BUDGET│FEDERAL_BUDGET
Unnamed: 0	Alabama│Alaska│Arizona│Arkansas│California│Colorado│Connecticut│Delaware
source	Aegon-I-Targaryen│Aegon-Targaryen-(son-of-Rhaegar)│Aegon-Targaryen-(son-of-Rhaegar)│Aegon-Targaryen-(son-of-Rhaegar)│Aegon-Targaryen-(son-of-Rhaegar)│Aegon-Targaryen-(son-of-Rhaegar)│Aegon-Targaryen-(son-of-Rhaegar)│Aegon-Targaryen-(son-of-Rhaegar)
site	oregonYP│oregonYP│oregonYP│oregonYP│oregonYP│oregonYP│oregonYP│oregonYP
County	Wrangell-Petersburg│Kenai-Cook Inlet│Bethel│Seward│Fairbanks│Nome│Matanuska-Susitna│Cordova-Mccarthy
TEAM_CITY	LA│LA│LA│LA│LA│LA│LA│LA
TEAM_CITY	Oklahoma City│Oklahoma City│Oklahoma City│Oklahoma City│Oklahoma City│Oklahoma City│Oklahoma City│Oklahoma City
Language_ID	psi│pma│pmv│hi│ma│ma│pda│pwc
Wind Direction	ESE│East│East│East│ENE│ENE│NNW│Calm
Wind Direction	NW│WNW│WNW│NW│NNW│NW│NW│WNW
capital	State│State│State│State│State│State│State│State
Term Source REF.4	UO│UO│UO│UO
Home	Port Dana│Port Kathryn│North Daniel│West Cindyshire│Bethton│East Mariamouth│West Marvinchester│Whiteheadport
Sophomore	Sophomore│Alum│Alum│Freshman│Alum│Freshman│Niche User│Graduate Student
Provider State	NM│NM│NM│NM│NM│NM│NM│NM
ID	ID│ID│ID
Wind Direction	South│WSW│Calm│Calm│Calm│WSW│West│NW
name	Total│European Union (EU27)│Europe (Not-EU)│Middle-East│America│Asia-Pacific│Africa│United Kingdom
Events	Snow│Snow│Snow│Snow
Wind Direction	SSW│SSW│SSW│SSW│SSW│SSW│SSW│South
__index_level_8__	Power│Canadian│privilege.│Women
outcome	Grasby2020surfarea│Grasby2020surfarea│Grasby2020surfarea│Grasby2020surfarea│Grasby2020surfarea│Grasby2020surfarea│Grasby2020surfarea│Grasby2020surfarea
-.1	WARDEN
interaction_type	PickedUp│RightGate│Pushed│RightGate│RightGate│PickedUp│RightGate│Pushed
value	Abchazisch│Adangme│Adygees│Afaan Oromo│Afar│Afrihili│Afrikaans│Aghem
Unnamed: 0	Alabama│Alaska│Arizona│Arkansas│California│Colorado│Connecticut│Delaware
__index_level_2__	County│KENT│KENT│SUSSEX│SUSSEX│SUSSEX│KENT│KENT
groupingname	Grouping-1│Grouping-2│Grouping-3│Grouping-3│Grouping-2
interaction_type	LeftGate│LeftGate│RightGate│LeftGate│LeftGate│RightGate│LeftGate│LeftGate
interaction_type	PickedUp│RightGate│RightGate│RightGate│RightGate│RightGate│RightGate│RightGate
Wind Direction	South│South│South│South│South│SSE│South│South
id.outcome	ncieIq│ncieIq│ncieIq│ncieIq│ncieIq│ncieIq│ncieIq│ncieIq
Label	O│O│O│O│O│O│O│O
TEAM_CITY	Minnesota│Minnesota│Minnesota│Minnesota│Minnesota│Minnesota│Minnesota│Minnesota
CHILD	OPEAST│OPWEST│INJEAST│OP│WI│FIELD│AREA│OP1
topic_description	HOBBIES_AND_CRAFTS│HOBBIES_AND_CRAFTS│HOBBIES_AND_CRAFTS│HOBBIES_AND_CRAFTS│HOBBIES_AND_CRAFTS│HOBBIES_AND_CRAFTS│HOBBIES_AND_CRAFTS│HOBBIES_AND_CRAFTS
Provider State	NM│NM│NM│NM│NM│NM│NM│NM
Label	O│O│O│O│O│O│O│O
Wind Direction	WSW│SW│West│WNW│WNW│WNW│NW│NW
name	Xestaea│lisianthoides
TEAM_CITY	Golden State│Golden State│Golden State│Golden State│Golden State│Golden State│Golden State│Golden State
Wind Direction	WNW│WNW│West│West│West│WNW│West│West
Location	WAYLAND│2 NE WAYLAND│4 NE WAYLAND│Location│BRATSBERG│3 SE HOUSTON│2 SE LA CROSSE│HOLMEN
Severe Significant	Significant│Not Significant│Significant│Not Significant│Not Significant
Wind Direction	Calm│Calm│Calm│Calm│Calm│Calm│NNW│Calm
DL State	FL│FL│FL│FL│FL│FL│FL│MA
Wind Direction	NNE│North│Variable│NW│NNW│North│North│North
Wind Direction	ESE│East│ESE│ESE│ESE│East│East│NE
community_type	Nonprofit│Nonprofit│Nonprofit│Nonprofit│Nonprofit│Nonprofit│Nonprofit
County	County│LANCASTER│MONROE│BERKS│LEHIGH│NORTHAMPTON│BERKS│MONTGOMERY
Language_ID	pmv│pda│la│la│la│la│la│la
me.1	GitHub│vulnerability│is
Wind Direction	WNW│NW│NNW│NNW│Calm│SSW│SW│SSW
TEAM_CITY	Sacramento│Sacramento│Sacramento│Sacramento│Sacramento│Sacramento│Sacramento│Sacramento
Tank	xc│xc
dominant_object	Hand│Hand│Hand│Hand│Hand│Hand│Hand│Hand
ActivityLocation/HorizontalAccuracyMeasure/MeasureValue	actHorizontalAccuracy│actHorizontalAccuracy
__index_level_1__	Cross Country│Cross Country│Cross Country│Cross Country│Cross Country│Cross Country│Cross Country│Cross Country
TE_ICM	TE│TE│TE│TE│TE│TE│TE│TE
Status	Operational│Operational│Operational│Operational│Operational│Operational│Operational│Operational
INITDIR	South│East│South│North│North│West
ordenvalido	Caryophyllales│Caryophyllales│Caryophyllales│Caryophyllales│Caryophyllales
countryCode	TO│TO│TO│TO│TO│TO│TO│TO
EstadoDoc	Si│Si│Si
County	LIVINGSTON│DE SOTO│County│RED RIVER│HICKMAN│MCCRACKEN│LIVINGSTON│WABASH
Adams	Adleman
Nama	MOCH. DAVID BAGUS SAPUTRA│MUHAMMAD NAUFAL AL RABBANI│DIAS RAMONES EFFENDY│MOCHAMMAD RAHMAN RAHADIAN│ATHALLAH RAFIF NAHDAH ISLAMI│MOCHAMAD FARID HERMAWAN│MUHAMAD ABDUL JALIL BAKTI SETIAWAN│HANDY ARDIANSYAH
OrganisationLabel	South Cambridgeshire District Council│South Cambridgeshire District Council│South Cambridgeshire District Council│South Cambridgeshire District Council│South Cambridgeshire District Council│South Cambridgeshire District Council│South Cambridgeshire District Council│South Cambridgeshire District Council
ObjectName	Browser│Hindi│Search│Marati│Search│Google Search│Search│Search
County	County│RIVERSIDE│NYE│WESTON│FALL RIVER│WESTON│WESTON│MEADE
Label	O│O│O│O│O│O│O│O
name	Aberdeenshire│Angus│Argyll│Avon│Ayrshire│Banffshire│Bedfordshire│Berkshire
brand_name_chn	OSULLOC│OSULLOC│OSULLOC│OSULLOC│OSULLOC│OSULLOC│OSULLOC│OSULLOC
COUNTY	Kleberg│Collin│Hamilton│Harris│Tarrant│Guadalupe│Harris│Fort Bend
F_Scale	CA│CA│State│FL│State
Language_ID	psi│ca│ca│ca│ca│ca│ca│ca
__index_level_1__	; Seasonally adjusted at annual rates                           │Quarterly data from 1947 To 2009│Bureau of Economic Analysis│Data published September 30, 2009│File created 9/28/2009 3:27:43 PM│Line
TEAM_CITY	New York│New York│New York│New York│New York│New York│New York│New York
Wind Direction	East│SE│South│Calm│Calm│SSW│SSW│SSW
AdminBoundaryID	Ontario│Quebec│Ontario│Ontario│British Columbia│British Columbia│British Columbia│British Columbia
Wind Direction	South│WNW│WNW│WNW│West│West│WNW│West
Wind Direction	Calm│Calm│Calm│East│NE│East│East│East
value	Abkhazian│Achinese│Acoli│Adangme│Adyghe│Afar│Afrihili│Afrikaans
Type	CachingCollectionProvider<T>│ICache│Constants│Sitecore│Analytics│Templates│MarketingCenter│Wiki
value	Abkhazian│Achinese│Acoli│Adangme│Adyghe│Afar│Afrihili│Afrikaans
ethnicity	ethnicity
interaction_type	Pushed│LeftGate│PickedUp│LeftGate│RightGate│LeftGate│RightGate│LeftGate
name	Ridania│alba│alternifolia
__index_level_30__	border│in│was│has│wiping│worry│is
__index_level_1__	Cross Country Marathon│Cross Country Marathon│Cross Country Marathon│Cross Country Marathon│Cross Country Marathon│Cross Country Marathon│Cross Country Marathon│Cross Country Marathon
Category	General│General│General│General│General│General│General│General
Provider State	AZ│AZ│AZ│AZ│AZ│AZ│AZ│AZ
name	Litothamnus│ellipticus│nitidus│saundersiae│montana│patagonica│patagonica
TEAM_CITY	Golden State│Golden State│Golden State│Golden State│Golden State│Golden State│Golden State│Golden State
Provider	DC│DC│DC│DC│DC│DC│DC│DC
Wind Direction	SSW│SSW│SSW│SSW│SW│SW│WSW│WSW
TEAM_CITY	Minnesota│Minnesota│Minnesota│Minnesota│Minnesota│Minnesota│Minnesota│Minnesota
name	Cionura│erecta
Wind Direction	SW│SSW│SW│WSW│NW│NNW│North│NNE
team	ONEBILLION│ONEBILLION│ONEBILLION│ONEBILLION│ONEBILLION│ONEBILLION│ONEBILLION│ONEBILLION
Wind Direction	SSW│SSW│SSW│SW│SW│SW│SW│SW
throughout	Git│is
id.exposure	SCHCmE│SCHCmE│SCHCmE│SCHCmE│SCHCmE│SCHCmE│SCHCmE│SCHCmE
Steward	geo│geo│geo
value	Abkhazian│Achinese│Acoli│Adangme│Adyghe│Afar│Afrihili│Afrikaans
Weather Conditions	Clear│Rain│Cloudy│Clear│Cloudy│Clear│Unknown│Clear
was_home	Archertown│New Bradley│West Sarah│Browningview│North Ana│Ramirezburgh│North Donna│New Daniel
Provider State	VT│VT│VT│VT│VT│VT│VT│VT
TYPE	Bacteria│Climate│Climate│Climate│Climate│Climate│Climate│Climate
COUNTY	Limestone│Denton│Wilbarger│Wheeler│Polk│Lavaca│Harris│Gillespie
was_home	New Dawn│Parkerside│North Cassidyfort│East Robertstad│Christophertown│New Tammy│New Michellehaven│Ericview
Wind Direction	ESE│SE│SE│SE│SSE│South│South│South
Wind Direction	ENE│NE│Calm│NNE│ENE│NE│NE│NE
Mason	UCI│Boys
County	SHERMAN│County│ONTONAGON│STEELE│MARTIN│FLORENCE│FREEBORN│IRON
TEAM_CITY	Golden State│Golden State│Golden State│Golden State│Golden State│Golden State│Golden State│Golden State
seq_TM-tmhmm	O│O│O│O│O│O│O│O
Wind Direction	SW│Calm│Calm│Calm│SE│SSE│SSE│South
countryCode	JO│JO│JO│JO│JO│JO│JO│JO
value	Abkhazian│Achinese│Acoli│Adangme│Adyghe│Afar│Afrihili│Afrikaans
Wind Direction	Calm│NNW│North│Calm│South│South│SW│Calm
SPACECRAFT_ID	LANDSAT_7│LANDSAT_5│LANDSAT_5│LANDSAT_5│LANDSAT_2
Wiki	Wiki│Wiki│Wiki│Wiki│Wiki│Wiki│Wiki│Wiki
__index_level_0__	11/16/2013│Place,License│1,362894,Ryan,Campbell,Lakewood,CO,0:16:32.36,Black│2,363356,Dakota,Cline,Boulder,CO,0:17:02.33,Boulder│3,401329,Jared│4,363111,Bryce,Rodgers,Littleton,CO,0:17:40.52,│5,363875,Aiden,Keller,Boulder,CO,0:17:46.76,Boulder│6,363182,Vin,Hludzinski,Boulder,CO,0:18:16.92,Boulder
Periodicity	Annual│Annual│Annual│Annual│Annual│Annual│Annual
ENGTYPE_1	State│State│State│State│State│State│Federal District│State
-0rlando-	-0rlando-│-0rlando-│-0rlando-│-0rlando-│-0rlando-│-0rlando-│-0rlando-│-0rlando-
Hard	Detroit│Detroit's│Where│An│How│Hard│Detroit│Detroit's
study	some-study│some-study
Удалено	Удалено│Удалено
EmployeeLName	Gentry│Gerke│Gilles│Girifalco│Gold│Gonzalez│Gordon│Goyal
NA	MO│CA│CA│CA│CA
countryCode	BH│BH│BH│BH│BH│BH│BH│BH
Wind Direction	NNE│North│NNE│NE│NNE│ENE│NE│NNE
OrganisationLabel	Castle Point Borough Council│Castle Point Borough Council│Castle Point Borough Council│Castle Point Borough Council│Castle Point Borough Council│Castle Point Borough Council│Castle Point Borough Council│Castle Point Borough Council
topic	OOP│OOP│OOP│OOP│OOP│OOP│OOP│OOP
__index_level_1__	Cross Country│Cross Country│Cross Country│Cross Country│Cross Country│Cross Country│Cross Country│Cross Country
subject_condition	no warning│no warning│no warning│no warning│no warning│no warning│no warning│no warning
__index_level_1__	Criterium│Criterium│Criterium│Criterium│Criterium│Criterium│Criterium│Criterium
Events	Fog│Fog│Fog
ordenvalido	Caryophyllales│Caryophyllales│Caryophyllales│Caryophyllales
Condition	Partly Cloudy│Partly Cloudy│Mostly Cloudy│Mostly Cloudy│Mostly Cloudy│Partly Cloudy│Fair│Fair
Wind Direction	WNW│NW│NNW│NNW│Calm│SSW│SW│SSW
Wind	CALM│CALM│CALM│CALM│NNE│NNE│NE│NE
code	CHEAONE│CHEATWO│CHOONE│CHOTWO
Steward	geo│geo│geo
Wind	N│NNE│NNE│N│N│NNW│N│NNW
__index_level_1__	Criterium│Criterium│Criterium│Criterium│Criterium│Criterium│Criterium│Criterium
TEAM_CITY	Indiana│Indiana│Indiana│Indiana│Indiana│Indiana│Indiana│Indiana
cat3	GandT│GandT│Marketing│Construction│Finance│Statewide│Distribution│Distribution
BOTH_UNSET.2	BOTH_UNSET│BOTH_UNSET│BOTH_UNSET│BOTH_UNSET│BOTH_UNSET│BOTH_UNSET│BOTH_UNSET│BOTH_UNSET
Wind Direction	North│North│North│North│North│North│NNE│NNE
Wind Direction	ENE│NE│Calm│NNE│ENE│NE│NE│NE
Departments	Water Authority│PWD│KSEB│Water Authority│Water Authority│Water Authority│PWD│KSRTC
COUNTY	Limestone│Denton│Wilbarger│Wheeler│Polk│Lavaca│Harris│Gillespie
OrganisationLabel	Christchurch Borough Council│Christchurch Borough Council│Christchurch Borough Council│Christchurch Borough Council│Christchurch Borough Council│Christchurch Borough Council│Christchurch Borough Council│Christchurch Borough Council
Namespace	AddTextAddin│AddTextAddin│AddTextAddin│AddTextAddin│AddTextAddin│AddTextAddin│AddTextAddin│AddTextAddin
DL State	FL│FL│FL│FL│FL│FL
was_home	Jenniferfurt│Nicolefort│Warnerside│East Andrew│Port Daniel│Port Rebecca│Joshuaview│West Bryan
County	Montgome│Montgome│Delaware│Bucks│Bucks│Bucks│Delaware│Montgome
County	Aroostook│Cumberland│York│Hancock│Oxford│Androscoggin│York│York
location_code_filter	central_sava_statistical_region_SI│central_sava_statistical_region_SI│central_sava_statistical_region_SI│central_sava_statistical_region_SI│central_sava_statistical_region_SI│central_sava_statistical_region_SI│central_sava_statistical_region_SI│central_sava_statistical_region_SI
PLANT	BIG_CREEK│MOHAVE_1│MOHAVE_2│HIGHGROVE│SAN_BERNARDINO│COOLWATER│ETIWANDA_1-4│ETIWANDA_5
TEAM_CITY	San Antonio│San Antonio│San Antonio│San Antonio│San Antonio│San Antonio│San Antonio│San Antonio
interaction_type	PickedUp│RightGate│RightGate│LeftGate│RightGate│LeftGate│RightGate│RightGate
race	Latino│Latino│White-European│0│Others│Black│White-European│White-European
Silver	08/16/2008│Place,License│1,0,Cooper,Thomas,,,41:27.0,│2,0,Jacob,Weber,,,29:35.0,NA│08/16/2008│Place,License│1,0,Ross,Hartley,,,53:13.0,│08/16/2008
Unnamed: 0	Alabama│Alaska│Arizona│Arkansas│California│Colorado│Connecticut│Delaware
Wind Direction	ENE│ENE│ENE│NE│NNE│NNE│NE│NNE
Events	Thunderstorm│Rain-Thunderstorm│Rain-Thunderstorm│Rain-Thunderstorm│Fog
Charging Agency	ST JOHNS COUNTY SHERIFFS OFFICE│ST JOHNS COUNTY SHERIFFS OFFICE│ST JOHNS COUNTY SHERIFFS OFFICE│ST JOHNS COUNTY SHERIFFS OFFICE│ST JOHNS COUNTY SHERIFFS OFFICE│ST JOHNS COUNTY SHERIFFS OFFICE│ST JOHNS COUNTY SHERIFFS OFFICE│ST JOHNS COUNTY SHERIFFS OFFICE
County	Maricopa│Maricopa│Maricopa│Yuma│Pima│Maricopa│Yavapai│Cochise
Events	Rain│Fog│Fog
foreignKeyTable	Site│Instrument│Reporter
country_id	Peru│Peru│Peru│Peru
Wind Direction	Calm│NW│NNW│NE│Calm│Calm│North│North
Wind Direction	WSW│WSW│Calm│Calm│NNE│ENE│ENE│ENE
code	CHEAONE│CHEATWO│CHOONE│CHOTWO
Event	Running│InputWindowOpen│KeyDown│KeyDown│KeySequenceStopped│KeyDown│KeySequenceStopped│InputWindowClosed
TEAM_CITY	LA│LA│LA│LA│LA│LA│LA│LA
venue_state	MI│GA│GA│MI│CA
County	County│MARATHON│LINCOLN│ONEIDA│LANGLADE│County│MARATHON
Q19_2	Trialability: In my opinion... - ...I have had plenty of opportu│3│5│2│3│3│2
PLANT	MORRO_BAY_1-2│MORRO_BAY_3-4│MOSS_LANDING_6│MOSS_LANDING_7│OAKLAND│COOLWATER│ETIWANDA_1-4│ETIWANDA_5
TEAM_CITY	Golden State│Golden State│Golden State│Golden State│Golden State│Golden State│Golden State│Golden State
Wind Direction	Calm│Calm│ENE│Calm│Calm│ENE│East│East
value	Afghanistan│Ajentina│Åland Islands│Albania│Aljeriya│Amelika│Andora│Angola
label	Abdomen│ActiveNotRecruiting│AerobicActivity│AnaerobicActivity│Anesthesia│Appearance│Ayurvedic│Bacteria
Wind Direction	West│West│West│West│West│WSW│West│West
COUNTY	Liberty│Limestone│Denton│Wilbarger│Wheeler│Polk│Lavaca│Harris
dominant_object	Hand│Hand│Hand│Hand│Hand│Hand│Hand│Hand
Wind Direction	Calm│Calm│Calm│Calm│Calm│Calm│Calm│Calm
TEAM_CITY	Dallas│Dallas│Dallas│Dallas│Dallas│Dallas│Dallas│Dallas
interaction_type	Pushed│LeftGate│RightGate│RightGate│PickedUp│RightGate│RightGate│LeftGate
site_id	CASTELLANOS│GONZÁLEZ│JIMÉNEZ│PEÑA│SIERRA
says	in│Royal│to
countryCode	MH│MH│MH│MH│MH│MH│MH│MH
Geographic Zone Code	Ngorongoro│Ngorongoro
ru	Километры в час│Мили в час│Без ограничений│Ограничение скорости по умолчанию│Ограничения скорости по умолчанию│Сохранить│Показывать скорости в милях в час вместо км/ч│Немецкие знаки
Wind Direction	West│WSW│WSW│WSW│WNW│West│West│WNW
TEAM_CITY	Los Angeles│Los Angeles│Los Angeles│Los Angeles│Los Angeles│Los Angeles│Los Angeles│Los Angeles
Wind Direction	South│South│South│South│South│SSW│WSW│SSW
ADDR_STATE	NV│NV│NV│NV│NV│NV│NV
Wind Direction	SE│Calm│Calm│NE│ENE│NE│ENE│ENE
Sage	Cross│Valley,ID,,│Cross│City,ID,,
Diego	Cross│Diablo│Cross│Diablo│Criterium
TEAM_CITY	Indiana│Indiana│Indiana│Indiana│Indiana│Indiana│Indiana│Indiana
Wind Direction	ENE│NE│Calm│NNE│ENE│NE│NE│NE
location	unknown│HK│HK│IN│IN│HK│IN│IN
country_code_filter	LT│LT│LT│LT│LT│LT│LT│LT
ending	int│1│8│9│11│12│13│18
Provider City	LARAMIE│BUFFALO│SHERIDAN│BASIN│GILLETTE│SUNDANCE│NEWCASTLE│CHEYENNE
a	Valley
__index_level_1__	Criterium│Criterium│Criterium│Criterium│Criterium│Criterium│Criterium│Criterium
topic_description	UNIVERSAL_HEALTH_INS│UNIVERSAL_HEALTH_INS│UNIVERSAL_HEALTH_INS│UNIVERSAL_HEALTH_INS│UNIVERSAL_HEALTH_INS│UNIVERSAL_HEALTH_INS│UNIVERSAL_HEALTH_INS│UNIVERSAL_HEALTH_INS
lgID	NL│NL│NL│NL│NL│NL│NL│NL
__index_level_2__	Line│1
Capability 1	Control│FULL│Navigation│Localization│Navigation│FULL│FULL│FULL
County	Yuma│Pima│Yuma│Maricopa│Pima│Pima│Maricopa│Maricopa
Wind	WNW│NW│NW│NW│NNW│NNW│NNW│N
DocStatus	CO│DR│CO│DR│CO
was_home	East Margaretfurt│Hortonville│Lake Johnland│East Amanda│Lake Todd│South Annettebury│Priscillahaven│Wallaceshire
Wind Direction	NNE│NNE│NNE│North│North│North│North│North
pikk_mudel	Terrano│Terrano│Terrano│Terrano
location_name_filter	Upper Carniola Statistical Region, Slovenia│Upper Carniola Statistical Region, Slovenia│Upper Carniola Statistical Region, Slovenia│Upper Carniola Statistical Region, Slovenia│Upper Carniola Statistical Region, Slovenia│Upper Carniola Statistical Region, Slovenia│Upper Carniola Statistical Region, Slovenia│Upper Carniola Statistical Region, Slovenia
NAME_1	Anhui│Beijing│Chongqing│Fujian│Gansu│Guangdong│Guangxi│Guizhou
supplysector	trn_freight_road│trn_freight_road│trn_freight_road│trn_freight_road│trn_freight_road│trn_freight_road│trn_freight_road│trn_freight_road
Events	Snow│Snow│Snow│Snow│Snow│Snow│Snow│Snow
EXAMPLE_UCUM_UNITS	mV│mV│mV│mV│mV│mV│mV
Provider State	WY│WY│WY│WY│WY│WY│WY│WY
Grand	Men│Mountain│Cycling│Cycling│Orleans
Family	Atlantic-Congo│Afro-Asiatic│Afro-Asiatic│Afro-Asiatic│Saharan│Afro-Asiatic│Indo-European│Indo-European
OGroupBoxModel	OGroupBoxModel│OGroupBoxModel│OGroupBoxModel│OGroupBoxModel│OGroupBoxModel│OGroupBoxModel│OGroupBoxModel│OGroupBoxModel
TEAM_CITY	San Antonio│San Antonio│San Antonio│San Antonio│San Antonio│San Antonio│San Antonio│San Antonio
Composition:	7-8:│and│Castle
name	Australian Capital Territory│New South Wales│Northern Territory│Queensland│South Australia│Tasmania│Victoria│Western Australia
Name	Name│IPv6Address
__index_level_1__	Downhill│Downhill│Downhill│Downhill│Downhill│Downhill│Downhill│Downhill
value	ارمني│ازبکي│الماني│انګلیسي│ایټالوي│بلوڅي│پښتو│پورتګالي
WA	MA│CA│NY│MN│WI│ID│OR│UT
__index_level_1__	Criterium│Criterium│Criterium│Criterium│Criterium│Criterium│Criterium│Criterium
name	Ann Arbor│Back Lake│Contwoyto│Dawson City│Eskimo Point│Fort Chipewyan│Fort Churchill│Fort Simpson
TEAM_CITY	Minnesota│Minnesota│Minnesota│Minnesota│Minnesota│Minnesota│Minnesota│Minnesota
Location	9 NW POPLAR BLUFF│6 N DONIPHAN│5 E REEDS SPRING│6 SW JENKINS│8 NW DUDLEY│2 ENE BUTTERFIELD│3 E BUTTERFIELD│FORSYTH
code	CHEAONE│CHEATWO│CHOONE│CHOTWO
TEAM_CITY	Minnesota│Minnesota│Minnesota│Minnesota│Minnesota│Minnesota│Minnesota│Minnesota
TEAM_CITY	LA│LA│LA│LA│LA│LA│LA│LA
Tissue Site 1	Corpus callosum│Corpus callosum│Corpus callosum│Corpus callosum│Corpus callosum│Corpus callosum│Corpus callosum│Corpus callosum
__index_level_2__	an│Meiji│region│originally│it│Meiji│around│was
Language_ID	psi│pch│pma│pmv│pse│cr│hi│ma
value	Abkhazian│Achinese│Acoli│Adangme│Adyghe│Afar│Afrihili│Afrikaans
name_of_HH	সুরুজ্জামান│অাব্দুল বারেক মন্ডল│হানিফ উদ্দিন│মো: অামিনুর ইসলাম│সোজা মন্ডল│মিজানুর রহমান│ জামিনুর ইসলাম│মো: গোলজার হোসেন
Wind Direction	NNE│North│North│Calm│Calm│Calm│West│NW
ethn	White│White│White│AA│Hispanic│Hispanic│White│White
name	Samarorchis│sulitiana
State Governments	state of minnesota│state of maryland│state of delaware│state of north dakota itd│state of rhode island│state of connecticut│state of oregon│commonwealth of massachusetts
Wind Direction	South│SSW│SSW│SSW│SSW│SSW│SW│SW
TEAM_CITY	Minnesota│Minnesota│Minnesota│Minnesota│Minnesota│Minnesota│Minnesota│Minnesota
__index_level_1__	Cross Country│Cross Country│Cross Country│Cross Country│Cross Country│Cross Country│Cross Country│Cross Country
County	County│HABERSHAM│DARLINGTON│BURKE│LINCOLN│ROANOKE│CATAWBA│LINCOLN
EstadoDoc	Si│Si
topic_description	SOCIAL_CHANGE│SOCIAL_CHANGE│SOCIAL_CHANGE│SOCIAL_CHANGE│SOCIAL_CHANGE│SOCIAL_CHANGE│SOCIAL_CHANGE│SOCIAL_CHANGE
scenario	qa│qa│qa│qa│qa│qa│qa│qa
townNameLevel.3	Bigger town│Bigger kingdom
TEAM_CITY	Sacramento│Sacramento│Sacramento│Sacramento│Sacramento│Sacramento│Sacramento│Sacramento
geo_id	ak│al│ar│az│ca│co│ct│fl
Nêhiyawêwin 2	ohci│kapê│êkwa│mîna│wiya│ihk│kâwi│ayâw
Boy	say
NPPES_PROVIDER_STATE	MD│MD│MD│MD│MD│MD│MD
Provider State	NM│NM│NM│NM│NM│NM│NM│NM
Wind	CALM│N│NW│NW│NW│NNW│WNW│NW
other2	stim2│na│na│na│na│na│na
interaction_type	Pushed│LeftGate│LeftGate│RightGate│PickedUp│RightGate│LeftGate│LeftGate
Key	Type│Subtype│Rect│Contents│P│NM│M│F
Provider Credential Text	M.D.│MD│M.D.│M.D.│MD│MA-CCC
Wind Direction	SE│SSE│SE│SSE│South│SSW│SW│SSW
Region	Adygea Republic│Altai Krai│Altai Republic│Amur Oblast│Arkhangelsk Oblast│Astrakhan Oblast│Bashkortostan Republic│Belgorod Oblast
Wind	NW│NW│NNW│NW│NW│NW│NW│NW
race	Latino│Latino│Latino│Black│Black│Latino│Black│White
TEAM_CITY	LA│LA│LA│LA│LA│LA│LA│LA
groupingname	Grouping-1│Grouping-2│Grouping-3│Grouping-3│Grouping-2
country_id	Peru│Peru│Peru│Peru│Peru│Peru│Peru│Peru
name	Sirexcipula│hiemalis│kabatiana│montana│wyomingensis
__index_level_1__	Annual data from 1969 To 2009│Bureau of Economic Analysis│Data published July 30, 2010     │File created 8/5/2010 11:10:41 AM│Line
Events	Fog-Snow│Fog-Snow│Fog-Snow│Fog-Snow│Snow│Snow│Snow│Snow
interaction_type	Pushed│LeftGate│LeftGate│RightGate│PickedUp│LeftGate│LeftGate│RightGate
Region	Latin America & Caribbean│South Asia│Sub-Saharan Africa│Europe & Central Asia│Europe & Central Asia│Middle East & North Africa│Latin America & Caribbean
TEAM_CITY	Minnesota│Minnesota│Minnesota│Minnesota│Minnesota│Minnesota│Minnesota│Minnesota
Area	Caernarfonshire│South Glamorgan│Glamorgan│Mid-Glamorgan│Glamorgan│Glamorgan│Monmouthshire│Powys
Groups	1│SampleRate_s_s_│100│Minimum
Wind Direction	SW│SW│SW│SW│SW│SW│SW│SW
Wind Direction	West│WSW│Calm│WSW│SW│West│West│WSW
Wind Direction	NNE│NE│East│ESE│ESE│ESE│SSE│SE
__index_level_7__	the│by│to│for
Wind Direction	NNW│NNW│NNW│NW│NW│NNW│NNW│NNW
rarity	Uncommon│Common│Uncommon│Common│Common│Common│Rare│Rare
County	County│JACKSON│JACKSON│County│SHELBY│MADISON│MADISON│HENDERSON
Display 1 Manufacturer	"auo ""auo"""
name	Ann Arbor│Back Lake│Contwoyto│Dawson City│Eskimo Point│Fort Chipewyan│Fort Churchill│Fort Simpson
Wind Direction	NNW│North│NNE│North│NNE│NE│NNE│NE
|Army	Hall│Barbarians│and│Rhinoceros│1.3
ordenvalido	Caudata│Caudata│Caudata│Caudata│Caudata│Caudata│Caudata
folder_owner_addrcity	Planview│Hutto│Buda│Hutto│Round Rock│Austin│Pflugerville
Wind Direction	SSW│SSW│SSW│SSW│WSW│South│Calm│SW
County	District Of Columbia│District Of Columbia│District Of Columbia│District Of Columbia│District Of Columbia│District Of Columbia│District Of Columbia│District Of Columbia
Category	About│About│About│About│About│About│About│About
Detector	contextOSE│contextOSE│contextOSE│contextOSE│contextOSE│contextOSE│contextOSE│contextOSE
__index_level_533__	coal│Dunn
Wind Direction	West│West│Variable│West│West│WSW│Calm│Calm
Center_Name_s	GEO│GEO│GEO│GEO│GEO│GEO│GEO│GEO
Talk Group	USA-wide│WW English│2_Europe/Loc│3_NA│3176_Southwest│TAC 310│1_WW│USA-wide
geoextent	Local│National│Regional│National│National│Local│National│Local
groupingname	Grouping-1│Grouping-2│Grouping-3│Grouping-3│Grouping-2
Provider State	VT│VT│VT│VT│VT│VT│VT│VT
County	ST. LUCIE│County│JASPER│MCINTOSH│CHOUTEAU│PIMA│PHILLIPS│GARFIELD
__index_level_1__	Cross Country│Cross Country│Cross Country│Cross Country│Cross Country│Cross Country│Cross Country│Cross Country
TEAM_CITY	LA│LA│LA│LA│LA│LA│LA│LA
full	Alabama│Alaska│Arizona│Arkansas│California│Colorado│Connecticut│Delaware
Wind Direction	SE│SSE│Calm│SE│Calm│Calm│Calm│Calm
Country*	New York│New York│Arizona
was_home	Matthewsport│Smithland│West Deborah│North Tina│New Alyssaland│Elizabethshire│Ortegafurt│South Christopherview
S11	State│Maharashtra│Maharashtra│Maharashtra│Maharashtra
topic_description	AIR_POLLUTION│AIR_POLLUTION│AIR_POLLUTION│AIR_POLLUTION│AIR_POLLUTION│AIR_POLLUTION│AIR_POLLUTION│AIR_POLLUTION
TEAM_CITY	Minnesota│Minnesota│Minnesota│Minnesota│Minnesota│Minnesota│Minnesota│Minnesota
Steward	geo│geo│geo
scaled_cf_job	unskilled - resident│unskilled - resident
TEAM_CITY	Charlotte│Charlotte│Charlotte│Charlotte│Charlotte│Charlotte│Charlotte│Charlotte
Wind Direction	WNW│NW│NNW│NNW│Calm│SSW│SW│SSW
seq_TM-tmhmm	O│O│O│O│O│O│O│O
Wind Direction	West│ESE│Calm│Calm│NE│East│East│East
TEAM_CITY	Dallas│Dallas│Dallas│Dallas│Dallas│Dallas│Dallas│Dallas
name	Australian Capital Territory│New South Wales│Northern Territory│Queensland│South Australia│Tasmania│Victoria│Western Australia
Illinois	Road│Mack│Mack│Mack│Ch.│Mack│Mack
RaceDesc	Black or African American│White│Black or African American│Two or more races│White│American Indian or Alaska Native│White│Asian
School Location	CANADA│CANADA│California│California│Connecticut│DENMARK│District of Columbia│Maine
TEAM_CITY	Sacramento│Sacramento│Sacramento│Sacramento│Sacramento│Sacramento│Sacramento│Sacramento
Namespace	RouteLocalization.Mvc.Sample│RouteLocalization.Mvc.Sample│RouteLocalization.Mvc.Sample│RouteLocalization.Mvc.Sample.Areas.Area.Controllers│RouteLocalization.Mvc.Sample.Areas.Area.Controllers│RouteLocalization.Mvc.Sample.Areas.Area.Controllers│RouteLocalization.Mvc.Sample.Areas.Area.Controllers│RouteLocalization.Mvc.Sample.Areas.Area.Controllers
Capability 1	Control│FULL│Navigation│Localization│Navigation│FULL│FULL│FULL
home	Aaronland│South Cathyshire│Rogersfurt│Vanessaville│West Sara│Lake David│Normaborough│South Deannaport
interaction_type	Pushed│PickedUp│RightGate│LeftGate│RightGate│Pushed│LeftGate│RightGate
__index_level_2__	County│HONOLULU│KAUAI│HAWAII│HAWAII│HONOLULU│MAUI│HAWAII
property_owner_addrprovince	CA│TX│TX
TEAM_CITY	Indiana│Indiana│Indiana│Indiana│Indiana│Indiana│Indiana│Indiana
__index_level_1__	Cross Country│Cross Country│Cross Country│Cross Country│Cross Country│Cross Country│Cross Country│Cross Country
interaction_type	PickedUp│LeftGate│LeftGate│LeftGate│LeftGate│LeftGate│LeftGate│LeftGate
ParticleMaxLife	int│1000│1000│800│800│1200│1200
sospechoso	Si│Si│Si
Wind Direction	Calm│Calm│Calm│Calm│Calm│Calm│Calm│Calm
Implementation smell	Long Parameter List│Long Parameter List│Long Parameter List│Long Parameter List│Long Parameter List│Long Parameter List│Long Parameter List│Long Parameter List
TEAM_CITY	LA│LA│LA│LA│LA│LA│LA│LA
name	Dalembertia│hahniana│platanoides│populifolia│triangularis
TEAM_CITY	Minnesota│Minnesota│Minnesota│Minnesota│Minnesota│Minnesota│Minnesota│Minnesota
Wind Direction	Variable│SE│SE│South│Variable│South│South│South
__index_level_1__	Cross Country│Cross Country│Cross Country│Cross Country│Cross Country│Cross Country│Cross Country│Cross Country
Wind Direction	WSW│SW│SW│SW│SW│Calm│SW│SW
County	Adair│Adams│Allamakee│Appanoose│Audubon│Benton│Black Hawk│Boone
Language_ID	psi│pch│pma│pmv│cr│cr│hi│ma
EstadoDoc	Si│Si│Si│Si│Si
exposure	Beecham2014npany│Beecham2014npany│Beecham2014npany│Beecham2014npany│Beecham2014npany│Beecham2014npany│Beecham2014npany│Beecham2014npany
interaction_type	LeftGate│RightGate│RightGate│LeftGate│RightGate│RightGate│LeftGate│RightGate
__index_level_1__	ASSETNUM│cent45│cent45
MENU_HINT	USA / Parx (US) 28th Oct│USA / Parx (US) 28th Oct│USA / Parx (US) 28th Oct│USA / Parx (US) 28th Oct│USA / Parx (US) 28th Oct│USA / Parx (US) 28th Oct│USA / Parx (US) 28th Oct│USA / Parx (US) 28th Oct
Home	Lauramouth│Cabreraville│Port Heidi│Port Audreyside│North Davidborough│South Christopherville│New Andrewburgh│South Jasonton
DL State	FL│FL│FL│FL
TEAM_CITY	LA│LA│LA│LA│LA│LA│LA│LA
countrycode2	ID│ID│ID│ID│ID│ID│ID│ID
value	Aarabeere│Abkhazian│Achinese│Acoli│Adangme│Adyghe│Afar│Afrihili
__index_level_1__	Annual data from 1930 To 1969│Bureau of Economic Analysis│Data published July 30, 2010     │File created 8/5/2010 11:49:16 AM│Line
PermissionType	full planning permis│full planning permis│full planning permis│full planning permis│full planning permis│full planning permis│full planning permis│planning permission
County	FLAGLER│County│MARION│MARION│LONG│County
Wind Direction	ENE│Calm│Calm│Calm│Calm│West│Calm│Calm
Object	Fee/Fine│Fee/Fine│Fee/Fine│Fee/Fine│Fee/Fine│Fee/Fine│Fee/Fine│Loan
County	Aroostook│Somerset│Cumberland│York│Penobscot│Aroostook│Cumberland│Penobscot
Wind Direction	SSW│SW│WSW│Calm│South│SW│WSW│WSW
speakerparty	Liberal│Conservative│New Democratic Party│Bloc Québécois
Region	Latin America & Caribbean│South Asia│Sub-Saharan Africa│Europe & Central Asia│Europe & Central Asia│Middle East & North Africa│Latin America & Caribbean
Cross	Cyclo-cross│Sports│Team│Giant│Fernando│Cycle│Cycle
EstadoDoc	Si│Si
Resting	Criteria│Criteria│Criteria│Criteria│Criteria│Criteria│Criteria│Criteria
GEO.display-label	Geography│United States│North Carolina│Alamance County, North Carolina│Brunswick County, North Carolina│Buncombe County, North Carolina│Burke County, North Carolina│Cabarrus County, North Carolina
Blind_Make	K│Q│AR│AR│D│D│AJ│AQ
Title	Meetupdiary
OrganisationLabel	Cannock Chase Council│Cannock Chase Council│Cannock Chase Council│Cannock Chase Council│Cannock Chase Council│Cannock Chase Council│Cannock Chase Council│Cannock Chase Council
geographic_level	Local authority│Local authority district│Local enterprise partnership│RSC region│Opportunity area│Parliamentary constituency│Regional│Ward
County	County│BUFFALO│County
Language_ID	psi│pmv│ma│pwc│pdh│la│la│ch
Wind Direction	WSW│WSW│SW│SW│Calm│WSW│SW│WSW
subject	history│history│history│history│history│history│history│history
symbol	HY│HY│HY│HY
Geolocation.dll	Geolocation.dll│Geolocation.dll│Geolocation.dll│Geolocation.dll│Geolocation.dll│Geolocation.dll│Geolocation.dll│Geolocation.dll
Field Note	Include Area Code
interaction_type	Pushed│LeftGate│RightGate│PickedUp│RightGate│RightGate│RightGate│LeftGate
interaction_type	PickedUp│RightGate│RightGate│PickedUp│RightGate│RightGate│RightGate│RightGate
Attributes	location_id,value│name│name│location_id,value
Departments	Water Authority│PWD│KSEB│Water Authority│Water Authority│Water Authority│PWD│KSRTC
COUNTY	Dallas│Dallas│Madison│Jefferson│Collin│Kleberg│Harris│Falls
MAC	MAC│productionDate
TEAM_CITY	New York│New York│New York│New York│New York│New York│New York│New York
Allegiances	Lannister│None│House Targaryen│House Greyjoy│Lannister│Baratheon│Night's Watch│None
Name	Sun│Mercury│Venus│Earth│Mars│Jupiter│Saturn│Uranus
OrganisationLabel	Christchurch Borough Council│Christchurch Borough Council│Christchurch Borough Council│Christchurch Borough Council│Christchurch Borough Council│Christchurch Borough Council│Christchurch Borough Council│Christchurch Borough Council
days_preterm	13│13│NC
interaction_type	Pushed│RightGate│LeftGate│PickedUp│LeftGate│RightGate│RightGate│RightGate
OrganisationLabel	North Norfolk District Council│North Norfolk District Council│North Norfolk District Council│North Norfolk District Council│North Norfolk District Council│North Norfolk District Council│North Norfolk District Council│North Norfolk District Council
GEO.display-label	Geography│Alameda County, California│Butte County, California│Contra Costa County, California│El Dorado County, California│Fresno County, California│Humboldt County, California│Imperial County, California
title_cn	评审中的认可 │物理三月 │天基重力波检测以及LISA Pathfinder如何成功铺平道路 │引起共鸣 │没有人去过的地方 │这就是你穿的方式 │马戏团把戏与光 │下雨的世界 
EstadoDoc	Si│Si│Si│Si│No│Si│Si
__index_level_1__	Cross Country│Cross Country│Cross Country│Cross Country│Cross Country│Cross Country│Cross Country│Cross Country
Wind Direction	NNE│NNE│NE│NNE│NE│NE│NE│NNE
Location State Abbr [District] 2013-14	NV │NV │NV │NV │NV │NV │NV │NV 
attribute	Statewide│Statewide│Statewide│Statewide│Statewide│Statewide│Note│Note
__index_level_0__	Couldn't│Couldn't│Couldn't│Couldn't│Couldn't│Couldn't│Couldn't│Couldn't
Events	Fog│Fog│Fog
interaction_type	RightGate│RightGate│RightGate│RightGate│RightGate│RightGate│LeftGate│LeftGate
Wind Direction	SE│SSE│SSE│South│South│South│South│South
value	Abkhazian│Achinese│Acoli│Adangme│Adyghe│Afar│Afrihili│Afrikaans
value	Abkhazian│Achinese│Acoli│Adangme│Adyghe│Afar│Afrihili│Afrikaans
groupingname	Grouping-1│Grouping-2│Grouping-3│Grouping-3│Grouping-2
Wind Direction	NNE│North│NE│NE│NE│West│West│NW
From	owner-sunrise@energy.ca.gov│owner-sunrise@energy.ca.gov│owner-sunrise@energy.ca.gov
venue_state	AB│GA│GA│AB│AB│CA
-.1	from│Archers│BARBARIAN│BARBARIANS
id	3012008020010│3012008020020│3012008020030│3012008020040│3012008020050│3012008020060│3012008020070│3012008020080
interaction_type	Pushed│LeftGate│PickedUp│LeftGate│RightGate│RightGate│RightGate│RightGate
Region	Baden-Wurttemberg│Bavaria│Berlin│Brandenburg│Bremen│Dolnośląskie│Germany│Hamburg
Primary Source	Recruitment│Recruitment│Recruitment│Recruitment│Recruitment
Wind Direction	WSW│Calm│SW│Calm│Calm│Calm│Calm│Calm
TEAM_CITY	Minnesota│Minnesota│Minnesota│Minnesota│Minnesota│Minnesota│Minnesota│Minnesota
Method	Main│Main│Main
From	sreyno@state.wy.us│sreyno@state.wy.us│sreyno@state.wy.us│sreyno@state.wy.us│sreyno@state.wy.us
School Location	California│Minnesota│New Jersey│New Mexico│New York│New York│New York│New York
place	Alabama│Alaska│Arizona│California│Colorado│Connecticut│Delaware│District of Columbia
Name	ルリア│ビィ│ルリア│ビィ
signal	AP│AP│AP│AP│AP│AP│AP│AP
TEAM_CITY	LA│LA│LA│LA│LA│LA│LA│LA
name	Aberdeenshire│Angus│Argyll│Avon│Ayrshire│Banffshire│Bedfordshire│Berkshire
County	District Of Columbia│District Of Columbia│District Of Columbia│District Of Columbia│District Of Columbia│District Of Columbia│District Of Columbia│District Of Columbia
lgID	AL│AL│AL│AL│AL│AL│AL│AL
stateProvince	New South Wales│New South Wales
2019	coverage:
Work Hour	NH│NH│NH│NH│NH│NH│EH│EH
OrganisationLabel	North York Moors National Park Authority│North York Moors National Park Authority│North York Moors National Park Authority│North York Moors National Park Authority
Namespace	ClaudiaIDE│ClaudiaIDE│ClaudiaIDE│ClaudiaIDE│ClaudiaIDE│ClaudiaIDE│ClaudiaIDE.Helpers│ClaudiaIDE.Helpers
County	Waldo│Aroostook│Kennebec│Piscataquis│York│Cumberland│York│Washington
interaction_type	Pushed│RightGate│PickedUp│RightGate│RightGate│RightGate│RightGate│RightGate
topic_description	FAMILY_LIFE│FAMILY_LIFE│FAMILY_LIFE│FAMILY_LIFE│FAMILY_LIFE│FAMILY_LIFE│FAMILY_LIFE│FAMILY_LIFE
Provider State	NV│NV│NV│NV│NV│NV│NV│NV
MO	1/2/3
value	Abchazisch│Adangme│Adygees│Afaan Oromo│Afar│Afrihili│Afrikaans│Aghem
TEAM_CITY	Memphis│Memphis│Memphis│Memphis│Memphis│Memphis│Memphis│Memphis
TEAM_CITY	Golden State│Golden State│Golden State│Golden State│Golden State│Golden State│Golden State│Golden State
region	Arizona│Florida
seq_TM-tmhmm	O│O│O│O│O│O│O│O
interaction_type	RightGate│LeftGate│RightGate│RightGate│LeftGate│RightGate│LeftGate│RightGate
__index_level_1__	Cross Country│Cross Country│Cross Country│Cross Country│Cross Country│Cross Country│Cross Country│Cross Country
Wind Direction	SSE│South│South│South│South│South│South│South
TEAM_CITY	Memphis│Memphis│Memphis│Memphis│Memphis│Memphis│Memphis│Memphis
contactMechPurposeTypeId	PHONE_MOBILE│PHONE_MOBILE│PHONE_MOBILE│PHONE_MOBILE│PHONE_MOBILE│PHONE_MOBILE│PHONE_MOBILE│PHONE_MOBILE
interaction_type	PickedUp│Pushed│LeftGate│RightGate│Pushed│Pushed│Pushed│Pushed
Geographic level Code	Country│State│State│District│District│District│District
NMSPC_CD	KC-IDM│KC-IDM│KC-IDM│KC-IDM│KC-IDM│KC-IDM│KC-IDM│KC-IDM
TEAM_CITY	Los Angeles│Los Angeles│Los Angeles│Los Angeles│Los Angeles│Los Angeles│Los Angeles│Los Angeles
symbol	GOGY│GOGY│GOGY│GOGY
TEAM_CITY	Oklahoma City│Oklahoma City│Oklahoma City│Oklahoma City│Oklahoma City│Oklahoma City│Oklahoma City│Oklahoma City
Race_ethnicity	White│White│White│White│White│White│White│African American / Black
Race/Ethnicity	Hispanic or Latino│Black or African American│Hispanic or Latino│White│Black or African American│Hispanic or Latino│American Indian or Alaska Native│Other
Wind Direction	SE│SE│SE│SSE│Calm│SSE│SSE│SE
interaction_type	LeftGate│LeftGate│LeftGate│LeftGate│Pushed│LeftGate│PickedUp│RightGate
was_home	Coreyborough│New Patrickfurt│Johnside│West Laurieborough│Lake Karen│Nicholsonburgh│Molinatown│Johnland
TEAM_CITY	LA│LA│LA│LA│LA│LA│LA│LA
venue_state	CA│GA│GA
EstadoDoc	Si│Si│Si│Si│Si
venue_state	MA│CA│MA│MA│MA│MA│MA│MA
folder_owner_addrprovince	TX│TX│TX│TX│TX│TX│TX
__index_level_1__	; Seasonally adjusted at annual rates                           │Quarterly data from 1947 To 2004│Bureau of Economic Analysis│Data published April 29, 2004    │File created 4/29/2004 11:02:57 AM│Line
World / Drawdown Region	World│Asia (Sans Japan)│Asia (Sans Japan)│World│World│OECD90│OECD90│Asia (Sans Japan)
Wind Direction	SE│WSW│West│WSW│WSW│SW│Calm│Calm
EstadoDoc	Si│Si│Si│Si│Si
Sophomore	Sophomore│Alum│Alum│Freshman│Alum│Freshman│Niche User│Graduate Student
Repository	Saint Catherine (Monastery : Mount Sinai)│Saint Catherine (Monastery : Mount Sinai)│Saint Catherine (Monastery : Mount Sinai)│Saint Catherine (Monastery : Mount Sinai)│Saint Catherine (Monastery : Mount Sinai)│Saint Catherine (Monastery : Mount Sinai)│Saint Catherine (Monastery : Mount Sinai)
Events	Fog-Rain│Fog-Rain│Fog│Fog│Fog│Fog-Rain│Fog-Rain│Fog-Rain
field	NetDwellingsRangeFrom│NetDwellingsRangeTo│OrganisationURI│GeoX│GeoY│NetDwellingsRangeFrom│NetDwellingsRangeTo│OrganisationURI
interest:	-│time│2004-01-10,10│2004-01-17,13│2004-01-24,12│2004-01-31,16│2004-02-07,17
Unnamed: 0	Alabama│Alaska│Arizona│Arkansas│California│Colorado│Connecticut│Delaware
nombreProducto	Tapa bocas diseño rosas │Tapa bocas diseño rosas 
artist	D'Angelo│Behemoth│The Hotelier│St. Vincent│Run the Jewels│Swans│Pallbearer│La Dispute
MonitoringLocationIdentifier	organization-siteId2│organization-siteId2│organization-siteId2│organization-siteId2
Mailing State	CA│CA│CA│CA│CA│CA│CA│CA
Provider State	MT│MT│MT│MT│MT│MT│MT│MT
TEAM_CITY	LA│LA│LA│LA│LA│LA│LA│LA
Wind Direction	Calm│Calm│Calm│Calm│Calm│NNE│NNE│NE
category	Household│Household│Household│Household│Household│Household│Household│Household
TEAM_CITY	Minnesota│Minnesota│Minnesota│Minnesota│Minnesota│Minnesota│Minnesota│Minnesota
major_category	Noncampaign│Trump - other│Noncampaign│Noncampaign│Noncampaign│Noncampaign│Noncampaign│Noncampaign
Wind Direction	SE│SSE│SSE│South│South│South│South│South
name	Geohintonia│mexicana
video_id	m8dHSLiDLKI│m8dHSLiDLKI│m8dHSLiDLKI│m8dHSLiDLKI│m8dHSLiDLKI│m8dHSLiDLKI
Wind Direction	ENE│East│East│East│East│Variable│East│Calm
Geolocation	USA: CT│USA: CT│USA: CT│USA: CT│USA: CT│USA: CT│USA: CT│USA: CT
Wind	NNE│NE│ENE│ENE│SE│SE│SSE│WSW
__index_level_1__	Cross Country│Cross Country│Cross Country│Cross Country│Cross Country│Cross Country│Cross Country│Cross Country
__index_level_1__	Half Marathon│Half Marathon│Half Marathon│Half Marathon│Half Marathon│Half Marathon│Half Marathon│Half Marathon
Provider State	VT│VT│VT│VT│VT│VT│VT│VT
Contact ID	ritamo│Container Type│Vacutainer│Vacutainer│Vacutainer
Status	Operational│Operational│Operational│Operational│Operational│Operational│Operational│Operational
interaction_type	Pushed│LeftGate│RightGate│PickedUp│RightGate│RightGate│LeftGate│RightGate
Namespace	Elpis.Controls│Elpis.Controls│Elpis.Controls│Elpis.Controls│Elpis.Controls│Elpis.Controls│Elpis.Controls│Elpis.Controls
Wind Direction	West│West│West│West│West│West│West│West
County	Adair│Adams│Allamakee│Appanoose│Audubon│Benton│Black Hawk│Boone
TEAM_CITY	Golden State│Golden State│Golden State│Golden State│Golden State│Golden State│Golden State│Golden State
Wind Direction	Calm│Calm│Calm│Calm│Calm│NNE│Calm│ESE
Bikes	Gravel
Method	ShortIssue│Map│Initialize│Projects│Map
country_name_filter	Cyprus│Cyprus│Cyprus│Cyprus│Cyprus│Cyprus│Cyprus│Cyprus
CUISINE DESCRIPTION	Chicken│Jewish/Kosher│Caribbean│Italian│Korean│Donuts│Sandwiches/Salads/Mixed Buffet│American
California	Wisconsin│California│Florida│Florida│Washington│Washington│California│California
Wind Direction	SSW│SW│SW│WSW│WSW│WSW│SW│WSW
TEAM_CITY	LA│LA│LA│LA│LA│LA│LA│LA
TEAM_CITY	Indiana│Indiana│Indiana│Indiana│Indiana│Indiana│Indiana│Indiana
TEAM_CITY	Memphis│Memphis│Memphis│Memphis│Memphis│Memphis│Memphis│Memphis
Aa	Abacus│Abbey│Abdomen│Ability│Abolishment│Ab│Accele│Accele
ibanAccreditoVoce1	{ibanAccredito}│{ibanAccredito}│{ibanAccredito}│{ibanAccredito}
Wind Direction	NNW│NNW│NNW│NW│NNW│NNW│NNW│NNW
V26	orderPres│1│2│3│4│5
TEAM_CITY	Sacramento│Sacramento│Sacramento│Sacramento│Sacramento│Sacramento│Sacramento│Sacramento
Provider State	MT│MT│MT│MT│MT│MT│MT│MT
Wind Direction	SSW│SSW│SW│SW│SSW│SSW│SSW│South
Wind Direction	Calm│Calm│ENE│ENE│ENE│East│ENE│ENE
MA	MA│MA│MA│MA│MA│MA│MA│MA
Key	Type│Subtype│Rect│Contents│P│NM│M│F
interaction_type	LeftGate│LeftGate│LeftGate│LeftGate│LeftGate│LeftGate│LeftGate│LeftGate
Line	Cross│Valley,PA,,SCOTT│PRO│PRO
ordenvalido	Anura│Anura│Anura
__index_level_547__	to│Commerce,
Wind Direction	NE│Calm│West│SW│SSE│ENE│NE│Calm
__index_level_494__	state│in
Departments	Water Authority│PWD│KSEB│Water Authority│Water Authority│Water Authority│PWD│KSRTC
Wind Direction	West│West│West│West│West│West│West│West
AreaCode	CA│CA│CA│CA
TEAM_CITY	LA│LA│LA│LA│LA│LA│LA│LA
OrganisationLabel	North East Derbyshire District Council│North East Derbyshire District Council│North East Derbyshire District Council│North East Derbyshire District Council│North East Derbyshire District Council│North East Derbyshire District Council│North East Derbyshire District Council│North East Derbyshire District Council
Wind Direction	Calm│Calm│Calm│Calm│South│South│South│South
interaction_type	PickedUp│RightGate│LeftGate│RightGate│LeftGate│Pushed│Pushed│Pushed
Org. Label	Wiltshire Council│Wiltshire Council│Wiltshire Council│Wiltshire Council│Wiltshire Council│Wiltshire Council│Wiltshire Council
TEAM_CITY	LA│LA│LA│LA│LA│LA│LA│LA
kaigukast	H6│H6│A7│A7│H6│A7│A7│A7
Namespace	Winter│Winter│Winter│Winter│Winter│Winter│Winter│Winter
Namespace	Cassini│Cassini│Cassini│Cassini│Cassini│Cassini│Cassini│Cassini
Steward	geo│geo│geo
Wind Direction	Calm│Calm│Calm│Calm│SSW│WSW│WSW│Calm
TEAM_CITY	Cleveland│Cleveland│Cleveland│Cleveland│Cleveland│Cleveland│Cleveland│Cleveland
Plattekill	3│3
TEAM_CITY	Philadelphia│Philadelphia│Philadelphia│Philadelphia│Philadelphia│Philadelphia│Philadelphia│Philadelphia
N	Ra│Ra│Ra│Ra│Ra│Ra│Ra│Ra
-.1	WARDEN
Provider State	AZ│AZ│AZ│AZ│AZ│AZ│AZ│AZ
repeat	or│may│to│was│operations,
exposure	Beecham2014npany│Beecham2014npany│Beecham2014npany│Beecham2014npany│Beecham2014npany│Beecham2014npany│Beecham2014npany│Beecham2014npany
School Location	AUSTRALIA│Florida│Florida│Illinois│Massachusetts│Massachusetts│Missouri│New York
title	Land for sale│Untitled Land for sale by nomination in Greenvale | Just $10K de│Ready to build block of land in wollert│North Facing, LAND FOR SALE, rectangular flat block of 448 sq│Land for sale│Land for sale│Land for Sale in Beveridge Victoria│LAND FOR SALE. $500.000 Prime Real Estate.   Approximately 879 s
DL State	FL│FL│FL│FL│FL│FL
review-id	review-id│319979│98054│124652│695340│561527│95919
interaction_type	Pushed│PickedUp│LeftGate│LeftGate│LeftGate│RightGate│RightGate│RightGate
TEAM_CITY	Sacramento│Sacramento│Sacramento│Sacramento│Sacramento│Sacramento│Sacramento│Sacramento
TEAM_CITY	Minnesota│Minnesota│Minnesota│Minnesota│Minnesota│Minnesota│Minnesota│Minnesota
subject_type	ORG│NOUN_CHUNK│NOUN_CHUNK│PERSON│NOUN_CHUNK│NOUN_CHUNK│NOUN_CHUNK│NOUN_CHUNK
Voto	En Contra│Afirmativo│En Contra│Afirmativo│Afirmativo│En Contra│En Contra│Afirmativo
Provider City	SIOUX FALLS│ABERDEEN│IRENE│BERESFORD│FREEMAN│SIOUX FALLS│CORSICA│STURGIS
DestState	CO│WA│CO│CA│CA│NY│NV│IA
Wind Direction	WSW│Calm│Calm│South│SSE│South│SSE│SSE
city_id	taipei_city│chiayi_city│new_taipei_city│pingtung_county│new_taipei_city│taichung_city│hualien_county│yunlin_county
topic_description	TRIAL_BY_JURY│TRIAL_BY_JURY│TRIAL_BY_JURY│TRIAL_BY_JURY│TRIAL_BY_JURY│TRIAL_BY_JURY│TRIAL_BY_JURY│TRIAL_BY_JURY
note	 │ Chaenoderma
property_owner_addrprovince	TX│TX
name	Alabama│Alaska│Arizona│Arkansas│California│Colorado│Connecticut│Delaware
__index_level_3__	Off Sharm el Sheikh, Egypt│Tashkent, Uzbekistan│Lake Erie, off Pelee Island, Ontario, Canada│Ghardaïa, Algeria│Bitonja, Bosnia-Herzegovina│Sharjah, United Arab Emirates│Cagliari, Italy│Trefoil Island, TAS, Australia
placeLocation	Morgan Hill, California│San Jose, California│Gilroy, California│Point Reyes National Seashore, California│Muir Beach, California│Sausalito, California│Mill Valley, California│Mill Valley, California
Wind Direction	Calm│Calm│NE│NE│ENE│ENE│ENE│ENE
value	Abchazisch│Adangme│Adygees│Afaan Oromo│Afar│Afrihili│Afrikaans│Aghem
sospechoso	Si│Si│Si│No│Si│No│Si│No
topic_description	HOBBIES_AND_CRAFTS│HOBBIES_AND_CRAFTS│HOBBIES_AND_CRAFTS│HOBBIES_AND_CRAFTS│HOBBIES_AND_CRAFTS│HOBBIES_AND_CRAFTS│HOBBIES_AND_CRAFTS│HOBBIES_AND_CRAFTS
TEAM_ABBREVIATION	DAL│DAL│DAL│DAL│DAL│DAL│DAL│DAL
TEAM_CITY	New Orleans│New Orleans│New Orleans│New Orleans│New Orleans│New Orleans│New Orleans│New Orleans
topic_description	HOBBIES_AND_CRAFTS│HOBBIES_AND_CRAFTS│HOBBIES_AND_CRAFTS│HOBBIES_AND_CRAFTS│HOBBIES_AND_CRAFTS│HOBBIES_AND_CRAFTS│HOBBIES_AND_CRAFTS│HOBBIES_AND_CRAFTS
County	DISTRICT: STEYER│GRAFENAU│OBERHAVEL│SAAREMAA│JÖGEVA│BERTIZARANA│LAMMI MUNICIPALITY
title_cn	大学挑战 │多方面分析 │胶片：到黑洞，然后再返回 │研究重点 │被控有罪 │相互刺激 │预配对以进行冷凝 │接口科学的兴起 
type	Emergency Department Visit│Emergency Department Visit│Emergency Department Visit│Emergency Department Visit│Emergency Department Visit│Emergency Department Visit│Emergency Department Visit│Emergency Department Visit
TEAM_CITY	Cleveland│Cleveland│Cleveland│Cleveland│Cleveland│Cleveland│Cleveland│Cleveland
County	County│BARBER│PIPESTONE│MURRAY│RENO│MONTGOMERY│County│SANTA ROSA
Key	Type│Subtype│Rect│Contents│P│NM│M│F
EXAMPLE_UCUM_UNITS	mV│mV│mV│mV│mV│mV│mV
School Location	California│California│Colorado│Florida│MALAYSIA│Massachusetts│Massachusetts│Massachusetts
TEAM_CITY	Dallas│Dallas│Dallas│Dallas│Dallas│Dallas│Dallas│Dallas
nom	Rolland│Voisin│Morel│Millet│Bonneau│Verdier│Renault
Lifespan	Long│Moderate│Long│Moderate│Long
Events	Fog│Fog│Fog
CRM	Criterium│/│Oaks,CA,,BMC│State│Francisco,CA,,BPG│Cruz,CA,,California
country_name_filter	Cyprus│Cyprus│Cyprus│Cyprus│Cyprus│Cyprus│Cyprus│Cyprus
Detector	contextOSE│contextOSE│contextOSE│contextOSE│contextOSE│contextOSE│contextOSE│contextOSE
Condition	Mostly Cloudy│Cloudy│Cloudy│Cloudy│Cloudy│Cloudy│Light Rain│Cloudy
ENGTYPE_1	State│State│State│State│State│State│State│State
dominant_object	Hand│Hand│HandToWrist
topic_description	HOBBIES_AND_CRAFTS│HOBBIES_AND_CRAFTS│HOBBIES_AND_CRAFTS│HOBBIES_AND_CRAFTS│HOBBIES_AND_CRAFTS│HOBBIES_AND_CRAFTS│HOBBIES_AND_CRAFTS│HOBBIES_AND_CRAFTS
Events	Snow│Snow│Snow│Snow│Snow
Wind Direction	Calm│NE│NE│Calm│NE│Calm│NE│NE
country_code_filter	MT│MT│MT│MT│MT│MT│MT│MT
Wind Direction	SSW│SSW│SW│SW│SW│WSW│SSW│South
location	Warsaw│Columbia│Columbia│Sedalia│Warrensburg│Carrollton│Mexico│Sedalia
Events	Fog│Fog│Fog
folder_owner_addrprovince	TX│TX│TX│TX│TX│TX│TX│TX
topic_description	CARE_OF_THE_ELDERLY│CARE_OF_THE_ELDERLY│CARE_OF_THE_ELDERLY│CARE_OF_THE_ELDERLY│CARE_OF_THE_ELDERLY│CARE_OF_THE_ELDERLY│CARE_OF_THE_ELDERLY│CARE_OF_THE_ELDERLY
StateCode	VA│VA│VA│VA
especievalida	Opuntia tehuantepecana│Opuntia tehuantepecana│Opuntia tehuantepecana│Opuntia tehuantepecana│Opuntia tehuantepecana│Opuntia tehuantepecana│Opuntia tehuantepecana│Opuntia tehuantepecana
arsenic	Adelaide Hills wine region
PLANT	EL_SEGUNDO_1-2│EL_SEGUNDO_3-4│LONG_BEACH│NORTH_ISLAND│ENCINA│KEARNY│SOUTH_BAY│COOLWATER
Events	Rain│Fog
Wind Direction	North│NNW│NNW│NNW│North│NNW│NNW│NNW
Filter	SCUBA-2-850um│SCUBA-2-850um│SCUBA-2-850um│SCUBA-2-850um│SCUBA-2-850um│SCUBA-2-850um│SCUBA-2-850um│SCUBA-2-850um
Active_BacVerNumber	Active_BacVerNumber│Active_BacVerNumber
interaction_type	Pushed│PickedUp│LeftGate│RightGate│RightGate│LeftGate│LeftGate│LeftGate
ALABAMA	ALABAMMA│ALLABAMA│ALASKA│ALSAKA│AMERICAN SAMOA│AMERICANSAMOA│ARIZONA│ARIZONIA
Wind Direction	WSW│WSW│WSW│WSW│WNW│WNW│WNW│NW
RACE	White│White│White│White│White│Other│Black│White
Category	Dairy│Dairy│Dairy│Dairy│Dairy│Dairy│Grocery│Grocery
BOTH_UNSET.5	BOTH_UNSET│BOTH_UNSET│BOTH_UNSET│BOTH_UNSET│BOTH_UNSET│BOTH_UNSET│BOTH_UNSET│BOTH_UNSET
OpCapDev	FARMLTC│FARMLTC│FARMLTC│FARMLTC│FARMLTC│FARMLTC│FARMLTC│FARMLTC
County	Adair│Adams│Allamakee│Appanoose│Audubon│Benton│Black Hawk│Boone
MIB Module	HH3C-PORT-SECURITY-MIB│HH3C-PORT-SECURITY-MIB│HH3C-PORT-SECURITY-MIB│HH3C-PORT-SECURITY-MIB│HH3C-PORT-SECURITY-MIB│HH3C-PORT-SECURITY-MIB│HH3C-PORT-SECURITY-MIB│HH3C-PORT-SECURITY-MIB
Steward	geo│geo│geo
__index_level_6__	Dispatcher│,40,
Wind Direction	NNW│NNW│Variable│NNW│NNW│NNW│North│North
__index_level_3__	Mt. Paku, Taiwan│Tyonek, Alaska│Gatwick Airport, Horley, Surrey, England│Near Bradford, Pennsylvania│Mt. Tawu, Thailand│Off Los Angeles, California│Shemya, Alaska│Near Hue, Vietnam
code	CHEAONE│CHEATWO│CHOONE│CHOTWO
County	County│WARD│BOTTINEAU│WALTON│HOLMES│PENNINGTON│PENNINGTON│HAAKON
CA	CA│CA│CA│CA
Wind Direction	SSW│SW│SW│SW│NNE│NNE│NNE│NNE
Language_ID	psi│pmv│ma│pda│pdh│la│st│sv
TEAM_CITY	LA│LA│LA│LA│LA│LA│LA│LA
Region	Baden-Württemberg State│Berlin State│Brandenburg State│Dolnoslaskie│Free Hanseatic City of Bremen│Free Hanseatic City of Hamburg│Free State of Bavaria│Free State of Saxony
DL State	FL│IN│FL│FL│FL│FL│FL│FL
PLANT	PITTSBURGH_1-4│PITTSBURGH_5-6│PITTSBURG_7│CONTRA_COSTA_4-5│CONTRA_COSTA_6-7│POTRERO_HILL│EL_SEGUNDO_1-2│EL_SEGUNDO_3-4
latlng_source	Mapbox Geocode│Mapbox Geocode│Mapbox Geocode│Mapbox Geocode│Mapbox Geocode│Mapbox Geocode
Wind Direction	SSW│South│South│South│South│South│South│South
Wind Direction	West│WNW│WNW│WNW│WNW│WNW│WNW│WNW
countryCode	BO│BO│BO│BO│BO│BO│BO│BO
Id	Id│0│1│5│7│8│9│10
Region	Latin America & Caribbean│South Asia│Sub-Saharan Africa│Europe & Central Asia│Europe & Central Asia│Middle East & North Africa│Latin America & Caribbean
__index_level_2__	Line│1
BOTH_UNSET.5	BOTH_UNSET│BOTH_UNSET│BOTH_UNSET│BOTH_UNSET│BOTH_UNSET│BOTH_UNSET│BOTH_UNSET│BOTH_UNSET
Wind Direction	ENE│East│East│ENE│ENE│ENE│NNE│ESE
County	Harrison│Wood│Jackson│Marion│Kanawha│Harrison│Kanawha│Greenbrier
attribute	Statewide│Statewide│Statewide│Statewide│Statewide│Statewide│Note│Note
__index_level_18__	ENDMEASURE
regionId	FINANCIAL_REGION~US│FINANCIAL_REGION~EUROPE│FINANCIAL_REGION~US
title	Mount Saint-Michel during low tide.│Wisteria climbing up a home in South Kensington, London│This place is the definition of Autumn│Holland at dusk│Deer drinking water from lake at sunset│Dog and Mountains from Tent│Levi the mini Aussie puppy at Lake Louise in Banff│Portofino, Italy.
Wind Direction	SSW│South│SSW│SW│WSW│Calm│Calm│Calm
TEAM_CITY	Sacramento│Sacramento│Sacramento│Sacramento│Sacramento│Sacramento│Sacramento│Sacramento
"﻿""State"""	ALABAMA│ALASKA│ARIZONA│ARKANSAS│CALIFORNIA│COLORADO│CONNECTICUT│DELAWARE
__index_level_2__	County│HONOLULU│KAUAI│HAWAII│HAWAII│HONOLULU│MAUI│HAWAII
Unnamed: 0	Alabama│Alaska│Arizona│Arkansas│California│Colorado│Connecticut│Delaware
TEAM_CITY	Washington│Washington│Washington│Washington│Washington│Washington│Washington│Washington
TEAM_CITY	Golden State│Golden State│Golden State│Golden State│Golden State│Golden State│Golden State│Golden State
GroupState	AK│AK
Location	Zero-waste│Carrefour│Carrefour│Asian Shop│Carrefour│Carrefour│Carrefour│Zero-waste
longName	Euroseas Ltd.│Euroseas Ltd.│Euroseas Ltd.│Euroseas Ltd.
Language_ID	pmv│pda│pwc│pdh│la│da│ch│wi
TEAM_CITY	Golden State│Golden State│Golden State│Golden State│Golden State│Golden State│Golden State│Golden State
exposure	Beecham2014npany│Beecham2014npany│Beecham2014npany│Beecham2014npany│Beecham2014npany│Beecham2014npany│Beecham2014npany│Beecham2014npany
Event	Running│InputWindowOpen│KeyDown│KeyDown│KeySequenceStopped│KeyDown│KeyDown│KeySequenceStopped
COUNTY	Limestone│Denton│Wilbarger│Wheeler│Polk│Lavaca│Harris│Gillespie
Wind Direction	Calm│North│NE│NE│Calm│Calm│NE│NNE
OrganisationLabel	West Devon Borough Council│West Devon Borough Council│West Devon Borough Council│West Devon Borough Council
interaction_type	RightGate│Pushed│RightGate│PickedUp│RightGate│RightGate│Pushed│LeftGate
RockType	Norian dolomite, small areas limestone│Coarse-grained leucigranite with trace of biotite│Granite (carboniferous), gneiss│Pleistocene, brandenburger ph.of weichsel-glacial period│Limestone│Sandstone│Granodiorite
ENGTYPE_2	District│District│District│District│District│District│District│District
TEAM_CITY	LA│LA│LA│LA│LA│LA│LA│Indiana
geography	county│county│county│county│county│county│county│county
Wind Direction	WNW│NW│NNW│NNW│Calm│SSW│SW│SSW
__index_level_1__	Cross Country│Cross Country│Cross Country│Cross Country│Cross Country│Cross Country│Cross Country│Cross Country
TEAM_CITY	Memphis│Memphis│Memphis│Memphis│Memphis│Memphis│Memphis│Memphis
COUNTY	Limestone│Denton│Wilbarger│Wheeler│Polk│Lavaca│Harris│Gillespie
DL State	FL│FL│FL│FL│FL│FL│FL│FL
Wind Direction	SSW│SSW│SSW│SW│SSW│SSW│SW│SSW
home	Stephensonview│North Daniel│Port Christine│East David│South Morgan│Garciastad│Stephenstown│Newmanshire
interaction_type	Pushed│LeftGate│LeftGate│RightGate│RightGate│LeftGate│RightGate│PickedUp
folder_owner_addrprovince	TX│TX│TX│TX│T│TX│TX│T
Term Source REF.5	UO│UO│UO│UO
Events	Fog│Fog│Fog│Fog│Fog│Fog│Fog│Fog
Events	Fog
Wind Direction	SSE│Calm│Calm│Calm│Calm│South│Calm│SSE
interaction_type	PickedUp│Pushed│Pushed│LeftGate│RightGate│LeftGate│RightGate│LeftGate
Events	Fog│Fog
Nields	Criterium│C,Kyer,Boulder,CO,08:01.7,UCI│CT:│Organic│T,Selker,Boulder,CO,08:03.5,Groove│Springs│Grocers
Wind Direction	East│East│East│East│East│East│East│East
Home	West Jennifer│South Deanna│Jacobtown│Wallerbury│Michaelmouth│Fullermouth│Melvinburgh│East Rachel
origin_cf_job	unskilled - resident│unskilled - resident│unskilled - resident
__index_level_1__	Cross Country│Cross Country│Cross Country│Cross Country│Cross Country│Cross Country│Cross Country│Cross Country
countryCode	VA│VA│VA│VA│VA│VA│VA│VA
County	RALLS│County│JEFFERSON│CALCASIEU│YAZOO│LAWRENCE│YAZOO│ST. TAMMANY
Region	Baden-Wurttemberg│Bavaria│Berlin│Brandenburg│Bremen│Dolnośląskie│Germany│Hamburg
V26	orderPres│1│2│3│4│5
interaction_type	PickedUp│Pushed│Pushed│LeftGate│LeftGate│LeftGate│LeftGate│LeftGate
County	District Of Columbia│District Of Columbia│District Of Columbia│District Of Columbia│District Of Columbia│District Of Columbia│District Of Columbia│District Of Columbia
TEAM_CITY	San Antonio│San Antonio│San Antonio│San Antonio│San Antonio│San Antonio│San Antonio│San Antonio
topic_description	TRIAL_BY_JURY│TRIAL_BY_JURY│TRIAL_BY_JURY│TRIAL_BY_JURY│TRIAL_BY_JURY│TRIAL_BY_JURY│TRIAL_BY_JURY│TRIAL_BY_JURY
Value	*mą́-ška│*mąthúška│*wątúške│*mą́ška│matúška│mąthúška│matuṡka│hįdúsge
Language_ID	pmv│pda│pwc│pdh│la│la│la│la
Memorial	Race│Race
DL State	FL│FL│FL│FL│FL│FL│FL│FL
__index_level_29__	total)│of│of│people)
Wind Direction	SSE│SSE│South│South│South│South│South│South
Method	Map│CreateTypeMap│Map│MapCollection│MapDynamic│GetInstanceCache
topic_description	FAMILY_REUNIONS│FAMILY_REUNIONS│FAMILY_REUNIONS│FAMILY_REUNIONS│FAMILY_REUNIONS│FAMILY_REUNIONS│FAMILY_REUNIONS│FAMILY_REUNIONS
Wind Direction	West│SW│SW│WSW│WSW│West│WSW│WSW
ANSI.letters	US│AL│AK│AZ│AR│CA│CO│CT
PATRICK	CORINNA│PATRICK│CORINNA│PATRICK│CORINNA│PATRICK│CORINNA│PATRICK
Wind Direction	SSE│SSE│SE│SE│South│South│SSE│South
Language_ID	psi│pmv│pda│pwc│pbo│la│la│la
flood_area_1	Flood area 1 (%)│10
Provider State	NM│NM│NM│NM│NM│NM│NM│NM
__index_level_1__	; Seasonally adjusted at annual rates                           │Quarterly data from 1947 To 2009│Bureau of Economic Analysis│Data published February 26, 2010 │File created 2/25/2010 8:34:42 AM│Line
AreaCode	CA│CA│CA│CA
Data provider	Land Journal│Land Journal│Land Journal│Land Journal│Land Journal│Land Journal│Land Journal│Land Journal
region_code_filter	larnaca_district│larnaca_district│larnaca_district│larnaca_district│larnaca_district│larnaca_district│larnaca_district│larnaca_district
venue_state	CA│MA│MA│MA
Wind Direction	Calm│Calm│Calm│Calm│Calm│Calm│Calm│Calm
Wind Direction	South│SSE│South│South│SSW│SSE│South│SSW
Wind Direction	SSW│SSW│SW│Calm│SW│SSW│SW│SW
TEAM_CITY	Sacramento│Sacramento│Sacramento│Sacramento│Sacramento│Sacramento│Sacramento│Sacramento
TEAM_CITY	Minnesota│Minnesota│Minnesota│Minnesota│Minnesota│Minnesota│Minnesota│Minnesota
__index_level_1__	; Seasonally adjusted at annual rates                           │Quarterly data from 1947 To 2007│Bureau of Economic Analysis│Data published April 27, 2007    │File created 4/26/2007 8:19:59 AM│Line
name	Nanggroe Aceh Darussalam│Sumatra Utara│Sumatra Barat│Riau│Jambi│Sumatra Selatan│Bengkulu│Lampung
EstadoDoc	Si│Si│Si
V26	orderPres│1│2│3│4│5
ApellidoPaterno	Sauerbaum│Undurraga│Urruticoechea│Verdessi│Von Mühlenbrock│Baltolu│Barros│Fuenzalida
location	unknown│HK│HK│IN│IN│HK│IN│IN
TEAM_CITY	LA│LA│LA│LA│LA│LA│LA│LA
region	BC│BC
ISO	US USA│US-AL│US-AK│US-AZ│US-AR│US-CA│US-CO│US-CT
-.1	SIDEB│Attack.
Provider State	ID│ID│ID│ID│ID│ID│ID│ID
BOTH_UNSET.3	BOTH_UNSET│BOTH_UNSET│BOTH_UNSET│BOTH_UNSET│BOTH_UNSET│BOTH_UNSET│BOTH_UNSET│BOTH_UNSET
Wind	CALM│WNW│NW│NW│NW│NW│W│W
outcome	Beecham2014vbiany│Beecham2014vbiany│Beecham2014vbiany│Beecham2014vbiany│Beecham2014vbiany│Beecham2014vbiany│Beecham2014vbiany│Beecham2014vbiany
__index_level_2__	County│HONOLULU│KAUAI│HAWAII│HAWAII│HONOLULU│MAUI│HAWAII
Data provider	Land Journal│Land Journal│Land Journal│Land Journal│Land Journal│Land Journal│Land Journal│Land Journal
groupingname	Grouping-1│Grouping-2│Grouping-3│Grouping-3│Grouping-2
VNDR_SHP_PMT_TERM_CD	PD│AL
Walla.3	Collegiate
Wind Direction	Variable│SSW│WSW│WSW│SW│SW│SSW│WSW
Wind Direction	NE│North│East│Calm│Calm│Calm│Calm│Calm
Quality of evidence	:qoe│NOT GIVEN│NOT GIVEN│NOT GIVEN│NOT GIVEN│NOT GIVEN│HIGH
Wind Direction	SW│SW│SW│SW│SW│SW│SW│WSW
TEAM_CITY	LA│LA│LA│LA│LA│LA│LA│LA
Events	Fog
Wind Direction	ENE│ENE│ENE│NE│NE│NNE│NNE│NE
<lis	Da│Da│Da
interaction_type	PickedUp│Pushed│RightGate│RightGate│RightGate│LeftGate│RightGate│LeftGate
Provider State	WY│WY│WY│WY│WY│WY│WY│WY
Wind Direction	East│East│ENE│ENE│East│East│ENE│East
Event	Running│InputWindowOpen│InputWindowClosed│DecisionAcceptAllInput│NewPolicyMeetDesignGoals│KeyDown│KeyDown│KeyDown
label	Veri│Qender│Jug│Ostösterreich│Burgenland (AT)│Niederösterreich│Wien│Südösterreich
Wind Direction	Calm│Calm│Calm│Calm│Calm│NNE│Calm│ESE
TEAM_CITY	Oklahoma City│Oklahoma City│Oklahoma City│Oklahoma City│Oklahoma City│Oklahoma City│Oklahoma City│Oklahoma City
state_id	massachusetts │newyork│florida│illinois│california│nevada│washington│colorado
Wind Direction	West│ESE│Calm│Calm│NE│East│East│East
interaction_type	RightGate│RightGate│RightGate│RightGate│LeftGate│LeftGate│RightGate│Pushed
Project	SEServerGUI│SEServerGUI│SEServerGUI│SEServerGUI│SEServerGUI│SEServerGUI
County	Fairbanks│Bethel│Kenai-Cook Inlet│Wrangell-Petersburg│Juneau│Anchorage│Nome│Ketchikan
topic_description	CARE_OF_THE_ELDERLY│CARE_OF_THE_ELDERLY│CARE_OF_THE_ELDERLY│CARE_OF_THE_ELDERLY│CARE_OF_THE_ELDERLY│CARE_OF_THE_ELDERLY│CARE_OF_THE_ELDERLY│CARE_OF_THE_ELDERLY
Wind Direction	Calm│Calm│Calm│Calm│Calm│Calm│Calm│Calm
interaction_type	PickedUp│LeftGate│LeftGate│LeftGate│LeftGate│RightGate│LeftGate│RightGate
code	CHEAONE│CHEATWO│CHOONE│CHOTWO
Wind Direction	SSW│SSW│SSW│SW│SSW│SSW│SW│SSW
groupingname	Grouping-1│Grouping-2│Grouping-3│Grouping-3│Grouping-2
-.1	WARDEN
Publication	Brittonia│Brittonia│Brittonia│Brittonia│Brittonia│Brittonia│Brittonia│Brittonia
Wind Direction	NE│ENE│NE│Calm│Calm│Calm│Calm│SE
idDominio	{idDominio}│{idDominio}
topic_description	SOCIAL_CHANGE│SOCIAL_CHANGE│SOCIAL_CHANGE│SOCIAL_CHANGE│SOCIAL_CHANGE│SOCIAL_CHANGE│SOCIAL_CHANGE│SOCIAL_CHANGE
TEAM_CITY	LA│LA│LA│LA│LA│LA│LA│LA
Wind Direction	ENE│ENE│East│ENE│East│ENE│East│East
DistConocida	Si│Si│Si
note	 Sawadaea│ Sawadaea polyfida var. japonica
OrganisationLabel	Adur District Council│Adur District Council│Adur District Council│Adur District Council│Adur District Council│Adur District Council│Adur District Council│Adur District Council
country_code_filter	LV│LV│LV│LV│LV│LV│LV│LV
Unnamed: 0	Alabama│Alaska│Arizona│Arkansas│California│Colorado│Connecticut│Delaware
TEAM_CITY	LA│LA│LA│LA│LA│LA│LA│LA
OrganisationLabel	Adur District Council│Adur District Council│Adur District Council│Adur District Council│Adur District Council│Adur District Council│Adur District Council│Adur District Council
TEAM_CITY	LA│LA│LA│LA│LA│LA│LA│LA
AlanGreene09	AlanGreene09│AlanGreene09│AlanGreene09│AlanGreene09│AlanGreene09│AlanGreene09│AlanGreene09│AlanGreene09
County	CARROLL│FULTON│MUSCOGEE│STEWART│STEWART│WEBSTER│TALBOT│LUMPKIN
Wind Direction	ENE│East│East│East│SSE│ESE│Calm│NNE
Composition:	10-11:│and│Castle│Fair
Wind Direction	SSE│South│East│ESE│ESE│SE│SE│ESE
TEAM_CITY	Milwaukee│Milwaukee│Milwaukee│Milwaukee│Milwaukee│Milwaukee│Milwaukee│Indiana
TEAM_CITY	Indiana│Indiana│Indiana│Indiana│Indiana│Indiana│Indiana│Indiana
citation_micro	Fl. N. Amer. (Torr. & A. Gray) 2: 314, in syn. 1842│315 1842│Fl. N Amer. 2 (1841) 315│Contr. Gray Herb. 65 45 1922│277 1888│Fl. N. Amer. (Torr. & A. Gray) 2: 315 1842│Smithsonian Contr. Knowl. 3(5): 107. 1852 Pl. Wright. pt. 1
label	The Dala'il al-Khayrat of al-Juzuli│Sulwan Al-Muta'a│Map of the World│Faridun crosses the River Dijla, fol. 33v│Panel from Iran│Diwan of Jami Manuscript│Page from the Shahnama│Silk Tapestry Depicting the story of Leila and Majnun
Unnamed: 0	Alabama│Alaska│Arizona│Arkansas│California│Colorado│Connecticut│Delaware
TEAM_CITY	LA│LA│LA│LA│LA│LA│LA│LA
Events	Fog│Fog│Fog
cs5Label	Other info│Other info│Other info
V28	timestamp│55578288│55583825│55587621│55593243│55597707
Organisation Label	Harborough District Council │Harborough District Council │Harborough District Council │Harborough District Council │Harborough District Council │Harborough District Council │Harborough District Council │Harborough District Council 
Region	Latin America & Caribbean│South Asia│Sub-Saharan Africa│Europe & Central Asia│Europe & Central Asia│Middle East & North Africa│Latin America & Caribbean
13-ku	Mada
OrganisationLabel	Wiltshire Council│Wiltshire Council│Wiltshire Council│Wiltshire Council│Wiltshire Council│Wiltshire Council│Wiltshire Council│Wiltshire Council
Wind	W│W│W│WNW│W│WNW│WNW│WNW
codelist	parliamentary-constituencies│parliamentary-constituencies│parliamentary-constituencies│parliamentary-constituencies│parliamentary-constituencies│parliamentary-constituencies│parliamentary-constituencies│parliamentary-constituencies
name	Tournaya│gossweileri
citation_micro	Opera Bot. 104 167 1991│Opera Bot. 104: 167 (1991)│Folia Geobot. Phytotax. 9(3): 270 1974│Opera Bot. 104 167 1991│Opera Bot. 104 167 1991│Dict. Sci. Nat. 56: 216 (1828)│1828
TEAM_CITY	LA│LA│LA│LA│LA│LA│LA│LA
'swedish', 'area'	 'italian', 'area'
_value	"SURVEY│geotagger│[""Description"",""Image_uriFragment"",""Location_latitude"",""Location│MAP│config/tables/geotagger/html/geo_detail.html│{""text"":""Geotagger""}│config/tables/geotagger/html/geo_list.html│config/tables/geotagger/html/geo_list.html"
title_cn	评审中的认可 │物理三月 │天基重力波检测以及LISA Pathfinder如何成功铺平道路 │引起共鸣 │没有人去过的地方 │这就是你穿的方式 │马戏团把戏与光 │下雨的世界 
name	Australian Capital Territory│New South Wales│Northern Territory│Queensland│South Australia│Tasmania│Victoria│Western Australia
Wind Direction	SE│ESE│SE│ESE│East│SE│SE│SE
associations	The Isleham hoard│The Isleham hoard
County	HANSFORD│BELTRAMI│VERMILION│CHAMPAIGN│CLARK│VERMILION│County│HARRISON
County	Marion│Kanawha│Calhoun│Wayne│Jefferson│Putnam│Wyoming│Mercer
Wind Direction	Calm│Calm│Calm│Calm│Calm│Calm│Calm│SSW
PID	Chart│Chart│Chart│Chart│Chart│Chart│Chart│Chart
Nêhiyawêwin 1	wayês│kahkiyaw│mîna│êkwa│kisik│itê│asê│ispayin
Resource Type	Petition│Petition│Petition│Petition│Petition│Petition│Petition│Petition
GEO.display-label	Geography│United States│North Carolina│Alamance County, North Carolina│Brunswick County, North Carolina│Buncombe County, North Carolina│Burke County, North Carolina│Cabarrus County, North Carolina
Namespace	NeHeLesson7│NeHeLesson7│NeHeLesson7│NeHeLesson7│NeHeLesson7│NeHeLesson7│NeHeLesson7│NeHeLesson7
Periodicity	Annual│Annual│Annual│Annual│Annual│Annual│Annual
cat3	GandT│GandT│Marketing│Construction│Finance│Statewide│Distribution│Distribution
Language_ID	pmv│pda│pdh│pbo│la│da│wi│wi
Custom Alignment	LV│LV│LV│LV│LV│LV
Wind Direction	Variable│NNE│NNE│NNE│NE│NE│NE│NE
tenure_type	FH│FH│FH│FH│FH│FH│FH│FH
County	Cabell│Harrison│Jackson│Wood│Morgan│Marion│Berkeley│Jefferson
name	Sevilbarra/萨比尔巴拉│Sevilbarra/萨比尔巴拉│Lyria/露莉亚│Sevilbarra/萨比尔巴拉
__index_level_1__	; Seasonally adjusted at annual rates                           │Quarterly data from 1969 To 2014│Bureau of Economic Analysis│Data published March 27, 2015    │File created 3/26/2015 3:49:51 PM│Line
country_code_filter	LV│LV│LV│LV│LV│LV│LV│LV
Albanian Lek	Argentenian Peso│Austrian Schilling│Australian Dollar│Convertible Marka│Bangladeshi Taka│Belgian Franc│Bulgarian Lev│Brazilian Real
TEAM_CITY	Minnesota│Minnesota│Minnesota│Minnesota│Minnesota│Minnesota│Minnesota│Minnesota
Unnamed: 0	Alabama│Alaska│Arizona│Arkansas│California│Colorado│Connecticut│Delaware
TEAM_CITY	LA│LA│LA│LA│LA│LA│LA│LA
TEAM_CITY	Indiana│Indiana│Indiana│Indiana│Indiana│Indiana│Indiana│Indiana
GEO.display-label	Geography│United States│North Carolina│Durham County, North Carolina│Forsyth County, North Carolina│Guilford County, North Carolina
World / Drawdown Region	OECD90│Latin America│Latin America│Latin America│Latin America│OECD90│OECD90│Asia (Sans Japan)
COUNTY	Limestone│Denton│Wilbarger│Wheeler│Polk│Lavaca│Harris│Gillespie
Wind Direction	ENE│Calm│East│East│East│Calm│North│East
EstadoDoc	Si│Si│Si│Si│Si│Si│Si│Si
TEAM_CITY	Golden State│Golden State│Golden State│Golden State│Golden State│Golden State│Golden State│Golden State
Provider State	NM│NM│NM│NM│NM│NM│NM│NM
OrganisationLabel	South Staffordshire District Council│South Staffordshire District Council│South Staffordshire District Council│South Staffordshire District Council│South Staffordshire District Council│South Staffordshire District Council│South Staffordshire District Council│South Staffordshire District Council
TEAM_CITY	Indiana│Indiana│Indiana│Indiana│Indiana│Indiana│Indiana│Indiana
TEAM_CITY	Oklahoma City│Oklahoma City│Oklahoma City│Oklahoma City│Oklahoma City│Oklahoma City│Oklahoma City│Oklahoma City
geo_id	al│ar│az│ca│co│ct│fl│ga
__index_level_1__	Cross Country Marathon│Cross Country Marathon│Cross Country Marathon│Cross Country Marathon│Cross Country Marathon│Cross Country Marathon│Cross Country Marathon│Cross Country Marathon
lgID	AL│AL│AL│AL│AL│AL│AL│AL
S11	State│Maharashtra│Maharashtra│Maharashtra│Maharashtra
Wind Direction	WSW│WSW│WSW│WSW│Calm│Calm│Variable│Calm
TEAM_CITY	Los Angeles│Los Angeles│Los Angeles│Los Angeles│Los Angeles│Los Angeles│Los Angeles│Los Angeles
unsettling_description	TODO│TODO│TODO│TODO│TODO│TODO│TODO│TODO
flattened_themes_2	DEATH_PENALTY│TRIAL│PROPERTY_RIGHTS│FOOD_SECURITY│FOOD_STAPLE│CRIME_CARTELS│CRIME_COMMON_ROBBERY│CRIME_ILLEGAL_DRUGS
__index_level_2__	County│HONOLULU│KAUAI│HONOLULU│MAUI│HAWAII│HAWAII│HAWAII
DistPotencial	Si│Si│Si│Si│Si│Si
Design smell	Feature Envy│Feature Envy│Feature Envy│Feature Envy│Feature Envy│Feature Envy│Feature Envy│Feature Envy
Wind Direction	WNW│WNW│Calm│NNW│NNW│North│NNW│NNW
name	Malania│oleifera
folder_owner_addrprovince	TX│TX│TX│TX│TX│TX│TX
BRAAVOSI MAN	ARYA│MAN│ARYA│BRAAVOS - THE HOUSE OF BLACK AND WHITE They arrive at The House │ARYA│MAN│ARYA│An old man enters ARYA
TEAM_CITY	Indiana│Indiana│Indiana│Indiana│Indiana│Indiana│Indiana│Indiana
groupingname	Grouping-1│Grouping-2│Grouping-3│Grouping-3│Grouping-2
country_id	Peru│Peru│Peru
Family	Atlantic-Congo│Afro-Asiatic│Afro-Asiatic│Afro-Asiatic│Saharan│Afro-Asiatic│Indo-European│Indo-European
__index_level_1__	Criterium│Criterium│Criterium│Criterium│Criterium│Criterium│Criterium│Criterium
__index_level_132__	over│the│sunlight.The│8│did│Somalia
Wind Direction	WNW│West│West│West│West│West│WNW│West
venue_state	CA│GA│GA│FL│CA
value	ارمني│ازبکي│الماني│انګلیسي│ایټالوي│بلوڅي│پښتو│پورتګالي
<title>	geochemicalPara│tiliaCordata│yearChange│dataNeo│biologicalSignals│rootLength│temporalDynamics│soilMoisture
TEAM_CITY	Oklahoma City│Oklahoma City│Oklahoma City│Oklahoma City│Oklahoma City│Oklahoma City│Oklahoma City│Oklahoma City
TEAM_CITY	Golden State│Golden State│Golden State│Golden State│Golden State│Golden State│Golden State│Golden State
value	Abkhazian│Achinese│Acoli│Adangme│Adyghe│Afar│Afrihili│Afrikaans
Language_ID	psc│psi│pma│pmv│pse│ca│ma│ma
Buffer (Km)	Si│No│Si
Wind Direction	SSW│Calm│East│North│Variable│NE│Calm│East
Namespace	NeHeLesson3│NeHeLesson3│NeHeLesson3│NeHeLesson3│NeHeLesson3│NeHeLesson3│NeHeLesson3│NeHeLesson3
Unnamed: 0	Alabama│Alaska│Arizona│Arkansas│California│Colorado│Connecticut│Delaware
__index_level_1__	Cross Country│Cross Country│Cross Country│Cross Country│Cross Country│Cross Country│Cross Country│Cross Country
Grassland	Forested Mountains│Mountains│Forested Hills│Forest│Forest│Grassland│Starfruit Forest│Forested Mountains
Menlo	Criterium│Francisco,CA,,GS│City,CA,,Labor│Jose,CA,,Safeway│Communications│Rosa,CA,,Team
Wind Direction	SSW│SSW│SW│South│South│South│South│South
titlepart	Geojson│Shapefile│KML│KMZ
TEAM_CITY	Minnesota│Minnesota│Minnesota│Minnesota│Minnesota│Minnesota│Minnesota│Minnesota
OrganisationLabel	Christchurch Borough Council│Christchurch Borough Council│Christchurch Borough Council│Christchurch Borough Council│Christchurch Borough Council│Christchurch Borough Council│Christchurch Borough Council│Christchurch Borough Council
Wind Direction	ENE│NE│Calm│NNE│ENE│NE│NE│NE
__index_level_1__	Downhill│Downhill│Downhill│Downhill│Downhill│Downhill│Downhill│Downhill
nombreProducto	Tapa diseño│Tapa diseño│Tapa diseño
Events	Rain-Thunderstorm│Rain-Thunderstorm│Rain│Rain│Fog│Fog
tenure_type	FH│FH│FH│FH│FH│FH│FH│FH
County	County│CATOOSA│SPARTANBURG│COFFEE│FRESNO│County│MADISON│ETOWAH
Day	Men│Coast│Coast
Tamil (India)(ta-IN)	இப்பகுதியில் கொஞ்சம் பாங்குகள் அல்லது விவரங்களைத் தேடுங்கள்│AR தொடங்குகிறது│இங்கே இருட்டாக இருக்கிறது. வெளிச்சம் உள்ள இடத்திற்குச் செல்லுங்க│மெதுவாக நகர முயற்சிக்கவும்│கண்காணிப்பு தொடங்க காத்திருக்கவும்│AR அம்சம் ஆதரிக்கப்படவில்லை│ கண்காணிக்க ஒரு உடலைக் கண்டுபிடிக்கவும்│கண்காணிக்க ஒரு முகத்தைக் கண்டறியவும்
Wind Direction	WNW│Variable│Calm│Calm│Variable│NW│WNW│Variable
Provider State	DC│DC│DC│DC│DC│DC│DC│DC
name	Alabama│Alaska│Arizona│Arkansas│California│Colorado│Connecticut│Delaware
TEAM_CITY	LA│LA│LA│LA│LA│LA│LA│LA
__index_level_359__	at│Co
NationalAdministratorCode	LI│LI
time_identifier	Calendar year│Calendar year│Calendar year│Calendar year│Calendar year│Calendar year│Calendar year│Calendar year
EstadoDoc	Si│Si│Si│Si│Si
venue_state	GA│GA│CA
note	 │ Massalongina aquilina│ aguilina
region_name_filter	Famagusta District│Famagusta District│Famagusta District│Famagusta District│Famagusta District│Famagusta District│Famagusta District│Famagusta District
OrganisationLabel	Basingstoke & Deane Borough Council│Basingstoke & Deane Borough Council│Basingstoke & Deane Borough Council│Basingstoke & Deane Borough Council│Basingstoke & Deane Borough Council│Basingstoke & Deane Borough Council│Basingstoke & Deane Borough Council│Basingstoke & Deane Borough Council
Slug Geography	washington│portland-vancouver-hillsboro-or-wa-metro-area│spokane-wa-metro-area│seattle-tacoma-bellevue-wa-metro-area│idaho│united-states│oregon│oregon
name	Agialida│nigra
Region	Latin America & Caribbean│South Asia│Sub-Saharan Africa│Europe & Central Asia│Europe & Central Asia│Middle East & North Africa│Latin America & Caribbean
dominant_object	Hand│Hand│Hand│Hand│HandToWrist
Steward	geo│geo│geo│geo│geo│geo
StateCode	VA│VA│VA
__index_level_150__	the│patient│be│local│to│to
interaction_type	LeftGate│RightGate│RightGate│LeftGate│RightGate│RightGate│LeftGate│RightGate
School Location	California│Colorado│District of Columbia│Georgia│Iowa│Maryland│Maryland│Massachusetts
Wind Direction	South│SSW│West│SW│SW│SW│SSW│SW
types	Sorcery│Creature│Creature│Sorcery│Sorcery│Instant│Instant│Creature
value	Achinese│Adangme│Adyghe│Afar│Afrihili│Ainu│Akkadian│Akoose
TEAM_CITY	LA│LA│LA│LA│LA│LA│LA│LA
lgID	NL│NL│NL│NL│NL│NL│NL│NL
.got_flags	WA│WA│WA
id.outcome	ncieIq│ncieIq│ncieIq│ncieIq│ncieIq│ncieIq│ncieIq│ncieIq
Wind Direction	East│ESE│Calm│Calm│Calm│SSW│Calm│Calm
GEO.display-label	Geography│United States│North Carolina│Durham County, North Carolina│Forsyth County, North Carolina│Guilford County, North Carolina
TEAM_CITY	LA│LA│LA│LA│LA│LA│LA│LA
team	ONEBILLION│ONEBILLION│ONEBILLION│ONEBILLION│ONEBILLION│ONEBILLION│ONEBILLION│ONEBILLION
media	M9galactonate│M9galactonate│M9galactonate│M9galactonate│M9galactonate│M9galactonate│M9galactonate│M9galactonate
geographic_level	Local authority│Local authority│Local authority│Local authority│Local authority│Local authority│Local authority│Local authority
__index_level_29__	total)│of│of│people)
name	Ann Arbor│Back Lake│Contwoyto│Dawson City│Eskimo Point│Fort Chipewyan│Fort Churchill│Fort Simpson
interaction_type	PickedUp│LeftGate│LeftGate│LeftGate│LeftGate│LeftGate│LeftGate│LeftGate
privacyModel	K_ANONYMITY│K_ANONYMITY│K_ANONYMITY│K_ANONYMITY│K_ANONYMITY│K_ANONYMITY│K_ANONYMITY│K_ANONYMITY
Arabic_Names	فريد حسن نصر│محمد رشيد الطبش│يوسف شفيق يحيى│هادي فخري عبد الصمد│فداء موسى الامين│شادي فضل الله فواز│احمد زكريا درزي│جورج حبيب صليبا
Wind Direction	Calm│Calm│South│SW│WSW│WSW│WSW│WSW
topic_description	SOCIAL_CHANGE│SOCIAL_CHANGE│SOCIAL_CHANGE│SOCIAL_CHANGE│SOCIAL_CHANGE│SOCIAL_CHANGE│SOCIAL_CHANGE│SOCIAL_CHANGE
region	South│West│West│South│West│West│Northeast│South
TEAM_CITY	San Antonio│San Antonio│San Antonio│San Antonio│San Antonio│San Antonio│San Antonio│San Antonio
value	Abkhazian│Achinese│Acoli│Adangme│Adyghe│Afar│Afrihili│Afrikaans
Wind Direction	Calm│Calm│Calm│Calm│Calm│NE│East│NNE
__index_level_1__	; Seasonally adjusted at annual rates                           │Quarterly data from 1947 To 2004│Bureau of Economic Analysis│Data published September 29, 2004│File created 9/29/2004 9:52:28 AM│Line
Wind Direction	East│East│ESE│East│North│Calm│East│ENE
shocks/dw2_dw3[1]/current_loop_disaster1	Floods│Floods│Diseases│Attacks│Strong_winds│Diseases│Floods
st	CO│CO│CO│CO│CO│CO│CO│CO
TEAM_CITY	Minnesota│Minnesota│Minnesota│Minnesota│Minnesota│Minnesota│Minnesota│Minnesota
Wind Direction	SW│West│West│WSW│WSW│West│West│West
circuit	Circuit│Park,MD,,Team│Creek│Creek│Creek
property_owner_addrprovince	TX│TX│TX│TX│TX
value	Abkhazia│Achinese│Adangme│Adyghe│Afar│Afrihili│Afrikaans│Aghem
TEAM_CITY	Utah│Utah│Utah│Utah│Utah│Utah│Utah│Utah
TEAM_CITY	Washington│Washington│Washington│Washington│Washington│Washington│Washington│Indiana
County	STORY│STORY│JOHNSON│JOHNSON│BLACK HAWK│JOHNSON│MONONGALIA│ROCK ISLAND
WB_Country_ID.17	MV│TO│MK│HT│SY│GQ
__index_level_1__	; Seasonally adjusted at annual rates                           │Quarterly data from 1947 To 2010│Bureau of Economic Analysis│Data published June 25, 2010     │File created 6/24/2010 10:39:00 AM│Line
TEAM_CITY	Golden State│Golden State│Golden State│Golden State│Golden State│Golden State│Golden State│Golden State
groupingname	Grouping-1│Grouping-2│Grouping-3│Grouping-3│Grouping-2
-.1	from│Archers│BARBARIAN│BARBARIANS
Delta	Chao Praya│Chao Praya│Ganges-Brahmaputra│Po│Po│Burdekin│Burdekin
Speaker	Sanyam Bhutani│Suzana│Sanyam Bhutani│Suzana│Sanyam Bhutani│Suzana│Sanyam Bhutani│Suzana
TEAM_CITY	LA│LA│LA│LA│LA│LA│LA│LA
__index_level_1__	Criterium│Criterium│Criterium│Criterium│Criterium│Criterium│Criterium│Criterium
value	Abkhazia│Achinese│Adangme│Adyghe│Afar│Afrihili│Afrikaans│Aghem
interventionType.dataStatus	GREEN│???│GREEN│GREEN│AMBER│GREEN│RED - No data found│AMBER
Land	Criterium│Francisco,CA,00:00.0,Webcor/Alto│CLIF│Italian│Oaks,CA,00:00.0,│Francisco,CA,00:00.0,Fusion
interaction_type	PickedUp│PickedUp│LeftGate│LeftGate│RightGate│LeftGate│RightGate│LeftGate
i	auris=at&ulla
interaction_type	RightGate│LeftGate│LeftGate│Pushed│PickedUp│RightGate│RightGate│LeftGate
Wind Direction	SSW│SSW│SSW│SSW│SSW│SSW│SSW│South
V16	completionCode│Rwoq8YaGZ4V4sIIo│presTime│na│na│na│na│na
Wind Direction	NNW│NNW│East│ENE│East│East│SE│SE
Events	Fog│Fog│Fog│Fog│Fog│Fog│Fog│Fog
Wind Direction	Calm│Calm│Calm│Calm│Calm│Calm│Calm│Calm
TEAM_CITY	San Antonio│San Antonio│San Antonio│San Antonio│San Antonio│San Antonio│San Antonio│San Antonio
Region	Baden-Wurttemberg│Bavaria│Berlin│Brandenburg│Bremen│Dolnośląskie│Germany│Hamburg
Wind Direction	SE│SSE│SSE│South│SSE│SE│South│South
countryCode	LY│LY│LY│LY│LY│LY│LY│LY
TEAM_CITY	LA│LA│LA│LA│LA│LA│LA│LA
Provider City	RAPID CITY│SIOUX FALLS│VERMILLION│WHITE RIVER│RAPID CITY│GARRETSON│PIERRE│BROOKINGS
OrganisationLabel	South Staffordshire District Council│South Staffordshire District Council│South Staffordshire District Council│South Staffordshire District Council│South Staffordshire District Council│South Staffordshire District Council│South Staffordshire District Council│South Staffordshire District Council
Wind Direction	ENE│East│East│East│SSE│ESE│Calm│NNE
County	Humboldt│Clark│Carson City│Clark│Clark│Clark│Clark│Clark
area	Area│ha
value	Abkhazian│Achinese│Acoli│Adangme│Adyghe│Afar│Afrihili│Afrikaans
Events	Fog│Fog│Fog│Fog│Fog│Fog│Fog│Fog
Provider City	RAPID CITY│WILMOT│GETTYSBURG│HOT SPRINGS│IRENE│NEW UNDERWOOD│MILBANK│WAKONDA
Manager	Apache Directory Committee│Apache Directory Committee│Apache Directory Committee│Apache Directory Committee│Apache Directory Committee│Apache Directory Committee│Apache Directory Committee│Apache Directory Committee
School Location	Arizona│California│California│California│Georgia│Iowa│Kentucky│Maryland
right	MC-SENT│MC-SENT│MC-SENT│MC-SENT│MC-SENT│MC-SENT│MC-SENT│MC-SENT
Provider City	POWELL│THERMOPOLIS│SHERIDAN│BUFFALO│CODY│ROCK SPRINGS│WHEATLAND│PINEDALE
dominant_object	Hand│Hand│Hand│HandToWrist│HandToWrist│HandToWrist│WristToElbow│WristToElbow
Team	Texas-Tyler│Mass.-Boston│Staten Island│Endicott│Daniel Webster│Bates│Moravian│Wheaton (MA)
true_pops	Hernyken│Hernyken│Hernyken│Baccalieu│Baccalieu│Baccalieu│Baccalieu│Corrosol
region_name_filter	Lower Silesian Voivodeship│Lower Silesian Voivodeship│Lower Silesian Voivodeship│Lower Silesian Voivodeship│Lower Silesian Voivodeship│Lower Silesian Voivodeship│Lower Silesian Voivodeship│Lower Silesian Voivodeship
BILLINGSTATE	NC│KS│TX│OR│CA│IL│CA
interaction_type	RightGate│LeftGate│RightGate│Pushed│PickedUp│LeftGate│RightGate│RightGate
V26	orderPres│1│2│3│4│5
Language_ID	psi│pch│pma│pmv│cr│hi│hi│ma
County	JEFFERSON│JEFFERSON│JEFFERSON│JEFFERSON│JEFFERSON│ST. LAWRENCE│JEFFERSON│JEFFERSON
LangMaster no-en	 LangMaster no-en│ LangMaster no-en│ LangMaster no-en│ LangMaster no-en│ LangMaster no-en│ LangMaster no-en│ LangMaster no-en│ LangMaster no-en
V26	orderPres│1│2│3│4│5
ANSI.letters	US│AL│AK│AZ│AR│CA│CO│CT
Unnamed: 0	Alabama│Alaska│Arizona│Arkansas│California│Colorado│Connecticut│Delaware
Label	O│O│O│O│O│O│O│O
it.2	But│But
types	Eaturecray│Instant│Creature│Creature│Creature│Enchantment│Creature│Enchantment
topic_description	FAMILY_FINANCE│FAMILY_FINANCE│FAMILY_FINANCE│FAMILY_FINANCE│FAMILY_FINANCE│FAMILY_FINANCE│FAMILY_FINANCE│FAMILY_FINANCE
area	Texas Area│Texas Area│Texas Area│Texas Area│Texas Area
Cross	Cyclo-cross│Collins,CO,11:41.1,First│Subaru-Alpha│Subaru-Alpha│J,Burleigh,Edgewater│P,Clemenzi,Manchester,MA,12:49.7,Sports
School Location	AUSTRALIA│CHINA│CHINA│CHINA│California│California│California│California
TEAM_CITY	Cleveland│Cleveland│Cleveland│Cleveland│Cleveland│Cleveland│Cleveland│Cleveland
Wind Direction	SW│SW│WSW│Calm│Calm│SSW│South│South
interventionType.dataStatus	GREEN│???│GREEN│AMBER│GREEN│GREEN│RED - No data found│GREEN
Region	Latin America & Caribbean│South Asia│Sub-Saharan Africa│Europe & Central Asia│Europe & Central Asia│Middle East & North Africa│Latin America & Caribbean
Provider City	ABERDEEN│ARMOUR│LAKE ANDES│GETTYSBURG│WATERTOWN│REDFIELD│PARKSTON│SIOUX FALLS
Speaker	Sanyam Bhutani│Rachel Thomas│Sanyam Bhutani│Rachel Thomas│Sanyam Bhutani│Rachel Thomas│Sanyam Bhutani│Rachel Thomas
Challenge.1	Road│Hill,CA,00:00.0,Taleo│Velo│City,CA,00:00.0,gvbc│Velo│City,CA,00:00.0,SERT/Sho-Air│Cherries
Weekend	1/2/3│Farms/Specialized│Development
2019	coverage:
Débutant	Débutant│Débutant│Débutant│Débutant│Débutant│Débutant│Débutant│Débutant
stato	ITA│ITA│ITA│ITA│ITA│ITA│ITA│ITA
DL State	FL│FL│PA│TN│FL│FL│FL│FL
TEAM_CITY	Los Angeles│Los Angeles│Los Angeles│Los Angeles│Los Angeles│Los Angeles│Los Angeles│Los Angeles
Property	Hill Roberts property│Hill Roberts property│Hill Roberts property│Hill Roberts property│Hill Roberts property│Hill Roberts property│Camel's Hump State Park│Hill Roberts property
TEAM_CITY	Utah│Utah│Utah│Utah│Utah│Utah│Utah│Utah
Label	dinD│yiiR│mprA│yceI│ssnA│yidL│secY│ygbL
__index_level_51__	Latest_areaId
Wind Direction	SE│SE│SE│SSE│Calm│SSE│SSE│SE
rater	HK│HK│HK│HK│HK│HK│HK│HK
Events	Fog│Fog│Fog│Fog│Fog│Fog
TEAM_CITY	LA│LA│LA│LA│LA│LA│LA│LA
Lookout	Hill│Organic/Einstein│,CO,0:17:44.42,Primal│A,Carr,Golden,CO,0:17:45.14,Denver│Organic/Einstein│Team│Organic/Einstein
Wind Direction	ENE│ENE│East│ENE│ENE│ENE│ENE│NW
value	Abkhazian│Achinese│Acoli│Adangme│Adyghe│Afar│Afrihili│Afrikaans
Provider State	VT│VT│VT│VT│VT│VT│VT│VT
Wind Direction	South│South│South│South│East│SSE│South│South
property_owner	BRYAN BARRY L & YASUKO K│BRYAN BARRY L & YASUKO K│BRYAN BARRY L & YASUKO K│BRYAN BARRY L & YASUKO K│BRYAN BARRY L & YASUKO K
GEO.display-label	Geography│United States│North Carolina│Alamance County, North Carolina│Brunswick County, North Carolina│Buncombe County, North Carolina│Burke County, North Carolina│Cabarrus County, North Carolina
contactMechTypeId	TELECOM_NUMBER│TELECOM_NUMBER│TELECOM_NUMBER│TELECOM_NUMBER│TELECOM_NUMBER│TELECOM_NUMBER│TELECOM_NUMBER│TELECOM_NUMBER
County	Lincoln│Cumberland│Aroostook│Androscoggin│Cumberland│Oxford│Piscataquis│Aroostook
Wind Direction	Calm│Calm│Calm│Calm│Calm│South│South│Calm
Wind Direction	Calm│Calm│Calm│Calm│Calm│Calm│Calm│Calm
Location	CLINT│4 NE ROBY│6 S ASPERMONT│Location│CEDAR RAPIDS MUNICIPAL│MOUNT VERNON│MARTELLE│1 E ONSLOW
TEAM_CITY	Utah│Utah│Utah│Utah│Utah│Utah│Utah│Utah
Wind Direction	Calm│Calm│Calm│Calm│Calm│South│South│Calm
V26	orderPres│1│2│3│4│5
interaction_type	Pushed│LeftGate│RightGate│RightGate│PickedUp│LeftGate│LeftGate│LeftGate
TEAM_CITY	LA│LA│LA│LA│LA│LA│LA│LA
property_owner_addrprovince	TX│TX│TX│TX│TX
__index_level_1__	With│Hide│Custer│of│Revere│of│Manuscript│to
Wind Direction	WNW│West│West│West│West│West│West│WSW
Charging Agency	ST JOHNS COUNTY SHERIFFS OFFICE│ST JOHNS COUNTY SHERIFFS OFFICE│ST JOHNS COUNTY SHERIFFS OFFICE│ST JOHNS COUNTY SHERIFFS OFFICE
_address_region	Arkansas│California│Washington│Pennsylvania
interaction_type	PickedUp│PickedUp│RightGate│LeftGate│RightGate│LeftGate│RightGate│LeftGate
Wind Direction	West│West│West│West│West│West│West│West
in	SP│Racing
County	County│BEAUREGARD│CALCASIEU│JEFFERSON DAVIS│County
FREQ_DESC	ANNUAL│ANNUAL│ANNUAL│ANNUAL│ANNUAL│ANNUAL│ANNUAL│ANNUAL
NM	GrantsGov Form Name│GrantsGov Form Name│GrantsGov Form Name│GrantsGov Form Name│GrantsGov Form Name│GrantsGov Form Name│GrantsGov Form Name│GrantsGov Form Name
ethnicity	Others│Middle Eastern '│?│?│Others│?│White-European│Middle Eastern '
Region	WA│WA│WA│WA│WA
Wind Direction	SSW│SSW│SSW│SSW│SSW│SSW│SSW│South
video_id	1EcEiA_YwlM│1EcEiA_YwlM│1EcEiA_YwlM│1EcEiA_YwlM│1EcEiA_YwlM│1EcEiA_YwlM│1EcEiA_YwlM│1EcEiA_YwlM
Wind	NNE│ENE│E│CALM│CALM│CALM│SW│CALM
Implementation smell	Long Statement│Long Statement│Long Statement│Long Statement│Long Statement│Long Statement│Long Statement│Long Statement
Thru	Cyclocross│Woodlands│Woodlands│Antonio,TX,,Gulf│Lawson,Craddock,Austin,TX,,Hot│Woodlands│Antonio,TX,,
Wind	CALM│CALM│CALM│CALM│CALM│CALM│CALM│CALM
age_max	label│observed│age max.│83│83
name	WorkFlow│WorkFlow│WorkFlow│WorkFlow│WorkFlow│WorkFlow│WorkFlow│WorkFlow
TEAM_CITY	Cleveland│Cleveland│Cleveland│Cleveland│Cleveland│Cleveland│Cleveland│Cleveland
County	Cumberland│Aroostook│Aroostook│Androscoggin│York│Kennebec│York│Washington
countryCode	VE│VE│VE│VE│VE│VE│VE│VE
TEAM_CITY	Minnesota│Minnesota│Minnesota│Minnesota│Minnesota│Minnesota│Minnesota│Minnesota
Product	Vorto│Vorto│Vorto│Vorto│Vorto│Vorto│Vorto│Vorto
Road	Pro/Cat│PACTIMO
Steward	geo│geo│geo
PATRICK	CORINNA│PATRICK│CORINNA│PATRICK│CORINNA│PATRICK│CORINNA│PATRICK
TEAM_CITY	LA│LA│LA│LA│LA│LA│LA│LA
County	BULLOCH│BULLOCH│EFFINGHAM│County│MORGAN│KERSHAW│BULLOCH│EFFINGHAM
Weekend	1/2/3│Farms/Specialized│Development
name	Alabama│Alaska│Arizona│Arkansas│California│Colorado│Connecticut│Delaware
Provider State	MT│MT│MT│MT│MT│MT│MT│MT
Unnamed: 0	Alabama│Alaska│Arizona│Arkansas│California│Colorado│Connecticut│Delaware
TEAM_CITY	LA│LA│LA│LA│LA│LA│LA│LA
Action	Set│Draw│Draw│Draw│Draw│Draw│Add│Modify
County	GRAY│County│CHEROKEE│SMITH│WOODS│ROBERTS│County│KINGMAN
TEAM_CITY	LA│LA│LA│LA│LA│LA│LA│LA
Wind Direction	South│South│South│SSE│SE│SSE│South│SSE
property_owner_addrprovince	TX│TX│TX│TX
[State Name]	Poison│Poison│Poison│Poison│Poison│Poison│Stone│Poison
Wind Direction	SE│SE│Calm│NNW│North│NNW│NNW│NW
was_home	Christophertown│New Tammy│New Michellehaven│Ericview│New Sergiobury│Cruzhaven│Jeremyshire│Selenaton
interest_represented	Agriculture
SequenceWindowClosure	ClosedByDeadzone│ClosedByDeadzone
region_code_filter	larnaca_district│larnaca_district│larnaca_district│larnaca_district│larnaca_district│larnaca_district│larnaca_district│larnaca_district
venue_state	CA│GA│GA│CA
i	auris=at&ulla
__index_level_2__	County│KENT│KENT│SUSSEX│SUSSEX│SUSSEX│KENT│SUSSEX
shortName	HACHIJUNI BANK│HACHIJUNI BANK│HACHIJUNI BANK│HACHIJUNI BANK
interaction_type	Pushed│PickedUp│RightGate│RightGate│LeftGate│RightGate│RightGate│RightGate
__index_level_8__	(Lib/DB),Score│Ethyl│Phthalate;│C6│Ethyl│C6│Ethyl│C6
interaction_type	Pushed│RightGate│RightGate│RightGate│LeftGate│PickedUp│LeftGate│RightGate
-.1	SIDEB│Attack.
TEAM_CITY	LA│LA│LA│LA│LA│LA│LA│LA
__index_level_128__	Xi│in│63-year-old│to
Namespace	OSAE.KillAWatt│OSAE.KillAWatt│OSAE.KillAWatt│OSAE.KillAWatt│OSAE.KillAWatt│OSAE.KillAWatt│OSAE.KillAWatt│OSAE.KillAWatt
Wind Direction	NNE│Variable│NNE│Calm│Calm│Calm│Calm│Calm
Wind Direction	NE│East│ENE│ENE│East│ENE│NE│ENE
Wind	N│N│WSW│CALM│CALM│W│SSW│SSW
source	Bà Lão - Trị Mụn Thâm Sẹo Nám│Bà Lão - Trị Mụn Thâm Sẹo Nám│Bà Lão - Trị Mụn Thâm Sẹo Nám│Bà Lão - Trị Mụn Thâm Sẹo Nám│Bà Lão - Trị Mụn Thâm Sẹo Nám│Bà Lão - Trị Mụn Thâm Sẹo Nám│Bà Lão - Trị Mụn Thâm Sẹo Nám
industry	Trucking│Trucking│Trucking│Trucking
County	District Of Columbia│District Of Columbia│District Of Columbia│District Of Columbia│District Of Columbia│District Of Columbia│District Of Columbia│District Of Columbia
interaction_type	PickedUp│RightGate│RightGate│PickedUp│LeftGate│LeftGate│RightGate│LeftGate
Wind Direction	West│WNW│ENE│East│SW│SSW│South│South
value	Abkhazian│Achinese│Acoli│Adangme│Adyghe│Afar│Afrihili│Afrikaans
Wind	WSW│CALM│CALM│CALM│N│N│N│N
STD-L3	Columbia City│Huntington│Albion│Ceylon│Pleasant Mills│Fort Wayne│Woodburn│Huntertown
GEO.display-label	Geography│United States│North Carolina│Durham County, North Carolina│Forsyth County, North Carolina│Guilford County, North Carolina
league_id	NL│NL│NL│NL│NL│NL│NL│NL
TEAM_CITY	Minnesota│Minnesota│Minnesota│Minnesota│Minnesota│Minnesota│Minnesota│Minnesota
Specific Geographic Location	Western Europe│Wersten Europe
source_two	Where does it come from│Where does it come from│Where does it come from│Where does it come from│Where does it come from│Where does it come from│Where does it come from│Recreation
Wind Direction	SW│SW│SW│SW│SW│SW│SW│SW
Events	Fog│Fog│Fog│Fog│Fog
Wind Direction	Calm│NE│NNE│NE│NE│NE│NNE│Variable
Group	Sub-Saharan Africa│Sub-Saharan Africa│Sub-Saharan Africa│Sub-Saharan Africa│Sub-Saharan Africa│Sub-Saharan Africa│Sub-Saharan Africa│Sub-Saharan Africa
dominant_object	Hand│Hand│Hand│Hand│Hand│Hand│Hand│HandToWrist
__index_level_1__	Annual data from 1969 To 2014│Bureau of Economic Analysis│Data published March 27, 2015    │File created 3/26/2015 3:49:48 PM│Line
COUNTY	Denton│Wilbarger│Wheeler│Polk│Lavaca│Harris│Gillespie│Dimmit
Affected Scope	Local│Regional│Local│Local│Regional│National│Local│Regional/Local 
Type	Sql│Sql│Sql│Sql│Sql│Sql│Sql│Sql
code	CHEAONE│CHEATWO│CHOONE│CHOTWO
Events	Snow│Snow│Snow│Snow│Snow│Snow│Snow│Snow
__index_level_1__	Cross Country│Cross Country│Cross Country│Cross Country│Cross Country│Cross Country│Cross Country│Cross Country
billing_region	Michigan│Michigan
Unit	rpm│Nm│rpm
category	Participant│Participant│Household│Participant│Participant│Participant│Sample│Sample
Publication Title	Critique
value	Abkhazian│Achinese│Acoli│Adangme│Adyghe│Afar│Afrihili│Afrikaans
property_owner_addrprovince	TX│TX
GEO.display-label	Geography│United States│North Carolina│Durham County, North Carolina│Forsyth County, North Carolina│Guilford County, North Carolina
groupingname	Grouping-1│Grouping-2│Grouping-3│Grouping-3│Grouping-2
Provider State	NM│NM│NM│NM│NM│NM│NM│NM
Name	WSA_INVALID_HANDLE│WSA_NOT_ENOUGH_MEMORY│WSA_INVALID_PARAMETER│WSA_OPERATION_ABORTED│WSA_IO_INCOMPLETE│WSA_IO_PENDING│WSAEINTR│WSAEBADF
alcrowry|35180|3-gatsu	alcrowry|14131|Girls│alcrowry|34914|New│alcrowry|34494|Sakura│alcrowry|35839|Sora│alcrowry|34902|Tsurezure│alcrowry|31646|3-gatsu│alcrowry|30123|Akagami│alcrowry|22729|Aldnoah.Zero|8|12|2|Low
TEAM_CITY	LA│LA│LA│LA│LA│LA│LA│LA
Wind Direction	Calm│South│South│South│SSE│Calm│Calm│NNE
TEAM_CITY	Utah│Utah│Utah│Utah│Utah│Utah│Utah│Utah
Wind Direction	Calm│Calm│Calm│Calm│Calm│Calm│Calm│Calm
AreaCode	CA│CA│CA│CA
ttype	Air│Air│Air│Land│Land│Air│Air│Air
Other Provider Identifier State_10	GA│OH
TEAM_CITY	Golden State│Golden State│Golden State│Golden State│Golden State│Golden State│Golden State│Golden State
Wind Direction	Calm│Calm│Calm│South│SSW│SSW│SSW│SSW
Region	Latin America & Caribbean│South Asia│Sub-Saharan Africa│Europe & Central Asia│Europe & Central Asia│Middle East & North Africa│Latin America & Caribbean
region	BC│BC
Wind Direction	NNE│North│NNE│NNE│Calm│NNE│NNE│NNE
Step	In│In│All
interaction_type	PickedUp│Pushed│PickedUp│LeftGate│RightGate│LeftGate│RightGate│LeftGate
TITLE	Memory│Memory│Memory│Memory│Memory│Memory│Memory│Memory
Wind Direction	WSW│Calm│East│South│South│SSE│South│SSE
country_name_filter	Czechia│Czechia│Czechia│Czechia│Czechia│Czechia│Czechia│Czechia
OrganisationLabel	East Northamptonshire Council│East Northamptonshire Council│Corby Borough Council│Corby Borough Council│Corby Borough Council│Corby Borough Council│Corby Borough Council│Corby Borough Council
Wind Direction	SE│Calm│Calm│NE│ENE│NE│ENE│ENE
home	Lake Rebecca│New Ryanbury│Arielville│Byrdfort│Christinaton│East Williamside│Port Edwardmouth│North Tiffany
County	MONROE│County│COOK│EATON│WILL│BERRIEN│MONROE│FRANKLIN
Wind Direction	South│South│South│South│South│South│South│South
OrganisationLabel	Rutland County Council│Rutland County Council│Rutland County Council│Rutland County Council│Rutland County Council
TEAM_CITY	Los Angeles│Los Angeles│Los Angeles│Los Angeles│Los Angeles│Los Angeles│Los Angeles│Los Angeles
REGIONE	LOMBARDIA│LOMBARDIA│LOMBARDIA│LOMBARDIA│LOMBARDIA│LOMBARDIA│LOMBARDIA│LOMBARDIA
County	Clay│Cabell│Hampshire│Morgan│Lincoln│Putnam│Greenbrier│Kanawha
Wind Direction	Calm│Calm│Calm│NNW│Variable│SSE│SE│East
displayName	TD│TD│TD│TD
Provider State	MT│MT│MT│MT│MT│MT│MT│MT
Wind Direction	NNE│NNE│NNE│NNE│NNE│NNE│NNE│NNE
Namespace	CustomShaderDemo│CustomShaderDemo│CustomShaderDemo│CustomShaderDemo│CustomShaderDemo.Properties│CustomShaderDemo│CustomShaderDemo│CustomShaderDemo
Area	Caernarfonshire│South Glamorgan│Glamorgan│Mid-Glamorgan│Glamorgan│Glamorgan│Monmouthshire│Powys
label	The Dala'il al-Khayrat of al-Juzuli│Sulwan Al-Muta'a│Map of the World│Faridun crosses the River Dijla, fol. 33v│Panel from Iran│Diwan of Jami Manuscript│Page from the Shahnama│Silk Tapestry Depicting the story of Leila and Majnun
AreaCode	CA│CA│CA│CA
name	Balu shahi│Boondi│Gajar ka halwa│Ghevar│Gulab jamun│Imarti│Jalebi│Kaju katli
TEAM_CITY	New Orleans│New Orleans│New Orleans│New Orleans│New Orleans│New Orleans│New Orleans│New Orleans
PART TYPE	Ditch│Ditch│Ditch│Ditch│Ditch│Ditch│Ditch│Ditch
value	Abkhazian│Achinese│Acoli│Adangme│Adyghe│Afar│Afrihili│Afrikaans
__index_level_1__	Criterium│Criterium│Criterium│Criterium│Criterium│Criterium│Criterium│Criterium
sospechoso	Si│Si│Si│Si│Si│Si│Si│Si
in	State│Palmetto
GEO.display-label	Geography│United States│North Carolina│Durham County, North Carolina│Forsyth County, North Carolina│Guilford County, North Carolina
keyCode2	ArrowRight│ArrowRight│ArrowRight│ArrowRight│ArrowRight│ArrowRight│ArrowRight│ArrowRight
Provider State	ID│ID│ID│ID│ID│ID│ID│ID
TEAM_CITY	Golden State│Golden State│Golden State│Golden State│Golden State│Golden State│Golden State│Golden State
FIPS Code	"Area│127 km2)""│362 km2)"""
Wind Direction	NE│NE│NE│NE│NE│NE│North│North
topic_description	FAMILY_LIFE│FAMILY_LIFE│FAMILY_LIFE│FAMILY_LIFE│FAMILY_LIFE│FAMILY_LIFE│FAMILY_LIFE│FAMILY_LIFE
name	Sinowilsonia│henryi
Conference	Cyclo-cross│Salem,NC,,Wake│Cyclo-cross│of│State│,WV,,West
name	Sooia│ulugurica
Wind Direction	SW│SSW│SSW│SSW│SW│SW│SW│SSW
ru	Добавить товар│Не могу удалить Товара комплект (ы)│Вы уверены, что хотите удалить выбранные товар? комплекты│Описание товара Комплект│Ошибка при добавлении/обновлении товара комплекта│Информация о товаре комплекта│товар│товары
Wind Direction	SW│SW│SSW│SSW│WSW│West│WSW│SSW
name	Australian Capital Territory│New South Wales│Northern Territory│Queensland│South Australia│Tasmania│Victoria│Western Australia
signed	"superb.""│and"
TEAM_CITY	Sacramento│Sacramento│Sacramento│Sacramento│Sacramento│Sacramento│Sacramento│Sacramento
username	Saccharinande│Saccharinande│Saccharinande│Saccharinande│Saccharinande│Saccharinande│Saccharinande│Saccharinande
variable	Island│ID│Study_arm│Year│School│Shehia│Sex│Age
Provider State	AZ│AZ│AZ│AZ│AZ│AZ│AZ│AZ
HITId	3YOAVL4CA0HK5JU76IAH6O16ARIZ4S│3YOAVL4CA0HK5JU76IAH6O16ARIZ4S│3YOAVL4CA0HK5JU76IAH6O16ARIZ4S│3YOAVL4CA0HK5JU76IAH6O16ARIZ4S│3YOAVL4CA0HK5JU76IAH6O16ARIZ4S│3YOAVL4CA0HK5JU76IAH6O16ARIZ4S│3YOAVL4CA0HK5JU76IAH6O16ARIZ4S│3YOAVL4CA0HK5JU76IAH6O16ARIZ4S
Region	Latin America & Caribbean│South Asia│Sub-Saharan Africa│Europe & Central Asia│Europe & Central Asia│Middle East & North Africa│Latin America & Caribbean
SiteReference	"2933│2528│""HS1.21""│""HS1.21""│2529│2525│2613│3184"
location_name_filter	Opole Voivodeship, Poland│Opole Voivodeship, Poland│Opole Voivodeship, Poland│Opole Voivodeship, Poland│Opole Voivodeship, Poland│Opole Voivodeship, Poland│Opole Voivodeship, Poland│Opole Voivodeship, Poland
Events	Fog
MTB	Country
TEAM_CITY	Indiana│Indiana│Indiana│Indiana│Indiana│Indiana│Indiana│Indiana
Unnamed: 0	Alabama│Alaska│Arizona│Arkansas│California│Colorado│Connecticut│Delaware
School Location	CHINA│California│Connecticut│Massachusetts│Massachusetts│New Jersey│New Jersey│New York
Events	Fog│Fog│Fog│Fog│Fog│Fog│Fog│Fog
Wind Direction	SW│SW│WSW│WSW│WNW│NNW│West│Calm
__index_level_1__	Criterium│Criterium│Criterium│Criterium│Criterium│Criterium│Criterium│Criterium
region_label	Northern California│Central California│Southern California│Oregon│Washington│California Current Ocean│California Current Study Area (area.weighted.mean)
Location	Koyukuk River, Alaska, USA│Coppermine River, Northwest Territories, Canada│Poulin, Ontario, Canada│Lower Foster Lake, Saskatchewan, Canada│Near Wien Lake, Alaska, USA│New Jersey│Tonzona River, Alaska, USA, near Denali National Park│Salcha River, Alaska, USA
Center_Name_s	GEO│GEO│GEO│GEO│GEO│GEO│GEO│GEO
__index_level_3__	night│girl│Girl:│girl!
interaction_type	Pushed│RightGate│LeftGate│LeftGate│LeftGate│PickedUp│LeftGate│LeftGate
Aden	Aden│Aden│Aden│Aden│Aden│Aden│Aden│Aden
site	oregonYP│oregonYP│oregonYP│oregonYP│oregonYP│oregonYP│oregonYP│oregonYP
Namespace	SimAntics│SimAntics│SimAntics│SimAntics│SimAntics│SimAntics│SimAntics
NMSPC_CD	KC-IDM│KC-IDM│KC-IDM│KC-IDM│KC-IDM│KC-IDM│KC-IDM│KC-IDM
GEO.display-label	Geography│Alameda County, California│Butte County, California│Contra Costa County, California│El Dorado County, California│Fresno County, California│Humboldt County, California│Imperial County, California
name	Alabama│Alaska│American Samoa│Arizona│Arkansas│California│Colorado│Commonwealth of the Northern Mariana Islands
School Location	CANADA│CANADA│CHINA│CHINA│CHINA│CHINA│CHINA│CHINA
Type	Review│Article│Meeting Abstract│Article│Article│Article│Article│Article
TEAM_CITY	Minnesota│Minnesota│Minnesota│Minnesota│Minnesota│Minnesota│Minnesota│Minnesota
Nestor	Crit│Hill,GA,,
Region	LA│MI│Asturias│Victoria
__index_level_27__	$115│Aid,│FOR│NEW│Aid│HAMPSHIRE,│WEST│TOTAL
PLANT	MORRO_BAY_1-2│MORRO_BAY_3-4│MOSS_LANDING_6│MOSS_LANDING_7│OAKLAND│COOLWATER│ETIWANDA_1-4│ETIWANDA_5
drain_area_unit	drainAreaUnit│drainAreaUnit
cs5Label	Other info│Other info│Other info│Other info│Other info│Other info│Other info│Other info
Departments	Water Authority│PWD│KSEB│Water Authority│Water Authority│Water Authority│PWD│KSRTC
Unnamed: 0	Alabama│Alaska│Arizona│Arkansas│California│Colorado│Connecticut│Delaware
Wind Direction	Calm│Calm│Calm│Calm│Calm│Calm│NE│Variable
wrong	MC-SENT│MC-SENT│MC-SENT│MC-SENT│MC-SENT│MC-SENT│MC-SENT│MC-SENT
Wind Direction	Calm│Calm│Calm│Calm│Calm│NNW│NNW│NNE
TEAM_CITY	LA│LA│LA│LA│LA│LA│LA│LA
ID	2. anonym│2. anonym│2. anonym│2. anonym│2. anonym│2. anonym│2. anonym│2. anonym
interaction_type	PickedUp│LeftGate│RightGate│LeftGate│RightGate│Pushed│Pushed│LeftGate
DL State	FL│VA│FL│FL│FL│FL│FL│FL
lgID	NL│NL│NL│NL│NL│NL│NL│NL
DL State	FL│FL│FL│FL│FL│FL│FL│FL
Departments	Water Authority│PWD│KSEB│Water Authority│Water Authority│Water Authority│PWD│KSRTC
Wind Direction	SE│Calm│Calm│NE│ENE│NE│ENE│ENE
EffectType	None│None│None│None│None│None│None│None
TEAM_CITY	New York│New York│New York│New York│New York│New York│New York│New York
County	SABINE│SABINE│NATCHITOCHES│WINN│NATCHITOCHES│WINN│JEFFERSON DAVIS│VERMILION
Provider State	NV│NV│NV│NV│NV│NV│NV│NV
Events	Rain│Rain│Rain│Snow│Snow│Snow│Snow│Snow
Events	Rain│Rain│Rain│Fog-Rain│Fog-Rain│Fog-Rain
parentLabel	Community administrative information│Community administrative information│Community administrative information│Community│Assets│Assets│Assets
groupingname	Grouping-1│Grouping-2│Grouping-3│Grouping-3│Grouping-2
value	Abkhazia│Achinese│Adangme│Adyghe│Afar│Afrihili│Afrikaans│Aghem
Wind Direction	Calm│Calm│NE│Calm│ENE│NE│ENE│ENE
TEAM_CITY	Minnesota│Minnesota│Minnesota│Minnesota│Minnesota│Minnesota│Minnesota│Minnesota
County	Kennebec│Penobscot│Cumberland│York│Cumberland│Cumberland│Penobscot│Penobscot
exposure	Huang2017aaos│Huang2017aaos│Huang2017aaos│Huang2017aaos│Huang2017aaos│Huang2017aaos│Huang2017aaos│Huang2017aaos
Provider State	NV│NV│NV│NV│NV│NV│NV│NV
Macroarea	Eurasia│Eurasia│Eurasia│Eurasia│Eurasia│Eurasia│Eurasia│Eurasia
value	Abkhazian│Achinese│Acoli│Adangme│Adyghe│Afar│Afrihili│Afrikaans
Events	Fog
name	Alabama│Alaska│Arizona│Arkansas│California│Colorado│Connecticut│Delaware
TEAM_CITY	Orlando│Orlando│Orlando│Orlando│Orlando│Orlando│Orlando│Orlando
EstadoDoc	Si│Si│Si│Si│Si│Si│Si│Si
Namespace	NeHeLesson6│NeHeLesson6│NeHeLesson6
lucy	member│'GRAY│XD│Weiss│Cana
County	HARRIS│HARRIS│FORT BEND│VERMILION│IBERIA│VERMILION│ACADIA│ACADIA
Salida	Time│Fit│Fit│Boom│Giant│Grocers│Giant
Unnamed: 48	industry.│in│the│business.,topStory,Unknown│business.,normal,Unknown│on
ObjectName	Browser│Hindi│Search│Marati│Search│Google Search│Search│Search
siteName	Little Rock Lake│West St Louis Creek│Pu'u Maka'ala Natural Area Reserve│Flint River│McDiffett Creek│Lewis Run│Blue River│Teakettle 2 Creek
interaction_type	RightGate│RightGate│RightGate│LeftGate│RightGate│LeftGate│RightGate│RightGate
Place	Albania│Algeria│Argentina│Armenia│Australia│Austria│Azerbaijan│Bangladesh
ComunaNombre	'Arica'│'Camarones'│'General Lagos'│'Putre'│'Alto Hospicio'│'Iquique'│'Camiña'│'Colchane'
note	 │ Chaenoderma
Wind Direction	WNW│NW│NNW│NNW│Calm│SSW│SW│SSW
area	Area│ha
Namespace	MvcAccount.Authentication│MvcAccount.Email.Change│MvcAccount│MvcAccount│MvcAccount│MvcAccount│MvcAccount│MvcAccount
County	Mercer│Wirt│Hampshire│Gilmer│Kanawha│Cabell│Braxton│Upshur
PA	WI│PA│WI│PA│WI│WI│WI│WI
Country*	New York│New York│Arizona
Wind Direction	SSW│Calm│SW│NNE│NNE│SSW│SSW│SW
Provider State	NM│NM│NM│NM│NM│NM│NM│NM
value	abkhaziskt│Achinese│Acoli│Adangme│Adyghe│Afar│afghanskt│Afrihili
Ohio	Country│Home
interaction_type	Pushed│LeftGate│LeftGate│RightGate│PickedUp│RightGate│RightGate│RightGate
Namespace	SlowCheetah.Exceptions│SlowCheetah
folder_owner_addrprovince	TX│TX│TX│TX│TX│TX│TX│TX
property_owner_addrprovince	IN│IN│IN│IN│TX│TX│TX│TX
Hallow|0|8|1|Low	Kamuy│Tonkotsu│Saibou|0|8|1|Low│Circus|0|6|1|Low│Piece|9|862|1|Low│Tattoo|0|10|1|Low
location_name_filter	Western Macedonia, Greece│Western Macedonia, Greece│Western Macedonia, Greece│Western Macedonia, Greece│Western Macedonia, Greece│Western Macedonia, Greece│Western Macedonia, Greece│Western Macedonia, Greece
Wind Direction	Calm│Calm│Calm│Calm│Calm│NE│East│NNE
note	 │ Atylospora│ │ Atylospora│ Atylospora│ │ │ 
__index_level_22__	Mass,Base│Davis-Foster,Based│on│1700mz,Sample,Instrument│on│Cannabinoids│Cannabinoids│in
TEAM_CITY	Minnesota│Minnesota│Minnesota│Minnesota│Minnesota│Minnesota│Minnesota│Minnesota
interaction_type	Pushed│LeftGate│LeftGate│LeftGate│PickedUp│RightGate│LeftGate│LeftGate
topic_description	TRIAL_BY_JURY│TRIAL_BY_JURY│TRIAL_BY_JURY│TRIAL_BY_JURY│TRIAL_BY_JURY│TRIAL_BY_JURY│TRIAL_BY_JURY│TRIAL_BY_JURY
attribute	Statewide│Statewide│Statewide│Statewide│Statewide│Statewide│Note│Note
deal_type	INV│INV│M&A│INV│INV│INV│INV│INV
Wind Direction	Calm│Calm│Calm│Calm│Calm│NNW│NNW│NNE
OrganisationLabel	New Forest District Council│New Forest District Council│New Forest District Council│New Forest District Council│New Forest District Council│New Forest District Council│New Forest District Council│New Forest District Council
country_code_filter	BE│BE│BE│BE│BE│BE│BE│BE
TEAM_CITY	LA│LA│LA│LA│LA│LA│LA│LA
Sep 2019	Final (12m)│28 Nov 2019│342885│282461│60424│24213│24213│-5683
TEAM_CITY	Chicago│Chicago│Chicago│Chicago│Chicago│Chicago│Chicago│Chicago
DistConocida	Si│Si│Si│Si│Si│Si│Si│Si
wrong	MC-SENT│MC-SENT│MC-SENT│MC-SENT│MC-SENT│MC-SENT│MC-SENT│MC-SENT
학과	경영학과│경영학과│경영학과│경영학과
region_code_filter	south_eastern_region│south_eastern_region│south_eastern_region│south_eastern_region│south_eastern_region│south_eastern_region│south_eastern_region│south_eastern_region
dominant_object	Hand│Hand│Hand│Hand│Hand│Hand│Hand│Hand
interaction_type	Pushed│PickedUp│RightGate│LeftGate│RightGate│LeftGate│RightGate│RightGate
lgID	NL│NL│AL│AL│AL│AL│AL│AL
message	%s : Вы должны сконфигурировать модуль продаж для компании %s│Должна быть выбрана причина отмены.│АТИ│Принятый кредит│Бухгалтерские доходы│Действие│Действия│Активировать
state_2	ID│ID│ID│ID│ID│ID
GEO.display-label	Geography│United States│North Carolina│Durham County, North Carolina│Forsyth County, North Carolina│Guilford County, North Carolina
region_code	CA1│CA2│CA3│OR│WA│CCO│CC
Event	Running│KeyDown│KeySequenceStopped│InputWindowOpen│KeyDown│KeyDown│KeyDown│KeySequenceStopped
film	Gaza│NERVOUS│asset│To
__index_level_1__	Criterium│Criterium│Criterium│Criterium│Criterium│Criterium│Criterium│Criterium
patterns_ipw	Not significant│Not significant│Not significant│Not significant│Not significant│Not significant│Not significant│Not significant
of	Criterium│of│Lewis│School│State│School│Collins,CO,0,Colorado
symbol	YOC.DE│YOC.DE│YOC.DE│YOC.DE
league_id	NL│NL│NL│NL│NL│NL│NL│NL
author_nationality	Irish│Irish│Irish│British│Irish│British│British│British
topic_description	FAMILY_LIFE│FAMILY_LIFE│FAMILY_LIFE│FAMILY_LIFE│FAMILY_LIFE│FAMILY_LIFE│FAMILY_LIFE│FAMILY_LIFE
AssessmentQuestionGroup	Detail│Detail│Detail│Detail
TEAM_CITY	San Antonio│San Antonio│San Antonio│San Antonio│San Antonio│San Antonio│San Antonio│San Antonio
TEAM_CITY	Washington│Washington│Washington│Washington│Washington│Washington│Washington│Washington
__index_level_84__	AM_CHANGEBY│MAXADMIN│MAXADMIN
sub_county	turkana_north│turkana_south│turkana_west│turkana_central│turkana_east│loima│turkana_central│turkana_south
name	Afar│Amharic│Arabic│Hausa│Hebrew (modern)│Maltese│Oromo│Somali
folder_owner_addrprovince	TX│TX│TX│TX│TX│TX│TX│TX
|Army	Hall│Barbarians│and│Rhinoceros│1.3
County	County│EMMET│ONEIDA│OSWEGO│County│BENZIE│CHARLEVOIX│ALCONA
interaction_type	Pushed│PickedUp│RightGate│RightGate│LeftGate│RightGate│LeftGate│RightGate
exposure	Grasby2020surfarea│Grasby2020surfarea│Grasby2020surfarea│Grasby2020surfarea│Grasby2020surfarea│Grasby2020surfarea│Grasby2020surfarea│Grasby2020surfarea
Namespace	AssemblyData│AssemblyData.methodsrewriter│AssemblyData.methodsrewriter│AssemblyData.methodsrewriter│AssemblyData.methodsrewriter│AssemblyData.methodsrewriter│AssemblyData.methodsrewriter│AssemblyData
of	Country│Campbell
TEAM_CITY	Sacramento│Sacramento│Sacramento│Sacramento│Sacramento│Sacramento│Sacramento│Sacramento
Wind Direction	SSW│SSW│SW│Calm│SW│SSW│SW│SW
Event	Running│InputWindowOpen│KeyDown│KeyDown│KeyDown│KeyDown│KeySequenceStopped│InputWindowClosed
__index_level_6__	Dispatcher│,32,
GEO.display-label	Geography│Alameda County, California│Butte County, California│Contra Costa County, California│El Dorado County, California│Fresno County, California│Humboldt County, California│Imperial County, California
TEAM_ID	Wario│Wario│Wario│Wario│Wario│Wario│Wario│Wario
JGI Sample template	Sample Name│ADDING (linked to Sample ID from JGI LIMS)│Sample Group Name (in some cases)
Wind Direction	South│SSE│SSE│South│South│South│SSW│SW
Race	['Asian']│['White']│['White']│['White']│['American Indian/Alaska Native']│['Black or African American']│['White']│['Asian']
AREA	Rättvik│Rättvik│Rättvik│Rättvik│Rättvik│Rättvik│Rättvik│Rättvik
County	New Castle│New Castle│New Castle│New Castle│New Castle│Kent│Sussex│Sussex
County	Matanuska-Susitna│Anchorage│Juneau│Kenai-Cook Inlet│Ketchikan│Seward│Wrangell-Petersburg│Sitka
TEAM_CITY	LA│LA│LA│LA│LA│LA│LA│LA
Namespace	Raven.Migrations│Raven.Migrations│Raven.Migrations│Raven.Migrations│Raven.Migrations│Raven.Migrations│Raven.Migrations│Raven.Migrations
Wind Direction	SE│Calm│East│East│ESE│ESE│SE│SSE
Source	Website│Website
departamento	VALLE DEL CAUCA│VALLE DEL CAUCA│BOYACA│BOYACA│BOYACA│SANTANDER│SANTANDER│SANTANDER
Wind	NNE│N│NE│ESE│NE│NE│NNE│E
V26	orderPres│1│2│3│4│5
code	Individual│OrganizationOrInstitution│Family│Family.HouseholdFamily│Household│HousingUnit│EventOrProcessOrActivity│GeographicUnit
Name	United States│Alabama│Alaska│Arizona│Arkansas│California│Colorado│Connecticut
TEAM_CITY	Los Angeles│Los Angeles│Los Angeles│Los Angeles│Los Angeles│Los Angeles│Los Angeles│Los Angeles
TEAM_CITY	New York│New York│New York│New York│New York│New York│New York│New York
학과	사학과│경영학과│경제학과│상경대학
region	BC│BC│BC│BC│BC│BC│BC│BC
Wind Direction	SE│Calm│Calm│NE│ENE│NE│ENE│ENE
Race	Wht│Blk│Hsp│API│NAAI│Oth│Wht│Blk
Value	*wį́he│*-wį́│*ruwį́│*rü-wį́│-mį, irú-│-mi, ru-│-mi, wirú-│-wį́, ru-
Implementation smell	Long Parameter List│Long Parameter List│Long Parameter List│Long Parameter List│Long Parameter List│Long Parameter List│Long Parameter List│Long Statement
competitive_cluster	text mining│text mining│text mining│text mining│text mining│text mining│text mining│text mining
County	Adair│Adams│Allamakee│Appanoose│Audubon│Benton│Black Hawk│Boone
Aa	Abacus│Abbey│Abdomen│Ability│Abolishment│Ab│Accele│Accele
ISO	US USA│US-AL│US-AK│US-AZ│US-AR│US-CA│US-CO│US-CT
Wind Direction	WSW│WSW│WSW│WSW│WSW│West│West│WNW
Wind Direction	SSE│SE│NE│North│North│NE│NE│NE
School Location	AUSTRALIA│CHINA│CHINA│CHINA│CHINA│CHINA│CHINA│California
Type	CommitActivity│Developer│Gender│GeoIp│GeoShape│Log│Metric│MachineLearningDateTimeFormatter
ObjectName	Browser│Hindi│Search│Marati│Search│Google Search│Search│Search
place	Cachet Beach Club│The Restaurant│La Única│Kookaburra│Oh Hamos│Anahi Cafeteria Pasteleria│Bella Roma│Furnas Do Guincho
Wind Direction	North│NNE│NE│NNE│NE│NE│NNE│NNE
topic_description	FAMILY_LIFE│FAMILY_LIFE│FAMILY_LIFE│FAMILY_LIFE│FAMILY_LIFE│FAMILY_LIFE│FAMILY_LIFE│FAMILY_LIFE
Camera	GoPro
name	彩のジェラートCUBE│チェリーアイスサンド
TEAM_CITY	Indiana│Indiana│Indiana│Indiana│Indiana│Indiana│Indiana│Indiana
TEAM_CITY	Minnesota│Minnesota│Minnesota│Minnesota│Minnesota│Minnesota│Minnesota│Minnesota
parent:place WHERE reference_id=COL_VAL	district_1│district_1│district_1│district_1│district_1│district_1│district_1│district_1
Wind Direction	ENE│NE│Calm│NNW│NNE│East│Calm│Calm
Region	Latin America & Caribbean│South Asia│Sub-Saharan Africa│Europe & Central Asia│Europe & Central Asia│Middle East & North Africa│Latin America & Caribbean
Language_ID	psi│pmv│cr│pda│pdh│la│la│la
Wind	NW│NW│NW│NW│W│WNW│W│WNW
Status	Settled│Settled
OrganisationLabel	Adur District Council│Adur District Council│Adur District Council│Adur District Council│Adur District Council│Adur District Council│Adur District Council│Adur District Council
seq_TM-tmhmm	O│O│O│O│O│O│O│O
Cyclo	Cyclo-cross│Sheep│Junior│P,Scott,Boulder,CO,0:17:20.84,Boulder│Junior│Junior
TEAM_CITY	Washington│Washington│Washington│Washington│Washington│Washington│Washington│Washington
TEAM_CITY	Houston│Houston│Houston│Houston│Houston│Houston│Houston│Houston
TEAM_CITY	Washington│Washington│Washington│Washington│Washington│Washington│Washington│Washington
interaction_type	PickedUp│LeftGate│RightGate│LeftGate│LeftGate│LeftGate│RightGate│LeftGate
Country*	New York│New York│Arizona
Bird	Road│Cycling│Bar,CA,,Fresh│Francisco,CA,,ThirstyBear│Road│City,CA,,Team
Namespace	wyDay.Controls│wyDay.Controls│wyDay.Controls│wyDay.Controls│wyDay.Controls│wyDay.Controls│wyDay.Controls│wyDay.Controls
value	Afeganistão│África do Sul│Albânia│Alemanha│Andorra│Angola│Anguilla│Antártida
Acronym	ADMARE│AIRARE│ACHBRT│ACHARE│BCNCAR│BCNISD│BCNLAT│BCNSAW
TEAM_CITY	Utah│Utah│Utah│Utah│Utah│Utah│Utah│Utah
name	Aberdeenshire│Angus│Argyll│Avon│Ayrshire│Banffshire│Bedfordshire│Berkshire
Wind	CALM│CALM│CALM│NNW│NW│NW│NNW│NNW
TEAM_CITY	New Orleans│New Orleans│New Orleans│New Orleans│New Orleans│New Orleans│New Orleans│New Orleans
TEAM_CITY	Cleveland│Cleveland│Cleveland│Cleveland│Cleveland│Cleveland│Cleveland│Cleveland
__index_level_0__	America/New_York│UTC-05
Wind Direction	Variable│SE│SE│South│Variable│South│South│South
property_owner_addrprovince	TX│TX
folder_owner_addrprovince	TX│TX│TX│TX│TX│TX│TX│TX
region	East│West│North│West│East│East│North│-1
County	County│DEKALB│LAUDERDALE│County│TUSCALOOSA│JEFFERSON│LIMESTONE
Events	Rain│Rain│Fog
logon	logon│logon│logon│http│http│http│http│http
placeLocation	Ellon, United Kingdom│Aberdeen, United Kingdom│Newburgh, United Kingdom│Aberdeen, United Kingdom│Cullen, United Kingdom│Inverurie, United Kingdom│Peterhead, United Kingdom│Ellon, United Kingdom
name	Geobalanus│oblongifolius│pallidus
OrganisationLabel	Hart District Council│Hart District Council│Hart District Council│Hart District Council│Hart District Council│Hart District Council│Hart District Council│Hart District Council
REGIONE	LOMBARDIA│LOMBARDIA│LOMBARDIA│LOMBARDIA│LOMBARDIA│LOMBARDIA│LOMBARDIA│LOMBARDIA
TEAM_CITY	Oklahoma City│Oklahoma City│Oklahoma City│Oklahoma City│Oklahoma City│Oklahoma City│Oklahoma City│LA
Term Source REF.15	UO│UO│UO│UO
VISIBILITY	Clear│Clear│Clear│Clear│Clear│Clear│Clear│Clear
Source	Aegon-I-Targaryen│Aegon-Targaryen-(son-of-Rhaegar)│Aegon-Targaryen-(son-of-Rhaegar)│Aegon-Targaryen-(son-of-Rhaegar)│Aegon-Targaryen-(son-of-Rhaegar)│Aegon-Targaryen-(son-of-Rhaegar)│Aegon-Targaryen-(son-of-Rhaegar)│Aegon-Targaryen-(son-of-Rhaegar)
County	Adair│Adams│Allamakee│Appanoose│Audubon│Benton│Black Hawk│Boone
dominant_object	HandToWrist│HandToWrist│HandToWrist│Hand│Hand│Hand│Hand│HandToWrist
TEAM_CITY	Indiana│Indiana│Indiana│Indiana│Indiana│Indiana│Indiana│Indiana
Nields	Criterium│C,Kyer,Boulder,CO,08:01.7,UCI│CT:│Organic│T,Selker,Boulder,CO,08:03.5,Groove│Springs│Grocers
Authorizing.Agent	Parole Board/Gov│Governor and ADOC│CDCR│Governor│Governor│Governor│AG│AG
formation	Marks Head│Castillo│Nga Pari│Dam
Wind Direction	Calm│WSW│Calm│WSW│Calm│Calm│Calm│SW
Publishers	Land Journal│Land Journal│Land Journal│Land Journal│Land Journal│Land Journal│Land Journal│Land Journal
Geographic Zone Parent Code	IND│IND│KL│TN│KL│TN
interaction_type	Pushed│RightGate│RightGate│RightGate│PickedUp│RightGate│RightGate│RightGate
TEAM_CITY	Golden State│Golden State│Golden State│Golden State│Golden State│Golden State│Golden State│Golden State
Wind Direction	Calm│Variable│Calm│Variable│North│NNE│Calm│Calm
Events	Fog│Fog│Fog
Wind Direction	Calm│Calm│Calm│SW│Calm│Calm│Calm│SW
Wind Direction	WNW│NW│NNW│NNW│Calm│SSW│SW│SSW
Carson	4/5│Grange│Avenue
interaction_type	PickedUp│RightGate│LeftGate│RightGate│RightGate│LeftGate│RightGate│RightGate
GROUP	ar.edu.unq siete-lotos│ar.edu.unq siete-lotos│ar.edu.unq siete-lotos│ar.edu.unq siete-lotos│ar.edu.unq siete-lotos│ar.edu.unq siete-lotos│ar.edu.unq siete-lotos│ar.edu.unq siete-lotos
Attributes	location_id,value│name│name│location_id,value
County	JOHNSON│WASHINGTON│MARSHALL│JOHNSON│HARDIN│JOHNSON│POLK│CEDAR
TEAM_CITY	LA│LA│LA│LA│LA│LA│LA│LA
TEAM_CITY	Indiana│Indiana│Indiana│Indiana│Indiana│Indiana│Indiana│Indiana
especievalida	Isthmura maxima│Isthmura maxima│Isthmura maxima│Isthmura maxima│Isthmura maxima│Isthmura maxima
User ID	US-WEST-CA-San Francisco│US-WEST-CA-San Francisco│US-WEST-CA-San Francisco│US-WEST-CA-San Francisco│US-WEST-CA-San Francisco│US-WEST-CA-San Francisco│US-WEST-CA-San Francisco│US-WEST-CA-San Francisco
Method	Main│Main│Main│Main│Main│Main│Main│Main
OrganisationLabel	Erewash Borough Council│Erewash Borough Council│Erewash Borough Council│Erewash Borough Council│Erewash Borough Council│Erewash Borough Council│Erewash Borough Council│Erewash Borough Council
PORTFOLIO	Big_Coal│Big_Coal│Big_Coal│Big_Coal│Big_Coal│Big_Coal│Big_Gas│Big_Gas
source	Census - CEN00│Census - CEN00│Census - CEN00│Census - CEN00│Census - CEN00│Census - CEN00│Census - CEN00│Census - CEN00
groupingname	Grouping-1│Grouping-2│Grouping-3│Grouping-3│Grouping-2
Events	Fog│Fog│Fog│Fog│Fog│Fog
County	Multnomah│Lane│Hood River│Multnomah│Washington│Washington│Marion│Marion
-.1	from│Archers│BARBARIAN│BARBARIANS│ARCHERS│ARCHERS│BARBARIANS
__index_level_953__	In│political
Events	Rain│Fog-Rain│Fog│Fog│Fog
Detector	contextOSE│contextOSE│contextOSE│contextOSE│contextOSE│contextOSE│contextOSE│contextOSE
property_owner_addrprovince	TX│TX│TX│CA
TEAM_CITY	Milwaukee│Milwaukee│Milwaukee│Milwaukee│Milwaukee│Milwaukee│Milwaukee│Milwaukee
region_GCAM3	Latin America│Southeast Asia│Africa│Latin America│Eastern Europe│Western Europe│Latin America│Middle East
area	Area│ha
County	County│WEBSTER│CHEROKEE│SMITH│COVINGTON│LAMAR│HUDSPETH│DEKALB
학과	국제학부│불어불문학과│문화디자인경영│국제대학 아시아학과│국제학과│문화디자인경영│경제학과│국제학
location_name_filter	Wexford, Ireland│Wexford, Ireland│Wexford, Ireland│Wexford, Ireland│Wexford, Ireland│Wexford, Ireland│Wexford, Ireland│Wexford, Ireland
Status	Federal state│State│State│State│State│State│State│State
TEAM_CITY	LA│LA│LA│LA│LA│LA│LA│LA
__index_level_1__	Annual data from 1969 To 2010│Bureau of Economic Analysis│Data published April 28, 2011    │File created 4/27/2011 9:00:52 AM│Line
County	Not Available│Valdez-Chitina-Whittier│Ketchikan│Nome│Bethel│Matanuska-Susitna│Fairbanks│Cordova-Mccarthy
EstadoDoc	Si│Si│Si│Si│Si│No
value	Abchazisch│Adangme│Adygees│Afaan Oromo│Afar│Afrihili│Afrikaans│Aghem
DistConocida	Si│Si│Si
COUNTY	Limestone│Denton│Wilbarger│Wheeler│Polk│Lavaca│Harris│Gillespie
Wind Direction	Calm│Calm│Calm│Calm│East│NW│North│Calm
Buffer (Km)	Si│Si│Si│Si│Si
stateFull	California│California│California│California│California│California│California│Oregon
Method	Main│Main│Main│Main│CreateAuction
Events	Fog│Fog│Fog-Rain│Fog-Rain│Fog-Rain│Fog│Fog│Fog-Rain
Wind Direction	SSE│SSE│WSW│West│Calm│South│South│South
Wind Direction	South│Calm│SE│SE│SSE│SSE│SE│SE
location.administrativeAreaLevel1	South Carolina│South Carolina
TEAM_CITY	New York│New York│New York│New York│New York│New York│New York│New York
value	Abkhazia│Achinese│Adangme│Adyghe│Afar│Afrihili│Afrikaans│Aghem
Results	Strategies
Events	Fog│Fog│Fog
Comment	 Name of the mission
County	Monongalia│Marion│Clay│McDowell│Harrison│Pleasants│Hampshire│Raleigh
Wind Direction	East│East│ENE│East│East│ESE│East│East
__index_level_1__	Cross Country│Cross Country│Cross Country│Cross Country│Cross Country│Cross Country│Cross Country│Cross Country
Wind Direction	Calm│Calm│NNW│Calm│Calm│Calm│Calm│Calm
Bump	06/03/2007│Place,License│1,0,Travis,Cross,,,1:17:50,OTR/Strenflex│2,160026,Brandan,Lee,Greenville,SC,1:20:46,Mobile│3,0,John,McGee,,,1:22:10,│4,0,Ryan,Dye,,,1:24:11,│5,0,Mark,Grobe,,,1:26:57,LRCO│6,0,Chris,Claton,,,1:28:40,
S3	GLAccountCode
rec_type	GLOBAL│GLOBAL│GLOBAL│GLOBAL│GLOBAL│GLOBAL│GLOBAL│GLOBAL
__index_level_1__	Downhill│Downhill│Downhill│Downhill│Downhill│Downhill│Downhill│Downhill
County	County│GRAINGER│HAMBLEN│County│STARK│STARK│HETTINGER│BOTTINEAU
versus	political
TEAM_CITY	Milwaukee│Milwaukee│Milwaukee│Milwaukee│Milwaukee│Milwaukee│Milwaukee│Milwaukee
Namespace	MvcPWy│MvcPWy│MvcPWy│MvcPWy│MvcPWy│MvcPWy│MvcPWy│MvcPWy
Wind Direction	East│East│East│East│East│East│East│ESE
Wind Direction	ESE│East│East│East│ENE│ENE│NNW│Calm
County	BRAZOS│BRAZOS│HARRISON│PANOLA│DE SOTO│DE SOTO│DE SOTO│NATCHITOCHES
ID	2. anonym│2. anonym│2. anonym│2. anonym│2. anonym│2. anonym│2. anonym│2. anonym
MENU_HINT	USA / Delaw (US) 10th June│USA / Delaw (US) 10th June│USA / Delaw (US) 10th June│USA / Delaw (US) 10th June│USA / FingL (US) 10th Jun│USA / FingL (US) 10th Jun│USA / FingL (US) 10th Jun│USA / FingL (US) 10th Jun
County	County│COFFEE│CHAVES│DALE│LEA│WOODS│YOAKUM│WOODS
Wind Direction	Calm│Calm│Calm│Calm│East│NW│North│Calm
__index_level_18__	Location Type│AWS Region│AWS Region│AWS Region│AWS Region│AWS Region
Cities	Criterium│Wayne,IN,,ICC│Harley-Davidson│York,NY,,│Internet│Collins,CO,,Gateway│Rapids,MI,,UCI
interaction_type	Pushed│LeftGate│RightGate│PickedUp│RightGate│LeftGate│RightGate│LeftGate
Term Source REF.13	UO│UO│UO│UO
artist	Dion│The5thDimension│OtisRedding│JoniMitchell│WillieMitchell│PaulSimon│Genesis│Dion
Wind Direction	East│NE│Calm│Calm│Calm│Calm│NNE│NE
EXAMPLE_UNITS	mV│mV│mV│mV│mV│mV│mV
LibraryLayout_s	SINGLE│SINGLE│SINGLE│SINGLE│SINGLE│SINGLE│SINGLE│SINGLE
Primary Donation Method	Gitcoin│Gitcoin│Gitcoin│Gitcoin│Gitcoin│Gitcoin
V26	orderPres│1│2│3│4│5
interaction_type	PickedUp│PickedUp│LeftGate│RightGate│LeftGate│LeftGate│RightGate│RightGate
code	CHEAONE│CHEATWO│CHOONE│CHOTWO
Wind Direction	WSW│Calm│East│South│South│SSE│South│SSE
borough	IslingtonMetropolitanBorough│Limehouse│PoplarandBromley│Finsbury│Southgate│BethnalGreen│Southwark│Southgate
interaction_type	Pushed│PickedUp│RightGate│RightGate│RightGate│RightGate│LeftGate│RightGate
SCHOOL_TYPE	Public│Public│Private│Public│Public│Public│Public│Public
Name	Mozzarella│Cheddar│Pepper Jack│Feta│Butter│Sour Cream│Heavy Cream│Eggs
TEAM_CITY	LA│LA│LA│LA│LA│LA│LA│LA
__index_level_3__	@YouTube│and│Dumb
Unnamed: 0	Alabama│Alaska│Arizona│Arkansas│California│Colorado│Connecticut│Delaware
name	Alabama│Alaska│Arizona│Arkansas│California│Colorado│Connecticut│Delaware
name	Epifagus│americanus│virginiana│virginianus│atropurpureus│rauana
Source	Aegon-I-Targaryen│Aegon-Targaryen-(son-of-Rhaegar)│Aegon-Targaryen-(son-of-Rhaegar)│Aegon-Targaryen-(son-of-Rhaegar)│Aegon-Targaryen-(son-of-Rhaegar)│Aegon-Targaryen-(son-of-Rhaegar)│Aegon-Targaryen-(son-of-Rhaegar)│Aegon-Targaryen-(son-of-Rhaegar)
value	Abkhazian│Achinese│Acoli│Adangme│Adyghe│Afar│Afrihili│Afrikaans
name	Australian Capital Territory│New South Wales│Northern Territory│Queensland│South Australia│Tasmania│Victoria│Western Australia
County	County│CONCHO│PARKER│TARRANT│TARRANT│MCLENNAN│TARRANT│GRAYSON
Wind Direction	SSE│Calm│Calm│Calm│South│Calm│SSW│SSW
message	Percentuale di ricarica dei bauletti di ritorno│È richiesta una scadenza
country_id	Peru│Peru│Peru│Peru│Peru│Peru│Peru│Peru
interaction_type	PickedUp│PickedUp│RightGate│LeftGate│LeftGate│LeftGate│PickedUp│RightGate
TEAM_CITY	LA│LA│LA│LA│LA│LA│LA│LA
Title	Meetupdiary
Region	Latin America & Caribbean│South Asia│Sub-Saharan Africa│Europe & Central Asia│Europe & Central Asia│Middle East & North Africa│Latin America & Caribbean
StateCode	VA│VA│VA│FL│GA│VA│DE│DE
|Town	50%│and│Fair
Region	Baden-Württemberg State│Berlin State│Brandenburg State│Dolnoslaskie│Free Hanseatic City of Bremen│Free Hanseatic City of Hamburg│Free State of Bavaria│Free State of Saxony
Mountain	Track│Polytechnic-San│Luis│of│Diego,CA,,San│of
PROV	ON│ON
TEAM_CITY	Utah│Utah│Utah│Utah│Utah│Utah│Utah│Utah
Directory	north-antrim│north-antrim│north-antrim│north-antrim│north-antrim│north-antrim│north-antrim│north-antrim
Term Source REF.12	UO│UO│UO│UO
Events	Rain-Thunderstorm│Rain-Thunderstorm
OrganisationLabel	Wiltshire Council│Wiltshire Council│Wiltshire Council│Wiltshire Council│Wiltshire Council│Wiltshire Council│Wiltshire Council│Wiltshire Council
Wind Direction	Calm│Calm│West│WSW│North│SW│Calm│Calm
TEAM_CITY	Cleveland│Cleveland│Cleveland│Cleveland│Cleveland│Cleveland│Cleveland│Cleveland
OrganisationLabel	Christchurch Borough Council│Christchurch Borough Council│Christchurch Borough Council│Christchurch Borough Council│Christchurch Borough Council│Christchurch Borough Council│Christchurch Borough Council│Christchurch Borough Council
Court	Nevada Supreme Court│Clark County District Court│Las Vegas Justice Court│Las Vegas Justice Court│Clark County Family Court│Las Vegas Municipal Court│Clark County Family Court│Court of Appeals
Reservoir	 Fontenelle │ Flaming Gorge │ Starvation │ Taylor Park │ Blue Mesa │ Morrow Point │ Crystal │ Navajo 
location	unknown│HK│HK│IN│IN│HK│IN│IN
Other	U.S.A.│Alas.│Az.│Ca., Cal., Cali.│Col.│Ct.
Биржевой код	Биржевой код│Биржевой код
Wind Direction	North│Variable│NNE│Calm│Calm│Calm│Calm│Calm
equity _style box	Large-Growth│Large-Blend│Large-Blend│Large-Blend│Large-Growth│Large-Value│Large-Blend│Large-Growth
__index_level_2__	Line│1
Steward	geo│geo│geo
__index_level_0__	Alabama│Alaska│Arizona│Arkansas│California│Colorado│Connecticut│Delaware
[State Name]	Poison│Poison│Poison│Poison│Poison│Poison│Poison│Poison
Events	Snow│Snow│Snow
Fatality Significant	Significant│Not Significant│Significant│Significant│Significant
Wind Direction	Calm│Calm│Calm│Calm│Calm│Calm│Calm│WSW
Wind Direction	Calm│Calm│Calm│Calm│Calm│North│NNE│Calm
death	February 26 ,3019│March ,3019│TA 515│SA 2962│FA 455
__index_level_1__	Annual data from 1969 To 2015│Bureau of Economic Analysis│Data published May 27, 2016      │File created 5/26/2016 1:26:22 PM│Line
Unnamed: 0	Alabama│Alaska│Arizona│Arkansas│California│Colorado│Connecticut│Delaware
SOURCE_DESC	SURVEY│SURVEY│SURVEY│SURVEY│SURVEY│SURVEY│SURVEY│SURVEY
Federal state	State│State│State│State│State│State│State│State
TEAM_CITY	Oklahoma City│Oklahoma City│Oklahoma City│Oklahoma City│Oklahoma City│Oklahoma City│Oklahoma City│Oklahoma City
Label	O│O│O│O│O│O│O│O
Wind Direction	West│North│North│Calm│SW│SW│West│West
IMEAPIS.DLL	IMEAPIS.DLL│IMEAPIS.DLL│IMEAPIS.DLL│IMEAPIS.DLL│IMEAPIS.DLL│IMEAPIS.DLL│IMEAPIS.DLL│IMEAPIS.DLL
Name	Acai│Alpine Strawberry│Amaretto Sour│Apple│Apple Cider│Apple Cranberry│Apple Filling│Apple Pop
TEAM_CITY	LA│LA│LA│LA│LA│LA│LA│LA
outcome	Beecham2014vbiany│Beecham2014vbiany│Beecham2014vbiany│Beecham2014vbiany│Beecham2014vbiany│Beecham2014vbiany│Beecham2014vbiany│Beecham2014vbiany
Publishers	Land Journal│Land Journal│Land Journal│Land Journal│Land Journal│Land Journal│Land Journal│Land Journal
unsettling_description	TODO│TODO│TODO│TODO│TODO│TODO│TODO│TODO
제목	릴에서 보낸 가장 그리운 한 학기│la vie lilloise inoubiable!│파란만장, 그 1년│귀중한 한학기.│릴에서의 생활
Wind Direction	ESE│Calm│Calm│Calm│Calm│Calm│Calm│Calm
groupingname	Grouping-1│Grouping-2│Grouping-3│Grouping-3│Grouping-2
DL State	FL│FL│FL│FL│FL│FL│FL│FL
no	Yume│wa
__index_level_105__	in│UBS│a│In
County	County│KENT│Alachua│Alachua│Brevard│Brevard│Putnam│AMZ552
value	Abkhazian│Achinese│Acoli│Adangme│Adyghe│Afar│Afrihili│Afrikaans
TEAM_CITY	Los Angeles│Los Angeles│Los Angeles│Los Angeles│Los Angeles│Los Angeles│Los Angeles│Los Angeles
Events	Fog│Fog│Fog
TEAM_CITY	Indiana│Indiana│Indiana│Indiana│Indiana│Indiana│Indiana│Cleveland
interaction_type	PickedUp│RightGate│RightGate│LeftGate│RightGate│RightGate│LeftGate│RightGate
Product	Che│Che│Che│Che│Che│Che│Che│Che
interaction_type	PickedUp│RightGate│RightGate│RightGate│RightGate│RightGate│LeftGate│RightGate
Wind Direction	SE│Calm│Calm│NE│ENE│NE│ENE│ENE
million	DETERIORATION
Wind Direction	North│NNW│North│North│NNW│NNW│NNW│NNW
title_cn	日本资金受到威胁 │工作正在进行中 │革命来了 │迷失在助手之海中 │我们从最近的文献中选择 │局限在量子磁体中 │经验教训 │电子尺寸探针 
Events	Fog│Fog│Rain
value	Aarabeere│Abkhazian│Achinese│Acoli│Adangme│Adyghe│Afar│Afrihili
Wind Direction	North│North│North│North│North│North│North│North
Wind Direction	Calm│NE│ENE│Calm│ENE│East│Calm│Calm
Wind	SSW│WSW│WSW│SSW│SSW│S│NW│WNW
ANONYMOUS	ANONYMOUS│ANONYMOUS│ANONYMOUS│ANONYMOUS│ANONYMOUS│ANONYMOUS│ANONYMOUS│ANONYMOUS
County	OTERO│OTERO│County│HENRY│BUREAU│MONTGOMERY│TREUTLEN│STEARNS
TE_ICM	TE│TE│TE│TE│TE│TE│TE│TE
TEAM_CITY	Minnesota│Minnesota│Minnesota│Minnesota│Minnesota│Minnesota│Minnesota│Minnesota
TEAM_CITY	LA│LA│LA│LA│LA│LA│LA│LA
-.1	WARDEN│Haste
name	Calicorema│capitata│squarrosa
Name	ビィ│ルリア│？？？
Y	Y's│Ys│Y│Y│Y│Y│Y│Y-
in	Cat
TEAM_CITY	LA│LA│LA│LA│LA│LA│LA│LA
TEAM_CITY	LA│LA│LA│LA│LA│LA│LA│LA
name	Early Sranan│Sranan│Saramaccan│Nengee│Creolese│Trinidad English Creole│Vincentian Creole│Jamaican
code	CHEAONE│CHEATWO│CHOONE│CHOTWO
Events	Fog│Fog│Fog│Fog│Fog
__index_level_1__	Cross Country│Cross Country│Cross Country│Cross Country│Cross Country│Cross Country│Cross Country│Cross Country
TEAM_CITY	Indiana│Indiana│Indiana│Indiana│Indiana│Indiana│Indiana│Indiana
__index_level_1__	Cross Country│Cross Country│Cross Country│Cross Country│Cross Country│Cross Country│Cross Country│Cross Country
TEAM_CITY	San Antonio│San Antonio│San Antonio│San Antonio│San Antonio│San Antonio│San Antonio│San Antonio
REASON	Recycling│Recycling│Recycling│Recycling│Recycling│Recycling
Arabic_Names	احمد غسان الحركه│خالد جان بيار سعود│ابراهيم وليد الخطيب│نجيب شفيق سعاده│زينه بسام الحمصي│مصطفى محمد سمير رضا│فراس بهجات منصور│طونيا غسان الحاج
Phylum	Chordata│Chordata│Chordata│Chordata│Chordata│Chordata│Chordata│Mollusca
TEAM_CITY	Brooklyn│Brooklyn│Brooklyn│Brooklyn│Brooklyn│Brooklyn│Brooklyn│Brooklyn
ProjectIdentifier	CEAP│projectIdStewards│CEAP│SACR TDB│NAWQA│NAWQA│NAWQA│projectIdNwis
__index_level_557__	farmers’│to
Region	Latin America & Caribbean│South Asia│Sub-Saharan Africa│Europe & Central Asia│Europe & Central Asia│Middle East & North Africa│Latin America & Caribbean
parentCategory	Agriculture│Agriculture
Status	FINISHED│FINISHED│FINISHED│RUNNING
Wind Direction	North│North│North│North│North│North│North│North
customerState	Oregon│NewYork│District of Columbia│Kentucky│SouthDakota│Arkansas│Arkansas│Alabama
lgID	AL│AL│AL│AL│AL│AL│AL│AL
County	Brown│Charles Mix│Clay│Hamlin│Day│Kingsbury│McCook│Union
Namespace	StepperDemo│StepperDemo│StepperDemo│StepperDemo
interaction_type	Pushed│RightGate│PickedUp│RightGate│RightGate│RightGate│RightGate│RightGate
DistConocida	Si│Si
TEAM_CITY	Atlanta│Atlanta│Atlanta│Atlanta│Atlanta│Atlanta│Atlanta│Atlanta
folder_owner_addrprovince	TX│TX│TX│TX│TX│TX│TX│TX
__index_level_1__	Criterium│Criterium│Criterium│Criterium│Criterium│Criterium│Criterium│Criterium
Location	BOUTTE│1 W KENNER│PRAIRIEVILLE│PRAIRIEVILLE│1 SW PRAIRIEVILLE│3 N PRAIRIEVILLE│3 ENE LIVINGSTON│3 E MONTPELIER
countryCode	CO│CO│CO│CO│CO│CO│GY│CO
Method	AdvancedModelService│InsertSpectralImages│GetSpectralImagesByTrackReference│ReadHashedFingerprintsByTrack│FingerprintService│CreateFingerprintsFromAudioSamples│CreateFingerprintsFromImageFrames│CreateOriginalFingerprintsFromFrames
citation_micro	Brittonia 49(3): 373. 1997.│Brittonia 49: 373 1997
TEAM_CITY	Philadelphia│Philadelphia│Philadelphia│Philadelphia│Philadelphia│Philadelphia│Philadelphia│Philadelphia
denominazione_regione	Abruzzo│Abruzzo│Abruzzo│Abruzzo│Abruzzo│Basilicata│Basilicata│Basilicata
__index_level_1__	; Seasonally adjusted at annual rates                           │Quarterly data from 1947 To 2005│Bureau of Economic Analysis│Data published September 29, 2005│File created 9/28/2005 9:11:00 AM│Line
countryCode	BO│BO│BO│BO│BO│BO│BO│BO
location_code_filter	swietokrzyskie_voivodeship_PL│swietokrzyskie_voivodeship_PL│swietokrzyskie_voivodeship_PL│swietokrzyskie_voivodeship_PL│swietokrzyskie_voivodeship_PL│swietokrzyskie_voivodeship_PL│swietokrzyskie_voivodeship_PL│swietokrzyskie_voivodeship_PL
__index_level_27__	Network Performance│Moderate
a	an│than
Wind	NW│NW│NW│NW│NW│W│W│W
topic_description	FAMILY_LIFE│FAMILY_LIFE│FAMILY_LIFE│FAMILY_LIFE│FAMILY_LIFE│FAMILY_LIFE│FAMILY_LIFE│FAMILY_LIFE
REGIONE	LOMBARDIA│LOMBARDIA│LOMBARDIA│LOMBARDIA│LOMBARDIA│LOMBARDIA│LOMBARDIA│LOMBARDIA
TEAM_CITY	Golden State│Golden State│Golden State│Golden State│Golden State│Golden State│Golden State│Golden State
value	Aarabeere│Abkhazian│Achinese│Acoli│Adangme│Adyghe│Afar│Afrihili
Bike	Cat│Cat│C
For	Criterium│/│Cycle│/│Racing│Tubes
Wind Direction	NNE│North│NNE│NNE│Calm│NNE│NNE│NNE
Wind Direction	South│South│South│SSW│SSW│South│SSW│South
was_home	Port Isaacport│Marcushaven│Tinachester│Bentonstad│East Michaelstad│Port Olivia│Zacharyville│Micheleshire
User ID	US-WEST-CA-San Francisco│US-WEST-CA-San Francisco│US-WEST-CA-San Francisco│US-WEST-CA-San Francisco│US-WEST-CA-San Francisco│US-WEST-CA-San Francisco│US-WEST-CA-San Francisco│US-WEST-CA-San Francisco
Wind Direction	South│Calm│Calm│Calm│SW│SW│SW│SW
Wind Direction	SW│SW│SW│SW│SW│SW│WSW│WSW
-.1	from│Archers│BARBARIAN│BARBARIANS│ARCHERS│ARCHERS│BARBARIANS
TEAM_CITY	Sacramento│Sacramento│Sacramento│Sacramento│Sacramento│Sacramento│Sacramento│Sacramento
Title	Nigeria denies Bill Gates visa
Conditions	Overcast│Overcast│Overcast│Overcast│Overcast│Overcast│Overcast│Overcast
TEAM_CITY	LA│LA│LA│LA│LA│LA│LA│Golden State
code	CHEAONE│CHEATWO│CHOONE│CHOTWO
ObjectName	Browser│Hindi│Search│Marati│Search│Google Search│Search│Search
TEAM_CITY	Cleveland│Cleveland│Cleveland│Cleveland│Cleveland│Cleveland│Cleveland│Cleveland
name	Abe
Region	 East│ Central│ Central│ Central│ West│ East│ Central│ Central
TEAM_CITY	New York│New York│New York│New York│New York│New York│New York│New York
OrganisationLabel	Selby District Council│Selby District Council│Selby District Council│Selby District Council│Selby District Council│Selby District Council│Selby District Council│Selby District Council
Provider State	NV│NV│NV│NV│NV│NV│NV│NV
interaction_type	RightGate│LeftGate│RightGate│PickedUp│RightGate│LeftGate│RightGate│LeftGate
257	sd│sd│sd
Wind Direction	South│Calm│SE│SE│SSE│SSE│SE│SE
Namespace	GeoSiteEnumeration│GeoSiteEnumeration│GeoSiteEnumeration│GeoSiteEnumeration│GeoSiteEnumeration│GeoSiteEnumeration│GeoSiteEnumeration│GeoSiteEnumeration
Namespace	VotingData│VotingData│VotingData
TEAM_CITY	LA│LA│LA│LA│LA│LA│LA│LA
was_home	North William│Francesland│Rebeccaborough│West Adrienne│Curtisfurt│Johnsonmouth│West Crystalberg│Port Carrie
Wind Direction	Calm│NE│NNE│NE│NE│NE│NNE│Variable
Reference	ClaimsAndHistory│ClaimsAndHistory│ClaimsAndHistory│ClaimsAndHistory
Publishers	Land Journal│Land Journal│Land Journal│Land Journal│Land Journal│Land Journal│Land Journal│Land Journal
racedesc	Black or African American│Black or African American│White│White│White│Asian│Asian│White
Wind Direction	Calm│Calm│NE│NE│ENE│ENE│ENE│ENE
venue_state	CO│CO│GA│GA│CO│CA
Project	OrchardCore.Html│OrchardCore.Html│OrchardCore.Html│OrchardCore.Html│OrchardCore.Html│OrchardCore.Html│OrchardCore.Html│OrchardCore.Html
Wind Direction	NNE│North│NNE│NNE│Calm│NNE│NNE│NNE
Park	Cat│Ride│Ride
Wind Direction	West│ESE│Calm│Calm│NE│East│East│East
Wind Direction	Calm│Calm│SW│SW│SW│SW│SW│SW
Namespace	CatapultGame│CatapultGame│CatapultGame│CatapultGame│GameStateManagement│CatapultGame│GameStateManagement│CatapultGame
Other Provider Identifier State_2	KS│GA
Events	Fog│Fog│Fog│Fog│Fog│Fog
TEAM_CITY	LA│LA│LA│LA│LA│LA│LA│LA
Wind Direction	Calm│NE│ENE│Calm│ENE│East│Calm│Calm
Center_Name_s	GEO│GEO│GEO│GEO
Provider State	NV│NV│NV│NV│NV│NV│NV│NV
value	Abkhazian│Achinese│Acoli│Adangme│Adyghe│Afar│Afrihili│Afrikaans
name	Cavaraea│elegans
groupingname	Grouping-1│Grouping-2│Grouping-3│Grouping-3│Grouping-2
groupingname	Grouping-1│Grouping-2│Grouping-3│Grouping-3│Grouping-2
Namespace	OrchardCore.Localization.PortableObject│OrchardCore.Localization.PortableObject│OrchardCore.Localization.PortableObject│OrchardCore.Localization.PortableObject│OrchardCore.Localization.PortableObject│OrchardCore.Localization.PortableObject│OrchardCore.Localization.PortableObject│OrchardCore.Localization.PortableObject
name	Aberdeenshire│Angus│Argyll│Avon│Ayrshire│Banffshire│Bedfordshire│Berkshire
placeLocation	Myrtle Beach, South Carolina│East Falkland, Falkland Islands│East Falkland, Falkland Islands│East Falkland, Falkland Islands│East Falkland, Falkland Islands│East Falkland, Falkland Islands│East Falkland, Falkland Islands
Wind Direction	South│South│South│South│South│South│SSW│SSW
County	Clay│CLAY│Bradford│Clay│CRAWFORD│SARASOTA│ORANGEBURG│ORANGEBURG
SHOT_ZONE_BASIC	Restricted Area│In The Paint (Non-RA)│Restricted Area│Restricted Area│Restricted Area│Restricted Area│Restricted Area│Restricted Area
Wind Direction	South│Calm│Calm│Calm│SW│SW│SW│SW
Wind Direction	SSE│South│Calm│Calm│Calm│Calm│Calm│Calm
interaction_type	Pushed│RightGate│RightGate│RightGate│PickedUp│RightGate│RightGate│LeftGate
Wind Direction	SW│SW│SW│Calm│SSW│South│SSE│ENE
East Lisa	Yolandafurt│Angelaview│Rodriguezport│North Maxstad│New Robert│Lake Johnton│Port Robert│Lake Danielleshire
interaction_type	Pushed│PickedUp│LeftGate│RightGate│RightGate│RightGate│LeftGate│LeftGate
Resting	Criteria│Criteria│Criteria│Criteria│Criteria│Criteria│Criteria│Criteria
Cyclocross	Cyclo-Cross│Ciclismo│Cycle│Ciclismo│Cycling│Cyclo-Cross
category	Household│Household│Household│Household│Household│Household│Household│Household
County	County│CLAY│DEUEL│County│GRANT│STEARNS│GRANT│TREMPEALEAU
Namespace	DomainModel│DomainModel│DomainModel│DomainModel│DomainModel│DomainModel.Projections│DomainModel│DomainModel.Projections
Project	CKAN-ConsoleUI│CKAN-ConsoleUI│CKAN-ConsoleUI
abbr	 a tribe
Provider State	VT│VT│VT│VT│VT│VT│VT│VT
Wind Direction	NNE│NNE│NE│ENE│East│East│ESE│East
REGIONE	LOMBARDIA│LOMBARDIA│LOMBARDIA│LOMBARDIA│LOMBARDIA│LOMBARDIA│LOMBARDIA│LOMBARDIA
phylum	Mollusca│Chordata│Annelida│Proteobacteria│Mollusca│Chordata│Arthropoda│Ascomycota
.got.plt_flags	WA│WA│WA
Publishers	Land Journal│Land Journal│Land Journal│Land Journal│Land Journal│Land Journal│Land Journal│Land Journal
TEAM_CITY	Indiana│Indiana│Indiana│Indiana│Indiana│Indiana│Indiana│Indiana
Groups	1│SampleRate_s_s_│100│Minimum
Wind Direction	North│North│North│North│WNW│NW│NNW│WNW
Subject	Postcards--California│City & town life--California--Los Angeles│California poppy│California poppy
Allegiances	Lannister│None│House Targaryen│House Greyjoy│Lannister│Baratheon│Night's Watch│None
Allegiances	Lannister│None│House Targaryen│House Greyjoy│Lannister│Baratheon│Night's Watch│None
United States of America	Alabama│Alaska│Arizona│Arkansas│California│Colorado│Connecticut│Delaware
Отгрузочный адрес - улица	Отгрузочный адрес - улица│Отгрузочный адрес - улица
TEAM_CITY	Atlanta│Atlanta│Atlanta│Atlanta│Atlanta│Atlanta│Atlanta│Atlanta
Wind Direction	Calm│Calm│NNW│Calm│Calm│Calm│Calm│Calm
this	in│the│in│the
Wind Direction	ENE│ENE│East│East│ENE│East│East│East
Wind Direction	West│West│West│West│West│West│WNW│North
Region	Latin America & Caribbean│South Asia│Sub-Saharan Africa│Europe & Central Asia│Europe & Central Asia│Middle East & North Africa│Latin America & Caribbean
__index_level_1__	Criterium│Criterium│Criterium│Criterium│Criterium│Criterium│Criterium│Criterium
Provider State	AZ│AZ│AZ│AZ│AZ│AZ│AZ│AZ
Acronym	ADMARE│AIRARE│ACHBRT│ACHARE│BCNCAR│BCNISD│BCNLAT│BCNSAW
Pinyin	àiqíng│ānpái│ānquán│ànshí│ànzhào│bǎifēnzhī│bàng│bāozi
Wind Direction	NNE│NNE│NNE│NNE│NNE│North│North│North
__index_level_1__	Cross Country│Cross Country│Cross Country│Cross Country│Cross Country│Cross Country│Cross Country│Cross Country
Wind Direction	West│West│WNW│West│West│WNW│WSW│West
venue_state	GA│GA│CA
EstadoDoc	Si│Si│Si
TEAM_CITY	Dallas│Dallas│Dallas│Dallas│Dallas│Dallas│Dallas│Dallas
Wind Direction	WNW│NW│NNW│NNW│Calm│SSW│SW│SSW
location_type	PA│BU│MI│PA│BU│MI│PA│BU
County	County│BOSSIER│BIENVILLE│BIENVILLE│County│NACOGDOCHES│WALKER│SAN JACINTO
Name	Sun│Mercury│Venus│Earth│Mars│Jupiter│Saturn│Uranus
Source	Aegon-I-Targaryen│Aegon-Targaryen-(son-of-Rhaegar)│Aegon-Targaryen-(son-of-Rhaegar)│Aegon-Targaryen-(son-of-Rhaegar)│Aegon-Targaryen-(son-of-Rhaegar)│Aegon-Targaryen-(son-of-Rhaegar)│Aegon-Targaryen-(son-of-Rhaegar)│Aegon-Targaryen-(son-of-Rhaegar)
origin_cf_race	Other│Caucasian│African-American│African-American│African-American
INPU	Variable ID│UnlimitRsrc│region,unlimited.resource,output.unit,price.unit,market│USA,water consumption,km^3,1975$/m^3,USA│USA,water withdrawals,km^3,1975$/m^3,USA│USA,biophysical water consumption,km^3,1975$/m^3,USA│USA,seawater,km^3,1975$/m^3,USA│Africa_Eastern,water consumption,km^3,1975$/m^3,Africa_Eastern
name	Vietnamosasa│ciliata│darlacensis│pusilla
interaction_type	PickedUp│RightGate│RightGate│RightGate│RightGate│RightGate│LeftGate│LeftGate
Unnamed: 0	Alabama│Alaska│Arizona│Arkansas│California│Colorado│Connecticut│Delaware
__index_level_1238__	provincial
major_category	Noncampaign│Trump - other│Noncampaign│Noncampaign│Noncampaign│Noncampaign│Noncampaign│Noncampaign
variance	Variance
Charging Agency	ST JOHNS COUNTY SHERIFFS OFFICE│ST JOHNS COUNTY SHERIFFS OFFICE│ST JOHNS COUNTY SHERIFFS OFFICE│ST JOHNS COUNTY SHERIFFS OFFICE│ST JOHNS COUNTY SHERIFFS OFFICE│ST JOHNS COUNTY SHERIFFS OFFICE│ST JOHNS COUNTY SHERIFFS OFFICE
search_term	Illinois Family Study│Illinois Family Study│Illinois Family Study│Illinois Family Study│Illinois Family Study│Illinois Family Study│Illinois Family Study│Illinois Family Study
name	Afghanistan│Afrique du Sud│Îles Åland│Albanie│Algérie│Allemagne│Andorre│Angola
book	Romans│Romans│Galatians│Romans│2 Corinthians│1 Corinthians│2 Corinthians│Galatians
USPS	AL│AK│AZ│AR│CA│CO│CT
TEAM_CITY	LA│LA│LA│LA│LA│LA│LA│LA
home	East Jenniferburgh│Lake Sueburgh│East Jamesfurt│Port Brenda│West Olivia│North Dean│Lake Joel│North Kimberlyberg
value	Abkhazian│Achinese│Acoli│Adangme│Adyghe│Afar│Afrihili│Afrikaans
lgID	NL│NL│AL│AL│AL│AL│AL│AL
Location	Pogue.Flat, Okanogan County│Pogue.Flat, Okanogan County│Pogue.Flat, Okanogan County│Pogue.Flat, Okanogan County│Pogue.Flat, Okanogan County│Pogue.Flat, Okanogan County│Pogue.Flat, Okanogan County│Pogue.Flat, Okanogan County
TEAM_CITY	Memphis│Memphis│Memphis│Memphis│Memphis│Memphis│Memphis│Memphis
Wind Direction	Calm│Calm│ENE│Calm│Calm│ENE│East│East
Wind Direction	WSW│WSW│WSW│WSW│WSW│West│West│WSW
topic_description	FAMILY_LIFE│FAMILY_LIFE│FAMILY_LIFE│FAMILY_LIFE│FAMILY_LIFE│FAMILY_LIFE│FAMILY_LIFE│FAMILY_LIFE
name	Alabama│Alaska│Arizona│Arkansas│California│Colorado│Connecticut│Delaware
property_owner_addrprovince	IN│IN│IN│IN│IN│IN│IN│IN
interaction_type	Pushed│LeftGate│RightGate│RightGate│LeftGate│RightGate│LeftGate│Pushed
Wind Direction	WNW│Calm│NW│NE│NE│ENE│NW│North
time_unit	ms│ms│ms│ms│ms│ms│ms│ms
geoip_region	NJ│NJ│NJ│NJ│NJ│NJ│NJ
Name	United States│Alabama│Alaska│Arizona│Arkansas│California│Colorado│Connecticut
Region	Baden-Wurttemberg│Bavaria│Berlin│Brandenburg│Bremen│Dolnośląskie│Germany│Hamburg
Wind Direction	NW│NNW│Calm│Calm│Calm│NW│NNW│Calm
TEAM_CITY	Philadelphia│Philadelphia│Philadelphia│Philadelphia│Philadelphia│Philadelphia│Philadelphia│Philadelphia
Events	Rain-Thunderstorm│Rain-Thunderstorm│Rain│Rain│Fog│Fog
venue_state	GA│GA│CA│GA
step	WHITE│BLACK│WHITE│BLACK│WHITE│BLACK│WHITE│BLACK
Wind Direction	Calm│SSW│North│NNW│North│North│North│North
Road	Race│Velo│homes│Real
County	Brooke│Wood│McDowell│Webster│Preston│Grant│Barbour│Kanawha
2019	coverage:
interaction_type	PickedUp│Pushed│Pushed│Pushed│Pushed│Pushed│LeftGate│LeftGate
was_home	New Dennis│West Bonnieside│New Gabrielview│Bakerburgh│Barnesville│Edwardburgh│Sethland│Lauraview
Wind Direction	SSW│SSW│WSW│SSW│SW│SW│WSW│WSW
Wind Direction	West│West│WSW│West│West│West│West│West
__index_level_1__	Cross Country│Cross Country│Cross Country│Cross Country│Cross Country│Cross Country│Cross Country│Cross Country
TEAM_CITY	Philadelphia│Philadelphia│Philadelphia│Philadelphia│Philadelphia│Philadelphia│Philadelphia│Philadelphia
County	Adams│Barnes│Benson│Billings│Bottineau│Bowman│Burke│Burleigh
County	County│PASCO│ALLEGHENY│WESTMORELAND│ALLEGHENY│WESTMORELAND│ROANOKE│CITY OF ROANOKE
Source	Aegon-I-Targaryen│Aegon-Targaryen-(son-of-Rhaegar)│Aegon-Targaryen-(son-of-Rhaegar)│Aegon-Targaryen-(son-of-Rhaegar)│Aegon-Targaryen-(son-of-Rhaegar)│Aegon-Targaryen-(son-of-Rhaegar)│Aegon-Targaryen-(son-of-Rhaegar)│Aegon-Targaryen-(son-of-Rhaegar)
name	عمر بن الخطاب│اشميخ│مدرسة النجم الساطع│إفريقيا│الفاروق
siteName	Little Rock Lake│West St Louis Creek│Pu'u Maka'ala Natural Area Reserve│Flint River│McDiffett Creek│Lewis Run│Blue River│Teakettle 2 Creek
MENU_HINT	USA / CharlT (US) 18th Mar│USA / CharlT (US) 18th Mar│USA / Louis (US) 18th Mar│USA / Louis (US) 18th Mar│USA / Louis (US) 18th Mar│USA / Louis (US) 18th Mar│USA / Louis (US) 18th Mar│USA / Louis (US) 18th Mar
TEAM_CITY	LA│LA│LA│LA│LA│LA│LA│LA
__index_level_1__	Criterium│Criterium│Criterium│Criterium│Criterium│Criterium│Criterium│Criterium
Wind Direction	SSW│SW│SW│WSW│WSW│Calm│Calm│Calm
name	Baraultia│madagascariensis
TEAM_CITY	Minnesota│Minnesota│Minnesota│Minnesota│Minnesota│Minnesota│Minnesota│Minnesota
County	WASHINGTON│AUTAUGA│WASHINGTON│MACON│LEE│LEE│CRAWFORD│MACON
general_product_title	 Apples │ Yogurt │ Oreos │ Spinach │ Papaya │ Apples │ Hummus │ Carrots 
EXAMPLE_UCUM_UNITS	mV│mV│mV│mV│mV│mV│mV
GEO.display-label	Geography│Alabama│Alaska│Arizona│Arkansas│California│Colorado│Connecticut
TEAM_CITY	Sacramento│Sacramento│Sacramento│Sacramento│Sacramento│Sacramento│Sacramento│Sacramento
Provider State	AZ│AZ│AZ│AZ│AZ│AZ│AZ│AZ
BORO	BROOKLYN│QUEENS│BROOKLYN│MANHATTAN│QUEENS│BROOKLYN│MANHATTAN│MANHATTAN
interaction_type	RightGate│RightGate│Pushed│RightGate│PickedUp│LeftGate│RightGate│RightGate
N	Po│Po
fuel	Uranium│Coal│Gas│Gas│Gas
value	Aarabeere│Abkhazian│Achinese│Acoli│Adangme│Adyghe│Afar│Afrihili
X	Cyclo-cross│Sports│M,Alders,Boulder,CO,0:59:29.80,│Giant│Giant│Collins,CO,0:59:33.11,First│Sports
in	Women│Team│Care│Lane│Group/BPB
County	County│MARICOPA│County
|Army	Hall│Barbarians│and│Rhinoceros│1.3
was_home	Deleonborough│West Paulview│Alisonmouth│West Edward│Christopherstad│Davilamouth│Port Peter│Sarahview
Wind Direction	Calm│South│SW│WSW│SW│SW│South│South
OrganisationLabel	Erewash Borough Council│Erewash Borough Council│Erewash Borough Council│Erewash Borough Council│Erewash Borough Council│Erewash Borough Council│Erewash Borough Council│Erewash Borough Council
TEAM_CITY	San Antonio│San Antonio│San Antonio│San Antonio│San Antonio│San Antonio│San Antonio│San Antonio
Provider State	DC│DC│DC│DC│DC│DC│DC│DC
Method	Main│Main│Main│Main│Main│Main│Main│Main
TEAM_CITY	Minnesota│Minnesota│Minnesota│Minnesota│Minnesota│Minnesota│Minnesota│Minnesota
__index_level_44__	To Location Type│AWS Region
groupingname	Grouping-1│Grouping-2│Grouping-3│Grouping-3│Grouping-2
User ID	US-WEST-CA-San Francisco│US-WEST-CA-San Francisco│US-WEST-CA-San Francisco│US-WEST-CA-San Francisco│US-WEST-CA-San Francisco│US-WEST-CA-San Francisco│US-WEST-CA-San Francisco│US-WEST-CA-San Francisco
Custom_TVH	Train│Train│Train│Train│Test│Train│Train│Train
Event	Running│InputWindowOpen│KeyDown│KeyDown│KeyDown│KeyDown│KeySequenceStopped│InputWindowClosed
Unnamed: 0	Alabama│Alaska│Arizona│Arkansas│California│Colorado│Connecticut│Delaware
interaction_type	RightGate│RightGate│RightGate│RightGate│RightGate│RightGate│Pushed│RightGate
Format	Take part│Take part│Take part│Take part│Take part│Fields of operation│Fields of operation│Ministers
TEAM_CITY	LA│LA│LA│LA│LA│LA│LA│LA
TEAM_CITY	Indiana│Indiana│Indiana│Indiana│Indiana│Indiana│Indiana│Indiana
County	County│WILLIAMSON│WILLIAMSON│County│CRAWFORD│CLEBURNE│WHITE
Wind Direction	SW│WSW│WSW│WSW│West│West│West│West
Data provider	Land Journal│Land Journal│Land Journal│Land Journal│Land Journal│Land Journal│Land Journal│Land Journal
Status	Operational│Operational│Operational│Operational│Operational│Operational│Operational│Operational
Provider State	AZ│AZ│AZ│AZ│AZ│AZ│AZ│AZ
County	Lander│Washoe│Clark│Clark│Clark│Clark│Washoe│Humboldt
GBD_super	North Africa and Middle East│Sub-Saharan Africa│Central Europe, Eastern Europe, and Central Asia│High income│North Africa and Middle East│High income
Region	First Four│First Four│First Four│First Four│SOUTH│SOUTH│SOUTH│SOUTH
name	Alabama│Alaska│Arizona│Arkansas│California│Colorado│Connecticut│Delaware
Wind Direction	South│Calm│Calm│Calm│Calm│Calm│SW│SW
Wind Direction	NNW│NNW│NNW│North│NNW│North│NNE│NNE
Wind Direction	Calm│NE│ENE│Calm│ENE│East│Calm│Calm
TEAM_CITY	Minnesota│Minnesota│Minnesota│Minnesota│Minnesota│Minnesota│Minnesota│Minnesota
County	OHIO│EDMONSON│RINGGOLD│RINGGOLD│County│FERRY│BLEDSOE│GREEN
Groups	1│SampleRate_s_s_│100│Minimum
The	Berlin│The│Casablanca│Schindler's│The│Rear│Raiders│The
Wind Direction	West│West│West│West│West│West│West│West
Wind Direction	SE│Calm│SE│Calm│SW│North│ESE│SW
Abbreviation	PID│VIAF│TDWG│EML│ETL│ETL│RIs│s.l.
Wind Direction	WNW│WNW│WNW│WNW│WNW│WNW│WNW│WNW
County	County│BRUNSWICK│BAKER│ALACHUA│BRADFORD│ALACHUA│County│BRUNSWICK
Race/Ethnicity	Black or African American│Multiracial or multiethnic│Hispanic or Latino│Black or African American│Black or African American│Black or African American│White│Hispanic or Latino
TEAM_CITY	Indiana│Indiana│Indiana│Indiana│Indiana│Indiana│Indiana│Indiana
Events	Rain-Thunderstorm│Rain-Thunderstorm│Rain│Rain│Fog│Fog
County	Anchorage│Nome│Cordova-Mccarthy│Seward│Kodiak Island Borough│Kenai-Cook Inlet│Juneau│Anchorage
dominant_object	Hand│Hand│Hand│Hand│Hand│Hand│Hand│Hand
Wind Direction	NNE│North│Variable│NW│NNW│North│North│North
groupingname	Grouping-1│Grouping-2│Grouping-3│Grouping-3│Grouping-2
GEO.display-label	Geography│United States│North Carolina│Durham County, North Carolina│Forsyth County, North Carolina│Guilford County, North Carolina
Wind Direction	ENE│NE│NNE│East│East│ENE│NE│NNE
Composition:	10-11:│and│Castle
Distillery	Aberfeldy│Aberlour│AnCnoc│Ardbeg│Ardmore│ArranIsleOf│Auchentoshan│Auchroisk
Chastain	area
location	Vestavia Hills, AL│United States of America│Huxley, IA│Australia│Elkhorn, NE│Jammu, Jammu And Kashmir
name	Myrionora│albidula
TEAM_CITY	Cleveland│Cleveland│Cleveland│Cleveland│Cleveland│Cleveland│Cleveland│Cleveland
TEAM_CITY	LA│LA│LA│LA│LA│LA│LA│LA
if_type	Interflow
MonitoringLocationIdentifier	organization-siteId2│organization-siteId2│organization-siteId2│organization-siteId2
category	Observation│Observation│Observation│Participant│Participant│Household│Household│Household
COUNTY	Dallas│Dallas│Madison│Jefferson│Collin│Kleberg│Harris│Falls
TEAM_CITY	Minnesota│Minnesota│Minnesota│Minnesota│Minnesota│Minnesota│Minnesota│Minnesota
TEAM_CITY	LA│LA│LA│LA│LA│LA│LA│LA
Wind Direction	Calm│Calm│Calm│Calm│SW│SW│SW│SW
Wind Direction	Calm│NE│Calm│Calm│Calm│Calm│Calm│SW
Region	Northern Ireland│South West│Wales
Namespace	CrossSectionDemo│CrossSectionDemo│CrossSectionDemo.Properties│CrossSectionDemo
Wind Direction	SSW│South│SSW│SW│WSW│Calm│Calm│Calm
Location	Location│OWATONNA│2 S VIOLA│1 WNW MILFORD│3 SE SAN PEDRO JUNCTION│5 NNE SPEEDWELL│5 S SPEEDWELL│1 WNW WYTHEVILLE
STD-L2	Whitley│Huntington│Noble│Adams│Adams│Allen│Allen│Allen
Events	Fog│Fog│Fog│Fog│Fog│Fog│Fog│Fog
country_code_filter	MT│MT│MT│MT│MT│MT│MT│MT
H_Transmission_Door_1	heat transfer coefficient by transmission│element type door 1│W/K│Real│6│6
Stem alternation	Invariant│Invariant│Invariant│Invariant│Invariant│Invariant│Invariant│Invariant
Events	Fog│Fog│Fog│Fog│Fog│Fog│Fog
lgID	AL│AL│AL│AL│AL│AL│AL│AL
Region	Northern Ireland│South West│Wales
Events	Rain
ProjectIdentifier	CEAP│projectIdStewards│CEAP│SACR TDB│NAWQA│NAWQA│NAWQA│projectIdNwis
Commissioned Details	artsACT│artsACT│artsACT│artsACT│artsACT│artsACT│artsACT
Unnamed: 0	Alabama│Alaska│Arizona│Arkansas│California│Colorado│Connecticut│Delaware
Language_ID	psi│pma│pmv│ma│pda│pdh│la│as
aspect	FOOD│FOOD│FOOD│DRINKS│DRINKS│FOOD│FOOD│AMBIENCE
cs5Label	Other info│Other info│Other info
Source	Aegon-I-Targaryen│Aegon-Targaryen-(son-of-Rhaegar)│Aegon-Targaryen-(son-of-Rhaegar)│Aegon-Targaryen-(son-of-Rhaegar)│Aegon-Targaryen-(son-of-Rhaegar)│Aegon-Targaryen-(son-of-Rhaegar)│Aegon-Targaryen-(son-of-Rhaegar)│Aegon-Targaryen-(son-of-Rhaegar)
value	Afganistaan│Afrik bŋ Worgo│Ajerbayjaan│Åland Islands│Alaseri│Albanii│Almaañ│Anndoora
Wind	NE│ENE│CALM│CALM│CALM│CALM│N│CALM
TEAM_CITY	Indiana│Indiana│Indiana│Indiana│Indiana│Indiana│Indiana│Indiana
groupingname	Grouping-1│Grouping-2│Grouping-3│Grouping-3│Grouping-2
neighborhood	East Boston│South End│South End│Dorchester│Allston / Brighton│East Boston│Back Bay
__index_level_1__	Cross Country│Cross Country│Cross Country│Cross Country│Cross Country│Cross Country│Cross Country│Cross Country
LocationDesc	Tennessee│Montana│Alabama│North Dakota│Puerto Rico│Guam│Kansas│New York
-.1	from│Archers│BARBARIAN│BARBARIANS│ARCHERS│ARCHERS│BARBARIANS
CARD	SURVEY
interaction_type	PickedUp│Pushed│RightGate│Pushed│PickedUp│LeftGate│LeftGate│LeftGate
Borough	M│M│M│M│M│Bk│Bk│Bk
Wind Direction	NE│ENE│NE│Calm│Calm│Calm│Calm│SE
Groups	1│SampleRate_s_s_│100│Minimum
in	in│region.|It│a│ranked│most│the│culture│the
TEAM_CITY	LA│LA│LA│LA│LA│LA│LA│LA
Wind Direction	Calm│North│Calm│Variable│SW│Calm│Calm│SSW
TEAM_CITY	Milwaukee│Milwaukee│Milwaukee│Milwaukee│Milwaukee│Milwaukee│Milwaukee│Milwaukee
name	Abe
TEAM_CITY	Minnesota│Minnesota│Minnesota│Minnesota│Minnesota│Minnesota│Minnesota│Minnesota
County	Adams│Barnes│Benson│Billings│Bottineau│Bowman│Burke│Burleigh
SequenceWindowClosure	ClosedByDeadzone│ClosedByDeadzone│ClosedByDeadzone│ClosedByDeadzone│ClosedByDeadzone│ClosedByDeadzone
Wind Direction	SW│SW│SSW│SW│SSW│SW│SSW│SW
TEAM_CITY	Indiana│Indiana│Indiana│Indiana│Indiana│Indiana│Indiana│Indiana
Wind Direction	Calm│Calm│ENE│ENE│ENE│East│ENE│ENE
market_cap	Giant│Giant│Giant│Giant│Giant│Giant│Giant│Giant
region	Latin America & Caribbean│South Asia│Sub-Saharan Africa│Europe & Central Asia│Europe & Central Asia│Middle East & North Africa│Latin America & Caribbean
Wind Direction	South│Calm│Calm│Calm│Calm│Calm│SW│SW
step	WHITE│BLACK│WHITE│BLACK│WHITE│BLACK│WHITE│BLACK
value	Abkhazian│Achinese│Acoli│Adangme│Adyghe│Afar│Afrihili│Afrikaans
value	Abkhazian│Achinese│Acoli│Adangme│Adyghe│Afar│Afrihili│Afrikaans
Events	Fog│Fog│Fog
Events	Fog│Fog│Fog│Fog│Fog│Fog│Fog
TEAM_CITY	Washington│Washington│Washington│Washington│Washington│Washington│Washington│Washington
Wind Direction	WSW│WSW│WSW│WSW│SW│SW│WSW│WSW
Wind Direction	WNW│NW│NNW│NNW│Calm│SSW│SW│SSW
sample_media	Water│sampleMediaStewards│Water│Water│sampleMediaNwis│Water│Water│sampleMedia
Namespace	MiniAVC│MiniAVC│MiniAVC│MiniAVC│MiniAVC│MiniAVC│MiniAVC│MiniAVC
Wind Direction	Calm│Calm│Calm│Calm│Calm│Calm│Calm│Calm
TEAM_CITY	Chicago│Chicago│Chicago│Chicago│Chicago│Chicago│Chicago│Chicago
CA	Junior│Master
TEAM_CITY	Minnesota│Minnesota│Minnesota│Minnesota│Minnesota│Minnesota│Minnesota│Minnesota
cs5Label	Other info│Other info│Other info
value	Abkhazian│Achinese│Acoli│Adangme│Adyghe│Afar│Afrihili│Afrikaans
TEAM_CITY	New Orleans│New Orleans│New Orleans│New Orleans│New Orleans│New Orleans│New Orleans│New Orleans
attribute_set	Bag│Bag│Bag│Bag│Bag│Bag│Bag│Bag
TEAM_CITY	Utah│Utah│Utah│Utah│Utah│Utah│Utah│Utah
Unnamed: 1	dium d
Events	Fog│Fog│Fog│Fog
Wind Direction	NW│North│North│North│North│North│North│North
__index_level_3__	0048│0020│0096│0087│0087│S306│0331│0340
Unnamed: 0	Alabama│Alaska│Arizona│Arkansas│California│Colorado│Connecticut│Delaware
dominant_object	Hand│HandToWrist│WristToElbow│Hand│HandToWrist│Hand│Hand│Hand
label	Abdomen│ActiveActionStatus│ActiveNotRecruiting│AerobicActivity│AlbumRelease│AllWheelDriveConfiguration│AnaerobicActivity│Anesthesia
Region	Latin America & Caribbean│South Asia│Sub-Saharan Africa│Europe & Central Asia│Europe & Central Asia│Middle East & North Africa│Latin America & Caribbean
__index_level_1__	Criterium│Criterium│Criterium│Criterium│Criterium│Criterium│Criterium│Criterium
another	to│us
Events	Rain-Thunderstorm│Rain-Thunderstorm
types	Artifact│Creature│Creature│Creature│Creature│Artifact│Instant│Enchantment
Data provider	Land Journal│Land Journal│Land Journal│Land Journal│Land Journal│Land Journal│Land Journal│Land Journal
Region	Latin America & Caribbean│South Asia│Sub-Saharan Africa│Europe & Central Asia│Europe & Central Asia│Middle East & North Africa│Latin America & Caribbean
TEAM_CITY	Cleveland│Cleveland│Cleveland│Cleveland│Cleveland│Cleveland│Cleveland│Cleveland
location_code_filter	larnaca_district_CY│larnaca_district_CY│larnaca_district_CY│larnaca_district_CY│larnaca_district_CY│larnaca_district_CY│larnaca_district_CY│larnaca_district_CY
Wind Direction	WSW│SW│SW│SW│SW│SW│SW│SW
locality	CENTRALMAINE│CENTRALMAINE│CENTRALMAINE│CENTRALMAINE│CENTRALMAINE│CENTRALMAINE│CENTRALMAINE│CENTRALMAINE
__index_level_8__	WHERE│WHERE│WHERE│WHERE│AS
TEAM_CITY	LA│LA│LA│LA│LA│LA│LA│LA
Wind Direction	SW│SW│SW│SW│SW│SW│SW│SW
Term Source REF.11	UO│UO│UO│UO
Wind Direction	ESE│South│South│SW│SW│SSW│SSW│SW
DL State	FL│FL│FL│FL│FL│FL│FL│FL
dominant_object	Hand│Hand│Hand│Hand│Hand│Hand│Hand│Hand
shortName	FERROVIAL SA│FERROVIAL SA│FERROVIAL SA│FERROVIAL SA
Burrito	California │California │Carnitas│Carne asada│California│combo chicken│California│Carnitas
__index_level_1__	Criterium│Criterium│Criterium│Criterium│Criterium│Criterium│Criterium│Criterium
TEAM_CITY	Golden State│Golden State│Golden State│Golden State│Golden State│Golden State│Golden State│Golden State
OrganisationLabel	South Tyneside Council│South Tyneside Council│South Tyneside Council│South Tyneside Council│South Tyneside Council│South Tyneside Council│South Tyneside Council│South Tyneside Council
Wind Direction	SSE│SSE│South│South│South│South│South│South
Cross.2	to│great
Wind Direction	Calm│Calm│Calm│Calm│Calm│Calm│West│SW
name	Ada County│Adams County│Bannock County│Bear Lake County│Benewah County│Bingham County│Blaine County│Boise County
relationship_id	Maps to│Maps to│Maps to│Maps to│Maps to│Maps to│Maps to│Maps to
County	WILL│MIAMI│MIAMI│MIAMI│CASS│CASS│CASS│CASS
value	Abkhazian│Achinese│Acoli│Adangme│Adyghe│Afar│Afrihili│Afrikaans
New Region Structure	New Region Structure│New Region Structure│New Region Structure│New Region Structure│New Region Structure│New Region Structure│New Region Structure│Quebec
area	Area│ha
Language_ID	pmv│pda│pwc│pdh│la│la│da│ch
Detector	contextOSE│contextOSE│contextOSE│contextOSE│contextOSE│contextOSE│contextOSE│contextOSE
SQ	CS│LO│LO│SQ│LO│DA│TM│DA
INPU	Variable ID│Global│sector.name,subsector.name,technology,year,minicam.energy.input,│district heat,biomass,biomass,1975,delivered biomass,1.25│district heat,coal,coal,1975,delivered coal,1.25│district heat,gas,gas,1975,wholesale gas,1.25│district heat,refined liquids,refined liquids,1975,refined liqui│district heat,biomass,biomass,1990,delivered biomass,1.25
Wind Direction	ENE│ENE│ENE│NE│ENE│NE│NE│NE
Cross	Cyclo-cross│Sports│Team│Giant│Fernando│Cycle│Cycle
value	Abkhazian│Achinese│Acoli│Adangme│Adyghe│Afar│Afrihili│Afrikaans
Conditions	Fog│Fog│Fog│Fog│Fog│Fog│Fog│Fog
Wind Direction	NNW│NNW│NNW│NNW│NNW│NNW│North│WNW
Ferry	Road│Lombardi│Francisco,CA,,Webcor/Alto│Spine│Anderson│Center│Park,CA,,Klein
Pivotal study	HT-Scrambled│HT-Scrambled│HT-Scrambled│HT-Scrambled│HT-Scrambled│HT-Scrambled
Name	al-shelby+county│ca-los+angeles+county│ca-orange+county│ca-riverside+county│ca-san+francisco│ca-sonoma+county│co-denver│co-el+paso+county
__index_level_1__	Criterium│Criterium│Criterium│Criterium│Criterium│Criterium│Criterium│Criterium
Wind Direction	Calm│Calm│NNW│Calm│Calm│Calm│Calm│Calm
label	Glasgow City│Dundee City│North Lanarkshire│East Ayrshire│Stirling│Clackmannanshire│Inverclyde│South Lanarkshire
type	O/LA│O/LA│O/LA/LV/PL/S│O/LA/S│O/LA│LA│O/LA│LA/LV/PL/E
was_home	Port Dalton│New Brianshire│Smithville│Staffordmouth│South Jesusmouth│Lake Williammouth│Meganmouth│Port Michelleshire
Wind Direction	SSW│WSW│West│WNW│SW│Calm│Calm│SW
COUNTY	Bexar│Dallas│Dallas│Madison│Jefferson│Collin│Kleberg│Harris
interaction_type	LeftGate│LeftGate│RightGate│LeftGate│RightGate│LeftGate│LeftGate│RightGate
County	Brown│Douglas│Charles Mix│Potter│Codington│Spink│Hutchinson│Minnehaha
Wind Direction	SW│SW│SW│SW│SW│SW│WSW│WSW
__index_level_2__	Line│1
ordenvalido	Caryophyllales│Caryophyllales│Caryophyllales
Category	General│General│General│General│General│General│General│General
Wind Direction	East│NE│Calm│Calm│Calm│Calm│NNE│NE
GEO.display-label	Geography│United States│North Carolina│Durham County, North Carolina│Forsyth County, North Carolina│Guilford County, North Carolina
GEO.display-label	Geography│United States│North Carolina│Alamance County, North Carolina│Brunswick County, North Carolina│Buncombe County, North Carolina│Burke County, North Carolina│Cabarrus County, North Carolina
property_owner_addrprovince	TX│TX│TX│TX│TX
Specific Geographic Location	EU│EU│USA│USA (Oregon and northern CA)│West coast of Vancouver Island, British Columbia, Canada│West coast of Vancouver Island, British Columbia, Canada│East coast of Vancouver Island, British Columbia, Canada│East coast of Vancouver Island, British Columbia, Canada
Method	Main│Main│Main│Main│Main
Wind Direction	WNW│NW│NNW│NNW│Calm│SSW│SW│SSW
film	Gaza│NERVOUS│asset│To
value	Abkhazia│Achinese│Adangme│Adyghe│Afar│Afrihili│Afrikaans│Aghem
Wind Direction	North│Calm│Calm│Calm│Calm│East│Calm│Calm
rarity	Uncommon│Common│Uncommon│Common│Common│Common│Rare│Rare
Wind Direction	Calm│Calm│Calm│Calm│East│NW│North│Calm
kingdom	Animalia│Animalia│Animalia│Animalia│Animalia│Animalia│Animalia│Animalia
Wind	CALM│CALM│CALM│ENE│E│N│NE│E
value	Abkhazian│Achinese│Acoli│Adangme│Adyghe│Afar│Afrihili│Afrikaans
Steward	geo│geo│geo
eight	Bullett│Timmons│Timmons│Pratt│Bullett│Bullett│Bullett│Bullett
PA	PA│PA│PA│PA│PA
TEAM_CITY	Milwaukee│Milwaukee│Milwaukee│Milwaukee│Milwaukee│Milwaukee│Milwaukee│Milwaukee
Wind Direction	West│WSW│Calm│NW│West│WSW│West│WSW
Canyon	Cross│Cross│Cross
County	Randolph│Barbour│Mason│Wood│Hampshire│Monongalia│Harrison
interaction_type	LeftGate│LeftGate│LeftGate│PickedUp│LeftGate│LeftGate│LeftGate│Pushed
TEAM_CITY	San Antonio│San Antonio│San Antonio│San Antonio│San Antonio│San Antonio│San Antonio│San Antonio
__index_level_2__	County│BRISTOL│WASHINGTON│WASHINGTON│WASHINGTON│KENT│KENT│PROVIDENCE
value	Afganistanas│Airija│Alandų Salos│Albanija│Alžyras│Amerikos Samoa│Andora│Angilija
TEAM_CITY	Cleveland│Cleveland│Cleveland│Cleveland│Cleveland│Cleveland│Cleveland│Cleveland
Wind Direction	Calm│Calm│Calm│Calm│Calm│NE│ENE│ENE
AP	U.S.│Ala.│Alaska│Ariz.│Ark.│Calif.│Colo.│Conn.
st	CO│CO│CO│CO│CO│CO│CO│CO
BUFFY	GILES│BUFFY│BUFFY VOICEOVER│BUFFY VOICEOVER│BUFFY VOICEOVER│BUFFY│BUFFY│BUFFY
Events	Snow│Snow│Snow│Snow│Snow│Snow│Snow│Snow
resourceType	Practitioner│Practitioner
__index_level_2__	County│HONOLULU│KAUAI│HONOLULU│MAUI│KAUAI│HAWAII│HAWAII
__index_level_3__	Near Clear Lake, Iowa│Off Los Roques, Venezuela│Near Kyzyltu, Kazakhstan│Donetsk, Ukraine│Goma, Congo│La Libertad, Peru│Near Dillingham, Alaska│Almer, Brazil
[State Name]	Poison│Poison│Silence│Confusion│Weak│Weak│Poison│Poison
Other Provider Identifier State_9	FL│OH
Wind Direction	Calm│Calm│West│WSW│North│SW│Calm│Calm
Cross	Cyclo-cross│Rockies│,WA,,Hagens-Berman│Ski│Velo│Cycling
Wind Direction	Calm│NW│NNW│NE│Calm│Calm│North│North
value	Abkhazian│Achinese│Acoli│Adangme│Adyghe│Afar│Afrihili│Afrikaans
Charging Agency	ST JOHNS COUNTY SHERIFFS OFFICE│ST JOHNS COUNTY SHERIFFS OFFICE│ST JOHNS COUNTY SHERIFFS OFFICE│ST JOHNS COUNTY SHERIFFS OFFICE│ST JOHNS COUNTY SHERIFFS OFFICE│ST JOHNS COUNTY SHERIFFS OFFICE│ST JOHNS COUNTY SHERIFFS OFFICE│ST JOHNS COUNTY SHERIFFS OFFICE
TEAM	Arrow│Arrow│Arrow│Arrow│Arrow│Arrow│Becker│Becker
Input.word2	Jaws│Jaws│Jaws│Jaws│Jaws│Jaws│Jaws│Jaws
Wind Direction	SSW│SSW│SSW│SSW│SSW│SSW│SSW│South
race	PREFER_NOT_TO_ANSWER│BLACK_OR_AFRICAN_AMERICAN│BLACK_OR_AFRICAN_AMERICAN│WHITE│WHITE│BLACK_OR_AFRICAN_AMERICAN│PREFER_NOT_TO_ANSWER
TEAM_CITY	Houston│Houston│Houston│Houston│Houston│Houston│Houston│Houston
TEAM_CITY	Minnesota│Minnesota│Minnesota│Minnesota│Minnesota│Minnesota│Minnesota│Minnesota
TEAM_CITY	Philadelphia│Philadelphia│Philadelphia│Philadelphia│Philadelphia│Philadelphia│Philadelphia│Philadelphia
Data provider	Land Journal│Land Journal│Land Journal│Land Journal│Land Journal│Land Journal│Land Journal│Land Journal
REGIONE	LOMBARDIA│LOMBARDIA│LOMBARDIA│LOMBARDIA│LOMBARDIA│LOMBARDIA│LOMBARDIA│LOMBARDIA
Road Category -	IV│IV│IV
country_code_filter	LV│LV│LV│LV│LV│LV│LV│LV
shortName	KAANAPALI LAND LLC│KAANAPALI LAND LLC│KAANAPALI LAND LLC│KAANAPALI LAND LLC
DistPotencial	No│Si│Si│Si│Si│Si
College	Maharaja Agrasen College│Maharaja Agrasen College│Maharaja Agrasen College│Maharaja Agrasen College│Maharaja Agrasen College│Maharaja Agrasen College│Maharaja Agrasen College│Maharaja Agrasen College
OrganisationLabel	Basingstoke & Deane Borough Council│Basingstoke & Deane Borough Council│Basingstoke & Deane Borough Council│Basingstoke & Deane Borough Council│Basingstoke & Deane Borough Council│Basingstoke & Deane Borough Council│Basingstoke & Deane Borough Council│Basingstoke & Deane Borough Council
__index_level_7__	the│by│to│for
Wind Direction	ESE│SE│East│East│ENE│East│ENE│East
__index_level_1__	Criterium│Criterium│Criterium│Criterium│Criterium│Criterium│Criterium│Criterium
geocoverage	European Union│European Union│European Union│European Union│European Union│European Union│European Union│European Union
TEAM_CITY	Utah│Utah│Utah│Utah│Utah│Utah│Utah│Utah
interaction_type	PickedUp│Pushed│Pushed│LeftGate│LeftGate│RightGate│LeftGate│LeftGate
TEAM_CITY	Brooklyn│Brooklyn│Brooklyn│Brooklyn│Brooklyn│Brooklyn│Brooklyn│Brooklyn
LenderState	VA│VA│VA│VA│VA│VA│VA│VA
TEAM_CITY	Houston│Houston│Houston│Houston│Houston│Houston│Houston│Houston
__index_level_2__	Line│1
seq_TM-tmhmm	O│O│O│O│O│O│O│O
__index_level_4__	Introduction│,0,
Name	Acadia│American Samoa│Arches│Badlands│Big Bend│Biscayne│Black Canyon of the Gunnison│Bryce Canyon
Wind Direction	SSW│SW│SW│WSW│WSW│WSW│SW│WSW
name	Alabama│Alaska│Arizona│Arkansas│California│Colorado│Connecticut│Delaware
Wind Direction	SW│West│West│WSW│SW│WSW│WSW│WSW
Value	*-sʔį│*okásʔį│*-sʔį│*okásʔį│okásʔį│ókasiŋ│óth^in│hoisʔį́
Aggregation Level	County│County│County│County│County│County│County│County
Provider State	NV│NV│NV│NV│NV│NV│NV│NV
__index_level_1__	; Seasonally adjusted at annual rates                           │Quarterly data from 1969 To 2010│Bureau of Economic Analysis│Data published March 25, 2011    │File created 3/24/2011 10:51:23 AM│Line
value	Abkhazian│Achinese│Acoli│Adangme│Adyghe│Afar│Afrihili│Afrikaans
interaction_type	LeftGate│LeftGate│LeftGate│LeftGate│LeftGate│LeftGate│LeftGate│LeftGate
Wind Direction	NNE│NNE│NNE│NNE│NNE│North│NE│NNE
region	South│Midwest│South│South│South│South│South│West
__index_level_1__	Criterium│Criterium│Criterium│Criterium│Criterium│Criterium│Criterium│Criterium
__index_level_17__	locality_description│Pine Backwater
Namespace	DI│DI.StructureMap.Registries│DI.StructureMap
Events	Fog│Fog│Fog│Fog│Fog│Fog│Fog│Fog
Events	Fog│Fog
World / Drawdown Region	Asia (Sans Japan)│Asia (Sans Japan)│Asia (Sans Japan)│Asia (Sans Japan)│Asia (Sans Japan)│Asia (Sans Japan)│Asia (Sans Japan)│Asia (Sans Japan)
Wind Direction	Calm│North│NE│NE│Calm│Calm│NE│NNE
location	Elmendorf Afb│Elmendorf Afb│Elmendorf Afb│Elmendorf Afb│Elmendorf Afb│Elmendorf Afb│Elmendorf Afb│Elmendorf Afb
N_1	Bi│Bi│Bi│Bi│Bi│Bi│Bi│Bi
rarity	Common│Common│Common│Uncommon│Common│Common│Common│Common
GEO.display-label	Geography│United States│North Carolina│Alamance County, North Carolina│Brunswick County, North Carolina│Buncombe County, North Carolina│Burke County, North Carolina│Cabarrus County, North Carolina
Wind Direction	ESE│ESE│SE│ESE│Calm│Calm│ESE│Calm
TEAM_CITY	Philadelphia│Philadelphia│Philadelphia│Philadelphia│Philadelphia│Philadelphia│Philadelphia│Philadelphia
TEAM_CITY	Golden State│Golden State│Golden State│Golden State│Golden State│Golden State│Golden State│Golden State
recommends	Doesn't Recommend│Recommends│Recommends│Neutral Outlook│Recommends│Doesn't Recommend│Recommends
Wind Direction	Calm│NE│ENE│Calm│ENE│East│Calm│Calm
Wind Direction	SSW│SSW│SSW│SW│WSW│SW│SW│WSW
groupingname	Grouping-1│Grouping-2│Grouping-3│Grouping-3│Grouping-2
Buffer (Km)	Si│Si│Si
__index_level_1__	Criterium│Criterium│Criterium│Criterium│Criterium│Criterium│Criterium│Criterium
Location	Country│Time difference│Community size│Community growth rate│Years│Latitude│Longitude│token
country_name_filter	Cyprus│Cyprus│Cyprus│Cyprus│Cyprus│Cyprus│Cyprus│Cyprus
pooped	shit......│the│at│What is this (insert well known title here)'s│the│it│underground│have
home	New Lisamouth│South Jennifer│New Courtney│Alexanderberg│Elizabethstad│Warrenview│North Timothy│New Randy
Label	O│O│O│O│O│O│O│O
lucy	member│'GRAY│XD│Weiss│Cana
Wind Direction	Variable│NNW│Variable│NNW│Variable│Variable│North│NNE
value	Abkhazia│Achinese│Adangme│Adyghe│Afar│Afrihili│Afrikaans│Aghem
Unnamed: 0	Alabama│Alaska│Arizona│Arkansas│California│Colorado│Connecticut│Delaware
Genre	Shooter│Sports│Survival Horror│RPG│Action│Action│Action│Action
dominant_object	Hand│Hand│HandToWrist│Hand
Name	Ann Arbor│Back Lake│Contwoyto│Dawson City│Eskimo Point│Fort Chipewyan│Fort Churchill│Fort Simpson
Events	Fog│Fog│Fog│Fog│Fog│Fog│Fog│Fog
TEAM_CITY	Washington│Washington│Washington│Washington│Washington│Washington│Washington│Washington
Target Type	State│State│State│State│State│State│State│State
interaction_type	Pushed│PickedUp│LeftGate│RightGate│LeftGate│RightGate│LeftGate│LeftGate
seq_TM-tmhmm	O│O│O│O│O│O│O│O
types	Eaturecray│Instant│Creature│Creature│Creature│Enchantment│Creature│Enchantment
Related concepts	land use;intensive land use│land use│land use;farmland;land ownership│land;research│land;research│boundaries;land acquisitions;land governance;territory│sustainable land management│land governance
name	Avon│Bedfordshire│Berkshire│Buckinghamshire│Cambridgeshire│Cheshire│Cleveland│Co. Durham
locality	CENTRALMAINE│CENTRALMAINE│CENTRALMAINE│CENTRALMAINE│CENTRALMAINE│CENTRALMAINE│CENTRALMAINE│CENTRALMAINE
COUNTY	Limestone│Denton│Wilbarger│Wheeler│Polk│Lavaca│Harris│Gillespie
respop72016	Population Estimate (as of July 1) - 2016│4860545│741522│6908642│2988231│39296476│5530105│3587685
Wind Direction	SSW│SSW│SSW│SSW│SSW│SSW│SSW│South
County	Adair│Adams│Allamakee│Appanoose│Audubon│Benton│Black Hawk│Boone
groupingname	Grouping-1│Grouping-2│Grouping-3│Grouping-3│Grouping-2
County	District Of Columbia│District Of Columbia│District Of Columbia│District Of Columbia│District Of Columbia│District Of Columbia│District Of Columbia│District Of Columbia
__index_level_1__	 │Annual data from 1930 To 2004│Bureau of Economic Analysis│Data published February 25, 2005 │File created 2/24/2005 3:05:54 PM│Line
Wind Direction	WNW│Variable│Calm│Calm│Variable│NW│WNW│Variable
Wind Direction	Calm│Calm│NNW│Calm│Calm│Calm│Calm│Calm
name	access_country│access_country_state│access_all_city│access_all_county│access_partner_address│access_state_city_county
groupingname	Grouping-1│Grouping-2│Grouping-3│Grouping-3│Grouping-2
substation_id	DOW_OSS│DOW_OSS│DOW_OSS│DOW_OSS│DOW_OSS│DOW_OSS│DOW_OSS│DOW_OSS
AssessmentQuestionGroup	Detail│Detail│Detail│Detail
Shape Type	Country│Country│Country│District│District│District│Precinct
FIRST_PROVINCE	Leinster│Munster│Ulster│Munster│Connacht│Ulster│Ulster│Munster
Wind Direction	SSW│WSW│SW│SW│SW│SSW│Calm│SW
Language_ID	psi│pmv│pse│cr│hi│ma│pda│pdh
County	ALBEMARLE│JONES│QUEENS│County│ALBEMARLE│GREENE│MADISON│ROBESON
Events	Snow│Snow
Wind Direction	Calm│Calm│Calm│Calm│Calm│Calm│Calm│SSE
Unnamed: 9	Cusco Quechua│Cusco Quechua│Cusco Quechua│Cusco Quechua│Cusco Quechua│Cusco Quechua│Cusco Quechua
folder_owner_addrprovince	TX│TX│TX│TX│TX│TX│TX
Wind Direction	SSE│SSE│South│South│South│South│South│South
Wind Direction	WSW│WSW│WSW│West│WNW│West│West│West
Wind Direction	WNW│NNW│NNW│NNW│Variable│Variable│South│Calm
Unnamed: 0	Alabama│Alaska│Arizona│Arkansas│California│Colorado│Connecticut│Delaware
Wind Direction	ENE│East│NE│East│SSE│SE│SE│SSE
Buffer (Km)	Si│Si
name	Australian Capital Territory│New South Wales│Northern Territory│Queensland│South Australia│Tasmania│Victoria│Western Australia
Wind Direction	NE│NE│ENE│ENE│ENE│ENE│East│East
topic_description	RECYCLING│RECYCLING│RECYCLING│RECYCLING│RECYCLING│RECYCLING│RECYCLING│RECYCLING
TEAM_CITY	LA│LA│LA│LA│LA│LA│LA│LA
Unnamed: 0	Alabama│Alaska│Arizona│Arkansas│California│Colorado│Connecticut│Delaware
Challenge	Men│Woodlands│Cycling│&
name	Alabama│Alaska│Arizona│Arkansas│California│Colorado│Connecticut│Delaware
__index_level_1059__	in│Bao
Registry	MA-S│MA-S│MA-S│MA-S│MA-S│MA-S│MA-S│MA-S
Center_Name_s	GEO│GEO│GEO│GEO│GEO│GEO│GEO│GEO
Wind Direction	NNE│NNE│NNE│NNE│NNE│NNE│NNE│NNE
__index_level_1__	Criterium│Criterium│Criterium│Criterium│Criterium│Criterium│Criterium│Criterium
Wind Direction	Calm│Calm│WNW│Calm│NNW│NNE│NW│NNE
Namespace	SurveyMonkey│SurveyMonkey│SurveyMonkey│SurveyMonkey│SurveyMonkey│SurveyMonkey│SurveyMonkey│SurveyMonkey
speakerparty	Conservative│Liberal│New Democratic Party│GPQ (ex-Bloc)│Bloc Québécois│Green Party│Liberal│Liberal
OrganisationLabel	Cannock Chase Council│Cannock Chase Council│Cannock Chase Council│Cannock Chase Council│Cannock Chase Council│Cannock Chase Council│Cannock Chase Council│Cannock Chase Council
TEAM_CITY	Cleveland│Cleveland│Cleveland│Cleveland│Cleveland│Cleveland│Cleveland│Cleveland
TEAM_CITY	Memphis│Memphis│Memphis│Memphis│Memphis│Memphis│Memphis│Memphis
Center_Name_s	GEO│GEO│GEO│GEO
제목	curtin university│curtin university│Curtin에서의 행복했던 한 학기│Curtin에서의 한 학기│내 생애 최고의 추억, Curtin! ^^│커튼 대학 파견 보고서│경험보고서│Curtin Univ. of Tech.
Region	Alabama│Alaska│Arizona│Arkansas│California│Colorado│Connecticut│Delaware
value	Abkasies│Achinese│Adangme│Adyghe│Afar│Afrihili│Afrikaans│Aghem
DistPotencial	Si│Si│Si│Si│Si│Si│Si│Si
name	Aberdeenshire│Angus│Argyll│Avon│Ayrshire│Banffshire│Bedfordshire│Berkshire
COUNTY	Limestone│Denton│Wilbarger│Wheeler│Polk│Lavaca│Harris│Gillespie
Wind Direction	Calm│Calm│West│WSW│North│SW│Calm│Calm
OrganisationLabel	Basingstoke & Deane Borough Council│Basingstoke & Deane Borough Council│Basingstoke & Deane Borough Council│Basingstoke & Deane Borough Council│Basingstoke & Deane Borough Council│Basingstoke & Deane Borough Council│Basingstoke & Deane Borough Council│Basingstoke & Deane Borough Council
topic_description	SOCIAL_CHANGE│SOCIAL_CHANGE│SOCIAL_CHANGE│SOCIAL_CHANGE│SOCIAL_CHANGE│SOCIAL_CHANGE│SOCIAL_CHANGE│SOCIAL_CHANGE
REGION1	ALAMOSA│RIO GRANDE│RIO GRANDE
Buffer (Km)	Si│Si│Si│Si│No│Si│Si
Wind Direction	WSW│SSW│NE│SSE│South│South│Variable│SW
Wind Direction	East│East│ENE│East│East│ESE│East│East
Events	Rain-Thunderstorm│Rain-Thunderstorm│Rain│Rain│Fog│Fog
Wind Direction	South│Calm│Calm│Calm│SW│SW│SW│SW
TEAM_CITY	Minnesota│Minnesota│Minnesota│Minnesota│Minnesota│Minnesota│Minnesota│Minnesota
OrganisationLabel	Cannock Chase Council│Cannock Chase Council│Cannock Chase Council│Cannock Chase Council│Cannock Chase Council│Cannock Chase Council│Cannock Chase Council│Cannock Chase Council
abbr	 a tribe
PORTFOLIO	Big_Coal│Big_Coal│Big_Coal│Big_Coal│Big_Coal│Big_Coal│Big_Gas│Big_Gas
GEO.display-label	Geography│United States│North Carolina│Alamance County, North Carolina│Brunswick County, North Carolina│Buncombe County, North Carolina│Burke County, North Carolina│Cabarrus County, North Carolina
Cell_line	NotCellLine│NotCellLine│NotCellLine│NotCellLine│NotCellLine│NotCellLine│NotCellLine│NotCellLine
Wind Direction	SW│SW│SW│SW│SW│SSW│SSW│South
Wind Direction	Calm│Calm│Calm│Calm│Calm│South│South│Calm
NMSPC_CD	KC-NEGOTIATION│KC-SYS│KC-SYS│KC-SYS│KC-NEGOTIATION│KC-NEGOTIATION│KC-NEGOTIATION│KC-AWARD
other2	stim2│na│na│na│na│na│na
Wind Direction	East│Calm│Calm│Calm│NE│SE│NE│ENE
name	Sartorina│schultzii
location_name_filter	Warmian-Masurian Voivodeship, Poland│Warmian-Masurian Voivodeship, Poland│Warmian-Masurian Voivodeship, Poland│Warmian-Masurian Voivodeship, Poland│Warmian-Masurian Voivodeship, Poland│Warmian-Masurian Voivodeship, Poland│Warmian-Masurian Voivodeship, Poland│Warmian-Masurian Voivodeship, Poland
Area(s) Where Listed As Endangered:	Bahamas│Bahamas│Costa Rica, Panama│Guatemala│Cuba│Colombia, Ecuador, Panama│Bolivia, Brazil, Colombia, Ecuador, French Guiana, Guyana, Panam│Cuba
breedName	Abondance│Africander│Angler│Angus│Angus x│Angus Lowline│Angus Red│Ankole Watusi
TEAM_CITY	LA│LA│LA│LA│LA│LA│LA│LA
name	Australian Capital Territory│New South Wales│Northern Territory│Queensland│South Australia│Tasmania│Victoria│Western Australia
relationship_id	Maps to│Maps to│Maps to│Maps to│Maps to
location_name_filter	Carinthia Statistical Region, Slovenia│Carinthia Statistical Region, Slovenia│Carinthia Statistical Region, Slovenia│Carinthia Statistical Region, Slovenia│Carinthia Statistical Region, Slovenia│Carinthia Statistical Region, Slovenia│Carinthia Statistical Region, Slovenia│Carinthia Statistical Region, Slovenia
County	County│ELK│WILSON│NEOSHO│CHAUTAUQUA│CHAUTAUQUA│ALLEN│MONTGOMERY
video_id	m8dHSLiDLKI│m8dHSLiDLKI│m8dHSLiDLKI│m8dHSLiDLKI│m8dHSLiDLKI│m8dHSLiDLKI
TEAM_CITY	Oklahoma City│Oklahoma City│Oklahoma City│Oklahoma City│Oklahoma City│Oklahoma City│Oklahoma City│Oklahoma City
County	Adams│Barnes│Benson│Billings│Bottineau│Bowman│Burke│Burleigh
Wind Direction	SW│SW│SW│SW│WSW│WSW│WNW│NNW
Namespace	Elpis.Controls│Elpis.Controls│Elpis.Controls│Elpis.Controls│Elpis.Controls│Elpis.Controls│Elpis.Controls│Elpis.Controls
interaction_type	RightGate│LeftGate│RightGate│Pushed│PickedUp│LeftGate│RightGate│RightGate
Wind Direction	West│West│West│West│West│West│WNW│North
Namespace	Coevery│Coevery.HostContext│Coevery.HostContext│Coevery│Coevery│Coevery│Coevery.Parameters│Coevery.Host
__index_level_1__	Downhill│Downhill│Downhill│Downhill│Downhill│Downhill│Downhill│Downhill
Events	Fog
Distillery	Aberfeldy│Aberlour│AnCnoc│Ardbeg│Ardmore│ArranIsleOf│Auchentoshan│Auchroisk
Wind Direction	NNE│NNE│East│ENE│SSE│Calm│SE│South
Wind Direction	East│East│ESE│Calm│Calm│Calm│East│Calm
BUFFALOES	Men│Australia│Australia
value	Abkhazian│Achinese│Acoli│Adangme│Adyghe│Afar│Afrihili│Afrikaans
workAuthor	Anonymous│Eusebius│Eusebius│Eusebius│Eusebius│Eusebius│Eusebius│Eusebius
Events	Fog│Fog│Fog
Wind Direction	SSW│WSW│West│WNW│SW│Calm│Calm│SW
Wind Direction	SE│SSE│Calm│Calm│Calm│East│East│East
Lake	Cyclo-cross│of│Davidson,Walla│Place,WA,,│Sports│Oswego,OR,,
IL	IL│IL│IL│IL
name	Couringia│orientalis
Provider State	ID│ID│ID│ID│ID│ID│ID│ID
Provider City	SHERIDAN│SUNDANCE│FORT WASHAKIE│WHEATLAND│RAWLINS│SHERIDAN│EVANSTON│CASPER
value	Abkhazia│Achinese│Adangme│Adyghe│Afar│Afrihili│Afrikaans│Aghem
AdminBoundaryID	Ontario│Quebec│Ontario│Ontario│British Columbia│British Columbia│British Columbia│British Columbia
interaction_type	PickedUp│LeftGate│LeftGate│LeftGate│LeftGate│RightGate│LeftGate│LeftGate
ANONYMOUS	ANONYMOUS│ANONYMOUS│ANONYMOUS│ANONYMOUS│ANONYMOUS│ANONYMOUS│ANONYMOUS│ANONYMOUS
Town / Village	Caernarfon Bay│Newport│Swansea│Caerphilly│Barry│Roath/Cardiff│A449/Llanwern/Newport│Llanfair Caereinion
StateCode	VA│VA│VA│VA│VA
Wind Direction	ESE│ESE│South│ENE│ENE│Calm│NNE│NE
DOLOROUS EDD	How can you leave us now? JON SNOW│DOLOROUS EDD│JON SNOW│DOLOROUS EDD│JON SNOW│)│CUT TO│SANSA
__index_level_1__	Cross Country│Cross Country│Cross Country│Cross Country│Cross Country│Cross Country│Cross Country│Cross Country
seq_TM-tmhmm	O│O│O│O│O│O│O│O
Wind Direction	South│Calm│SSW│WSW│Calm│Calm│Calm│Calm
REGIONE	LOMBARDIA│LOMBARDIA│LOMBARDIA│LOMBARDIA│LOMBARDIA│LOMBARDIA│LOMBARDIA│LOMBARDIA
exposure	Beecham2014npany│Beecham2014npany│Beecham2014npany│Beecham2014npany│Beecham2014npany│Beecham2014npany│Beecham2014npany│Beecham2014npany
Provider State	VT│VT│VT│VT│VT│VT│VT│VT
County	Montgome│Montgome│Delaware│Bucks│Bucks│Bucks│Delaware│Montgome
groupingname	Grouping-1│Grouping-2│Grouping-3│Grouping-3│Grouping-2
subject	History│History│History│History│History│History│History│History
countryCode	IL│IL│IL│IL│IL│IL│IL│IL
[State Name]	Poison│Poison│Poison│Poison│Poison│Poison│Stone│Poison
REGION1	BACA│ALAMOSA
Team_ID	2016_American_BAL│2016_American_BOS│2016_American_CWS│2016_American_CLE│2016_American_DET│2016_American_HOU│2016_American_KC│2016_American_LAA
TEAM_CITY	Sacramento│Sacramento│Sacramento│Sacramento│Sacramento│Sacramento│Sacramento│Sacramento
could	brillo│could│brillo
region	East│West│North│West│East│East│North│-1
Family	Arawakan│Arawakan│Arawakan│Arawakan│Arawakan│Arawakan│Arawakan│Arawakan
TEAM_CITY	Utah│Utah│Utah│Utah│Utah│Utah│Utah│Utah
Collegiate	Men│/│Shop/Transition
TEAM_CITY	Minnesota│Minnesota│Minnesota│Minnesota│Minnesota│Minnesota│Minnesota│Minnesota
stats_abbrev	Atl│Bkn│Bos│Cha│Chi│Cle│Dal│Den
TEAM_CITY	Atlanta│Atlanta│Atlanta│Atlanta│Atlanta│Atlanta│Atlanta│Atlanta
Wind Direction	Calm│Calm│NNE│Variable│Variable│North│NE│NE
Wind Direction	ESE│SE│ESE│SE│SE│SE│West│WNW
name	Sevilbarra/萨比尔巴拉│Sevilbarra/萨比尔巴拉│Lyria/露莉亚│Sevilbarra/萨比尔巴拉
Provider State	NV│NV│NV│NV│NV│NV│NV│NV
geo_id	ak│al│ar│az│ca│co│ct│dc
interaction_type	Pushed│PickedUp│RightGate│RightGate│RightGate│RightGate│RightGate│LeftGate
associations	The Isleham hoard│The Isleham hoard
Wind Direction	SSW│SSW│SW│SW│SW│SW│SW│SW
ITEM	Diabetes│Diabetes│Diabetes│Diabetes│Diabetes│Diabetes│Diabetes
__index_level_2__	Shelling│Baby Borlotti?│Shelling
lgID	NL│NL│AL│AL│AL│AL│AL│AL
GEO.display-label	Geography│United States│North Carolina│Durham County, North Carolina│Forsyth County, North Carolina│Guilford County, North Carolina
StateCode	VA│VA│VA│FL│VA│VA│CA│VA
|Town	50%│and│Fair
Tire	Cross│Cross
__index_level_1__	Criterium│Criterium│Criterium│Criterium│Criterium│Criterium│Criterium│Criterium
Input.word4	Criterion│Criterion│Criterion│Criterion│Criterion│Criterion│Criterion│Criterion
location	Elmendorf Afb│Elmendorf Afb│Elmendorf Afb│Elmendorf Afb│Elmendorf Afb│Elmendorf Afb│Elmendorf Afb│Elmendorf Afb
Provider State	DC│DC│DC│DC│DC│DC│DC│DC
Events	Fog│Fog
County	Kent│East Sussex│Hertfordshire│East Sussex│London│Cheshire│Lincolnshire│Somerset
Conditions	Haze│Overcast│Haze│Haze│Haze│Haze│Haze│Haze
__index_level_1__	Cross Country│Cross Country│Cross Country│Cross Country│Cross Country│Cross Country│Cross Country│Cross Country
-.1	from│Archers│BARBARIAN│BARBARIANS
ordenvalido	Anura│Anura│Anura│Anura
Wind Direction	SE│SSE│Calm│SE│Calm│Calm│Calm│Calm
__index_level_128__	Xi│in│63-year-old│to
VARNAME_1	Bavaria│Hesse│Mecklenburg-West Pomerania
제목	내 생애 잊지 못할 순간들│잊을 수 없는 한 학기! Dalhousie University│Dalhousie University-김민정│Dalhousie Univ. - 김지웅│Dalhousie Univ.-김수현│Dalhousie University-권준수
OK	Senior
county	MUNICIPALITY│Municipio│dwc:county
NAME_1	Central│Central│Central│Central│Central│Central│Copperbelt│Copperbelt
OwnerType	FEDER. FOREST OF AT│STATE│STATE│STATE│STATE│STATE│STATE
User ID	US-WEST-CA-San Francisco│US-WEST-CA-San Francisco│US-WEST-CA-San Francisco│US-WEST-CA-San Francisco│US-WEST-CA-San Francisco│US-WEST-CA-San Francisco│US-WEST-CA-San Francisco│US-WEST-CA-San Francisco
id	grass│water│concrete│wasteland│fire│greenCube│burned│burnedForest
|Town	90│and│Fair
category	Household│Household│Household│Household│Participant│Participant│Participant│Participant
name	Kashmiria│himalaica
Publishers	Land Journal│Land Journal│Land Journal│Land Journal│Land Journal│Land Journal│Land Journal│Land Journal
REGION1	ADAMS│ALAMOSA│BACA
__index_level_10__	Bengali│Farid
purpose	Registration│Registration│Registration│Auth
geoextent	Local│National│Regional│National│National│Local│National│Local
Wind Direction	SW│SW│SSW│SW│SSW│SW│SW│WSW
TEAM_CITY	Golden State│Golden State│Golden State│Golden State│Golden State│Golden State│Golden State│Golden State
Condition	Alert│Drowsy│Alert│Drowsy│Alert│Drowsy│Alert│Drowsy
SCHEDULEDESCRIPTION * SCHEDULEREQUEST *	ALARMMESSAGE * ALARMREQUEST *│SEARCH WEATHER PORTLAND MAINE│GENDERNAME NAME│SRAIXFAILED│WEATHER FORECAST│WEATHER FOR SACRAMENTO│WEATHER IN *│WEATHER *
TEAM_CITY	New Orleans│New Orleans│New Orleans│New Orleans│New Orleans│New Orleans│New Orleans│New Orleans
OrganisationLabel	North York Moors National Park Authority│North York Moors National Park Authority│North York Moors National Park Authority│North York Moors National Park Authority
County	BEAVER│CHAMBERS│County│ALACHUA│PUTNAM│PUTNAM│BREVARD│GLACIER
__index_level_16__	coal│The│has│18
name	Larsenianthus│arunachalensis│assamensis│careyanus│wardianus
AssessmentQuestionGroup	Detail│Detail│Detail│Detail
AP	U.S.│Ala.│Alaska│Ariz.│Ark.│Calif.│Colo.│Conn.
symbol	HAL.DE│HAL.DE│HAL.DE│HAL.DE
DATASTORE provider	gs,ncbi,s3│gs,ncbi,s3│gs,ncbi,s3│gs,ncbi,s3│gs,ncbi,s3│gs,ncbi,s3│gs,ncbi,s3│gs,ncbi,s3
Region	Latin America & Caribbean│South Asia│Sub-Saharan Africa│Europe & Central Asia│Europe & Central Asia│Middle East & North Africa│Latin America & Caribbean
County	MEDINA│WILLACY│County│ERIE│PISCATAQUIS│PENOBSCOT│PENOBSCOT│MEDINA
Value	*-xąhe│*-xąh-│*-ɣą│-xą́hoʔš, ru-│*-ɣą│*-ɣą│-ɣą́, ka-│-ɣą́, na-
Provider City	ABERDEEN│MARTIN│LAKE NORDEN│LENNOX│BRISTOL│DELL RAPIDS│GARRETSON│RAPID CITY
AssessmentQuestionGroup	Detail│Detail│Detail│Detail
interaction_type	Pushed│RightGate│RightGate│PickedUp│LeftGate│LeftGate│RightGate│LeftGate
repeat	or│may│to│was│operations,
Provider State	AZ│AZ│AZ│AZ│AZ│AZ│AZ│AZ
TEAM_CITY	Minnesota│Minnesota│Minnesota│Minnesota│Minnesota│Minnesota│Utah│Utah
Namespace	WpfMapControl│WpfMapControl│WpfMapControl│WpfMapControl│WpfMapControl│WpfMapControl│WpfMapControl│WpfMapControl
race	White│White│White│Asian│Asian│Asian│White│White
Wind Direction	Calm│North│North│NNE│North│Calm│NNW│NNW
unsettling_description	TODO│TODO│TODO│TODO│TODO│TODO│TODO│TODO
TEAM_CITY	LA│LA│LA│LA│LA│LA│LA│LA
WEAPObjectType	Demand Site│Demand Site│Demand Site│Demand Site│Demand Site│Demand Site│Demand Site│Demand Site
TEAM_CITY	LA│LA│LA│LA│LA│LA│LA│LA
Data	Distance│Heart Rate│Pace│Distance│Heart Rate│Pace│Distance│Heart Rate
added_by	Eliana│Eliana│Eliana
Events	Fog
OrganisationLabel	Forest of Dean District Council │Forest of Dean District Council │Forest of Dean District Council │Forest of Dean District Council │Forest of Dean District Council │Forest of Dean District Council │Forest of Dean District Council │Forest of Dean District Council 
County	WOODBURY│POTTAWATTAMIE│STORY│HAMILTON│MUSCATINE│HARDIN│BLACK HAWK│JOHNSON
TEAM_ABBREVIATION	NYK│NYK│NYK│NYK│NYK│NYK│NYK│NYK
TEAM_CITY	Sacramento│Sacramento│Sacramento│Sacramento│Sacramento│Sacramento│Sacramento│Sacramento
Provider State	VT│VT│VT│VT│VT│VT│VT│VT
ingr	Crat│Candl│Casar│Twobristl│Europ│Rough Gumw│T│Turpin's Sandmat
citation_micro	Symb. bot. upsal. 19(no. 4): 58 (1970)│Mycol. Pap. 176: 92 (2001)│Mycol. Pap. 176: 96 (2001)│Mycol. Pap. 176: 98 (2001)│Symb. bot. upsal. 19(no. 4): 59 (1970)│Mycol. Pap. 176: 104 (2001)│Mycol. Pap. 176: 114 (2001)
__index_level_3__	0048│0020│0096│0087│0087│S306│0331│0340
Events	Fog
__index_level_1__	Cross Country│Cross Country│Cross Country│Cross Country│Cross Country│Cross Country│Cross Country│Cross Country
Wind Direction	SE│SSE│Calm│SE│Calm│Calm│Calm│Calm
PLACE	California
dominant_object	Hand│Hand│Hand│Hand│Hand│Hand│HandToWrist│HandToWrist
Provider State	ID│ID│ID│ID│ID│ID│ID│ID
County Name [District] 2013-14	CARSON CITY│CHURCHILL COUNTY│CLARK COUNTY│WASHOE COUNTY│DOUGLAS COUNTY│ELKO COUNTY│ESMERALDA COUNTY│EUREKA COUNTY
topic_description	TRIAL_BY_JURY│TRIAL_BY_JURY│TRIAL_BY_JURY│TRIAL_BY_JURY│TRIAL_BY_JURY│TRIAL_BY_JURY│TRIAL_BY_JURY│TRIAL_BY_JURY
dominant_object	Hand│Hand│Hand│Hand│Hand│Hand│Hand│Hand
Boilermaker	Criterium│Heights│Lafayette,IN,,Team│Joe's│Diego,CA,,Midwest
County	APACHE│County│GRAY│GRAY│FINNEY│FINNEY│EL PASO│County
Débutant	Débutant│Débutant│Débutant│Débutant│Débutant│Débutant│Débutant│Débutant
property_owner_addrprovince	TX│OH│TX
dominant_object	Hand│Hand│Hand│HandToWrist
Trials	Development│706
interaction_type	LeftGate│RightGate│RightGate│LeftGate│RightGate│RightGate│LeftGate│RightGate
__index_level_1__	Criterium│Criterium│Criterium│Criterium│Criterium│Criterium│Criterium│Criterium
DL State	NJ│FL│FL│FL│FL
News	Places│Map│Weather│Payment│Cricket
venue_state	CA│CA
Wind Direction	NE│South│South│Calm│Calm│SW│West│WSW
TEAM_CITY	Brooklyn│Brooklyn│Brooklyn│Brooklyn│Brooklyn│Brooklyn│Brooklyn│Brooklyn
Unnamed: 0	Alabama│Alaska│Arizona│Arkansas│California│Colorado│Connecticut│Delaware
Component	Core│Core│Core│Core│Core│Core│Core│Core
__index_level_1__	Cross Country│Cross Country│Cross Country│Cross Country│Cross Country│Cross Country│Cross Country│Cross Country
TEAM_CITY	LA│LA│LA│LA│LA│LA│LA│LA
GeoY	240613│240472│240322│240624│240254│240190│240714│240186
value	Abkhazian│Achinese│Acoli│Adangme│Adyghe│Afar│Afrihili│Afrikaans
Language_ID	psi│pch│pma│pmv│pse│cr│cr│hi
.bss_flags	WA│WA
Wind Direction	SSW│Calm│East│North│Variable│NE│Calm│East
County	New Castle│Kent│Sussex│New Castle│New Castle│Kent│New Castle│New Castle
DL State	SC│SC│TN│FL│FL│FL│FL
Wind Direction	Calm│Calm│NNW│Calm│Calm│Calm│Calm│Calm
OrganisationLabel	South Cambridgeshire District Council│South Cambridgeshire District Council│South Cambridgeshire District Council│South Cambridgeshire District Council│South Cambridgeshire District Council│South Cambridgeshire District Council│South Cambridgeshire District Council│South Cambridgeshire District Council
interaction_type	PickedUp│PickedUp│LeftGate│RightGate│LeftGate│RightGate│LeftGate│RightGate
value	Abkhazian│Achinese│Acoli│Adangme│Adyghe│Afar│Afrihili│Afrikaans
geographic_level	Local authority│Local authority│Local authority│Local authority district│Local authority district│Local authority district│Local enterprise partnership│Local enterprise partnership
TEAM_CITY	Indiana│Indiana│Indiana│Indiana│Indiana│Indiana│Indiana│Indiana
country_name_filter	Greece│Greece│Greece│Greece│Greece│Greece│Greece│Greece
Florida	Country
Gui	Block│Block│Block│Connector│Connector│Block│Block│Block
County	County│PASCO│HERNANDO│HERNANDO│MIAMI-DADE│SUMTER│BROWARD│SEMINOLE
venue_state	OH│OH│IN│KY│CA
Events	Fog-Rain│Fog-Rain│Fog-Rain│Fog-Rain│Fog-Rain│Fog-Rain│Fog-Rain│Fog-Rain
interaction_type	PickedUp│Pushed│LeftGate│LeftGate│RightGate│RightGate│LeftGate│LeftGate
County	County│PEACH│LUBBOCK│SCREVEN│LOWNDES│LANIER│WARE│CLINCH
country_id	Peru│Peru│Peru│Peru
GEO.display-label	Geography│Alabama│Alaska│Arizona│Arkansas│California│Colorado│Connecticut
Unnamed: 2	Darla│Boy│Darla│Boy│Boy
ordenvalido	Caryophyllales│Caryophyllales│Caryophyllales│Caryophyllales│Caryophyllales
Location	Location│NEW HAVEN│PORT LEYDEN│2 NNW OHIO│MEADVILLE│SPARTANSBURG│INGHAM MILLS STATION│KENNEDY
Wind Direction	ESE│East│East│East│East│East│East│Variable
FeatureId	Nose│LEar│REar│Nose│Nose│Nose│LEar│REar
TYPE	Bacteria│Climate│Climate│Climate│Climate│Climate│Climate│Climate
Wind Direction	SW│WSW│SW│SSW│WSW│WSW│SW│SW
StateCode	ME│VA│VA│VA│DC
TEAM_CITY	LA│LA│LA│LA│LA│LA│LA│LA
groupingname	Grouping-1│Grouping-2│Grouping-3│Grouping-3│Grouping-2
Wind Direction	NW│WNW│West│West│West│WNW│West│West
ActivityLocation/HorizontalCoordinateReferenceSystemDatumName	actHorizontalDatumName│actHorizontalDatumName
folder_owner_addrprovince	TX│TX│TX│TX│TX│TX│TX│TX
lgID	AL│AL│AL│AL│AL│AL│AL│AL
Wind Direction	NE│South│South│Calm│Calm│SW│West│WSW
Language_ID	psi│pmv│pda│pdh│la│da│ch│op
TEAM_CITY	LA│LA│LA│LA│LA│LA│LA│LA
TEAM_CITY	Sacramento│Sacramento│Sacramento│Sacramento│Sacramento│Sacramento│Sacramento│Sacramento
dominant_object	Hand│Hand│Hand│Hand│Hand│Hand│Hand│Hand
__index_level_4__	Introduction│,0,
__index_level_1__	Cross Country│Cross Country│Cross Country│Cross Country│Cross Country│Cross Country│Cross Country│Cross Country
TEAM_CITY	LA│LA│LA│LA│LA│LA│LA│LA
State home	State Home
Wind Direction	SE│SE│SE│SSE│Calm│SSE│SSE│SE
project	OxfordBAI│OxfordBAI│OxfordBAI│OxfordBAI│OxfordBAI│OxfordBAI│OxfordBAI│OxfordBAI
scaled_input_race	White│White│White│White│Asian-Pac-Islander
value	Abkhazian│Achinese│Acoli│Adangme│Adyghe│Afar│Afrihili│Afrikaans
Corner	Road│Aid│Aid│Harley-Davidson/Hudson│Benefit│/│MORTGAGE
de	Road│SOLUTIONS│Monica,CA,1:34:23.39,ESSEX│OF│Oak,MI,1:34:27.61,WOLVERINE/AMERICAN
__index_level_0__	Anuian|36456|Boku│Anuian|28755|Boruto:│Anuian|37105|Grand│Anuian|31988|Hibike!│Anuian|14719|JoJo│Anuian|34577|Nanatsu│Anuian|31722|Nanatsu│Anuian|30503|Noragami
time_unit	ms│ms│ms│ms│ms│ms│ms│ms
name	Australian Capital Territory│New South Wales│Northern Territory│Queensland│South Australia│Tasmania│Victoria│Western Australia
property_owner_addrprovince	IL│IL│IL│IL│IL│IL
Wind Direction	NNE│Calm│NE│NNW│NNE│NE│NE│East
Level of Government	Federal│Federal│Provincial│Provincial│Provincial│Provincial│Provincial│Provincial
CA	CA│CA│CA│CA│CA│CA│OH│CA
Wind Direction	NNE│NE│NNE│NE│NNE│NNE│NE│NNE
property_owner_addrprovince	TX│TX│TX│TX│TX│TX│TX│TX
Best Category	American_blues_rock│Electronic│K-pop│Japanese_instrumental│American_blues_rock│Trip_hop│K-pop│cappella
name	Aberdeenshire│Angus│Argyll│Avon│Ayrshire│Banffshire│Bedfordshire│Berkshire
Provider City	MONTGOMERY│CHARLESTON│BECKLEY│BERKELEY SPRINGS│LOGAN│BERKELEY SPRINGS│THOMAS│MORGANTOWN
ChartYAxisTitle	Porportion of Area│Proportion of Area│Area Burned (Acres)
Wind Direction	SW│SSW│NW│WNW│WNW│WNW│West│West
Please indicate if you are interested in racing cross country or downhill.	Downhill│Cross country│Cross country
interaction_type	PickedUp│LeftGate│LeftGate│LeftGate│RightGate│LeftGate│LeftGate│RightGate
Events	Fog│Fog│Fog│Fog│Fog
"damages."",""To"	states.
Method	QueryablePattern│QueryablePlan│QueryablePattern│And│Then│QueryablePattern│And│Then
V26	orderPres│1│2│3│4│5
topic_description	SOCIAL_CHANGE│SOCIAL_CHANGE│SOCIAL_CHANGE│SOCIAL_CHANGE│SOCIAL_CHANGE│SOCIAL_CHANGE│SOCIAL_CHANGE│SOCIAL_CHANGE
Wind Direction	SE│SE│ESE│SE│SE│SSE│SSE│SSE
TEAM_CITY	Sacramento│Sacramento│Sacramento│Sacramento│Sacramento│Sacramento│Sacramento│Sacramento
Wind Direction	NNE│NNE│NNE│NNE│North│North│North│North
abbr	 a tribe
Wind Direction	SSW│Calm│East│North│Variable│NE│Calm│East
Location	N DENVER INTL AIRPORT│GROVER│10 WSW KIOWA│5 NW ELIZABETH│12 NW KIOWA│14 SW BENNETT│9 E PARKER│Location
Family	Sino-Tibetan│Sino-Tibetan│Sino-Tibetan│Sino-Tibetan│Sino-Tibetan│Sino-Tibetan│Sino-Tibetan│Sino-Tibetan
PrefLabel	District│Building│Structure│Object│Site
property_owner_addrprovince	TX│TX
TEAM_CITY	Indiana│Indiana│Indiana│Indiana│Indiana│Indiana│Indiana│Indiana
Category	Navigation│Navigation│Navigation│Navigation│Navigation│Navigation│Navigation
Wind Direction	Calm│Calm│Calm│Calm│Calm│NNW│NNW│NNE
NAME_0	Peru│Peru│Peru│Peru│Peru│Peru│Peru│Peru
interaction_type	PickedUp│PickedUp│LeftGate│LeftGate│RightGate│RightGate│LeftGate│RightGate
Project	Avalonia│Avalonia│Avalonia│Avalonia│Avalonia│Avalonia│Avalonia│Avalonia
Town / Village	Caernarfon Bay│Newport│Swansea│Caerphilly│Barry│Roath/Cardiff│A449/Llanwern/Newport│Llanfair Caereinion
name	Local│Regional│National│International│Unknown
institutionCode	KU│KU│KU│KU│C.A. Triplehorn Insect Collection, Ohio State University, Columb│KU
GEO.display-label	Geography│United States│North Carolina│Durham County, North Carolina│Forsyth County, North Carolina│Guilford County, North Carolina
Publishers	Land Journal│Land Journal│Land Journal│Land Journal│Land Journal│Land Journal│Land Journal│Land Journal
__index_level_1__	Criterium│Criterium│Criterium│Criterium│Criterium│Criterium│Criterium│Criterium
Region	Latin America & Caribbean│South Asia│Sub-Saharan Africa│Europe & Central Asia│Europe & Central Asia│Middle East & North Africa│Latin America & Caribbean
Wind Direction	Calm│West│Calm│Calm│Calm│Calm│Calm│Calm
County	Lane│Lane│Linn│Multnomah│Yamhill│Lane│Marion│Coos
TEAM_CITY	Golden State│Golden State│Golden State│Golden State│Golden State│Golden State│Golden State│Golden State
Wind Direction	WSW│WSW│West│West│WSW│West│West│West
tags	Pennsylvania,501c4│Nevada,501c3,501c4│Latino,African-American,501c3,501c4,North Carolina│African-American,501c3,501c4,Illinois│501c3,Pennsylvania,501c4│African-American,501c3,Arkansas,501c4│Immigrant Rights,501c3,Arkansas│Statewide,Texas,501c4
Identity	TE│TE│TE│TE│TE│TE│TE│ICM
Расчётный адрес - область	Расчётный адрес - область│Расчётный адрес - область
Wind Direction	Calm│Calm│Calm│Calm│Calm│South│South│Calm
Unnamed: 0	Alabama│Alaska│Arizona│Arkansas│California│Colorado│Connecticut│Delaware
TEAM_CITY	Minnesota│Minnesota│Minnesota│Minnesota│Minnesota│Minnesota│Minnesota│Minnesota
TEAM_CITY	Indiana│Indiana│Indiana│Indiana│Indiana│Indiana│Indiana│Indiana
Provider State	DC│DC│DC│DC│DC│DC│DC│DC
project	IrishDirks│IrishDirks│IrishDirks│IrishDirks│IrishDirks│IrishDirks│IrishDirks│IrishDirks
a.historic	Hordeum│Hordeum│Hordeum│Hordeum│Hordeum│Hordeum│Hordeum│Hordeum
Charging Agency	ST JOHNS COUNTY SHERIFFS OFFICE│ST JOHNS COUNTY SHERIFFS OFFICE│ST JOHNS COUNTY SHERIFFS OFFICE│ST JOHNS COUNTY SHERIFFS OFFICE│ST JOHNS COUNTY SHERIFFS OFFICE│ST JOHNS COUNTY SHERIFFS OFFICE
property_owner_addrprovince	TX│TX│TX│TX│TX
Namespace	PoshDemo│PoshDemo│PoshDemo
uptake	Large│Unknown│Considerable
OrganisationLabel	South Cambridgeshire District Council│South Cambridgeshire District Council│South Cambridgeshire District Council│South Cambridgeshire District Council│South Cambridgeshire District Council│South Cambridgeshire District Council│South Cambridgeshire District Council│South Cambridgeshire District Council
Events	Fog│Fog│Fog│Fog│Fog
type	IL│IL│NON│IL│IL│IL│IL│NON
label	Abdomen│ActiveNotRecruiting│AerobicActivity│AnaerobicActivity│Anesthesia│Appearance│Ayurvedic│Bacteria
Wind Direction	East│ENE│ENE│East│ENE│ENE│East│Calm
DL State	FL│FL│FL│FL│FL│CA
TEAM_CITY	New Orleans│New Orleans│New Orleans│New Orleans│New Orleans│New Orleans│New Orleans│New Orleans
Wind Direction	WNW│NW│NNW│NNW│Calm│SSW│SW│SSW
TEAM_CITY	Utah│Utah│Utah│Utah│Utah│Utah│Utah│Utah
PART TYPE	Ditch│Ditch│Ditch│Ditch│Ditch│Ditch│Ditch│Ditch
name	Lelum│ustilaginoides
Provider State	AZ│AZ│AZ│AZ│AZ│AZ│AZ│AZ
interaction_type	LeftGate│LeftGate│LeftGate│Pushed│RightGate│RightGate│LeftGate│RightGate
topic_description	AIR_POLLUTION│AIR_POLLUTION│AIR_POLLUTION│AIR_POLLUTION│AIR_POLLUTION│AIR_POLLUTION│AIR_POLLUTION│AIR_POLLUTION
Wind	ENE│SSW│CALM│NNW│NNW│NW│NW│N
name	Alabama│Alaska│Arizona│Arkansas│California│Colorado│Connecticut│Delaware
__index_level_1__	Criterium│Criterium│Criterium│Criterium│Criterium│Criterium│Criterium│Criterium
value	Afganistanas│Airija│Alandų Salos│Albanija│Alžyras│Amerikos Samoa│Andora│Angilija
topic_description	HOBBIES_AND_CRAFTS│HOBBIES_AND_CRAFTS│HOBBIES_AND_CRAFTS│HOBBIES_AND_CRAFTS│HOBBIES_AND_CRAFTS│HOBBIES_AND_CRAFTS│HOBBIES_AND_CRAFTS│HOBBIES_AND_CRAFTS
A1uCarD	A1uCarD│A1uCarD│A1uCarD│A1uCarD│A1uCarD│A1uCarD│A1uCarD│A1uCarD
Sioux.1	plus│Falls
district	Михайловский│Михайловский│Михайловский│Михайловский│Михайловский│Михайловский│Михайловский│Михайловский
Provider State	AK│AK│AK│AK│AK│AK│AK│AK
Aa	Abacus│Abbey│Abdomen│Ability│Abolishment│Ab│Accele│Accele
TEAM_CITY	Minnesota│Minnesota│Minnesota│Minnesota│Minnesota│Minnesota│Minnesota│Washington
MA	MA│MA│MA│MA
name	Kamalomyces│indicus
value	Abkhazian│Achinese│Acoli│Adangme│Adyghe│Afar│Afrihili│Afrikaans
interaction_type	RightGate│RightGate│LeftGate│LeftGate│RightGate│LeftGate│RightGate│RightGate
ru	Добавить товар│Не могу удалить Товара комплект (ы)│Вы уверены, что хотите удалить выбранные товар? комплекты│Описание товара Комплект│Ошибка при добавлении/обновлении товара комплекта│Информация о товаре комплекта│товар│товары
Events	Fog│Fog│Fog│Fog│Fog
Region	Baden-Wurttemberg│Bavaria│Berlin│Brandenburg│Bremen│Dolnośląskie│Germany│Hamburg
Wind Direction	Calm│Calm│Calm│Calm│Calm│Calm│SSW│SW
Wind	N│NNW│NW│NW│NNW│NW│NW│NW
name	Aberdeenshire│Angus│Argyll│Avon│Ayrshire│Banffshire│Bedfordshire│Berkshire
TEAM_CITY	Minnesota│Minnesota│Minnesota│Minnesota│Minnesota│Minnesota│Minnesota│Minnesota
ErrorType	Infrastructure│LocalState│Infrastructure│LocalState│LocalState│LocalState│LocalState│LocalState
TEAM_CITY	Minnesota│Minnesota│Minnesota│Minnesota│Minnesota│Minnesota│Minnesota│Minnesota
Wind Direction	SSW│South│South│South│South│South│South│South
County	ORANGE│WAKE│WAKE│BUTTE│County│ALACHUA│HERNANDO│PUTNAM
tile	NE│NE│NE│NE│NE│NE│NE│NE
Required	Key│Key
Wind Direction	WSW│Calm│East│South│South│SSE│South│SSE
scenario	qa│qa│qa│qa│qa│qa│qa│qa
va	VA│VA│VA│VA│VA│VA│Lead va
Wind Direction	WSW│West│West│West│West│West│West│Calm
ENGTYPE_1	State│State│State│State│State│State│State│State
lesion_type	FA│invasive
Wind Direction	SW│SW│SW│SW│SW│SW│WSW│WSW
Unnamed: 48	industry.│in│the│business.,topStory,Unknown│business.,normal,Unknown│on
TEAM_CITY	LA│LA│LA│LA│LA│LA│LA│LA
note	 │ Melittosporium│ Melittosporium│ Melittosporium│ Melittosporium│ Melittosporium│ Melittosporium│ Melittosporium
exposure	Huang2017aaos│Huang2017aaos│Huang2017aaos│Huang2017aaos│Huang2017aaos│Huang2017aaos│Huang2017aaos│Huang2017aaos
Type	City│City│City│Region│Region│Country
venue_state	CA│GA│GA│CA
__index_level_1__	Cross Country│Cross Country│Cross Country│Cross Country│Cross Country│Cross Country│Cross Country│Cross Country
Francis	and│than│was│South│Tobin│with│and
Administered to	Mother│Child│Child
Wind Direction	Calm│Calm│Calm│Calm│Calm│Calm│Calm│Calm
interaction_type	LeftGate│LeftGate│Pushed│RightGate│PickedUp│Pushed│LeftGate│RightGate
DistConocida	Si│Si│Si
response	ABBA│--date--│Agnetha Fältskog
lgID	AL│AL│AL│AL│AL│AL│AL│AL
name	Korwa│Lyria/露莉亚│Worry Wart│Korwa
Wind Direction	NE│North│East│Calm│Calm│Calm│Calm│Calm
TEAM_CITY	LA│LA│LA│LA│LA│LA│LA│LA
Wind Direction	Calm│North│Calm│Variable│SW│Calm│Calm│SSW
ArtistLocation	California - LA│Memphis TN│London England│Ohio│Burlington Ontario Canada
Wind Direction	NE│NE│North│North│ENE│North│NE│Calm
category	Asbestos, Environment, Licenses│Construction│Crime│Crime│Crime│Demographics│Drinking Water│Drinking Water
property_owner_addrprovince	TX│TX│TX
TEAM_CITY	Minnesota│Minnesota│Minnesota│Minnesota│Minnesota│Minnesota│Minnesota│Minnesota
Home	New Christopherhaven│Lake Ronaldborough│Amandachester│Brucefurt│Port Michelle│Lake Nicoleburgh│Williamview│Cameronview
__index_level_1__	Criterium│Criterium│Criterium│Criterium│Criterium│Criterium│Criterium│Criterium
HERE	IS│A│THREAD│FOR│THINGS│YOU│CAN│DO
name	Alabama│Alaska│Arizona│Arkansas│California│Colorado│Connecticut│Delaware
Web	Worldwide│Interest│Week,chemical│2004-01-04│2004-01-11│2004-01-18│2004-01-25│2004-02-01
Provider State	ID│ID│ID│ID│ID│ID│ID│ID
County	Beadle│Pennington│Spink│Edmunds│Hutchinson│Kingsbury│McPherson│Mellette
Region	Latin America & Caribbean│South Asia│Sub-Saharan Africa│Europe & Central Asia│Europe & Central Asia│Middle East & North Africa│Latin America & Caribbean
interaction_type	PickedUp│PickedUp│RightGate│RightGate│LeftGate│LeftGate│LeftGate│RightGate
Event	Running│InputWindowOpen│KeyDown│KeyDown│KeyDown│KeyDown│KeySequenceStopped│InputWindowClosed
value	Afghanistan│Afrique du Sud│Albanie│Algérie│Allemagne│Andorre│Angola│Anguilla
Wind Direction	NNE│NNE│North│NNE│NNE│NNE│North│North
TEAM_CITY	Minnesota│Minnesota│Minnesota│Minnesota│Minnesota│Minnesota│Minnesota│Minnesota
School Location	Arizona│CANADA│CANADA│CHINA│CHINA│CHINA│CHINA│California
LENORE	ALINA│LENORE│ALINA│LENORE│ALINA│LENORE│ALINA│LENORE
TEAM_CITY	Milwaukee│Milwaukee│Milwaukee│Milwaukee│Milwaukee│Milwaukee│Milwaukee│Milwaukee
__index_level_1__	; Seasonally adjusted at annual rates                           │Quarterly data from 1947 To 2009│Bureau of Economic Analysis│Data published August 27, 2009   │File created 8/26/2009 5:27:33 PM│Line
ethnicity	ethnicity│Hispanic│Mixed│Caucasian│Caucasian│Caucasian│Caucasian
value	Abkhazian│Achinese│Acoli│Adangme│Adyghe│Afar│Afrihili│Afrikaans
Wind Direction	SSW│North│Calm│Calm│ESE│Calm│SW│SW
and	where│still│it
County	County│MADISON│TOOELE│TOOELE│TOOELE│TOOELE│CAMPBELL│SALT LAKE
Ài	Bay│Bay View│Bel Ai│Belle Meade│Belle Vue│Blue Bell│Blue Ridge│Bon Ai
Region	Latin America & Caribbean│South Asia│Sub-Saharan Africa│Europe & Central Asia│Europe & Central Asia│Middle East & North Africa│Latin America & Caribbean
Wind Direction	SSW│SW│SW│WSW│West│West│WNW│West
name	Arcoscephale│Ermor│Ulm│Marverni│Sauromatia│T'ien Ch'i│Machaka│Mictlan
County	Cascade│Dawson│Lewis and Clark│Yellowstone│Yellowstone│Big Horn│Dawson│Big Horn
Provider State	VT│VT│VT│VT│VT│VT│VT│VT
ORowSet	ORowSet│ORowSet│ORowSet│ORowSet│ORowSet│ORowSet│ORowSet│ORowSet
region_name_filter	Larnaca District│Larnaca District│Larnaca District│Larnaca District│Larnaca District│Larnaca District│Larnaca District│Larnaca District
SHOT_ZONE_BASIC	In The Paint (Non-RA)│Restricted Area│Restricted Area│Restricted Area│Restricted Area│Restricted Area│Restricted Area│Restricted Area
name	Aberdeenshire│Angus│Argyll│Avon│Ayrshire│Banffshire│Bedfordshire│Berkshire
MonitoringLocationIdentifier	organization-siteId2│organization-siteId2│organization-siteId2│organization-siteId2
name	Maria-antonia│orientalis
GEO.display-label	Geography│United States│North Carolina│Durham County, North Carolina│Forsyth County, North Carolina│Guilford County, North Carolina
interaction_type	Pushed│RightGate│LeftGate│PickedUp│LeftGate│LeftGate│LeftGate│LeftGate
was_home	South Lori│Davidside│Tonyaburgh│North Johnborough│Fritzborough│Port Mercedesmouth│Michaelview│Kerrton
Wind Direction	NNW│NNW│NW│NW│NW│NW│WNW│NW
County	PALM BEACH│County│BRUNSWICK│AMZ610│AMZ610│JOHNSON│DALLAS│POTTER
Acronym	ADMARE│AIRARE│ACHBRT│ACHARE│BCNCAR│BCNISD│BCNLAT│BCNSAW
store_state	CA│Guerrero│WA│WA│Zacatecas│Jalisco│CA│CA
Data provider	Land Journal│Land Journal│Land Journal│Land Journal│Land Journal│Land Journal│Land Journal│Land Journal
Wind Direction	NNE│NNE│East│ENE│SSE│Calm│SE│South
Provider State	NM│NM│NM│NM│NM│NM│NM│NM
topic_description	HOBBIES_AND_CRAFTS│HOBBIES_AND_CRAFTS│HOBBIES_AND_CRAFTS│HOBBIES_AND_CRAFTS│HOBBIES_AND_CRAFTS│HOBBIES_AND_CRAFTS│HOBBIES_AND_CRAFTS│HOBBIES_AND_CRAFTS
Events	Snow
__index_level_355__	Shearer,│and
TEAM_CITY	Los Angeles│Los Angeles│Los Angeles│Los Angeles│Los Angeles│Los Angeles│Los Angeles│Los Angeles
DL State	FL│FL│FL│FL│FL│FL│FL│FL
Wind Direction	Calm│WSW│West│West│West│WSW│West│West
Wind Direction	ESE│ESE│ESE│ESE│SE│ESE│ESE│SE
citation_micro	Syst. Pilze (Würzburg) 135 (1816)│Syst. Pilze (Würzburg) (1816)
tr	Sağlayıcı Bilgisi│Sağlayıcı silinemedi, bazı sağlayıcıların satışı var.│Şirket Adı│Şirket Adı zorunlu alandır│ │Seçili sağlayıcıları düzenlemek istiyor musunuz?│Sağlayıcı ekleme/düzenleme hatası
Code	US-AL│US-AK│US-AZ│US-AR│US-CA│US-CO│US-CT│US-DE
MI	MI│MI│MI
Language_ID	psi│pma│pmv│cr│cr│ma│ma│ma
Wind Direction	SSW│WSW│West│WNW│SW│Calm│Calm│SW
TEAM_CITY	Indiana│Indiana│Indiana│Indiana│Indiana│Indiana│Indiana│Indiana
SR_Form	SINGLE│SINGLE│SINGLE│SINGLE│SINGLE│SINGLE│SINGLE│SINGLE
Wind	SSW│SSW│W│WSW│NW│NW│NW│WNW
TEAM_CITY	Sacramento│Sacramento│Sacramento│Sacramento│Sacramento│Sacramento│Sacramento│Sacramento
Slaughter	Junior│Junior
interaction_type	PickedUp│Pushed│RightGate│RightGate│RightGate│LeftGate│RightGate│LeftGate
DATASTORE provider	gs,ncbi,s3│gs,ncbi,s3│gs,ncbi,s3│gs,ncbi,s3│gs,ncbi,s3│gs,ncbi,s3│gs,ncbi,s3│gs,ncbi,s3
TEAM_CITY	LA│LA│LA│LA│LA│LA│LA│LA
dp/processing_level_code	Raw│Parsed_Canonical│L1│L1│L1│L2
Wind Direction	Calm│WSW│West│West│WNW│WNW│WNW│NW
topic_description	AIR_POLLUTION│AIR_POLLUTION│AIR_POLLUTION│AIR_POLLUTION│AIR_POLLUTION│AIR_POLLUTION│AIR_POLLUTION│AIR_POLLUTION
Wind Direction	SW│SSW│SSW│SSW│SW│SSW│SSW│SSW
Provider State	ID│ID│ID│ID│ID│ID│ID│ID
__index_level_17__	Irish│Asian│white│Asian│Mixed│Caucasian│white american│White
Name	Alabama│Alaska│Arizona│Arkansas│California│Colorado│Connecticut│Delaware
value	Abkhazian│Achinese│Acoli│Adangme│Adyghe│Afar│Afrihili│Afrikaans
NAME	Wychwood (94)│Yonge-Eglinton (100)│Yonge-St.Clair (97)│York University Heights (27)│Yorkdale-Glen Park (31)│Lambton Baby Point (114)│Lansing-Westgate (38)│Lawrence Park North (105)
TEAM_CITY	San Antonio│San Antonio│San Antonio│San Antonio│San Antonio│San Antonio│San Antonio│San Antonio
Wind Direction	SSE│South│SSE│South│SSE│South│SSE│South
Wind Direction	North│North│NW│NW│Calm│South│NW│Calm
Wind Direction	NE│NE│ENE│ENE│ENE│ENE│East│East
Wind Direction	Calm│Calm│NNW│Calm│Calm│Calm│Calm│Calm
rater	HK│HK│HK│HK│HK│HK│HK│HK
reverese_relationship_id	Mapped from│Mapped from│Mapped from│Mapped from│Mapped from│Mapped from│Mapped from│Mapped from
PLANT	PITTSBURGH_1-4│PITTSBURGH_5-6│PITTSBURG_7│CONTRA_COSTA_4-5│CONTRA_COSTA_6-7│POTRERO_HILL│EL_SEGUNDO_1-2│EL_SEGUNDO_3-4
Wind Direction	ENE│East│East│East│East│ENE│ENE│ENE
Estados	Aguascalientes│Baja California│Baja California Sur│Campeche│Chiapas│Chihuahua│Ciudad De Mexico│Coahuila
Language_ID	psi│pmv│cr│pda│pdh│la│da│op
'known'	 'uk'│ 'pneumonia'│ 'without'│ 'rochell'│ 'wuhan'│ 'lung'│ 'sampl'│ 'malaria'
Unnamed: 19	moderate│2
__index_level_3__	Women│Women│Women│Women│Women│Women│Women│Women
CastingRange	int│23│23│27│33│16│33│30
Unnamed: 0	Alabama│Alaska│Arizona│Arkansas│California│Colorado│Connecticut│Delaware
value	ارمني│ازبکي│الماني│انګلیسي│ایټالوي│بلوڅي│پښتو│پورتګالي
attribute	Statewide│Statewide│Statewide│Statewide│Statewide│Statewide│Note│Note
Region	Latin America & Caribbean│South Asia│Sub-Saharan Africa│Europe & Central Asia│Europe & Central Asia│Middle East & North Africa│Latin America & Caribbean
County	COVINGTON│COVINGTON│JONES│County│LINCOLN│CLARKE│PUTNAM│MONTGOMERY
type	IL│NON│NON│NON│NON│IL│NON│IL
NA	WA│WA│WA│WA
region_name_filter	Lorraine│Lorraine│Lorraine│Lorraine│Lorraine│Lorraine│Lorraine│Lorraine
__index_level_2__	County│KENT│KENT│SUSSEX│SUSSEX│SUSSEX│KENT│KENT
Work State	California│california│California│California
topic_description	HOBBIES_AND_CRAFTS│HOBBIES_AND_CRAFTS│HOBBIES_AND_CRAFTS│HOBBIES_AND_CRAFTS│HOBBIES_AND_CRAFTS│HOBBIES_AND_CRAFTS│HOBBIES_AND_CRAFTS│HOBBIES_AND_CRAFTS
notesForOnt	Geographic Loaction│Participant│Study details│Study details│Geographic Loaction│Geographic Loaction│Participant│Participant
value	Abkhazian│Achinese│Acoli│Adangme│Adyghe│Afar│Afrihili│Afrikaans
country_name_filter	Cyprus│Cyprus│Cyprus│Cyprus│Cyprus│Cyprus│Cyprus│Cyprus
EstadoDoc	Si│Si│Si│Si│Si│Si│Si
COUNTY	Kleberg│Collin│Hamilton│Harris│Tarrant│Guadalupe│Harris│Fort Bend
Wind Direction	West│South│SSE│SSW│NNW│Calm│SSE│South
throughout	Git│is
name	Ann Arbor│Back Lake│Contwoyto│Dawson City│Eskimo Point│Fort Chipewyan│Fort Churchill│Fort Simpson
Events	Fog-Rain│Fog-Rain│Fog-Rain│Fog-Rain│Fog-Rain-Thunderstorm│Fog-Rain│Fog│Fog
Wind Direction	NE│NNE│NE│NE│NE│ENE│East│East
name	Australian Capital Territory│New South Wales│Northern Territory│Queensland│South Australia│Tasmania│Victoria│Western Australia
__index_level_3__	West│Krisha│want
Related concepts	land deals│development;land use;geographical information systems;urbanizati│development│food security│land;research│development;land distribution;poverty;rural areas│intensive land use│sustainable land management;climate change
country_code_filter	LT│LT│LT│LT│LT│LT│LT│LT
major_category	Noncampaign│Trump - other│Noncampaign│Noncampaign│Noncampaign│Noncampaign│Noncampaign│Noncampaign
name	Alaska│Alabama│Arkansas│Arizona│California│Colorado│Connecticut│District of Columbia
TEAM_CITY	Phoenix│Phoenix│Phoenix│Phoenix│Phoenix│Phoenix│Phoenix│Phoenix
Method	Match│RemoveODataPath│Match│Match│RemoveODataPath│RemoveODataPath│RemoveODataPath│CustomMapODataServiceRoute
County	TOMPKINS│SENECA│TOMPKINS│WAYNE│ONTARIO│SCHUYLER│SENECA│WAYNE
IL	IL│IL│IL│IL
Wind Direction	WSW│West│WSW│WSW│WSW│SW│WSW│SW
__index_level_1__	Cross Country│Cross Country│Cross Country│Cross Country│Cross Country│Cross Country│Cross Country│Cross Country
location_code_filter	alsace_FR│alsace_FR│alsace_FR│alsace_FR│alsace_FR│alsace_FR│alsace_FR│alsace_FR
Shape Type	Country│Country│Country│Country│District│District│District│District
location_code_filter	warmian_masurian_voivodeship_PL│warmian_masurian_voivodeship_PL│warmian_masurian_voivodeship_PL│warmian_masurian_voivodeship_PL│warmian_masurian_voivodeship_PL│warmian_masurian_voivodeship_PL│warmian_masurian_voivodeship_PL│warmian_masurian_voivodeship_PL
Region	Latin America & Caribbean│South Asia│Sub-Saharan Africa│Europe & Central Asia│Europe & Central Asia│Middle East & North Africa│Latin America & Caribbean
Unnamed: 0	Alabama│Alaska│Arizona│Arkansas│California│Colorado│Connecticut│Delaware
DistPotencial	Si│Si│Si│Si│Si│Si│Si│Si
Language_ID	psi│pma│pse│ca│ca│ca│ca│ca
Provider State	DC│DC│DC│DC│DC│DC│DC│DC
Source	Constituent Call│Constituent Call│Constituent Call│Constituent Call│Constituent Call│Constituent Call│Constituent Call│Constituent Call
[State Name]	Poison│Poison│Poison│Poison│Poison│Poison│Stone│Poison
interaction_type	PickedUp│PickedUp│LeftGate│LeftGate│LeftGate│LeftGate│RightGate│LeftGate
venue_state	KY│KY│KY│KY│KY│KY
__index_level_1__	Marathon│Marathon│Marathon│Marathon│Marathon│Marathon│Marathon│Marathon
Wind Direction	Calm│SW│Calm│Calm│WNW│NNW│WSW│East
shortName	INMOBILIARIA COLONIAL SOCIMI S.│INMOBILIARIA COLONIAL SOCIMI S.│INMOBILIARIA COLONIAL SOCIMI S.│INMOBILIARIA COLONIAL SOCIMI S.
of	Country│Junction,VT,,Fitzgerald's
was_home	Davismouth│Rodriguezside
County	County│MONROE│ANZ633│DARE│County
Whit	Country│Cycling│Hole│Country
lgID	NL│NL│NL│NL│NL│NL│NL│NL
GEO.display-label	Geography│United States│North Carolina│Durham County, North Carolina│Forsyth County, North Carolina│Guilford County, North Carolina
Severe Calculated	Calculated│Extracted│Extracted│Extracted│Extracted
Events	Fog│Fog
Events	Snow│Snow│Snow│Snow│Snow│Snow
TEAM_CITY	Los Angeles│Los Angeles│Los Angeles│Los Angeles│Los Angeles│Los Angeles│Los Angeles│Los Angeles
name	Australian Capital Territory│New South Wales│Northern Territory│Queensland│South Australia│Tasmania│Victoria│Western Australia
TEAM_CITY	Los Angeles│Los Angeles│Los Angeles│Los Angeles│Los Angeles│Los Angeles│Los Angeles│Los Angeles
Wind Direction	West│ESE│Calm│Calm│NE│East│East│East
DL State	CA│CA│CA│CA│FL│FL│SC│SC
-.1	SIDEB│Attack.
in	Cat1/2/3/4/5│Cat1/2/3/4/5│Clinic
name	Kabatana│arthuri│newberryi│takedai
County	Pershing│Lyon│Clark│Clark│Clark│Washoe│Washoe│Washoe
Provider State	DC│DC│DC│DC│DC│DC│DC│DC
Event	Running│InputWindowOpen│KeyDown│KeyDown│KeyDown│KeyDown│KeySequenceStopped│InputWindowClosed
Wind Direction	NE│NE│NNE│NE│NE│NNE│North│NNE
topic_description	SOCIAL_CHANGE│SOCIAL_CHANGE│SOCIAL_CHANGE│SOCIAL_CHANGE│SOCIAL_CHANGE│SOCIAL_CHANGE│SOCIAL_CHANGE│SOCIAL_CHANGE
MulColorG	int│45│75│60│60│65│65│55
Scripts	Latin│Latin│Latin│Latin│Latin│Latin│Latin│Latin
__index_level_9__	time│the│only│second│in
-.1	from│Archers│BARBARIAN│BARBARIANS
TEAM_CITY	Indiana│Indiana│Indiana│Indiana│Indiana│Indiana│Indiana│Indiana
Wind Direction	SSW│WSW│SW│SW│SW│SSW│Calm│SW
PORTFOLIO	Old_Timers│Old_Timers│Old_Timers│Old_Timers│Old_Timers│Beachfront│Beachfront│Beachfront
Rhino	Cat│T
it.2	But│But
TEAM_CITY	Indiana│Indiana│Indiana│Indiana│Indiana│Indiana│Indiana│Indiana
Status	Operational│Operational│Operational│Operational│Operational│Operational│Operational│Operational
-.1	from│Archers│BARBARIAN│BARBARIANS│ARCHERS│ARCHERS│BARBARIANS
Wind Direction	SSW│West│South│SSE│South│SSW│SW│SSW
TEAM_CITY	Minnesota│Minnesota│Minnesota│Minnesota│Minnesota│Minnesota│Minnesota│Minnesota
1	Men│Life
Events	Fog│Fog│Fog│Fog-Rain│Fog-Rain-Thunderstorm│Fog-Rain-Thunderstorm│Fog-Rain-Thunderstorm│Fog-Rain-Thunderstorm
venue_state	CA│GA│GA│CA
value	Abkhazia│Achinese│Adangme│Adyghe│Afar│Afrihili│Afrikaans│Aghem
County	Adair│Adams│Allamakee│Appanoose│Audubon│Benton│Black Hawk│Boone
__index_level_183__	The│Marine│U.S.│County,│sophisticated│U.S.
genre	Opéra│Opéra│Opéra│Opéra│Opéra│Opéra│Opéra│Opéra
value	Achinese│Adangme│Adyghe│Afar│Afrihili│Ainu│Akkadian│Akoose
TEAM_CITY	Minnesota│Minnesota│Minnesota│Minnesota│Minnesota│Minnesota│Minnesota│Minnesota
placeLocation	Ellon, United Kingdom│Aberdeen, United Kingdom│Newburgh, United Kingdom│Aberdeen, United Kingdom│Cullen, United Kingdom│Inverurie, United Kingdom│Peterhead, United Kingdom│Ellon, United Kingdom
County	Cumberland│Franklin│Cumberland│Aroostook│Cumberland│York│Washington│Aroostook
TEAM_CITY	Sacramento│Sacramento│Sacramento│Sacramento│Sacramento│Sacramento│Sacramento│Sacramento
Provider State	NV│NV│NV│NV│NV│NV│NV│NV
County	County│PROWERS│County│MARION│MONONGALIA│WESTMORELAND│BUTLER
County	PAGE│STORY│POLK│JOHNSON│BREMER│SCOTT│LINN│STORY
interaction_type	PickedUp│LeftGate│Pushed│RightGate│RightGate│PickedUp│RightGate│RightGate
TEAM_CITY	Minnesota│Minnesota│Minnesota│Minnesota│Minnesota│Minnesota│Minnesota│Minnesota
property_owner_addrprovince	CO│CO│CO│CO│TX
TEAM_CITY	LA│LA│LA│LA│LA│LA│LA│LA
TEAM_CITY	Minnesota│Minnesota│Minnesota│Minnesota│Minnesota│Minnesota│Minnesota│Minnesota
interaction_type	PickedUp│LeftGate│LeftGate│LeftGate│RightGate│LeftGate│RightGate│LeftGate
competitive_cluster	text mining│text mining│text mining│text mining│text mining│text mining│text mining│text mining
Recommended Action	Critical│Critical│Average│Major│Major│Major│Major│Major
EstadoDoc	Si│Si│Si
note	 │ │ Leptopeziza mindanaoënsis│ 
Events	Rain-Thunderstorm│Rain-Thunderstorm│Rain│Rain│Fog│Fog
Region	Alabama│Alaska│Arizona│Arkansas│California│Colorado│Connecticut│Delaware
parent_material53	Lhg│Lhg│Lhg│Lhg│Xhg│Lhg│Lhg
TEAM_CITY	LA│LA│LA│LA│LA│LA│LA│LA
P	Architectura│AmusementParkAttraction│WaterRide│Arena│Bui│Casino│Cast│Factory
name	Aberdeenshire│Angus│Argyll│Avon│Ayrshire│Banffshire│Bedfordshire│Berkshire
country_code_filter	LV│LV│LV│LV│LV│LV│LV│LV
state.name	Alabama│Alabama│Alaska│Alaska│Arizona│Arizona│Arkansas│Arkansas
__index_level_2__	Men│Cycling│Cycling│RACING
Namespace	MapDemo│MapDemo│MapDemo│MapDemo│MapDemo│MapDemo│MapDemo│MapDemo
interaction_type	RightGate│RightGate│RightGate│RightGate│RightGate│RightGate│RightGate│RightGate
Namespace	UnitTestLagacy.Lagacy│UnitTestLagacy.Lagacy│UnitTestLagacy.Lagacy│UnitTestLagacy.Lagacy│UnitTestLagacy.Lagacy│UnitTestLagacy.Lagacy│UnitTestLagacy.Lagacy│UnitTestLagacy.Lagacy
Language_ID	psi│pch│pmv│cr│cr│hi│hi│pda
County	Adair│Adams│Allamakee│Appanoose│Audubon│Benton│Black Hawk│Boone
interaction_type	Pushed│LeftGate│RightGate│Pushed│LeftGate│RightGate│RightGate│RightGate
Pivotal study	HT-Scrambled│HT-Scrambled│HT-Scrambled│HT-Scrambled│HT-Scrambled│HT-Scrambled
Arrival	Saving│Panfilov's│Expelled│Pawn│Summer│Blade│The│Maze
interaction_type	Pushed│PickedUp│LeftGate│PickedUp│LeftGate│RightGate│PickedUp│Pushed
County	Washoe│Clark│Clark│Clark│Clark│Clark│Washoe│Clark
Type	Area│Area│Area│Area│Area│Area│Area│MyEngine
tenure_type	FH│FH│FH│FH│FH│FH│FH│FH
symbol	KMY.DE│KMY.DE│KMY.DE│KMY.DE
Annual	Criterium│Fiveash,,,,│Jr.,,,,│Gilmer,,,,│Criterium│Valley,CA,,
topic_description	FAMILY_LIFE│FAMILY_LIFE│FAMILY_LIFE│FAMILY_LIFE│FAMILY_LIFE│FAMILY_LIFE│FAMILY_LIFE│FAMILY_LIFE
County	Adair│Adams│Allamakee│Appanoose│Audubon│Benton│Black Hawk│Boone
__index_level_904__	country’s│conflicts,”
__index_level_3__	Diyarbakir, Turkey│Charlotte, North Carolina│Near Chachapoyas, Peru│Near Ndjolé, Gabon│Busia, Kenya│Baucau, East Timor│Near Agadir, Morocco│Tallinn, Estonia
topic_description	HOBBIES_AND_CRAFTS│HOBBIES_AND_CRAFTS│HOBBIES_AND_CRAFTS│HOBBIES_AND_CRAFTS│HOBBIES_AND_CRAFTS│HOBBIES_AND_CRAFTS│HOBBIES_AND_CRAFTS│HOBBIES_AND_CRAFTS
groupingname	Grouping-1│Grouping-2│Grouping-3│Grouping-3│Grouping-2
hashtag	BigLittleLies│WandaVision│Avengers│Avengers│Avengers│Avengers│Deadwood│Deadwood
Provider City	WORLAND│AFTON│LARAMIE│JACKSON│DOUGLAS│CHEYENNE│SHERIDAN│NEWCASTLE
TEAM_CITY	Oklahoma City│Oklahoma City│Oklahoma City│Oklahoma City│Oklahoma City│Oklahoma City│Oklahoma City│Oklahoma City
attribute	Statewide│Statewide│Statewide│Statewide│Statewide│Statewide│Note│Note
Berry	Berry
Wifi	Cáp│Chia│WiFi│Thu│Wifi
__index_level_1__	; Seasonally adjusted at annual rates                           │Quarterly data from 1947 To 2005│Bureau of Economic Analysis│Data published April 28, 2005    │File created 4/27/2005 9:01:46 AM│Line
citation_micro	Reis. Br.-Guiana 3: 1181 1849
DistPotencial	Si│Si│Si│Si│Si│Si│Si│Si
Wind Direction	SW│SE│Calm│South│Calm│Calm│Calm│Calm
Provider State	DC│DC│DC│DC│DC│DC│DC│DC
topic_description	HOBBIES_AND_CRAFTS│HOBBIES_AND_CRAFTS│HOBBIES_AND_CRAFTS│HOBBIES_AND_CRAFTS│HOBBIES_AND_CRAFTS│HOBBIES_AND_CRAFTS│HOBBIES_AND_CRAFTS│HOBBIES_AND_CRAFTS
Region	Baden-Württemberg State│Berlin State│Brandenburg State│Dolnoslaskie│Free Hanseatic City of Bremen│Free Hanseatic City of Hamburg│Free State of Bavaria│Free State of Saxony
__index_level_0__	Western Americana│Western Americana│Western Americana│Western Americana│Western Americana│Western Americana│Western Americana│Western Americana
TEAM_CITY	Indiana│Indiana│Indiana│Indiana│Indiana│Indiana│Indiana│Indiana
location	Panama-Kuna_Yala-Mulatupu│Panama-Kuna_Yala-Ustupu│Panama-Kuna_Yala-Ogobsucum│Panama-Kuna_Yala-Achutupu│Panama-Kuna_Yala-Pto_Obaldia│Panama-Kuna_Yala-Playon_Chico│Panama-Kuna_Yala-Nargana│Panama-Kuna_Yala-Corazon_de_Jesus
SchoolType	Primary│Primary│Primary│Primary│Primary│Primary│Primary│Primary
Label	O│O│O│O│O│O│O│O
center_type	عام│عام│عام
name	Abbey│Aberdeen│Aberfeldy│Abernethy│Admiral│Air Ronge│Alameda│Albertville
region	LA│MI│Asturias
Recommended Action	Critical│Critical│Average│Major│Major│Major│Major│Major
Events	Fog-Rain│Rain
Wind Direction	South│Calm│Calm│Calm│Calm│Calm│SSE│SSE
Wind Direction	NW│WNW│WNW│WNW│WNW│WNW│WNW│WNW
Wind Direction	West│West│West│West│West│West│WSW│West
GA	LA│GA│LA│LA│GA│LA│LA│GA
Wind Direction	SW│SW│WSW│SW│SW│SW│SW│SW
Отгрузочный адрес - область	Отгрузочный адрес - область│Отгрузочный адрес - область
status	PAYING│PAYING│PAYING│SELLING│SELLING│SELLING│SELLING│SELLING
TEAM_CITY	LA│LA│LA│LA│LA│LA│LA│LA
SoilMaterialType	Overlain by soil derived from residuum│Glacifluviatil sand (fine/middle), part gravel/stone│Clays, sandstones
Wind Direction	SW│SW│WSW│SW│SW│SW│SW│SW
Wind Direction	South│Calm│SE│SE│SSE│SSE│SE│SE
type_site	Site│Site│Site│Site│Station│Station│Station│Station
TEAM_CITY	New Orleans│New Orleans│New Orleans│New Orleans│New Orleans│New Orleans│New Orleans│New Orleans
TEAM_CITY	Indiana│Indiana│Indiana│Indiana│Indiana│Indiana│Indiana│Indiana
Wind	ESE│ENE│SE│E│SE│ESE│E│CALM
kind	province│province│province│province│province│province│province│province
__index_level_1__	Short Track Cross Country│Short Track Cross Country│Short Track Cross Country│Short Track Cross Country│Short Track Cross Country│Short Track Cross Country│Short Track Cross Country│Short Track Cross Country
idDominio	{idDominio}│{idDominio}│{idDominio}│{idDominio}│{idDominio}
Object	Points│Points│Points│Points│Points│Points│Points│Points
TEAM_CITY	Golden State│Golden State│Golden State│Golden State│Golden State│Golden State│Golden State│New York
ev_or_aip	EV│EV│EV│EV│EV│EV│EV│EV
venue_state	CA│TX│GA│GA│TX│TX
Wind Direction	SE│SE│SE│SE│SSE│SSE│SSE│SSE
__index_level_2__	Line│1
TEAM_CITY	Brooklyn│Brooklyn│Brooklyn│Brooklyn│Brooklyn│Brooklyn│Brooklyn│Brooklyn
lgID	NL│NL│AL│AL│AL│AL│AL│AL
sospechoso	Si│Si│Si
DL State	FL│FL│OH│OH│OH│OH│OH│OH
AnthropogenicChangeSecondary	livestock grazing area│livestock grazing area│livestock grazing area│livestock grazing area│livestock grazing area│livestock grazing area│livestock grazing area│livestock grazing area
TEAM_CITY	Minnesota│Minnesota│Minnesota│Minnesota│Minnesota│Minnesota│Minnesota│Minnesota
geo_id	al│az│ar│ca│co│ct│fl│ga
FIPS	15000│15000│15000│15000│15000│15000│15000│15000
property_owner_addrprovince	TX│TX│TX│CA│CA│CA│CA│CA
County	County│ALACHUA│County
max_warming_season	Winter│Winter│Winter│Fall│Winter│Winter│Winter│Winter
seq_TM-tmhmm	O│O│O│O│O│O│O│O
ci	lla spp .│richia coli│bsi│us│ra
DL State	FL│FL│FL│CO│CO
GEO.display-label	Geography│United States│North Carolina│Alamance County, North Carolina│Brunswick County, North Carolina│Buncombe County, North Carolina│Burke County, North Carolina│Cabarrus County, North Carolina
placeLocation	Ellon, United Kingdom│Aberdeen, United Kingdom│Newburgh, United Kingdom│Aberdeen, United Kingdom│Cullen, United Kingdom│Inverurie, United Kingdom│Peterhead, United Kingdom│Ellon, United Kingdom
Steward	geo│geo│geo
company.1	@joernchen,│at│we│if
Débutant	Débutant│Débutant│Débutant│Débutant│Débutant│Débutant│Débutant│Débutant
TEAM_CITY	Golden State│Golden State│Golden State│Golden State│Golden State│Golden State│Golden State│Golden State
DC	DC│DC│DC│DC│DC│DC│DC│DC
venue_state	CA│GA│GA│CA
name	Aberdeenshire│Angus│Argyll│Avon│Ayrshire│Banffshire│Bedfordshire│Berkshire
Mixin	Elector│City│ElectoralList│ElectoralList│ElectoralList│PollingStation│PollingStation│PollingStation
User ID	US-WEST-CA-San Francisco│US-WEST-CA-San Francisco│US-WEST-CA-San Francisco│US-WEST-CA-San Francisco│US-WEST-CA-San Francisco│US-WEST-CA-San Francisco│US-WEST-CA-San Francisco│US-WEST-CA-San Francisco
source_two	Where does it come from│Where does it come from│Agriculture│Where does it come from│Personal hygiene│Where does it come from│Where does it come from│Where does it come from
Championship	Cat│Men│OUTSPOKIN│/
County	Adair│Adams│Allamakee│Appanoose│Audubon│Benton│Black Hawk│Boone
TEAM_CITY	LA│LA│LA│LA│LA│LA│LA│Brooklyn
Unnamed: 0	Alabama│Alaska│Arizona│Arkansas│California│Colorado│Connecticut│Delaware
SCHEDULEDESCRIPTION * SCHEDULEREQUEST *	ALARMMESSAGE * ALARMREQUEST *│SEARCH WEATHER PORTLAND MAINE│GENDERNAME NAME│SRAIXFAILED│WEATHER FORECAST│WEATHER FOR SACRAMENTO│WEATHER IN *│WEATHER *
__index_level_1300__	province-wide
FoliagePorositySummer	Dense│Dense│Dense│Moderate│Dense
EXAMPLE_UNITS	mV│mV│mV│mV│mV│mV│mV
StateAb	SA│VIC│VIC│NSW│SA│NSW│TAS│ACT
Status	Operational│Operational│Operational│Operational│Operational│Operational│Operational│Operational
__index_level_1__	Criterium│Criterium│Criterium│Criterium│Criterium│Criterium│Criterium│Criterium
Location	Location│EDSON│2 W EDSON│NELLIS AFB│2 W NELLIS AFB│2 NW HOOVER DAM│Location│3 ENE LONE MOUNTAIN
Treatments	TE│TE
Wind Direction	Calm│Calm│Calm│ENE│Calm│Variable│SSE│SE
Wind Direction	WSW│WNW│Calm│NE│North│ESE│East│Variable
Steward	geo│geo│geo
OrganisationLabel	Rother District Council│Rother District Council│Rother District Council│Rother District Council│Rother District Council│Rother District Council│Rother District Council│Rother District Council
TEAM_CITY	LA│LA│LA│LA│LA│LA│LA│LA
Provider State	AZ│AZ│AZ│AZ│AZ│AZ│AZ│AZ
kingdom	Animalia│Animalia│Animalia│Animalia│Animalia│Animalia│Animalia│Animalia
Submitted-By	CAEPA│CAEPA│CAEPA│CAEPA│CAEPA│CAEPA│CAEPA│CAEPA
OrganisationLabel	Babergh District Council│Babergh District Council│Babergh District Council│Babergh District Council
TEAM_CITY	Memphis│Memphis│Memphis│Memphis│Memphis│Memphis│Memphis│Memphis
TEAM_CITY	Cleveland│Cleveland│Cleveland│Cleveland│Cleveland│Cleveland│Cleveland│Cleveland
value	Abkhazian│Achinese│Acoli│Adangme│Adyghe│Afar│Afrihili│Afrikaans
Wind Direction	SW│Calm│Calm│Calm│SE│SSE│SSE│South
.dynamic_flags	WA│WA
TE_ICM	TE│TE│TE│TE│TE│TE│TE│TE
Wind Direction	East│ENE│ENE│East│ENE│ENE│East│Calm
Wind Direction	Calm│Variable│Calm│Variable│North│NNE│Calm│Calm
name	Aberdeenshire│Angus│Argyll│Avon│Ayrshire│Banffshire│Bedfordshire│Berkshire
reverese_relationship_id	Mapped from│Mapped from│Mapped from│Mapped from│Mapped from│Mapped from│Mapped from│Mapped from
Wind Direction	SW│Calm│Calm│Calm│South│South│South│Calm
Medium of instruction	Hindi│English│Assamese│Bengali│Bodo│Dogri│Gujrati│Jannada
GEO.display-label	Geography│United States│North Carolina│Durham County, North Carolina│Forsyth County, North Carolina│Guilford County, North Carolina
GEO.display-label	Geography│United States│North Carolina│Alamance County, North Carolina│Brunswick County, North Carolina│Buncombe County, North Carolina│Burke County, North Carolina│Cabarrus County, North Carolina
OrganisationLabel	Mole Valley District Council│Mole Valley District Council│Mole Valley District Council│Mole Valley District Council│Mole Valley District Council│Mole Valley District Council│Mole Valley District Council│Mole Valley District Council
TEAM_CITY	Minnesota│Minnesota│Minnesota│Minnesota│Minnesota│Minnesota│Minnesota│Minnesota
scenario	qa│qa│qa│qa│qa│qa│qa│qa
Events	Fog│Fog│Fog
The	Men│Men│Men
Conditions	Fog│Fog│Fog│Fog│Fog│Fog│Fog│Fog
S11	State│Maharashtra│Maharashtra│Maharashtra
region_name_filter	Lesser Poland Voivodeship│Lesser Poland Voivodeship│Lesser Poland Voivodeship│Lesser Poland Voivodeship│Lesser Poland Voivodeship│Lesser Poland Voivodeship│Lesser Poland Voivodeship│Lesser Poland Voivodeship
Wind Direction	East│East│East│East│ESE│SE│East│Calm
Race	Cat
Wind	CALM│CALM│S│S│SSW│SSW│SSW│S
value	Abchazisch│Adangme│Adygees│Afaan Oromo│Afar│Afrihili│Afrikaans│Aghem
Method	SaveChanges│SaveChanges│SaveChanges│MapProductModelProductDescriptionCulture│MapProductModelProductDescriptionCulture│MapSalesOrderDetail│MapSalesOrderDetail│MapSalesOrderHeaderSalesReason
TEAM_CITY	Minnesota│Minnesota│Minnesota│Minnesota│Minnesota│Minnesota│Minnesota│Minnesota
__index_level_2__	Country
description	id│ISO num│ISO abbrev│Publication count│Publication count
lgID	AL│AL│AL│AL│AL│AL│AL│AL
home	Paulchester│North Brookemouth│East Jeffrey│Grayshire│Johnsonshire│Bartonton│South Caleb│South Allison
Sample Entered By	RUMFORD│RUMFORD│RUMFORD│RUMFORD│RUMFORD│RUMFORD│RUMFORD│RUMFORD
TEAM_CITY	Memphis│Memphis│Memphis│Memphis│Memphis│Memphis│Memphis│Memphis
__index_level_1__	Cross Country Marathon│Cross Country Marathon│Cross Country Marathon│Cross Country Marathon│Cross Country Marathon│Cross Country Marathon│Cross Country Marathon│Cross Country Marathon
Wind Direction	South│Calm│Calm│Calm│SW│SW│SW│SW
Wind Direction	SW│SSW│SSW│SSW│SW│WSW│West│West
home	Bellport│Brittanyberg│Paulchester│North Brookemouth│East Jeffrey│Grayshire│Johnsonshire│Bartonton
Source Text	MS│CA
scaled_cf_job	unskilled - resident│unskilled - resident│unskilled - resident
TEAM_CITY	Indiana│Indiana│Indiana│Indiana│Indiana│Indiana│Indiana│Indiana
__index_level_1020__	GEM.│to
TEAM_CITY	Golden State│Golden State│Golden State│Golden State│Golden State│Golden State│Golden State│Golden State
property_owner_addrprovince	TX│TX
County	Turner│Douglas│Bon Homme│Turner│Minnehaha│Walworth│Hutchinson│Clark
Gorilla	mouth│Mouth│Mouth│mouth│Mouth│Mouth
seq_TM-tmhmm	O│O│O│O│O│O│O│O
Cat's	Junior│Juniors│Cycling│Racing
Wind Direction	Calm│Calm│ESE│Calm│ESE│Calm│South│NW
Aa	Abacus│Abbey│Abdomen│Ability│Abolishment│Ab│Accele│Accele
Events	Fog│Fog│Fog│Fog│Fog│Fog│Fog-Rain│Fog-Rain
race_ethnicity	White│White│White│White│White│White│White│White
Status	Urban│Rural│Urban│Rural│Urban│Rural│Urban│Rural
TEAM_CITY	Indiana│Indiana│Indiana│Indiana│Indiana│Indiana│Indiana│Indiana
topic_description	FAMILY_FINANCE│FAMILY_FINANCE│FAMILY_FINANCE│FAMILY_FINANCE│FAMILY_FINANCE│FAMILY_FINANCE│FAMILY_FINANCE│FAMILY_FINANCE
Freshman	Junior│Junior│Senior│Senior│Senior│Senior│Freshman│Alum
interaction_type	Pushed│RightGate│LeftGate│RightGate│PickedUp│RightGate│LeftGate│RightGate
suburb	东城区│东城区│东城区│东城区│东城区│东城区│西城区│西城区
Provider City	GROTON│PLATTE│IRENE│ESTELLINE│ROSLYN│DE SMET│SALEM│ALCESTER
Provider State	NM│NM│NM│NM│NM│NM│NM│NM
interaction_type	Pushed│PickedUp│LeftGate│LeftGate│RightGate│RightGate│RightGate│LeftGate
COUNTY	Kleberg│Collin│Hamilton│Harris│Tarrant│Guadalupe│Harris│Fort Bend
value	Abkhazian│Achinese│Acoli│Adangme│Adyghe│Afar│Afrihili│Afrikaans
Damage state	Negligible│Negligible│Negligible│Negligible│Negligible│Negligible│Negligible│Negligible
Wind Direction	SW│WSW│WSW│SW│SW│WSW│WSW│WSW
film	Gaza│NERVOUS│asset│To
TEAM_CITY	Utah│Utah│Utah│Utah│Utah│Utah│Utah│Utah
Valeur(s) de l'attribut 3	Non│Oui│Non│Oui│Non│Oui│Non│Oui
Component	Core│Core│Core│Core│Core│Core│Core│Core
Namespace	NeHeLesson5│NeHeLesson5│NeHeLesson5│NeHeLesson5│NeHeLesson5│NeHeLesson5│NeHeLesson5│NeHeLesson5
Steward	geo│geo│geo
Shape Type	Country│Country│Country│Country│Country│Country│Country│Country
interaction_type	RightGate│LeftGate│RightGate│RightGate│LeftGate│RightGate│RightGate│LeftGate
Unnamed: 0	Alabama│Alaska│Arizona│Arkansas│California│Colorado│Connecticut│Delaware
Provider City	RIVERTON│NEWCASTLE│EVANSTON│SHERIDAN│DOUGLAS│BASIN│WHEATLAND│SHERIDAN
Fatality Significant	Significant│Significant│Significant
Tahoe	Country│Country
PORTFOLIO	Big_Gas│Big_Gas│Big_Gas│Big_Gas│Big_Gas│Big_Gas│Big_Gas│Beachfront
Type	Industrial│Industrial│Hazardous│Cultural│Industrial│Cultural│Frontier│Cultural
TEAM_CITY	Sacramento│Sacramento│Sacramento│Sacramento│Sacramento│Sacramento│Sacramento│Sacramento
TEAM_CITY	Indiana│Indiana│Indiana│Indiana│Indiana│Indiana│Indiana│Indiana
__index_level_43__	To Location
name	Alabama│Alaska│Arizona│Arkansas│California│Colorado│Connecticut│Delaware
__index_level_1__	Downhill│Downhill│Downhill│Downhill│Downhill│Downhill│Downhill│Downhill
value	Abchazisch│Adangme│Adygees│Afaan Oromo│Afar│Afrihili│Afrikaans│Aghem
lgID	NL│NL│AL│AL│AL│AL│AL│AL
id	grass│water│concrete│wasteland│fire│greenCube│burned│burnedForest
Wind Direction	Calm│Calm│Calm│Calm│Calm│NNW│NNW│NNE
Bicycle	Country│Murray│Country│Murray│Country
__index_level_1020__	GEM.│to
groupingname	Grouping-1│Grouping-2│Grouping-3│Grouping-3│Grouping-2
OrganisationLabel	Adur District Council│Adur District Council│Adur District Council│Adur District Council│Adur District Council│Adur District Council│Adur District Council│Adur District Council
Speaker	Sanyam Bhutani│Bart│Sanyam Bhutani│Bart│Sanyam Bhutani│Bart│Bart│Sanyam Bhutani
COUNTY	Kleberg│Collin│Hamilton│Harris│Tarrant│Guadalupe│Harris│Fort Bend
to.2	of│IN│transaction│8│$383,000,│or│narrowed│or
shipping_region	Michigan│Michigan
value	Abkhazian│Achinese│Acoli│Adangme│Adyghe│Afar│Afrihili│Afrikaans
Type	AccountActivityEnvironment│AccountActivityPremiumApi│AccountActivityApi│ActivityEventType│ActivityEvent│UserSpecificActivityEvent│UsersInvolvingActivityEvent│AppsInvolvingActivityEvent
TEAM_CITY	Indiana│Indiana│Indiana│Indiana│Indiana│Indiana│Indiana│Indiana
__index_level_1__	Criterium│Criterium│Criterium│Criterium│Criterium│Criterium│Criterium│Criterium
TEAM_CITY	Dallas│Dallas│Dallas│Dallas│Dallas│Dallas│Dallas│Dallas
County	Brown│Day│Clay│Brown│Day│Deuel│Grant│Minnehaha
TEAM_CITY	Sacramento│Sacramento│Sacramento│Sacramento│Sacramento│Sacramento│Sacramento│Sacramento
country_name_filter	Cyprus│Cyprus│Cyprus│Cyprus│Cyprus│Cyprus│Cyprus│Cyprus
Wind Direction	SW│WSW│SW│SSW│WSW│WSW│SW│SW
PLANT	Four Corners│ALAMITOS_7│HUNTINGTON_BEACH_1-2│HUNTINGTON_BEACH_5│REDONDO_5-6│REDONDO_7-8│EL_SEGUNDO_1-2│EL_SEGUNDO_3-4
type	Emergency Department Visit│Emergency Department Visit│Emergency Department Visit│Emergency Department Visit│Emergency Department Visit│Emergency Department Visit│Emergency Department Visit│Emergency Department Visit
value	Achinese│Adangme│Adyghe│Afar│Afrihili│Ainu│Akkadian│Akoose
Wind Direction	WNW│NW│NNW│NNW│Calm│SSW│SW│SSW
RPI Equiv Courses(s)	SOCIOLOGY│SOCIOLOGY│SOCIOLOGY│SOCIOLOGY│SOCIOLOGY│SOCIOLOGY│SOCIOLOGY│SOCIOLOGY
industry	Travel Services│Travel Services│Travel Services│Travel Services
TEAM_CITY	Minnesota│Minnesota│Minnesota│Minnesota│Minnesota│Minnesota│Minnesota│Minnesota
Wind	W│WSW│W│W│W│W│W│W
__index_level_1__	Road Race│Road Race│Road Race│Road Race│Road Race│Road Race│Road Race│Road Race
Wind Direction	SE│SSE│Calm│Calm│Calm│East│East│East
Unnamed: 0	Alabama│Alaska│Arizona│Arkansas│California│Colorado│Connecticut│Delaware
name	Aberdeenshire│Angus│Argyll│Avon│Ayrshire│Banffshire│Bedfordshire│Berkshire
TEAM_CITY	LA│LA│LA│LA│LA│LA│LA│LA
Wind Direction	ENE│East│East│East│SSE│ESE│Calm│NNE
Wind Direction	NE│NE│NNE│NNE│NE│NNE│NNE│Calm
OrganisationLabel	South Cambridgeshire District Council│South Cambridgeshire District Council│South Cambridgeshire District Council│South Cambridgeshire District Council│South Cambridgeshire District Council│South Cambridgeshire District Council│South Cambridgeshire District Council│South Cambridgeshire District Council
Wind Direction	North│North│NW│NNW│North│North│North│North
Wind Direction	ESE│Calm│Calm│Calm│Calm│Calm│Calm│Calm
DistPotencial	Si│Si│Si│Si│Si│Si│Si│Si
Wind Direction	SSW│South│SSW│SW│WSW│Calm│Calm│Calm
Unnamed: 0	Alabama│Alaska│Arizona│Arkansas│California│Colorado│Connecticut│Delaware
__index_level_35__	in│the│nearby│of│data│anonymous│British
TEAM_CITY	Washington│Washington│Washington│Washington│Washington│Washington│Washington│Washington
NA	NY│NY│NY│NY
Wind Direction	SW│SW│SSW│SW│SSW│SW│SSW│SW
dominant_object	Hand│Hand│Hand│Hand│Hand│Hand│Hand│Hand
Events	Fog│Fog-Rain│Fog-Rain│Fog-Rain│Rain
interaction_type	Pushed│PickedUp│LeftGate│LeftGate│RightGate│RightGate│RightGate│LeftGate
major_category	Noncampaign│Trump - other│Noncampaign│Noncampaign│Noncampaign│Noncampaign│Noncampaign│Noncampaign
TEAM_CITY	Minnesota│Minnesota│Minnesota│Minnesota│Minnesota│Minnesota│Minnesota│Minnesota
TEAM_CITY	Washington│Washington│Washington│Washington│Washington│Washington│Washington│Washington
Region	Latin America & Caribbean│South Asia│Sub-Saharan Africa│Europe & Central Asia│Europe & Central Asia│Middle East & North Africa│Latin America & Caribbean
__index_level_1__	Criterium│Criterium│Criterium│Criterium│Criterium│Criterium│Criterium│Criterium
name	Adenoplea│baccata│baroniana│lindleyana│madagascariensis│sinuata
TEAM_CITY	Milwaukee│Milwaukee│Milwaukee│Milwaukee│Milwaukee│Milwaukee│Milwaukee│Milwaukee
Wind Direction	East│East│Calm│ENE│Calm│Calm│Calm│Calm
Wind	NNW│NNW│NNW│NNW│NNW│NNW│NNW│NNW
Wind Direction	South│SSW│SSW│SSW│SSW│SSW│SW│SW
groupingname	Grouping-1│Grouping-2│Grouping-3│Grouping-3│Grouping-2
World / Drawdown Region	Asia (Sans Japan)│Middle East and Africa│Asia (Sans Japan)│Asia (Sans Japan)│Asia (Sans Japan)│Asia (Sans Japan)│Asia (Sans Japan)│Asia (Sans Japan)
venue_state	GA│GA│CA
vehicleTypeId	BODY-TYPE-DEFAULT│BIKE-DEFAULT│FAST-BIKE│Car│Car-rh-only│CAV│BEV│PHEV
Mountain	Clydesdale│Open
was_home	New Richard│South Ashlee│Tammychester│Sanchezfurt│South John│Sandersshire│Port Johnnyview│Amyfort
attribute	Statewide│Statewide│Statewide│Statewide│Statewide│Statewide│Statewide│Note
seq_TM-tmhmm	O│O│O│O│O│O│O│O
interaction_type	RightGate│RightGate│RightGate│RightGate│RightGate│RightGate│RightGate│RightGate
Language_ID	psi│pmv│cr│da│wi│wi│wi│wi
Race	Stony Creek│Stony Creek│Stony Creek│Stony Creek│Stony Creek│Stony Creek│Stony Creek
Wind Direction	East│ESE│East│ESE│SW│SSW│South│East
subtypes	Plains,Island│Island,Swamp│Swamp,Mountain│Mountain,Forest│Forest,Plains│Plains,Island│Island,Swamp│Swamp,Mountain
country_code_filter	MT│MT│MT│MT│MT│MT│MT│MT
Jones	Cat
Data provider	Land Journal│Land Journal│Land Journal│Land Journal│Land Journal│Land Journal│Land Journal│Land Journal
lgID	AL│NL│AL│NL│AL│NL│AL│NL
__index_level_1__	Criterium│Criterium│Criterium│Criterium│Criterium│Criterium│Criterium│Criterium
verbatimFieldName	ID del registro biológico│Base del registro│Código de la institución│Código de la colección│Número de catálogo│Tipo│Modificado│Idioma
StateCode	VA│VA│VA│VA│VA│VA│VA│VA
Wind Direction	Calm│Calm│Calm│Calm│Calm│Calm│WNW│NW
REGIONE	LOMBARDIA│LOMBARDIA│LOMBARDIA│LOMBARDIA│LOMBARDIA│LOMBARDIA│LOMBARDIA│LOMBARDIA
address1	South County Business Park│South County Business Park│South County Business Park│South County Business Park
value	abkhazo│acerbaixano│Achinese│acoli│Adangme│Adyghe│Afar│Afrihili
Wind	E│NE│NE│CALM│CALM│NE│NNE│NE
value	Abchazisch│Adangme│Adygees│Afaan Oromo│Afar│Afrihili│Afrikaans│Aghem
Wind Direction	West│West│West│West│West│West│WSW│NW
__index_level_50__	AS_ORGID│SDAORG│SDAORG
interaction_type	LeftGate│RightGate│RightGate│LeftGate│RightGate│RightGate│LeftGate│RightGate
County	District Of Columbia│District Of Columbia│District Of Columbia│District Of Columbia│District Of Columbia│District Of Columbia│District Of Columbia│District Of Columbia
<lis	Da│Da│Da
TEAM_CITY	Minnesota│Minnesota│Minnesota│Minnesota│Minnesota│Minnesota│Minnesota│Minnesota
name	Alabama│Alaska│Arizona│Arkansas│California│Colorado│Connecticut│Delaware
step	WHITE│BLACK│WHITE│BLACK│WHITE│BLACK│WHITE│BLACK
PORTFOLIO	Bay_Views│Bay_Views│Bay_Views│Bay_Views│Bay_Views│Beachfront│Beachfront│Beachfront
TEAM_CITY	Golden State│Golden State│Golden State│Golden State│Golden State│Golden State│Golden State│Golden State
County	STONEWALL│County│MONTGOMERY│KENT│County│FLOYD│DICKENS│OLDHAM
TEAM_CITY	Sacramento│Sacramento│Sacramento│Sacramento│Sacramento│Sacramento│Sacramento│Sacramento
name	Aberdeenshire│Angus│Argyll│Avon│Ayrshire│Banffshire│Bedfordshire│Berkshire
units	cm│year-1│year-1│year│year
Provider State	NM│NM│NM│NM│NM│NM│NM│NM
was_home	Lynnland│East Leslie│Conleyshire│Hillmouth│Davisburgh│Taylorshire│Karenville│East Ronald
name	Favostroma│crypticum
was_home	Alvarezton│Gibbsview│Lake Zacharyland│Michaelville│Donaldsonberg│Susantown│Morganside│East Greg
Department	Education
__index_level_1__	Annual data from 1969 To 2012│Bureau of Economic Analysis│Data published September 26, 2013│File created 9/25/2013 3:01:28 PM│Line
County	New Castle│New Castle│Sussex│New Castle│New Castle│New Castle│Kent│Kent
name	Aberdeenshire│Angus│Argyll│Avon│Ayrshire│Banffshire│Bedfordshire│Berkshire
From	kari.dohn@gov.ca.gov│kari.dohn@gov.ca.gov│kari.dohn@gov.ca.gov│kari.dohn@gov.ca.gov│kari.dohn@gov.ca.gov│kari.dohn@gov.ca.gov│kari.dohn@gov.ca.gov│kari.dohn@gov.ca.gov
__index_level_49__	in│held│reports│6│and│The│not
OrganisationLabel	West Devon Borough Council│West Devon Borough Council│West Devon Borough Council│West Devon Borough Council
TEAM_CITY	LA│LA│LA│LA│LA│LA│LA│Philadelphia
Event	Running│InputWindowOpen│KeyDown│KeySequenceStopped│KeyDown│KeyDown│KeyDown│KeySequenceStopped
TEAM_CITY	LA│LA│LA│LA│LA│LA│LA│LA
code	CHEAONE│CHEATWO│CHOONE│CHOTWO
category	Public│Public
interaction_type	LeftGate│RightGate│RightGate│LeftGate│RightGate│RightGate│LeftGate│RightGate
interaction_type	Pushed│RightGate│LeftGate│RightGate│PickedUp│LeftGate│LeftGate│RightGate
County	County│BRAZOS│GUADALUPE│GMZ370│MARION│County│JOHNSON│HAYS
__index_level_1__	Cross Country│Cross Country│Cross Country│Cross Country│Cross Country│Cross Country│Cross Country│Cross Country
topic_description	TRIAL_BY_JURY│TRIAL_BY_JURY│TRIAL_BY_JURY│TRIAL_BY_JURY│TRIAL_BY_JURY│TRIAL_BY_JURY│TRIAL_BY_JURY│TRIAL_BY_JURY
Wind Direction	WSW│WSW│SSW│SW│SSW│West│SW│SW
name	Festucopsis│festucoides│sancta│serpentini
School Location	CHINA│Florida│Georgia│Georgia│Louisiana│Maine│Maine│Maryland
Implementation smell	Complex Method│Complex Method│Complex Method│Complex Method│Complex Method│Complex Method│Long Parameter List│Long Parameter List
TestExcludes	String
TEAM_CITY	LA│LA│LA│LA│LA│LA│LA│LA
Wind Direction	SW│WSW│SW│WSW│WSW│SW│WSW│SW
topic_description	HOBBIES_AND_CRAFTS│HOBBIES_AND_CRAFTS│HOBBIES_AND_CRAFTS│HOBBIES_AND_CRAFTS│HOBBIES_AND_CRAFTS│HOBBIES_AND_CRAFTS│HOBBIES_AND_CRAFTS│HOBBIES_AND_CRAFTS
was_home	Samanthafurt│North Reneetown│New Charles│Sheltonside│North Jeffrey│East Tanyaton│South Pamela│Davismouth
Language_ID	psi│pch│pma│pmv│pse│cr│hi│hi
value	Abkhazian│Achinese│Acoli│Adangme│Adyghe│Afar│Afrihili│Afrikaans
TEAM_CITY	LA│LA│LA│LA│LA│LA│LA│LA
Wind Direction	ENE│East│East│ENE│ENE│ENE│NNE│ESE
Intermountain	08/02/2008│Place,License│1,0,Jesse,Taysom,,,10:47.0,│08/02/2008│Place,License│1,0,Rory,Lynch,,,41:43.0,Rory│2,0,Jacob,Weber,,,59:04.0,NA│3,0,Koby,Keene,,,10:28.0,
__index_level_2__	Line│1
Wind Direction	ESE│East│East│East│ENE│ENE│ENE│ENE
external_identifier_value	ocd-division/country:us/state:co/county:adams│ocd-division/country:us/state:co/county:alamosa│ocd-division/country:us/state:co/county:arapahoe│ocd-division/country:us/state:co/county:archuleta│ocd-division/country:us/state:co/county:baca│ocd-division/country:us/state:co/county:bent│ocd-division/country:us/state:co/county:boulder│ocd-division/country:us/state:co/county:broomfield
Answer 3	Shake│Bikini│Chocolate│Fortune Cookie│Alcohol/Drugs│Animal│Calculus│Raft
Squawker	Road│Racing│Racing│Racing│Racing│Wheel
Object	Points│Points│Points│Points│Points│Points│Points│Points
Provider State	NV│NV│NV│NV│NV│NV│NV│NV
PMID	31986261│31986264│32004165│32004227│32007143│32027573│32031481│32031568
DATASTORE region	gs.US,ncbi.public,s3.us-east-1│gs.US,ncbi.public,s3.us-east-1│gs.US,ncbi.public,s3.us-east-1│gs.US,ncbi.public,s3.us-east-1│gs.US,ncbi.public,s3.us-east-1│gs.US,ncbi.public,s3.us-east-1│gs.US,ncbi.public,s3.us-east-1│gs.US,ncbi.public,s3.us-east-1
rec_type	GLOBAL│GLOBAL│GLOBAL│GLOBAL│GLOBAL│GLOBAL│GLOBAL│GLOBAL
Events	Fog│Fog│Fog
GROUP_DESC	LIVESTOCK│LIVESTOCK│LIVESTOCK│LIVESTOCK│LIVESTOCK│LIVESTOCK│LIVESTOCK│LIVESTOCK
St	Men│Club│Men
Wind Direction	NE│South│South│Calm│Calm│SW│West│WSW
Event	Running│KeyDown│KeySequenceStopped│InputWindowOpen│KeyDown│KeyDown│KeyDown│KeySequenceStopped
country_name_filter	Czechia│Czechia│Czechia│Czechia│Czechia│Czechia│Czechia│Czechia
interaction_type	RightGate│LeftGate│RightGate│RightGate│LeftGate│RightGate│RightGate│LeftGate
Provider State	AZ│AZ│AZ│AZ│AZ│AZ│AZ│AZ
County	Cumberland│Cumberland│Cumberland│Aroostook│York│Androscoggin│Penobscot│Penobscot
Wind Direction	Calm│Calm│Calm│Calm│Calm│Calm│Calm│NNE
Benefit	Master│Club│Zanes
Treatments	TE│TE
Events	Fog│Fog│Rain
Unnamed: 0	Alabama│Alaska│Arizona│Arkansas│California│Colorado│Connecticut│Delaware
AdviceData.explorealocalityText	Dwarka
Wind Direction	Calm│NNW│North│Calm│South│South│SW│Calm
Events	Fog│Fog│Fog
META	image ID│stream│image year│image time│map x│map y│grid point ID│birth year
section	Oscillators│Oscillators│Oscillators│Oscillators│Oscillators│Oscillators│Oscillators│Oscillators
Wind Direction	South│Calm│Calm│Calm│SSE│Calm│SSE│Calm
exposure	Beecham2014npany│Beecham2014npany│Beecham2014npany│Beecham2014npany│Beecham2014npany│Beecham2014npany│Beecham2014npany│Beecham2014npany
Domain	http://www.theworldavatar.com/ontology/ontocitygml/OntoCityGML.o│Crop Map
Events	Fog│Fog│Rain
Provider City	CLARK│BRITTON│RAPID CITY│WHITE LAKE│ESTELLINE│WAGNER│RAPID CITY│RAPID CITY
Component	Core│Core│Core│Core│Core│Core│Core│Core
TEAM_CITY	Oklahoma City│Oklahoma City│Oklahoma City│Oklahoma City│Oklahoma City│Oklahoma City│Oklahoma City│Oklahoma City
country_code_filter	LT│LT│LT│LT│LT│LT│LT│LT
TEAM_CITY	Brooklyn│Brooklyn│Brooklyn│Brooklyn│Brooklyn│Brooklyn│Brooklyn│Brooklyn
The_1	The│DETERIORATION│million,│in│share,│share,│or│share,
County	County│JEFFERSON│WASHINGTON│AUGUSTA│FREDERICK│SARATOGA│CULPEPER│FREDERICK
TEAM_CITY	LA│LA│LA│LA│LA│LA│LA│LA
Term Source REF.10	UO│UO│UO│UO
PLANT	BIG_CREEK│MOHAVE_1│MOHAVE_2│HIGHGROVE│SAN_BERNARDINO│COOLWATER│ETIWANDA_1-4│ETIWANDA_5
LA	LA│LA│LA│LA│FL│LA│LA│FL
origin_input_race	Other│Caucasian│African-American│African-American│African-American
external_identifier_value	ocd-division/country:us/state:wy/county:albany│ocd-division/country:us/state:wy/county:big_horn│ocd-division/country:us/state:wy/county:campbell│ocd-division/country:us/state:wy/county:carbon│ocd-division/country:us/state:wy/county:converse│ocd-division/country:us/state:wy/county:crook│ocd-division/country:us/state:wy/county:fremont│ocd-division/country:us/state:wy/county:goshen
Wind Direction	SSW│SW│SW│WSW│WSW│WSW│WSW│SW
Wind Direction	SSW│SSW│WSW│West│West│West│West│WNW
Intermediate_Zone	Culter│City Centre East│Froghall, Powis and Sunnybank│East Cairngorms│Peterhead Ugieside│Letham and Glamis│Stranraer South│Prestonfield
Provider State	ID│ID│ID│ID│ID│ID│ID│ID
types	Eaturecray│Instant│Creature│Creature│Creature│Enchantment│Creature│Enchantment
__index_level_16__	State
[State Name]	Poison│Poison│Silence│Confusion│Weak│Weak│Poison│Poison
rarity	Uncommon│Uncommon│Uncommon│Common│Common│Common│Rare│Uncommon
location_code_filter	coastal_karst_statistical_region_SI│coastal_karst_statistical_region_SI│coastal_karst_statistical_region_SI│coastal_karst_statistical_region_SI│coastal_karst_statistical_region_SI│coastal_karst_statistical_region_SI│coastal_karst_statistical_region_SI│coastal_karst_statistical_region_SI
was_home	New Shannonchester│Clarkland│Travismouth│Lake Antonioville│Gonzalesmouth│West Johnbury│Kristinehaven│Karenfurt
Namespace	NHibernate.Spatial.Dialect│NHibernate.Spatial.Dialect│NHibernate.Spatial.Dialect│NHibernate.Spatial.Linq.Functions│NHibernate.Spatial.Linq.Functions│NHibernate.Spatial.Mapping│NHibernate.Spatial.Criterion│NHibernate.Spatial.Criterion
Wind Direction	Calm│Calm│Calm│Calm│Calm│Calm│Calm│SSE
County	Douglas│Brown│Pennington│Brown│Hand│Sanborn│Deuel│Brookings
NAME	ALAMOSA D│RIO GRANDE CNL
interaction_type	LeftGate│LeftGate│RightGate│Pushed│LeftGate│LeftGate│RightGate│PickedUp
SampleCollectionMethod/SampleCollectionEquipmentCommentText	actSamCollectEquipComments│actSamCollectEquipComments
Wind Direction	NNE│NNE│NNE│NE│WNW│West│NNW│WNW
TEAM_CITY	San Antonio│San Antonio│San Antonio│San Antonio│San Antonio│San Antonio│San Antonio│San Antonio
label	Abdomen│ActiveNotRecruiting│AerobicActivity│AnaerobicActivity│Anesthesia│Appearance│Ayurvedic│Bacteria
interaction_type	RightGate│RightGate│RightGate│RightGate│RightGate│RightGate│PickedUp│RightGate
County	County│GOLDEN VALLEY│TOOELE│JACKSON│JACKSON│JACKSON│CHURCHILL│County
Wind Direction	SSW│SSW│SW│SSW│SW│SW│SW│WSW
OHiddenModel	OHiddenModel│OHiddenModel│OHiddenModel│OHiddenModel│OHiddenModel│OHiddenModel│OHiddenModel│OHiddenModel
__index_level_336__	coal│Co
folder_owner_addrprovince	TX│TX│TX│TX│TX│TX│TX│TX
-.1	from│Archers│BARBARIAN│BARBARIANS│ARCHERS│ARCHERS│BARBARIANS
County	Logan│Barbour│Summers│Marion│Hancock│Jefferson│Monroe│Lincoln
Wind Direction	Variable│SE│SE│South│Variable│South│South│South
development-plan-types	local-plan│local-plan│local-plan│minerals-plan;waste-plan│minerals-plan;waste-plan│local-plan│local-plan│local-plan
coll_shortname	NACP_WILD_CROPLAND_FUEL_MAP_1163│NACP_WILD_CROPLAND_FUEL_MAP_1163│NACP_WILD_CROPLAND_FUEL_MAP_1163
SU	jigana│bakalan│tapi│miluan│barudak│tina sagala│kana kajadian│basa kosta
Hero	Mune│(TV)|0|12|2|Low│Kill!|5|24|2|Low│Somaru
Location	Lynden, Whatcom County│Lynden, Whatcom County│Lynden, Whatcom County│Lynden, Whatcom County│Lynden, Whatcom County│Lynden, Whatcom County│Lynden, Whatcom County│Lynden, Whatcom County
SubField	 تعبئة المياه وتوزيعها│ تعبئة المياه وتوزيعها│ تعبئة المياه وتوزيعها│ تعبئة المياه وتوزيعها│ تعبئة المياه وتوزيعها│ تعبئة المياه وتوزيعها│ تعبئة المياه وتوزيعها│ تعبئة المياه وتوزيعها
Events	Thunderstorm│Rain-Thunderstorm│Rain-Thunderstorm│Rain-Thunderstorm│Fog
ActivityLocation/HorizontalAccuracyMeasure/MeasureUnitCode	actHorizontalAccuracyUnit│actHorizontalAccuracyUnit
AreaCode	CA│CA│CA│CA
TEAM_CITY	Indiana│Indiana│Indiana│Indiana│Indiana│Indiana│Indiana│Indiana
parent	Bureau of South and Central Asian Affairs│Bureau of European and Eurasian Affairs│Bureau of Near Eastern Affairs│Bureau of European and Eurasian Affairs│Bureau of African Affairs│Bureau of Western Hemisphere Affairs│Bureau of Western Hemisphere Affairs│Bureau of European and Eurasian Affairs
Wind Direction	ENE│NE│Calm│NNE│NNE│Calm│North│NNE
County	Adair│Adams│Allamakee│Appanoose│Audubon│Benton│Black Hawk│Boone
Non-evangelical	Evangelical│Evangelical│Evangelical│Evangelical│Non-evangelical│Evangelical│Evangelical│Evangelical
topic_description	CRIME│CRIME│CRIME│CRIME│CRIME│CRIME│CRIME│CRIME
[State Name]	Poison│Poison│Silence│Confusion│Weak│Weak│Poison│Poison
__index_level_2__	County│KENT│KENT│SUSSEX│SUSSEX│SUSSEX│KENT│SUSSEX
was_home	Samanthafurt│North Reneetown│New Charles│Sheltonside│North Jeffrey│East Tanyaton│South Pamela│Davismouth
County	ST. MARTIN│IBERIA│County│ST. MARTIN│County
region_label	Northern California│Central California│Southern California│Oregon│Washington│California Current Ocean│California Current Study Area (area.weighted.mean)
TEAM_CITY	Los Angeles│Los Angeles│Los Angeles│Los Angeles│Los Angeles│Los Angeles│Los Angeles│Los Angeles
interaction_type	PickedUp│Pushed│LeftGate│Pushed│Pushed│PickedUp│LeftGate│LeftGate
name	Afɨrɨka ya Saame│Afuganisitáani│Aisiláandi│Ajentíina│Åland Islands│Alijéria│Alubánia│Amerɨka
probablelocnodecampo	SI│SI│SI│SI│SI
Отрасль	Отрасль│Отрасль
geographic_location(String)	None│None│None│None│None│None│None│None
value	Black or African American│Not Reported│Unknown│Asian│American Indian or Alaska Native│White│Native Hawaiian or Other Pacific Islander
name	Australian Capital Territory│New South Wales│Northern Territory│Queensland│South Australia│Tasmania│Victoria│Western Australia
Wind Direction	NW│South│SW│SSE│SSE│South│South│South
__index_level_1__	; Seasonally adjusted at annual rates                           │Quarterly data from 1947 To 1969│Bureau of Economic Analysis│Data published August 26, 2011   │File created 8/25/2011 10:13:28 AM│Line
TEAM_CITY	LA│LA│LA│LA│LA│LA│LA│LA
OrganisationLabel	Mole Valley District Council│Mole Valley District Council│Mole Valley District Council│Mole Valley District Council│Mole Valley District Council│Mole Valley District Council│Mole Valley District Council│Mole Valley District Council
Language_ID	psi│pmv│ma│pda│pwc│pdh│pbo│la
Events	Fog│Fog│Fog│Fog│Fog│Fog│Fog│Fog
name	Aberdeenshire│Angus│Argyll│Avon│Ayrshire│Banffshire│Bedfordshire│Berkshire
US	AL│AK│AZ│AR│CA│CO│CT│DE
Source	Mario│Mario│Goomba│Goomba│Mario│Mario│Goomba│Goomba
venue_state	GA│GA│CA
__index_level_1__	Cross Country│Cross Country│Cross Country│Cross Country│Cross Country│Cross Country│Cross Country│Cross Country
OrganisationLabel	Cannock Chase Council│Cannock Chase Council│Cannock Chase Council│Cannock Chase Council│Cannock Chase Council│Cannock Chase Council│Cannock Chase Council│Cannock Chase Council
OrganisationURI	South Norfolk│South Norfolk│South Norfolk│South Norfolk│South Norfolk│South Norfolk│South Norfolk│South Norfolk
contactMechTypeId	TELECOM_NUMBER│TELECOM_NUMBER│TELECOM_NUMBER│TELECOM_NUMBER│TELECOM_NUMBER│TELECOM_NUMBER│TELECOM_NUMBER│TELECOM_NUMBER
Wind Direction	Calm│Calm│Calm│Calm│Calm│Calm│Calm│South
Wind Direction	NW│Calm│West│WNW│WNW│WNW│West│WNW
Type	AccountActivityEnvironment│AccountActivityPremiumApi│AccountActivityApi│ActivityEventType│ActivityEvent│UserSpecificActivityEvent│UsersInvolvingActivityEvent│AppsInvolvingActivityEvent
value	ABŞ Virgin adaları│ABŞ-a bağlı kiçik adacıqlar│Aland adaları│Albaniya│Almaniya│Amerika Birləşmiş Ştatları│Amerika Samoası│Andorra
V14	nationality│ENGLISH│ITI│500│500│500│500│500
Wind Direction	West│West│West│WNW│WSW│Calm│West│Calm
jurisdiction_id	ocd-jurisdiction/country:us/state:ri/government│ocd-jurisdiction/country:us/state:ri/government│ocd-jurisdiction/country:us/state:ri/government│ocd-jurisdiction/country:us/state:ri/government│ocd-jurisdiction/country:us/state:ri/government│ocd-jurisdiction/country:us/state:ri/government│ocd-jurisdiction/country:us/state:ri/government│ocd-jurisdiction/country:us/state:ri/government
infonet_id	InfoAsset ID
Расчётный адрес - город	Расчётный адрес - город│Расчётный адрес - город
Wind Direction	ENE│Calm│Calm│Calm│Calm│ESE│SE│SE
Status	Operational│Operational│Operational│Operational│Operational│Operational│Operational│Operational
TEAM_CITY	Minnesota│Minnesota│Minnesota│Minnesota│Minnesota│Minnesota│Minnesota│Indiana
area	Area│ha
Component	Core│Core│Core│Core│Core│Core│Core│Core
County	Lake│Ravalli│Lincoln│Sanders│Jefferson│Sheridan│Flathead│Silver Bow
County	HIDALGO│TAYLOR│TAYLOR│TAYLOR│LIBERTY│CHATHAM│County│PERSON
dominant_object	Hand│Hand│Hand│Hand│HandToWrist│HandToWrist│HandToWrist│Hand
ID	CA│ID│CA│ID│CA│ID│CA│ID
NMSPC_CD	KC-NEGOTIATION│KC-SYS│KC-SYS│KC-SYS│KC-NEGOTIATION│KC-NEGOTIATION│KC-NEGOTIATION│KC-AWARD
__index_level_1__	Cross Country│Cross Country│Cross Country│Cross Country│Cross Country│Cross Country│Cross Country│Cross Country
Wind Direction	WNW│WNW│WNW│WNW│NW│WNW│WNW│NW
interaction_type	LeftGate│LeftGate│LeftGate│LeftGate│LeftGate│LeftGate│Pushed│RightGate
Location	PASCAGOULA│2 ENE OAK│2 SSW TRINITY│Location│ALEXANDRIA│1 W MOSS BLUFF│CHENEYVILLE│1 SSW HOLLY BEACH
School Location	CANADA│CANADA│CHINA│Connecticut│Georgia│Maine│Maryland│Maryland
topic_description	AIR_POLLUTION│AIR_POLLUTION│AIR_POLLUTION│AIR_POLLUTION│AIR_POLLUTION│AIR_POLLUTION│AIR_POLLUTION│AIR_POLLUTION
urban_rural	Urban│Rural│Rural│Rural│Rural│Rural│Rural│Rural
wneRegn	Southern Rhone / Gigondas│Rioja│California Central Cosat│Washington│Oregon│Tuscany│Bordeaux│Bordeaux
Wind Direction	SSE│South│SSW│South│WSW│West│WNW│WNW
Wind Direction	SW│SW│WSW│WSW│West│WNW│NW│NW
TEAM_CITY	Golden State│Golden State│Golden State│Golden State│Golden State│Golden State│Golden State│Golden State
TYPE_1	State│State│State│State│State│State│State│State
PLANT	BIG_CREEK│MOHAVE_1│MOHAVE_2│HIGHGROVE│SAN_BERNARDINO│COOLWATER│ETIWANDA_1-4│ETIWANDA_5
TEAM_CITY	LA│LA│LA│LA│LA│LA│LA│LA
TEAM_CITY	Cleveland│Cleveland│Cleveland│Cleveland│Cleveland│Cleveland│Cleveland│Cleveland
Wind	SW│CALM│WNW│W│WNW│NW│NW│NW
uptake	Considerable│Considerable│Considerable│Considerable│Considerable
TEAM_CITY	Minnesota│Minnesota│Minnesota│Minnesota│Minnesota│Minnesota│Minnesota│Minnesota
Data provider	Land Journal│Land Journal│Land Journal│Land Journal│Land Journal│Land Journal│Land Journal│Land Journal
product/toLocation	US East (N. Virginia)│US West (Oregon)│US East (N. Virginia)│US West (Oregon)│US East (N. Virginia)│US East (N. Virginia)│US West (Oregon)│US West (N. California)
folder_owner_addrprovince	TX│TX│TX│TX│TX│TX│TX
exposure	Beecham2014npany│Beecham2014npany│Beecham2014npany│Beecham2014npany│Beecham2014npany│Beecham2014npany│Beecham2014npany│Beecham2014npany
EstadoDoc	Si│Si
Wind Direction	WSW│WSW│West│WSW│West│SW│West│WSW
speakerparty	Conservative│Liberal│New Democratic Party│GPQ (ex-Bloc)│Bloc Québécois│Green Party│Liberal│Liberal
2019	coverage:
Category	Default│Black│Black│Gray│Black│White│White
__index_level_1__	Cross Country│Cross Country│Cross Country│Cross Country│Cross Country│Cross Country│Cross Country│Cross Country
Wind Direction	South│ESE│SSE│South│South│South│NE│NW
nameTurkish	KKTC│Türkiye│Monako│Hollanda│Azerbaycan│Estonya│Macaristan│İtalya
interaction_type	RightGate│RightGate│Pushed│RightGate│PickedUp│LeftGate│RightGate│RightGate
Namespace	OSAE.Weather_Control│OSAE.Weather_Control│OSAE.Weather_Control│OSAE.Weather_Control│OSAE.Weather_Control│OSAE.Weather_Control│OSAE.Weather_Control│OSAE.Weather_Control
interaction_type	RightGate│LeftGate│RightGate│RightGate│LeftGate│RightGate│RightGate│LeftGate
value	Abkhazian│Achinese│Acoli│Adangme│Adyghe│Afar│Afrihili│Afrikaans
geoextent	Local│National│Regional│National│National│Local│National│Local
location_name_filter	Lefkoşa District, Cyprus│Lefkoşa District, Cyprus│Lefkoşa District, Cyprus│Lefkoşa District, Cyprus│Lefkoşa District, Cyprus│Lefkoşa District, Cyprus│Lefkoşa District, Cyprus│Lefkoşa District, Cyprus
id.exposure	nCydAY│nCydAY│nCydAY│nCydAY│nCydAY│nCydAY│nCydAY│nCydAY
Wind Direction	Calm│Calm│Calm│Calm│Calm│NE│East│NNE
interaction_type	Pushed│LeftGate│RightGate│RightGate│PickedUp│RightGate│LeftGate│RightGate
V26	orderPres│1│2│3│4│5
interaction_type	PickedUp│RightGate│LeftGate│Pushed│LeftGate│RightGate│LeftGate│RightGate
name	Munzothamnus│blairii
interaction_type	Pushed│LeftGate│RightGate│PickedUp│LeftGate│LeftGate│RightGate│LeftGate
Value	*i-hką́│*hką́│Wee-kau│íika│íka│hįką́rą│*khą́│*khą́
Code	US-AL│US-AK│US-AZ│US-AR│US-CA│US-CO│US-CT│US-DE
lgID	AL│AL│AL│AL│AL│AL│AL│AL
Type	Hindrance│Hindrance│Hindrance│Hindrance│Hindrance│Hindrance│Hindrance│Hindrance
category	Participant│Participant│Participant│Observation│Observation│Observation│Observation│Household
interventionType.dataStatus	GREEN│???│GREEN│GREEN│AMBER│GREEN│RED - No data found│AMBER
Wind Direction	East│Calm│SE│SSW│Calm│South│Calm│Calm
Wind Direction	East│Calm│SE│SSW│Calm│South│Calm│Calm
code	Individual│OrganizationOrInstitution│Family│Family.HouseholdFamily│Household│HousingUnit│EventOrProcessOrActivity│GeographicUnit
payment_type	Cash│Cash│Cash│Cash│Cash│Cash│Cash│Cash
venue_state	CA│GA│GA│CA
name	Alabama│Alaska│Arizona│Arkansas│California│Colorado│Connecticut│Delaware
DistConocida	Si│Si│Si│Si│Si│Si│Si│Si
value	Abchaseg│Acadeg│Acaneg│Acehneg│Acoli│Adangmeg│Afareg│Afestaneg
Provider City	AFTON│CHEYENNE│SHERIDAN│LANDER│SARATOGA│GREEN RIVER│DOUGLAS│POWELL
tile	NE│NE│NE│NE│NE│NE│NE│NE
region	The whole country│The whole country│The whole country│The whole country│The whole country│The whole country│The whole country│The whole country
__index_level_1__	Cross Country│Cross Country│Cross Country│Cross Country│Cross Country│Cross Country│Cross Country│Cross Country
Wind Direction	WNW│NW│NNW│NNW│Calm│SSW│SW│SSW
creationLocation	Syria│Caesarea│Caesarea│Caesarea│Caesarea│Caesarea│Caesarea│Caesarea
Events	Fog│Fog│Fog│Fog│Fog│Fog│Fog│Fog
value	Abkhazian│Achinese│Acoli│Adangme│Adyghe│Afar│Afrihili│Afrikaans
Project	Peering│Peering│Peering│Peering
ActiveProvince StringType	Hubei Province│Hubei Province│Hubei Province│Hubei Province│Hubei Province│Hubei Province│Hubei Province│Hubei Province
COUNTY	Kleberg│Collin│Hamilton│Harris│Tarrant│Guadalupe│Harris│Fort Bend
Wind Direction	West│West│WNW│West│West│West│WNW│West
Wind Direction	NW│NNW│NNW│NW│NNW│NNW│NW│NNW
Wind Direction	Calm│Calm│Calm│Calm│Calm│Calm│NE│Variable
Wind Direction	NNW│North│Variable│North│NNE│North│North│North
__index_level_0__	America/New_York│UTC-05
GEO.display-label	Geography│Alabama│Alaska│Arizona│Arkansas│California│Colorado│Connecticut
AssessmentQuestionGroup	Detail│Detail│Detail│Detail
Namespace	OrchardCore.Resources│OrchardCore.Resources
Geographic level Code	Country│State│State│District│District│District│District
program	MA│MA│MA│MA│MA
__index_level_1__	Annual data from 1930 To 1969│Bureau of Economic Analysis│Data published July 30, 2010     │File created 8/5/2010 11:49:16 AM│Line
name	Aberdeenshire│Angus│Argyll│Avon│Ayrshire│Banffshire│Bedfordshire│Berkshire
Bariani	Road│Hill,CA,00:00:00.00,VOS-Cycles│Francisco,CA,00:00:00.00,Wells│Lake│/│Bike│/
value	Abchazisch│Adangme│Adygees│Afaan Oromo│Afar│Afrihili│Afrikaans│Aghem
AP	U.S.│Ala.│Alaska│Ariz.│Ark.│Calif.│Colo.│Conn.
Namespace	KMLib.Abstract│KMLib.Abstract│KMLib.Abstract│KMLib.Abstract│KMLib.Abstract│KMLib.Abstract│KMLib.Abstract│KMLib.Abstract
Wind Direction	ESE│East│East│East│ENE│ENE│NNW│Calm
Wind Direction	Calm│Calm│Calm│Calm│Calm│NE│East│NNE
TEAM_CITY	Indiana│Indiana│Indiana│Indiana│Indiana│Indiana│Indiana│Indiana
interaction_type	RightGate│Pushed│PickedUp│RightGate│RightGate│RightGate│RightGate│Pushed
County	Knox│Hancock│Franklin│Kennebec│Kennebec│Cumberland│York│Franklin
__index_level_1__	Annual data from 1969 To 2014│Bureau of Economic Analysis│Data published November 24, 2015 │File created 11/23/2015 12:08:05 PM│Line
EstadoDoc	Si│Si│Si│Si│Si│Si
Acularis|36456|Boku	Acularis|34382|Citrus|0|0|1|Low│Acularis|6033|Dragon│Acularis|30694|Dragon│Acularis|31339|Drifters|0|2|1|Low│Acularis|34662|Fate/Apocrypha|8|22|1|Low│Acularis|918|Gintama|0|14|1|Low│Acularis|9969|Gintama'|1|0|1|Low│Acularis|17895|Golden
interaction_type	RightGate│RightGate│RightGate│RightGate│RightGate│LeftGate│RightGate│LeftGate
TEAM_CITY	LA│LA│LA│LA│LA│LA│LA│LA
Wind Direction	Calm│Calm│NE│NE│ENE│ENE│ENE│ENE
Wind Direction	West│WNW│WNW│WNW│WNW│WNW│WNW│WNW
property_owner_addrprovince	TX│TX
ActiveProvince StringType	Hubei Province│Hubei Province│Hubei Province│Hubei Province│Hubei Province│Hubei Province│Hubei Province│Hubei Province
Wind Direction	West│WSW│West│West│West│WSW│West│West
TEAM_CITY	Oklahoma City│Oklahoma City│Oklahoma City│Oklahoma City│Oklahoma City│Oklahoma City│Oklahoma City│Oklahoma City
Method	Main│Main│Main│Main│Main│Main
GROUP	VadereMeshing│VadereMeshing│VadereMeshing│VadereMeshing│VadereMeshing│VadereMeshing│VadereMeshing│VadereMeshing
__index_level_1__	Criterium│Criterium│Criterium│Criterium│Criterium│Criterium│Criterium│Criterium
Region	Latin America & Caribbean│South Asia│Sub-Saharan Africa│Europe & Central Asia│Europe & Central Asia│Middle East & North Africa│Latin America & Caribbean
value	Abkhazian│Achinese│Acoli│Adangme│Adyghe│Afar│Afrihili│Afrikaans
community_type	Nonprofit│Nonprofit│Nonprofit│Nonprofit│Nonprofit│Nonprofit│Nonprofit
Dedicator	Attica│the city│Neratius Cerealis, prefect of the city of Rome│SPQR│Theodosius and Proclus│Theodosius and Proclus│Iunius Bassus
cs5Label	Other info│Other info
location	unknown│HK│HK│IN│IN│HK│IN│IN
Wind Direction	NE│NNE│NE│NE│NE│NE│NNE│NNE
TEAM_CITY	Indiana│Indiana│Indiana│Indiana│Indiana│Indiana│Indiana│Indiana
Category	Dairy│Dairy│Dairy│Dairy│Dairy│Dairy│Dairy│Dairy
Wind Direction	Calm│Calm│Calm│Calm│Calm│Calm│Calm│Calm
TEAM_CITY	LA│LA│LA│LA│LA│LA│LA│LA
ISO	US USA│US-AL│US-AK│US-AZ│US-AR│US-CA│US-CO│US-CT
TEAM_CITY	Philadelphia│Philadelphia│Philadelphia│Philadelphia│Philadelphia│Philadelphia│Philadelphia│Philadelphia
Wind Direction	Calm│Calm│Calm│NE│NNE│NNE│NE│Variable
County	LAURENS│BINGHAM│County│GMZ555│XXX│BAKER│BAKER│LEVY
EstadoDoc	Si│Si│Si
Type	Assets│AssetsEntity│AuthResult│AuthManager│IAuth│OldPluginLogin│BmclCore│Config
TEAM_CITY	Indiana│Indiana│Indiana│Indiana│Indiana│Indiana│Indiana│Indiana
topic_description	FAMILY_LIFE│FAMILY_LIFE│FAMILY_LIFE│FAMILY_LIFE│FAMILY_LIFE│FAMILY_LIFE│FAMILY_LIFE│FAMILY_LIFE
Namespace	DialogDemos│DialogDemos│DialogDemos│DialogDemos│DialogDemos│DialogDemos│DialogDemos│DialogDemos
Wind	N│CALM│ENE│NE│NNE│NE│NE│ENE
Ecosystem	Marine│Marine│Marine│Marine│Marine│Marine│Marine│Marine
time	 1.024│ 1.087│ 1.090│ 1.154│ 1.135│ 1.169│ 1.215│ 1.178
Events	Snow
interaction_type	PickedUp│RightGate│Pushed│RightGate│LeftGate│LeftGate│RightGate│LeftGate
TEAM_CITY	Cleveland│Cleveland│Cleveland│Cleveland│Cleveland│Cleveland│Cleveland│Cleveland
country_code_filter	LT│LT│LT│LT│LT│LT│LT│LT
County	Sussex│Sussex│New Castle│New Castle│New Castle│New Castle│New Castle│New Castle
TEAM_CITY	Minnesota│Minnesota│Minnesota│Minnesota│Minnesota│Minnesota│Minnesota│Minnesota
Wind Direction	West│WNW│WNW│NW│WNW│West│West│WSW
is	the│is│25,
TEAM_CITY	Minnesota│Minnesota│Minnesota│Minnesota│Minnesota│Minnesota│Minnesota│Minnesota
Events	Fog│Fog│Fog│Fog│Fog│Fog│Fog│Fog
-.1	from│Archers│BARBARIAN│BARBARIANS│ARCHERS│ARCHERS│BARBARIANS
__index_level_8__	Power│Canadian│privilege.│Women
country_code_filter	MT│MT│MT│MT│MT│MT│MT│MT
was_home	Christophertown│New Tammy│New Michellehaven│Ericview│New Sergiobury│Cruzhaven│Jeremyshire│Selenaton
Wind Direction	Calm│Calm│NW│NNW│NNW│NNW│NNW│NW
was_home	South Hannah│Jonesbury│East Ryanfort│Scottborough│New Wandafurt│Lake Trevor│North Natalie│Aguilarmouth
tag	Amusement Parks│Amusement Parks│Amusement Parks│Amusement Parks│Amusement Parks│Amusement Parks│Amusement Parks│Architectural Buildings
Wind Direction	SSW│SSW│SSW│SSW│SSW│SSW│SSW│South
Wind Direction	South│South│Calm│South│Calm│Calm│Calm│Calm
value	Afuganisitani│Afurika y’Epfo│Åland Islands│Alijeriya│Alubaniya│Amazinga y’Isugi y’Abanyamerika│Amazinga ya Filipine│Amazinga ya Mariyana ryo mu majaruguru
DL State	FL│FL│OR│OR│FL│FL│FL│FL
Category	Geometry│Geometry│Geometry│Geometry│Geometry│Geometry│Geometry│Geometry
Status	Operational│Operational│Operational│Operational│Operational│Operational│Operational│Operational
__index_level_1__	Criterium│Criterium│Criterium│Criterium│Criterium│Criterium│Criterium│Criterium
TEAM_CITY	Cleveland│Cleveland│Cleveland│Cleveland│Cleveland│Cleveland│Cleveland│Cleveland
Wind Direction	NE│ENE│NE│Calm│Calm│Calm│Calm│SE
TEAM_CITY	LA│LA│LA│LA│LA│LA│LA│LA
DARRYL	PAMELA│DARRYL│PAMELA│DARRYL│PAMELA│DARRYL│PAMELA│DARRYL
TEAM_CITY	Minnesota│Minnesota│Minnesota│Minnesota│Minnesota│Minnesota│Minnesota│Minnesota
Wendi	lastname│Kallins│Kallins│Kallins│Kallins│Kallins│Kallins│Kallins
was_home	Alvarezton│Gibbsview│Lake Zacharyland│Michaelville│Donaldsonberg│Susantown│Morganside│East Greg
Resource type	Vote│Vote│Vote│Vote│Vote│Vote
value	Abkhazian│Achinese│Acoli│Adangme│Adyghe│Afar│Afrihili│Afrikaans
topic_description	MIDDLE_EAST│MIDDLE_EAST│MIDDLE_EAST│MIDDLE_EAST│MIDDLE_EAST│MIDDLE_EAST│MIDDLE_EAST│MIDDLE_EAST
TEAM_CITY	LA│LA│LA│LA│LA│LA│LA│LA
__index_level_1__	Cross Country│Cross Country│Cross Country│Cross Country│Cross Country│Cross Country│Cross Country│Cross Country
School Location	CHINA│California│California│DENMARK│HONG KONG│Maryland│Missouri│New Jersey
Collegiate	Cross│Cross│Cross
Wind Direction	WNW│West│WNW│West│WNW│West│West│NW
interaction_type	Pushed│PickedUp│LeftGate│RightGate│RightGate│RightGate│RightGate│LeftGate
REGION1	ADAMS│ALAMOSA│BACA
countryCode	AZ│AZ│AZ│AZ│AZ│AZ│AZ│AZ
study	CogControl│CogControl│CogControl│CogControl│CogControl│CogControl│CogControl│CogControl
TEAM_CITY	LA│LA│LA│LA│LA│LA│LA│LA
Wind Direction	West│West│West│WSW│WSW│West│NW│WNW
TEAM_CITY	Indiana│Indiana│Indiana│Indiana│Indiana│Indiana│Indiana│Indiana
Unnamed: 0	Alabama│Alaska│Arizona│Arkansas│California│Colorado│Connecticut│Delaware
Speaker	Sanyam Bhutani│Suzana│Sanyam Bhutani│Suzana│Sanyam Bhutani│Suzana│Sanyam Bhutani│Suzana
TEAM_CITY	Washington│Washington│Washington│Washington│Washington│Washington│Washington│Washington
Fatality Significant	Significant│Significant│Significant│Significant│Significant│Significant│Significant
GEO.display-label	Geography│United States│North Carolina│Durham County, North Carolina│Forsyth County, North Carolina│Guilford County, North Carolina
EstadoDoc	Si│Si
Provider State	NM│NM│NM│NM│NM│NM│NM│NM
TEAM_CITY	LA│LA│LA│LA│LA│LA│LA│LA
Wind	CALM│CALM│CALM│CALM│CALM│CALM│N│NNE
category	Entomology│Entomology│Entomology│Entomology│Entomology│Entomology│Entomology│Entomology
Wind Direction	Calm│Calm│Calm│Calm│Calm│Calm│NNW│Calm
TEAM_CITY	Golden State│Golden State│Golden State│Golden State│Golden State│Golden State│Golden State│Golden State
Wind Direction	South│South│Calm│South│Calm│Calm│Calm│Calm
TEAM_CITY	Sacramento│Sacramento│Sacramento│Sacramento│Sacramento│Sacramento│Sacramento│Sacramento
lgID	AL│NL│AL│NL│AL│NL│AL│NL
TX	TX│TX│TX│TX│TX│TX│TX│TX
early_interval	Langhian│Langhian│Langhian│Langhian│Langhian│Langhian│Langhian│Langhian
Colorado	Hill│CT:│Springs,CO,0:51:47.07,juwi-Slipstream│Rio│Rio│Team│,CO,0:52:36.05,Primal
name	Afganistan│Insulele Åland│Albania│Algeria│Samoa americană│Andorra│Angola│Anguilla
TEAM_CITY	Los Angeles│Los Angeles│Los Angeles│Los Angeles│Los Angeles│Los Angeles│Los Angeles│Los Angeles
Wind	NNW│NW│NW│NW│NW│NW│WNW│NW
Method	init│init│init│Video│surfaceFormat│VertexBuffer│VertexBuffer│init
Allegiances	Lannister│None│House Targaryen│House Greyjoy│Lannister│Baratheon│Night's Watch│None
Project	Explorers│Explorers│Explorers
Wind Direction	SSW│SSW│SSW│SSW│SSW│SSW│SSW│South
Wind Direction	South│SSW│SSW│SSW│SSW│SSW│SW│SW
Wind Direction	NNE│Calm│NNE│Calm│NE│ENE│ENE│NE
Provider State	AZ│AZ│AZ│AZ│AZ│AZ│AZ│AZ
Language_ID	psc│psi│pmv│pse│ca│ca│hi│hi
Source	Market│Market│Market│Market│Market│Market│Market│Market
County	County│WARREN│WASHINGTON│WASHINGTON│CHITTENDEN│RUTLAND│RUTLAND│RUTLAND
Center_Name_s	GEO│GEO│GEO│GEO│GEO
ADVERTISER	Udemy│Udemy│Udemy│Udemy│Udemy
topic_description	FAMILY_LIFE│FAMILY_LIFE│FAMILY_LIFE│FAMILY_LIFE│FAMILY_LIFE│FAMILY_LIFE│FAMILY_LIFE│FAMILY_LIFE
GEO.display-label	Geography│United States│North Carolina│Durham County, North Carolina│Forsyth County, North Carolina│Guilford County, North Carolina
MissionImpactCIA	Integrity│Integrity│Integrity│Integrity│Integrity
__index_level_1238__	provincial
TEAM_CITY	Indiana│Indiana│Indiana│Indiana│Indiana│Indiana│Indiana│Indiana
School Location	Colorado│Georgia│Illinois│New Jersey│New York│New York│New York│New York
imen	opian world, crea
__index_level_4__	Introduction│,4,
interaction_type	PickedUp│RightGate│RightGate│Pushed│RightGate│RightGate│PickedUp│RightGate
country_code_filter	LV│LV│LV│LV│LV│LV│LV│LV
Events	Snow│Snow│Snow
interaction_type	PickedUp│LeftGate│LeftGate│LeftGate│LeftGate│RightGate│LeftGate│LeftGate
Steward	geo│geo│geo
Namespace	Peeps.Controllers│Peeps.Controllers│Peeps.Controllers│Oak.Controllers│Oak.Controllers│Oak.Controllers│Peeps│Oak
Council_area	Aberdeen City│Aberdeen City│Aberdeen City│Aberdeenshire│Aberdeenshire│Angus│Dumfries and Galloway│City of Edinburgh
Region-Alpha	East Region│West Region
interaction_type	Pushed│RightGate│RightGate│RightGate│PickedUp│RightGate│RightGate│RightGate
Nutrient	Control│Control│In│In│Org│Org│InOrg│InOrg
TEAM_CITY	Minnesota│Minnesota│Minnesota│Minnesota│Minnesota│Minnesota│Minnesota│Minnesota
Provider State	VT│VT│VT│VT│VT│VT│VT│VT
Wind Direction	Calm│Calm│NE│NE│ENE│ENE│ENE│ENE
Name	al-shelby+county│ca-los+angeles+county│ca-orange+county│ca-riverside+county│ca-san+francisco│ca-sonoma+county│co-denver│co-el+paso+county
Home	Aimeebury│Lake Brittany│Rileymouth│Kellerstad│West Chloefort│Meganbury│Lake Josephbury│Lauramouth
TEAM_CITY	Philadelphia│Philadelphia│Philadelphia│Philadelphia│Philadelphia│Philadelphia│Philadelphia│Philadelphia
như	tôi│mình│mà│ông│là│cho│trên│là
interaction_type	PickedUp│Pushed│LeftGate│LeftGate│LeftGate│RightGate│LeftGate│RightGate
region	Arizona│Florida
Freshman	Junior│Junior│Senior│Senior│Senior│Senior│Freshman│Alum
Unnamed: 1	dium d
Wind Direction	SW│SE│Calm│South│Calm│Calm│Calm│Calm
Target Type	City│City│City│City│City│City│City│City
patterns_iw	Not significant│Not significant│Not significant│Not significant│Not significant│Not significant│Not significant│Not significant
TEAM_CITY	LA│LA│LA│LA│LA│LA│LA│Golden State
Wind Direction	Calm│Calm│SW│Calm│Calm│Calm│Calm│NE
StateCode	VA│VA│VA
Wind Direction	SSW│South│South│South│South│SSE│South│SSE
TEAM_CITY	Indiana│Indiana│Indiana│Indiana│Indiana│Indiana│Indiana│Indiana
LOCATION	LACQUER│LIVER│LOUNGES│LANGUISHING│LOPSIDED│LEANED│LOFTS│LAMP
County	BROWARD│County│SARASOTA│SARASOTA│BROWARD│County
Provider State	DC│DC│DC│DC│DC│DC│DC│DC
Related concepts	land deals│development;land use;geographical information systems;urbanizati│development│food security│land;research│development;land distribution;poverty;rural areas│intensive land use│sustainable land management;climate change
name	Alabama│Alaska│Arizona│Arkansas│California│Colorado│Connecticut│Delaware
Отгрузочный адрес - индекс	Отгрузочный адрес - индекс│Отгрузочный адрес - индекс
Language_ID	psi│pmv│pda│pwc│pdh│la│da│st
Wind Direction	SSE│SSE│South│South│South│South│South│South
Condition	Cloudy│Cloudy│Mostly Cloudy│Fair│Fair│Fair│Fair│Fair
venue_state	GA│GA│CA│GA
groupingname	Grouping-1│Grouping-2│Grouping-3│Grouping-3│Grouping-2
groupingname	Grouping-1│Grouping-2│Grouping-3│Grouping-3│Grouping-2
Unnamed: 0	Alabama│Alaska│Arizona│Arkansas│California│Colorado│Connecticut│Delaware
Old.GPO	U.S.│Ala.│Alaska│Ariz.│Ark.│Calif.│Colo.│Conn.
__index_level_4__	Introduction│,0,
lobby_image	standchara01│standchara02│standchara03│standchara04│standchara05│standchara06│standchara07│standchara08
Slug Geography	washington│portland-vancouver-hillsboro-or-wa-metro-area│spokane-wa-metro-area│seattle-tacoma-bellevue-wa-metro-area│idaho│united-states│oregon│oregon
topic_description	CRIME│CRIME│CRIME│CRIME│CRIME│CRIME│CRIME│CRIME
TEAM_CITY	Minnesota│Minnesota│Minnesota│Minnesota│Minnesota│Minnesota│Minnesota│Minnesota
EXAMPLE_UNITS	mV│mV│mV│mV│mV│mV│mV
__index_level_1__	Cross Country│Cross Country│Cross Country│Cross Country│Cross Country│Cross Country│Cross Country│Cross Country
Language_ID	pmv│pwc│pdh│la│la│la│la│la
TEAM_CITY	Minnesota│Minnesota│Minnesota│Minnesota│Minnesota│Minnesota│Minnesota│Minnesota
Wind Direction	WSW│West│West│WNW│WNW│WNW│WNW│WNW
EXAMPLE_UCUM_UNITS	mV│mV│mV│mV│mV│mV│mV
TEAM_CITY	LA│LA│LA│LA│LA│LA│LA│LA
__index_level_4__	CO│CO│ID│UT│UT│WA│WY│WY
The	The│The│12│Schindler's│Pulp│Fight│Forrest│Inception
venue_state	GA│GA│CA
County	BROWARD│County│BROWN│GRANT│DICKINSON│CLAY│POCAHONTAS│SOMERSET
was_home	South Emily│Port Michelleside│Burgessberg│Kathrynhaven│Annettefurt│Port Rebeccaberg│Thomaschester│Jenningston
GEO.display-label	Geography│United States│North Carolina│Durham County, North Carolina│Forsyth County, North Carolina│Guilford County, North Carolina
label	Glasgow City│Dundee City│North Lanarkshire│East Ayrshire│Stirling│Clackmannanshire│Inverclyde│South Lanarkshire
team	ONEBILLION│ONEBILLION│ONEBILLION│ONEBILLION│ONEBILLION│ONEBILLION│ONEBILLION│ONEBILLION
__index_level_1__	Cross Country│Cross Country│Cross Country│Cross Country│Cross Country│Cross Country│Cross Country│Cross Country
V26	orderPres│1│2│3│4│5
venue_state	GA│GA│CA
County	GALVESTON│County│GALVESTON│County│SIERRA
County	Montgome│Montgome│Delaware│Bucks│Bucks│Bucks│Delaware│Montgome
Township	Criterium│Fifty│Valley│Anselmo,CA,,Six│Velo│Spokesmen
__index_level_2__	Men│Terun│Terun│Club
Method	Get│Get│CreateInternal│TableMapping│Equals│Equals│GetHashCode│PrimaryKeyColumn
TEAM_CITY	Minnesota│Minnesota│Minnesota│Minnesota│Minnesota│Minnesota│Minnesota│Minnesota
name	Afganistan│Albània│Alemanya│Algèria│Andorra│Angola│Anguilla│Antàrtida
country_code_filter	LT│LT│LT│LT│LT│LT│LT│LT
Method	GA│ACO│GA│ACO│GA│ACO│GA│ACO
Wind Direction	SE│ESE│ENE│ENE│SE│ENE│ENE│East
interaction_type	PickedUp│LeftGate│LeftGate│PickedUp│LeftGate│LeftGate│LeftGate│LeftGate
Events	Fog│Fog│Fog│Fog│Fog
interaction_type	PickedUp│PickedUp│LeftGate│RightGate│LeftGate│RightGate│RightGate│LeftGate
ID	AO│BJ│BW│BF│BI│CM│CV│CF
Wind Direction	Variable│South│SSW│West│WSW│West│Calm│Variable
__index_level_17__	Location│EU (Ireland)│EU (Ireland)│EU (Ireland)│EU (Ireland)│EU (Ireland)
Wind Direction	NE│ENE│NE│Calm│Calm│Calm│Calm│SE
Events	Snow│Snow│Snow│Snow│Snow│Snow│Snow│Snow
Bay	Criterium│SCIENTIFIC│Noonan/│Services/Cycle│NOONAN
response	ABBA│--date--│Agnetha Fältskog
Category	General│General│General│General│General│General│General│General
Design smell	Feature Envy│Unutilized Abstraction│Unnecessary Abstraction│Duplicate Abstraction│Unutilized Abstraction│Unnecessary Abstraction│Unutilized Abstraction│Unutilized Abstraction
Wind Direction	WNW│NW│WNW│WNW│NW│NNW│North│North
Wind Direction	SSE│SSE│SSE│South│South│South│SSE│South
Provider State	NM│NM│NM│NM│NM│NM│NM│NM
__index_level_4__	CO│CO│ID│UT│UT│WA│WY│WY
Language_ID	psi│pma│pse│ca│hi│hi│hi│hi
TEAM_CITY	Indiana│Indiana│Indiana│Indiana│Indiana│Indiana│Indiana│Indiana
Контрагент	Контрагент│Контрагент
__index_level_1__	Cross Country│Cross Country│Cross Country│Cross Country│Cross Country│Cross Country│Cross Country│Cross Country
interaction_type	LeftGate│Pushed│LeftGate│PickedUp│LeftGate│RightGate│LeftGate│LeftGate
__index_level_390__	for│China,
BusinessTravel	Travel_Rarely│Travel_Frequently│Travel_Rarely│Travel_Frequently│Travel_Rarely│Travel_Frequently│Travel_Rarely│Travel_Rarely
Wind Direction	SSE│SSE│South│South│South│South│South│South
groupingname	Grouping-1│Grouping-2│Grouping-3│Grouping-3│Grouping-2
County	District Of Columbia│District Of Columbia│District Of Columbia│District Of Columbia│District Of Columbia│District Of Columbia│District Of Columbia│District Of Columbia
Wind Direction	ENE│ENE│NNE│NNE│NE│NE│NE│NNE
Events	Fog-Rain│Fog│Fog│Fog│Rain│Fog-Rain│Rain│Fog-Rain
OrganisationLabel	Erewash Borough Council│Erewash Borough Council│Erewash Borough Council│Erewash Borough Council│Erewash Borough Council│Erewash Borough Council│Erewash Borough Council│Erewash Borough Council
TEAM_CITY	Minnesota│Minnesota│Minnesota│Minnesota│Minnesota│Minnesota│Minnesota│Minnesota
interaction_type	Pushed│RightGate│LeftGate│RightGate│PickedUp│LeftGate│RightGate│LeftGate
TEAM_CITY	Utah│Utah│Utah│Utah│Utah│Utah│Utah│Utah
Name	Alabama│Alaska│Arizona│Arkansas│California│Colorado│Connecticut│Delaware
Wind Direction	Calm│NE│Calm│Calm│Calm│WNW│Calm│Calm
name	Muiriantha│hassellii│daucoides
TEAM_CITY	Utah│Utah│Utah│Utah│Utah│Utah│Utah│Utah
Feature.3	Urban or rural address│Rural│Urban  │Urban  │Urban  │Rural│Rural
TEAM_CITY	Utah│Utah│Utah│Utah│Utah│Utah│Utah│Utah
interaction_type	PickedUp│Pushed│RightGate│Pushed│PickedUp│RightGate│LeftGate│LeftGate
region_name_filter	Larnaca District│Larnaca District│Larnaca District│Larnaca District│Larnaca District│Larnaca District│Larnaca District│Larnaca District
OrganisationLabel	North Norfolk District Council│North Norfolk District Council│North Norfolk District Council│North Norfolk District Council│North Norfolk District Council│North Norfolk District Council│North Norfolk District Council│North Norfolk District Council
__index_level_1__	Criterium│Criterium│Criterium│Criterium│Criterium│Criterium│Criterium│Criterium
Wind Direction	SSW│SSW│SW│Calm│SW│SSW│SW│SW
TEAM_CITY	Chicago│Chicago│Chicago│Chicago│Chicago│Chicago│Chicago│Chicago
County	District Of Columbia│District Of Columbia│District Of Columbia│District Of Columbia│District Of Columbia│District Of Columbia│District Of Columbia│District Of Columbia
Wind Direction	Calm│Calm│Calm│East│NE│East│East│East
longName	Stora Enso Oyj│Stora Enso Oyj│Stora Enso Oyj│Stora Enso Oyj
stage	year round│year round│year round│year round│year round
service_areas	Colma│San Mateo County│San Mateo County│San Mateo County│San Mateo County│San Mateo County│Belmont, Burlingame, East Palo Alto│Belmont, East Palo Alto
__index_level_3__	Men│Men
__index_level_1__	Cross Country│Cross Country│Cross Country│Cross Country│Cross Country│Cross Country│Cross Country│Cross Country
was_home	Coreyborough│New Patrickfurt│Johnside│West Laurieborough│Lake Karen│Nicholsonburgh│Molinatown│Johnland
interaction_type	PickedUp│RightGate│LeftGate│LeftGate│LeftGate│LeftGate│LeftGate│LeftGate
name	Guacamaya│superba│toxicaria│mexicana
tr	Sağlayıcı Bilgisi│Sağlayıcı silinemedi, bazı sağlayıcıların satışı var.│Şirket Adı│Şirket Adı zorunlu alandır│ │Seçili sağlayıcıları düzenlemek istiyor musunuz?│Sağlayıcı ekleme/düzenleme hatası
topic_description	WEATHER_CLIMATE│WEATHER_CLIMATE│WEATHER_CLIMATE│WEATHER_CLIMATE│WEATHER_CLIMATE│WEATHER_CLIMATE│WEATHER_CLIMATE│WEATHER_CLIMATE
Wind Direction	North│North│North│NNE│North│North│North│North
County	County│SAGINAW│MIDLAND│MIDLAND│BAY│BAY│County
domain	TS│TS│TS│TS│TS│TS│TS│TS
name	africa│america│asia│europe│oceania│northern africa│western africa│central africa
Wind Direction	WSW│West│WSW│West│West│West│West│WNW
TEAM_CITY	Oklahoma City│Oklahoma City│Oklahoma City│Oklahoma City│Oklahoma City│Oklahoma City│Oklahoma City│Oklahoma City
TEAM_CITY	Sacramento│Sacramento│Sacramento│Sacramento│Sacramento│Sacramento│Sacramento│Sacramento
context	Urban│Urban│Urban│Urban│Urban│Urban│Urban│Urban
Wind Direction	NNE│NNE│NNE│NNE│NNE│North│North│NNE
Wind Direction	Calm│Calm│Calm│Calm│Calm│Calm│Calm│Calm
Patient State	Georgia│Michigan│New Mexico│Iowa│Montana│Minnesota│Ohio│Nebraska
Wind Direction	Calm│Calm│Calm│Calm│Calm│Calm│Calm│Calm
TEAM_CITY	LA│LA│LA│LA│LA│LA│LA│LA
Registry	MA-S│MA-S│MA-S│MA-S│MA-S│MA-S│MA-S│MA-S
operon	argI│argF│argCBH│argA│artJ│argCBH│argD│argG
Unnamed: 0	Alabama│Alaska│Arizona│Arkansas│California│Colorado│Connecticut│Delaware
Steward	geo│geo│geo
Wind Direction	SSW│SSW│SSW│SSW│SSW│SSW│SSW│South
TEAM_CITY	San Antonio│San Antonio│San Antonio│San Antonio│San Antonio│San Antonio│San Antonio│San Antonio
Name	Sun│Mercury│Venus│Earth│Mars│Jupiter│Saturn│Uranus
제목	내 생애 잊지 못할 순간들│잊을 수 없는 한 학기! Dalhousie University│Dalhousie University-김민정│Dalhousie Univ. - 김지웅│Dalhousie Univ.-김수현│Dalhousie University-권준수
Events	Fog│Fog│Fog
Wind Direction	SSW│Calm│East│North│Variable│NE│Calm│East
Center_Name_s	GEO│GEO│GEO│GEO│GEO│GEO│GEO│GEO
ActivityLocation/HorizontalAccuracyMeasure/MeasureValue	actHorizontalAccuracy│actHorizontalAccuracy
value	Abkhazian│Achinese│Acoli│Adangme│Adyghe│Afar│Afrihili│Afrikaans
Wind Direction	West│NNW│West│NW│NNW│NNE│South│SSE
AP	U.S.│Ala.│Alaska│Ariz.│Ark.│Calif.│Colo.│Conn.
__index_level_301__	during│Co
category	Entomology│Entomology│Entomology│Entomology│Entomology│Entomology│Entomology│Entomology
Product	Carrot│Whole Wheat│Chocolate Chip│Chocolate Chip│Arrowroot│Carrot│Whole Wheat│Carrot
Race	Wht│Blk│Hsp│API│NAAI│Oth│Wht│Blk
in.4	Gaza
SHOT_ZONE_BASIC	In The Paint (Non-RA)│Restricted Area│Restricted Area│Restricted Area│In The Paint (Non-RA)│Restricted Area│Restricted Area│Restricted Area
Damage	int│300│320│320│320│400│800│1100
custom.descrip	Beef│Pork│Lamb│Goat│Chicken│Chickpeas│Peas│Eggs
__index_level_2__	County│HONOLULU│KAUAI│HAWAII│HONOLULU│MAUI│HAWAII│HAWAII
ethnicity	ethnicity│Hispanic│Mixed│Caucasian│Caucasian│Caucasian│Caucasian
Bike	Criterium│Cycling│City,CA,,ol'│Tiburon,CA,,Team│City│City│City
Events	Fog│Fog
Wind Direction	ENE│NE│NE│ENE│ENE│NE│ENE│ENE
Wind Direction	NE│NE│NE│NE│NE│NE│North│North
de-CH	Konto-Nr.│Diese Konto-Nr. existiert bereits│Kundeninformation│Kunde kann nicht gelöscht werden, ein oder mehrere Kunden weisen│Firmenname│Wollen Sie die gewählten Kunden wirklich löschen?│Kunde│Fehler beim Hinzufügen/Ändern
Source	Aegon-I-Targaryen│Aegon-Targaryen-(son-of-Rhaegar)│Aegon-Targaryen-(son-of-Rhaegar)│Aegon-Targaryen-(son-of-Rhaegar)│Aegon-Targaryen-(son-of-Rhaegar)│Aegon-Targaryen-(son-of-Rhaegar)│Aegon-Targaryen-(son-of-Rhaegar)│Aegon-Targaryen-(son-of-Rhaegar)
interaction_type	RightGate│RightGate│RightGate│RightGate│RightGate│Pushed│RightGate│PickedUp
TEAM_CITY	Dallas│Dallas│Dallas│Dallas│Dallas│Dallas│Dallas│Dallas
Creek	Cat│Club/UnitedHealthcare
Wind	NW│NW│NNW│N│WSW│NW│NW│WNW
dominant_object	Hand│Hand│Hand│Hand│Hand│HandToWrist│HandToWrist│WristToElbow
TEAM_CITY	Brooklyn│Brooklyn│Brooklyn│Brooklyn│Brooklyn│Brooklyn│Brooklyn│Brooklyn
__index_level_1__	Cross Country│Cross Country│Cross Country│Cross Country│Cross Country│Cross Country│Cross Country│Cross Country
County	Montgome│Montgome│Delaware│Bucks│Bucks│Bucks│Delaware│Montgome
TEAM_CITY	LA│LA│LA│LA│LA│LA│LA│LA
Unnamed: 0	Alabama│Alaska│Arizona│Arkansas│California│Colorado│Connecticut│Delaware
Wind Direction	SE│Calm│East│East│ESE│ESE│SE│SSE
DL State	FL│FL│FL│FL│FL│FL│FL│FL
University City	KOLKATA│RANCHI│trichy│Sambalpur│Guwahati│Delhi│SRIPERUMBUDUR, CHENNAI│ALIGARH
.comment_flags	MS│MS
TEAM_CITY	Sacramento│Sacramento│Sacramento│Sacramento│Sacramento│Sacramento│Sacramento│Sacramento
in	Country│City,CA,0:51:47.83,BV│Country
symbol	GVDNY│GVDNY│GVDNY│GVDNY
Wind Direction	SW│WSW│WSW│WSW│SW│WSW│SW│SW
24H-1	Earthquake│Earthquake│Earthquake│Earthquake│Earhtquake│Earthquake │Earthquake│Earthquake
Criterium	Country│Down│Country│Down
tags	sf_oclc│sf_oclc│sf_oclc|fantasy_oclc│sf_oclc│sf_oclc|fantasy_oclc│sf_oclc│sf_oclc│sf_loc
Wind Direction	SSE│SE│SE│SE│SE│SE│SE│SSE
interaction_type	PickedUp│RightGate│RightGate│RightGate│RightGate│Pushed│RightGate│RightGate
Related concepts	property;property rights;expropriation│sustainable land management│land reform;land tenure systems;land rights;customary tenure;lan│development;rural areas;rural development;area│land;research│land;research│land cover;land cover mapping│land consolidation;land valuation;land administration;research;l
__index_level_1__	Annual data from 1969 To 2014│Bureau of Economic Analysis│Data published May 29, 2015      │File created 5/28/2015 12:36:45 PM│Line
Wind Direction	SW│SW│SW│WSW│West│West│West│West
name	Aberdeenshire│Angus│Argyll│Avon│Ayrshire│Banffshire│Bedfordshire│Berkshire
Wind Direction	NE│ENE│NE│Calm│Calm│Calm│Calm│SE
Vacaville	Men│South│Mouse│Roasters
product/location	US East (N. Virginia)│US West (N. California)│US West (N. California)│US East (N. Virginia)│US West (N. California)│US West (Oregon)│US West (Oregon)│US West (N. California)
Wind Direction	WNW│NW│NNW│NNW│Calm│SSW│SW│SSW
REGION1	ADAMS│ALAMOSA│BACA
topic_description	TRIAL_BY_JURY│TRIAL_BY_JURY│TRIAL_BY_JURY│TRIAL_BY_JURY│TRIAL_BY_JURY│TRIAL_BY_JURY│TRIAL_BY_JURY│TRIAL_BY_JURY
Wind Direction	SSW│SE│SW│South│SSW│SSW│WSW│SSW
Wind Direction	Calm│Calm│Calm│Calm│Calm│Calm│Calm│SSE
__index_level_1__	Cross Country│Cross Country│Cross Country│Cross Country│Cross Country│Cross Country│Cross Country│Cross Country
Other Provider Identifier State_3	NE│FL
TEAM_CITY	Minnesota│Minnesota│Minnesota│Minnesota│Minnesota│Minnesota│Minnesota│Minnesota
interaction_type	Pushed│RightGate│LeftGate│RightGate│PickedUp│LeftGate│RightGate│RightGate
imen	opian world, crea
TEAM_CITY	Cleveland│Cleveland│Cleveland│Cleveland│Cleveland│Cleveland│Cleveland│Cleveland
interaction_type	Pushed│LeftGate│LeftGate│PickedUp│LeftGate│LeftGate│LeftGate│LeftGate
Wind Direction	South│West│West│West│West│SSW│SSW│Calm
Events	Fog│Fog│Fog│Fog│Fog│Fog│Fog│Fog
home	Paulchester│North Brookemouth│East Jeffrey│Grayshire│Johnsonshire│Bartonton│South Caleb│South Allison
TEAM_CITY	Los Angeles│Los Angeles│Los Angeles│Los Angeles│Los Angeles│Los Angeles│Los Angeles│Los Angeles
Wind Direction	Calm│SW│Calm│Calm│Calm│Calm│SSE│Calm
groupingname	Grouping-1│Grouping-2│Grouping-3│Grouping-3│Grouping-2
Provider State	MT│MT│MT│MT│MT│MT│MT│MT
OrganisationLabel	Christchurch Borough Council│Christchurch Borough Council│Christchurch Borough Council│Christchurch Borough Council│Christchurch Borough Council│Christchurch Borough Council│Christchurch Borough Council│Christchurch Borough Council
Unnamed: 0	Alabama│Alaska│Arizona│Arkansas│California│Colorado│Connecticut│Delaware
TEAM_CITY	Indiana│Indiana│Indiana│Indiana│Indiana│Indiana│Indiana│Indiana
__index_level_63__	AS_SITEID│SDASITE│SDASITE
Conditions	Fog│Fog│Fog│Fog│Fog│Fog│Fog│Fog
at	Cyclo-cross│Bear│Viejo,CA,,Rock│Diego,CA,,International│Bear│Christian│Pacific
_region	PA│ON│ON│BC│PA│ON
race	Native Hawaiian or Other Pacific Islander│Unknown or Not Reported│Black or African American│American Indian/Alaska Native│Unknown or Not Reported│American Indian/Alaska Native│White│Unknown or Not Reported
DeviceAction	Permit│Permit│Permit
TEAM_CITY	Minnesota│Minnesota│Minnesota│Minnesota│Minnesota│Minnesota│Minnesota│Minnesota
Tag	O│O│O│O│O│O│O│O
TE_ICM	TE│TE│TE│ICM│TE│TE│TE│ICM
study_id	Dara_Stanley_Brassica_napus_Ireland_2010│Dara_Stanley_Brassica_napus_Ireland_2010│Dara_Stanley_Brassica_napus_Ireland_2010│Dara_Stanley_Brassica_napus_Ireland_2010│Dara_Stanley_Brassica_napus_Ireland_2010│Dara_Stanley_Brassica_napus_Ireland_2010│Dara_Stanley_Brassica_napus_Ireland_2010│Dara_Stanley_Brassica_napus_Ireland_2010
region_name_filter	Masovian Voivodeship│Masovian Voivodeship│Masovian Voivodeship│Masovian Voivodeship│Masovian Voivodeship│Masovian Voivodeship│Masovian Voivodeship│Masovian Voivodeship
Provider State	NM│NM│NM│NM│NM│NM│NM│NM
OrganisationLabel	Purbeck District Council│Purbeck District Council│Purbeck District Council│Purbeck District Council│Purbeck District Council│Purbeck District Council│Purbeck District Council│Purbeck District Council
Events	Rain│Rain│Fog
Расчётный адрес - область	Расчётный адрес - область│Расчётный адрес - область
geoposition_accy_value	geopositionAccyValue│geopositionAccyValue
ActivityMediaName	Water│sampleMediaStewards│Water│Water│Water│Water│Water│sampleMediaNwis
Unnamed: 0	Alabama│Alaska│Arizona│Arkansas│California│Colorado│Connecticut│Delaware
srcWikiTitle	Love│Tiger│Tiger│Book│Computer│Computer│Fixed-wing_aircraft│Train
interaction_type	PickedUp│RightGate│RightGate│RightGate│Pushed│LeftGate│RightGate│PickedUp
TEAM_CITY	LA│LA│LA│LA│LA│LA│LA│LA
DL State	FL│FL│FL│FL│FL│FL│FL│FL
dominant_object	Hand│Hand│Hand│Hand│Hand│Hand│Hand│Hand
Region	Latin America & Caribbean│South Asia│Sub-Saharan Africa│Europe & Central Asia│Europe & Central Asia│Middle East & North Africa│Latin America & Caribbean
region_code_filter	lesser_poland_voivodeship│lesser_poland_voivodeship│lesser_poland_voivodeship│lesser_poland_voivodeship│lesser_poland_voivodeship│lesser_poland_voivodeship│lesser_poland_voivodeship│lesser_poland_voivodeship
value	Abkhazia│Achinese│Adangme│Adyghe│Afar│Afrihili│Afrikaans│Aghem
value	Abkhazia│Achinese│Adangme│Adyghe│Afar│Afrihili│Afrikaans│Aghem
CA	MT│MT│MT│MT│MT│CA│MT│CA
Wind Direction	NNE│NNE│NNE│NNE│NNE│North│NE│NNE
TEAM_CITY	LA│LA│LA│LA│LA│LA│LA│LA
__index_level_1__	Cross Country│Cross Country│Cross Country│Cross Country│Cross Country│Cross Country│Cross Country│Cross Country
domain	geo│geo│geo│geo│geo│geo
Wind Direction	WNW│WNW│WNW│WNW│WNW│WNW│WNW│WNW
was_home	West Ashleyside│Johnsonside│East Michael│North Brandonview│Gutierrezhaven│West Andrew│South Michael│South Matthew
Method	Main│Main│Main│Main│Main│Main│Main│Main
__index_level_0__	Acton│Amesbury│Amherst│Arlington│Barnstable County│Barnstable│Belmont│Beverly
Wind Direction	WSW│Calm│East│South│South│SSE│South│SSE
symbol	Ta│Ts│Tw│Q│p│RH│P│Pi
Haryana	Uttar Pardesh│Uttar Pardesh│Uttar Pardesh│Uttar Pardesh│Uttar Pardesh│Uttar Pardesh│Uttar Pardesh│Maharashtra 411038
GEO.display-label	Geography│United States│North Carolina│Alamance County, North Carolina│Brunswick County, North Carolina│Buncombe County, North Carolina│Burke County, North Carolina│Cabarrus County, North Carolina
name	Australian Capital Territory│New South Wales│Northern Territory│Queensland│South Australia│Tasmania│Victoria│Western Australia
DL State	FL│FL│FL│FL│FL│FL
basic	to│in│approach│resources,
Provider State	WY│WY│WY│WY│WY│WY│WY│WY
PART TYPE	Ditch│Ditch│Ditch│Ditch│Ditch│Ditch│Ditch│Ditch
NAME	Wychwood (94)│Yonge-Eglinton (100)│Yonge-St.Clair (97)│York University Heights (27)│Yorkdale-Glen Park (31)│Lambton Baby Point (114)│Lansing-Westgate (38)│Lawrence Park North (105)
Provider State	AZ│AZ│AZ│AZ│AZ│AZ│AZ│AZ
Wind Direction	SW│WSW│West│West│West│West│West│WNW
dominant_object	Hand│Hand│Hand│Hand│Hand│HandToWrist│HandToWrist│WristToElbow
Provider State	NV│NV│NV│NV│NV│NV│NV│NV
Wind Direction	SSE│ESE│SSE│South│South│South│South│South
Unnamed: 0	Alabama│Alaska│Arizona│Arkansas│California│Colorado│Connecticut│Delaware
Wind Direction	WNW│WSW│WSW│West│West│WNW│NNW│Calm
Tipologia istituzione	Presidenza Consiglio dei Ministri │Presidenza Consiglio dei Ministri │Miinistero dell'Interno │Dipartimento Protezione Civile │Dipartimento Protezione Civile │Ministero della Salute │Ministero degli Affari Esteri e della Cooperazione Internazional│Ministero degli Affari Esteri e della Cooperazione Internazional
Wind Direction	ESE│Calm│Calm│Calm│Calm│Calm│Calm│Calm
symbol	KC│KC│KC│KC
was_home	North Brookemouth│East Jeffrey│Grayshire│Johnsonshire│Bartonton│South Caleb│South Allison│Odonnelltown
Condition	Fair│Fair│Fair│Fair│Fog│Mostly Cloudy│Mostly Cloudy│Fog
Fatality Significant	Not Significant│Significant│Significant│Significant│Significant
Provider State	AZ│AZ│AZ│AZ│AZ│AZ│AZ│AZ
TEAM_CITY	Minnesota│Minnesota│Minnesota│Minnesota│Minnesota│Minnesota│Minnesota│Minnesota
CA	Coffees│Nature's
Wind Direction	SSW│SSW│SW│SW│SW│SW│SW│SW
WA	Master
TEAM_CITY	LA│LA│LA│LA│LA│LA│LA│LA
Provider State	AK│AK│AK│AK│AK│AK│AK│AK
Wind Direction	ENE│ENE│ENE│ENE│ENE│ENE│ENE│ENE
Wind Direction	ENE│East│East│East│East│Variable│East│Calm
County	County│County│WINONA│MARQUETTE
Wind Direction	SW│SE│Calm│South│Calm│Calm│Calm│Calm
__index_level_1__	Cross Country│Cross Country│Cross Country│Cross Country│Cross Country│Cross Country│Cross Country│Cross Country
TEAM_CITY	Sacramento│Sacramento│Sacramento│Sacramento│Sacramento│Sacramento│Sacramento│Sacramento
Town	Circuit│Oaks,CA,,3ft│Cycling│Fremont/FFBC│City,CA,,CoreTechs│Reno/Kryki│-
Old.GPO	U.S.│Ala.│Alaska│Ariz.│Ark.│Calif.│Colo.│Conn.
EstadoDoc	Si│Si│Si│Si
Wind Direction	NE│NNE│NNE│NE│NNE│NE│NNE│NNE
TEAM_CITY	Indiana│Indiana│Indiana│Indiana│Indiana│Indiana│Indiana│Indiana
Cross	Cyclo-cross│Sports│Team│Giant│Fernando│Cycle│Cycle
Wind Direction	SSW│SW│SSW│SW│SW│SW│SW│SW
TEAM_CITY	Sacramento│Sacramento│Sacramento│Sacramento│Sacramento│Sacramento│Sacramento│LA
interaction_type	PickedUp│LeftGate│Pushed│Pushed│RightGate│LeftGate│LeftGate│RightGate
Punchbowl	Race│Lake,CA,,Bear│Cycles│Friday│Revolution│Friday
OrganisationLabel	Cannock Chase Council│Cannock Chase Council│Cannock Chase Council│Cannock Chase Council│Cannock Chase Council│Cannock Chase Council│Cannock Chase Council│Cannock Chase Council
Wind Direction	SE│WSW│West│WSW│WSW│SW│Calm│Calm
Wind Direction	NE│South│South│Calm│Calm│SW│West│WSW
Value	*ya(•), *ayá (?)│*ya•-, *ya-, < *aya- (?)│*rá- ~ *ar-│*ra•-│*ya- ~ *ay-│ya-, yi-│dáa-/__(la)k│dá-/pa-
DL State	FL│FL│FL│FL│FL│FL
region_name_filter	County Louth│County Louth│County Louth│County Louth│County Louth│County Louth│County Louth│County Louth
Method	Main│Main│Main│Main│Main│Main│Main
Mtn	Downhill│Creek│Racing/Liquid│Hartford,CT,00:03:08.624,JETT│Factory
Wind Direction	Calm│Calm│Calm│Calm│SSW│Calm│Calm│NNE
Unnamed: 0	ID: Couer d'Alene│ID: Kootenai│ID: Little-Lower Salmon River│ID: LPO│ID: North Fork Clearwater│ID: Priest Lakes│ID: South Fork Salmon River│ID: Upper Salmon
TEAM_CITY	Memphis│Memphis│Memphis│Memphis│Memphis│Memphis│Memphis│Memphis
Method	Main│Main│Main│Main│Main│Main│Main
__index_level_4__	Introduction│,0,
interaction_type	Pushed│RightGate│RightGate│LeftGate│LeftGate│RightGate│RightGate│RightGate
TEAM_CITY	Indiana│Indiana│Indiana│Indiana│Indiana│Indiana│Indiana│Indiana
Unnamed: 0	Alabama│Alaska│Arizona│Arkansas│California│Colorado│Connecticut│Delaware
video_id	1EcEiA_YwlM│1EcEiA_YwlM│1EcEiA_YwlM│1EcEiA_YwlM│1EcEiA_YwlM│1EcEiA_YwlM│1EcEiA_YwlM│1EcEiA_YwlM
TEAM_CITY	Minnesota│Minnesota│Minnesota│Minnesota│Minnesota│Minnesota│Minnesota│Minnesota
Component	Maven│Maven│Maven│Maven│Commits Explorer (Retired)│Commits Explorer (Retired)│Commits Explorer (Retired)│Maven
Wind Direction	SE│ESE│Calm│Calm│Calm│North│WNW│WNW
Provider State	MT│MT│MT│MT│MT│MT│MT│MT
Рейтинг	Рейтинг│Рейтинг
OrganisationLabel	Purbeck District Council│Purbeck District Council│Purbeck District Council│Purbeck District Council│Purbeck District Council│Purbeck District Council│Purbeck District Council│Purbeck District Council
Type	BlockChangeEventArgs│Chunk│Chunk│Chunk│Chunk│Chunk│Chunk│Chunk
countryCode	LV│LV│LV│LV│LV│LV│LV│LV
Recommended Action	Clear│Major│Average│Major│Major│Clear│Average│Major
name	Pontania│celsiana
Language_ID	psi│pmv│ma│ma│ma│pdh│wi│wi
topic_description	ELECTIONS_AND_VOTING│ELECTIONS_AND_VOTING│ELECTIONS_AND_VOTING│ELECTIONS_AND_VOTING│ELECTIONS_AND_VOTING│ELECTIONS_AND_VOTING│ELECTIONS_AND_VOTING│ELECTIONS_AND_VOTING
note	 │ Mawsonia harrissonii│ Harrissoni
navigation_key	MAIN_NAVIGATION│MAIN_NAVIGATION│MAIN_NAVIGATION│MAIN_NAVIGATION│MAIN_NAVIGATION│MAIN_NAVIGATION│MAIN_NAVIGATION│MAIN_NAVIGATION
Wind Direction	ENE│East│ENE│ENE│ENE│Calm│Calm│Calm
Wind Direction	Calm│Calm│Calm│Calm│Calm│WNW│Calm│NNW
dominant_object	Hand│Hand│Hand│HandToWrist│HandToWrist│HandToWrist│Hand│FailOnTouchObstacleShort
in	Men│Racing│Racing│Medicine│Velo
__index_level_12__	is│I│episodes
DATASTORE region	gs.US,ncbi.public,s3.us-east-1│gs.US,ncbi.public,s3.us-east-1│gs.US,ncbi.public,s3.us-east-1│gs.US,ncbi.public,s3.us-east-1│gs.US,ncbi.public,s3.us-east-1│gs.US,ncbi.public,s3.us-east-1│gs.US,ncbi.public,s3.us-east-1│gs.US,ncbi.public,s3.us-east-1
__index_level_1__	; Seasonally adjusted at annual rates                           │Quarterly data from 1947 To 1969│Bureau of Economic Analysis│Data published July 30, 2010     │File created 8/5/2010 11:49:17 AM│Line
value	Abkhazian│Achinese│Acoli│Adangme│Adyghe│Afar│Afrihili│Afrikaans
School Location	CHINA│CHINA│CHINA│CHINA│CHINA│CHINA│CHINA│Colorado
__index_level_1__	Cross Country│Cross Country│Cross Country│Cross Country│Cross Country│Cross Country│Cross Country│Cross Country
Wind Direction	East│Calm│SE│SSW│Calm│South│Calm│Calm
__index_level_1__	Criterium│Criterium│Criterium│Criterium│Criterium│Criterium│Criterium│Criterium
Events	Fog│Fog│Fog│Fog
interventionType.dataStatus	GREEN│???│GREEN│GREEN│AMBER│GREEN│RED - No data found│AMBER
__index_level_2__	Senior│Senior│Senior│Senior│Senior│Senior│Senior│Master
RATIO	RESIDUAL│ADOPTED│ADDITIONALLY│FALL│ADDITIONAL│IMPLEMENTATION│INVOLVED│SUBDIVISIONS
__index_level_1__	; Seasonally adjusted at annual rates                           │Quarterly data from 1947 To 2006│Bureau of Economic Analysis│Data published June 29, 2006     │File created 6/28/2006 8:48:01 AM│Line
OListBoxModel	OListBoxModel│OListBoxModel│OListBoxModel│OListBoxModel│OListBoxModel│OListBoxModel│OListBoxModel│OListBoxModel
SequenceWindowClosure	ClosedByDeadzone│ClosedByDeadzone│ClosedByDeadzone│ClosedByDeadzone│ClosedByDeadzone│ClosedByDeadzone
Wind Direction	SSW│SW│WSW│WSW│SW│SW│WSW│WSW
ADVERTISER	Udemy│Udemy│Udemy│Udemy│Udemy
PlatformID	WindowsDomainAccount-KR│WindowsDomainAccount-KR
OrganisationLabel	North Norfolk District Council│North Norfolk District Council│North Norfolk District Council│North Norfolk District Council│North Norfolk District Council│North Norfolk District Council│North Norfolk District Council
Method	Main│Main│Main│Main│Main│Main│Main│Main
ID	2. anonym│2. anonym│2. anonym│2. anonym│2. anonym│2. anonym│2. anonym│2. anonym
value	Afeganistão│África do Sul│Albânia│Alemanha│Andorra│Angola│Anguilla│Antártida
Unnamed: 0	Alabama│Alaska│Arizona│Arkansas│California│Colorado│Connecticut│Delaware
Method	BigQueryable│BigQueryable│ToString│BuildQueryString│Indent│RootBigQueryable│BuildQueryString│AsEnumerable
topic_description	SOCIAL_CHANGE│SOCIAL_CHANGE│SOCIAL_CHANGE│SOCIAL_CHANGE│SOCIAL_CHANGE│SOCIAL_CHANGE│SOCIAL_CHANGE│SOCIAL_CHANGE
OrganisationLabel	Huntingdonshire District Council│Huntingdonshire District Council│Huntingdonshire District Council│Huntingdonshire District Council│Huntingdonshire District Council│Huntingdonshire District Council│Huntingdonshire District Council│Huntingdonshire District Council
location_id	McMaster University│McMaster University│McMaster University│McMaster University│McMaster University│McMaster University│McMaster University│McMaster University
Region	Northern Ireland│South West│Wales
types	Creature│Creature│Creature│Creature│Creature│Creature│Creature│Creature
County	County│MADISON│County
[State Name]	Poison│Poison│Poison│Poison│Poison│Poison│Stone│Poison
geo_region	PA│PA│PA│PA│PA│PA
Hill	Individual│Individual│Lakes,NJ,16:42,Heart│Performance│Coaching
County	County│JONES│JONES│County│SMITH
Provider State	WY│WY│WY│WY│WY│WY│WY│WY
PLANT	Four Corners│ALAMITOS_7│HUNTINGTON_BEACH_1-2│HUNTINGTON_BEACH_5│REDONDO_5-6│REDONDO_7-8│EL_SEGUNDO_1-2│EL_SEGUNDO_3-4
note	 │ Atylospora│ │ Atylospora│ Atylospora│ │ │ 
County	County│YORK│County│JOHNSON│ELLIS│KAUFMAN│KAUFMAN│KAUFMAN
__index_level_23__	MAP?,│MAP?,
TEAM_CITY	Washington│Washington│Washington│Washington│Washington│Washington│Washington│Washington
__index_level_923__	coal│in
interaction_type	PickedUp│LeftGate│RightGate│RightGate│PickedUp│Pushed│RightGate│RightGate
TEAM_CITY	New York│New York│New York│New York│New York│New York│New York│New York
topic_description	FAMILY_REUNIONS│FAMILY_REUNIONS│FAMILY_REUNIONS│FAMILY_REUNIONS│FAMILY_REUNIONS│FAMILY_REUNIONS│FAMILY_REUNIONS│FAMILY_REUNIONS
TEAM_CITY	Sacramento│Sacramento│Sacramento│Sacramento│Sacramento│Sacramento│Sacramento│Sacramento
TEAM_CITY	Golden State│Golden State│Golden State│Golden State│Golden State│Golden State│Golden State│Golden State
County	Oxford│Kennebec│Aroostook│York│Somerset│Cumberland│Somerset│Androscoggin
seq_TM-tmhmm	O│O│O│O│O│O│O│O
Domain|Domain|Name|Kind|Title|Default	the│the
Wind Direction	Calm│North│Calm│Variable│SW│Calm│Calm│SSW
Namespace	Avalonia.Controls│Avalonia│Avalonia│Avalonia.Controls│Avalonia.Controls│Avalonia.Controls│Avalonia.Controls│Avalonia.Controls
__index_level_2__	County│BRISTOL│WASHINGTON│WASHINGTON│WASHINGTON│KENT│KENT│PROVIDENCE
Wind Direction	Calm│Calm│Calm│Calm│Calm│Calm│Calm│SSE
__index_level_1__	Cross Country│Cross Country│Cross Country│Cross Country│Cross Country│Cross Country│Cross Country│Cross Country
LABEL	WhiteMatter│GreyMatter│Ventricles│WhiteMatter│GreyMatter│Ventricles│WhiteMatter│GreyMatter
StateCode	VA│VA│VA
shortName	DETWILER FENTON GROUP INC│DETWILER FENTON GROUP INC│DETWILER FENTON GROUP INC│DETWILER FENTON GROUP INC
TEAM_CITY	LA│LA│LA│LA│LA│LA│LA│LA
Wind Direction	Calm│Calm│NE│NE│ENE│ENE│ENE│ENE
Type	Hindrance│Hindrance│Hindrance│Hindrance│Hindrance│Hindrance│Hindrance│Hindrance
Wind Direction	Calm│Calm│Calm│Calm│Calm│Calm│Calm│SSE
TEAM_CITY	Memphis│Memphis│Memphis│Memphis│Memphis│Memphis│Memphis│Memphis
value	Afganistaan│Afrik bŋ Worgo│Ajerbayjaan│Åland Islands│Alaseri│Albanii│Almaañ│Anndoora
Wind Direction	ENE│NE│ENE│ENE│NE│ENE│ENE│ENE
type	NON│NON│IL│NON│IL│IL│NON│NON
TEAM_CITY	LA│LA│LA│LA│LA│LA│LA│LA
Charging Agency	ST JOHNS COUNTY SHERIFFS OFFICE│ST JOHNS COUNTY SHERIFFS OFFICE│ST JOHNS COUNTY SHERIFFS OFFICE│ST JOHNS COUNTY SHERIFFS OFFICE│ST JOHNS COUNTY SHERIFFS OFFICE│ST JOHNS COUNTY SHERIFFS OFFICE│ST JOHNS COUNTY SHERIFFS OFFICE
Unnamed: 0	Alabama│Alaska│Arizona│Arkansas│California│Colorado│Connecticut│Delaware
no	Shirogane│Second│Punch
TEAM_CITY	Indiana│Indiana│Indiana│Indiana│Indiana│Indiana│Indiana│Indiana
TOPIC	Review_or_Overview│Review_or_Overview│Review_or_Overview│Review_or_Overview│Review_or_Overview│Review_or_Overview│Review_or_Overview│Review_or_Overview
County	White Pine│Washoe│Clark│Carson City│Clark│Washoe│Humboldt│Mineral
Region	Latin America & Caribbean│South Asia│Sub-Saharan Africa│Europe & Central Asia│Europe & Central Asia│Middle East & North Africa│Latin America & Caribbean
TEAM_CITY	Minnesota│Minnesota│Minnesota│Minnesota│Minnesota│Minnesota│Minnesota│Minnesota
Gui	Block│Block│Block│Block│Block│Block│Block│Block
__index_level_1__	Criterium│Criterium│Criterium│Criterium│Criterium│Criterium│Criterium│Criterium
-.1	SIDEB│Attack.
Wind Direction	South│South│South│SSW│South│South│SSW│SSW
Namespace	Google.Maps.Direction│Google.Maps.Direction│Google.Maps.Direction│Google.Maps.Direction│Google.Maps.Direction│Google.Maps.Direction│Google.Maps.Direction│Google.Maps.Direction
__index_level_1__	Criterium│Criterium│Criterium│Criterium│Criterium│Criterium│Criterium│Criterium
COUNTY	Denton│Wilbarger│Wheeler│Polk│Lavaca│Harris│Gillespie│Dimmit
Events	Fog│Fog│Rain
Wind Direction	East│NE│Calm│Calm│Calm│Calm│NNE│NE
interaction_type	PickedUp│RightGate│RightGate│RightGate│RightGate│RightGate│PickedUp│RightGate
__index_level_25__	a│(a3)│that
lgID	NL│NL│AL│AL│AL│AL│AL│AL
ConvertStringSecurityDescriptorToSecurityDescriptorW	CredBackupCredentials│CredRestoreCredentials│CredpEncodeSecret│DuplicateToken│GetTokenInformation│ImpersonateLoggedOnUser│RevertToSelf│CancelIo
Twister	Downhill│Downhill
County	County│SHERMAN│SHERMAN│CLARK│CLARK│CLARK│County│CLARK
interaction_type	PickedUp│Pushed│RightGate│RightGate│RightGate│LeftGate│LeftGate│RightGate
interaction_type	PickedUp│RightGate│RightGate│RightGate│LeftGate│RightGate│LeftGate│RightGate
TEAM_CITY	Minnesota│Minnesota│Minnesota│Minnesota│Minnesota│Minnesota│Minnesota│Minnesota
LADY CRANE	CUT TO│ARYA│Where did you learn? LADY CRANE│LADY CRANE│ARYA│LADY CRANE│ARYA│LADY CRANE
was_home	South Pamela│Davismouth│Hollandmouth│East Carl│Webbburgh│Stephanieport│Adambury│South Adam
eye-color	eye-color│Brown│Brown│Blue│Green│Green│Brown
search_term	North American Regional Reanalysis│North American Regional Reanalysis│North American Regional Reanalysis│North American Regional Reanalysis│North American Regional Reanalysis│North American Regional Reanalysis│North American Regional Reanalysis│North American Regional Reanalysis
was_home	Scottside│Lake Ryan│Michaelchester│Lake Meghanborough│Lake Timothy│Turnerside│Amyton│Lake Katherine
__index_level_150__	the│patient│be│local│to│to
value	Abkhazian│Achinese│Acoli│Adangme│Adyghe│Afar│Afrihili│Afrikaans
MA	NM│NM│NM│NM│MA│MA│MA│MA
stateCode	CA│CA│CA│CA│CA│CA│CA│CA
Wind	NNW│N│N│NNW│N│NW│NW│NNW
type	NON│NON│NON│NON│NON│NON│NON│NON
TEAM_CITY	Indiana│Indiana│Indiana│Indiana│Indiana│Indiana│Indiana│Indiana
Aurus	Aurus│Aurus│Aurus│Aurus│Aurus│Aurus│Aurus│Aurus
Unnamed: 48	industry.│in│the│business.,topStory,Unknown│business.,normal,Unknown│on
TEAM_CITY	Minnesota│Minnesota│Minnesota│Minnesota│Minnesota│Minnesota│Minnesota│Minnesota
Source	Aegon-I-Targaryen│Aegon-Targaryen-(son-of-Rhaegar)│Aegon-Targaryen-(son-of-Rhaegar)│Aegon-Targaryen-(son-of-Rhaegar)│Aegon-Targaryen-(son-of-Rhaegar)│Aegon-Targaryen-(son-of-Rhaegar)│Aegon-Targaryen-(son-of-Rhaegar)│Aegon-Targaryen-(son-of-Rhaegar)
region_code_filter	aquitaine│aquitaine│aquitaine│aquitaine│aquitaine│aquitaine│aquitaine│aquitaine
Events	Fog│Fog│Fog│Fog-Rain│Fog-Rain│Fog-Rain│Fog-Rain│Fog-Rain
channels	aurora^beta│aurora│aurora^beta│aurora│aurora│aurora^beta│beta│aurora
TEAM_CITY	Minnesota│Minnesota│Minnesota│Minnesota│Minnesota│Minnesota│Minnesota│Minnesota
TEAM_CITY	Phoenix│Phoenix│Phoenix│Phoenix│Phoenix│Phoenix│Phoenix│Phoenix
County	Maricopa│Pima│Pima│Maricopa│Maricopa│Pima│Pima│Navajo
center_type	عام│عام│عام
County	PINELLAS│MUSSELSHELL│PINELLAS│ROSEBUD│County│OAKLAND│UTAH│MONONA
TEAM_CITY	LA│LA│LA│LA│LA│LA│LA│LA
interaction_type	Pushed│LeftGate│RightGate│RightGate│RightGate│PickedUp│RightGate│RightGate
Wind Direction	SSW│SW│SW│SSW│SW│South│South│South
TEAM_CITY	Milwaukee│Milwaukee│Milwaukee│Milwaukee│Milwaukee│Milwaukee│Milwaukee│Milwaukee
Wind Direction	Calm│NE│Calm│Calm│Calm│WNW│Calm│Calm
site	oregonYP│oregonYP│oregonYP│oregonYP│oregonYP│oregonYP│oregonYP│oregonYP
Wind Direction	Calm│WSW│Calm│North│NE│NNE│ENE│East
Wind Direction	South│South│South│South│South│SSW│SSW│SW
Key	Type│Subtype│Rect│Contents│P│NM│M│F
StateCode	VA│VA│VA
Subset	SOIL_METADATA│SOIL_METADATA│SOIL_METADATA│SOIL_METADATA│SOIL_METADATA│SOIL_METADATA│SOIL_METADATA│SOIL_METADATA
seq_TM-tmhmm	O│O│O│O│O│O│O│O
Source	Aegon-I-Targaryen│Aegon-Targaryen-(son-of-Rhaegar)│Aegon-Targaryen-(son-of-Rhaegar)│Aegon-Targaryen-(son-of-Rhaegar)│Aegon-Targaryen-(son-of-Rhaegar)│Aegon-Targaryen-(son-of-Rhaegar)│Aegon-Targaryen-(son-of-Rhaegar)│Aegon-Targaryen-(son-of-Rhaegar)
groupingname	Grouping-1│Grouping-2│Grouping-3│Grouping-3│Grouping-2
__index_level_426__	on│Co
Genre	Shooter│Sports│Survival Horror│RPG│Action│Action│Action│Action
value	Abkhazian│Achinese│Acoli│Adangme│Adyghe│Afar│Afrihili│Afrikaans
state_province	WA│WA│WA│WA│WA│WA│WA│WA
country_code_filter	LV│LV│LV│LV│LV│LV│LV│LV
token	RWORD│RWORD│ID
Events	Rain│Rain│Fog
label	Abdomen│ActiveNotRecruiting│AerobicActivity│AnaerobicActivity│Anesthesia│Appearance│Ayurvedic│Bacteria
name	Alabama│Alaska│Arizona│Arkansas│California│Colorado│Connecticut│Delaware
Wind Direction	WNW│NW│NNW│NNW│Calm│SSW│SW│SSW
County	NEWTON│NEWTON│LAUDERDALE│KEMPER│KEMPER│KEMPER│KEMPER│PICKENS
TEAM_CITY	Oklahoma City│Oklahoma City│Oklahoma City│Oklahoma City│Oklahoma City│Oklahoma City│Oklahoma City│Minnesota
dominant_object	Hand│Hand│Hand│Hand│HandToWrist│HandToWrist│Hand│Hand
__index_level_15__	DIRECTION
venue_state	GA│GA│CA
verb	weddara│gič’era│χač’ibχɨr│ʁejq’ara│kikara│inamiš jiʔi│lešur
Event	KeyDown│KeyDown│KeyDown│KeyDown│KeySequenceStopped│Stopped
Wind Direction	NNW│Variable│Variable│NNW│Variable│North│North│Variable
GEO.display-label	Geography│United States│North Carolina│Alamance County, North Carolina│Brunswick County, North Carolina│Buncombe County, North Carolina│Burke County, North Carolina│Cabarrus County, North Carolina
name	Balu shahi│Boondi│Gajar ka halwa│Ghevar│Gulab jamun│Imarti│Jalebi│Kaju katli
Wind Direction	SE│SE│SE│ESE│SSE│ESE│SE│ESE
Condition	Fair│Fair│Fair│Fair│Fair│Fair│Fair│Fair
REGION1	ADAMS│ALAMOSA│BACA
area_desc	Unknown│South│South│South│South│South│South│North
|Town	50%│and│Modified│Fair
OrganisationLabel	North East Derbyshire District Council│North East Derbyshire District Council│North East Derbyshire District Council│North East Derbyshire District Council│North East Derbyshire District Council│North East Derbyshire District Council│North East Derbyshire District Council│North East Derbyshire District Council
お届け先	テストアカウント
County	BROWARD│County│PORTAGE│MAHONING│TRUMBULL│TRUMBULL│MERCER│ELKO
OrganisationLabel	Stratford-On-Avon District Council│Stratford-On-Avon District Council│Stratford-On-Avon District Council│Stratford-On-Avon District Council│Stratford-On-Avon District Council│Stratford-On-Avon District Council│Stratford-On-Avon District Council│Stratford-On-Avon District Council
video_id	1EcEiA_YwlM│1EcEiA_YwlM│1EcEiA_YwlM│1EcEiA_YwlM│1EcEiA_YwlM│1EcEiA_YwlM│1EcEiA_YwlM│1EcEiA_YwlM
-.1	from│Archers│BARBARIAN│BARBARIANS│ARCHERS│ARCHERS│BARBARIANS
value	Abkhazia│Achinese│Adangme│Adyghe│Afar│Afrihili│Afrikaans│Aghem
Gui	Block│Block│Block│Block│Block│Block│Block│Block
Wind Direction	South│South│South│South│South│SSE│South│South
Events	Fog│Fog│Fog│Fog│Fog│Fog
Events	Fog
Bundesland	Baden-Württemberg│Baden-Württemberg│Baden-Württemberg│Baden-Württemberg│Baden-Württemberg│Baden-Württemberg│Baden-Württemberg│Baden-Württemberg
__index_level_1__	Cross Country│Cross Country│Cross Country│Cross Country│Cross Country│Cross Country│Cross Country│Cross Country
Wind Direction	West│WNW│WNW│WNW│NW│NW│NW│WNW
Data provider	Land Journal│Land Journal│Land Journal│Land Journal│Land Journal│Land Journal│Land Journal│Land Journal
copy_of_id	الغربية
EstadoDoc	Si│Si│Si
Namespace	Geo.Tests.Geomagnetism│Geo.Tests.Geometries│Geo.Tests│Geo.Tests.IO.Google│Geo.Tests.IO.Wkb│Geo.Tests.IO.Wkt│Geo.Tests.IO.Wkt│Geo.Tests.Geodesy
Provider State	AZ│AZ│AZ│AZ│AZ│AZ│AZ│AZ
__index_level_1300__	province-wide
.3	 │ │ │ │ │ Sunny Leone│ 
TEAM_CITY	Indiana│Indiana│Indiana│Indiana│Indiana│Indiana│Indiana│Indiana
DL State	FL│FL│FL│FL│MI│FL│FL│FL
__index_level_1__	Cross Country│Cross Country│Cross Country│Cross Country│Cross Country│Cross Country│Cross Country│Cross Country
__index_level_105__	AM_ORGID│SDAORG│SDAORG
Status	FINISHED│FINISHED│FINISHED│FINISHED│FINISHED│FINISHED│FINISHED│FINISHED
ConvertStringSecurityDescriptorToSecurityDescriptorW	CredBackupCredentials│CredRestoreCredentials│CredpEncodeSecret│DuplicateToken│GetTokenInformation│ImpersonateLoggedOnUser│RevertToSelf│CancelIo
study_type	Study│Study
Wind Direction	WSW│WSW│WSW│Calm│Calm│North│NE│NE
throne	Cthonic│Cthonic│Cthonic│Cthonic│Cthonic│Cthonic│Cthonic│Errant
property_owner_addrprovince	TX│CT│TX│CT│TX│CT│TX│CT
Wind Direction	North│Calm│NE│North│NW│NW│WNW│WNW
StateCode	VA│VA│VA│VA│VA│VA│VA│VA
name	Lanaria│lanata│lanata│plumosa
TEAM_CITY	San Antonio│San Antonio│San Antonio│San Antonio│San Antonio│San Antonio│San Antonio│San Antonio
County	Aroostook│Cumberland│Cumberland│Knox│Penobscot│Cumberland│Penobscot│Somerset
this	in│the│in│the
NearestStop	Vigie│Provence│Lausanne-Flon│Malley│Malley│Vigie│Vigie│Provence
Unnamed: 0	Alabama│Alaska│Arizona│Arkansas│California│Colorado│Connecticut│Delaware
in	A/B/C/D
V26	orderPres│1│2│3│4│5
__index_level_27__	callParams│callParams
name	Annella│capitata│pulchra
colStagger	Aggressive│Aggressive│Aggressive│Agressive│Aggressive│Moderate│Moderate│None
interaction_type	PickedUp│Pushed│LeftGate│LeftGate│RightGate│RightGate│LeftGate│LeftGate
Events	Fog│Fog│Fog│Fog
__index_level_494__	state│in
__index_level_1__	Criterium│Criterium│Criterium│Criterium│Criterium│Criterium│Criterium│Criterium
PROV	ON│ON
shocks/dw2_dw3[3]/current_loop_disaster1	Landslides
value	Abkhazia│Achinese│Adangme│Adyghe│Afar│Afrihili│Afrikaans│Aghem
Wind Direction	ENE│East│East│ENE│ENE│ENE│NNE│ESE
Wind Direction	Variable│NNW│Variable│NNW│Variable│Variable│North│NNE
Id Scheme	OG│OG│OG│OG│OG│OG│OG
facilityType	Drive-Thru│Drive-Thru│Drive-Thru│Drive-Thru│Drive-Thru│Drive-Thru│Drive-Thru│Drive-Thru
Wind Direction	Calm│NE│Calm│Calm│Calm│WNW│Calm│Calm
lgID	NL│NL│NL│NL│NL│NL│NL│NL
GEO.display-label	Geography│United States│North Carolina│Durham County, North Carolina│Forsyth County, North Carolina│Guilford County, North Carolina
Unnamed: 0	Alabama│Alaska│Arizona│Arkansas│California│Colorado│Connecticut│Delaware
County	County│JONES│JONES│County│SMITH
Language_ID	psi│pch│pma│pmv│pse│cr│cr│cr
Events	Fog│Fog│Rain
targetLang	az_AZ│az_AZ│az_AZ│az_AZ│az_AZ│az_AZ│az_AZ│az_AZ
TEAM_CITY	Washington│Washington│Washington│Washington│Washington│Washington│Washington│Washington
Post Unique Reference	1│2│4│5│6│12│14│15
Language_ID	psi│pch│pmv│ca│ca│cr│hi│hi
Wind Direction	East│East│ENE│East│East│ENE│East│ENE
TEAM_CITY	Golden State│Golden State│Golden State│Golden State│Golden State│Golden State│Golden State│Golden State
lgID	NL│NL│NL│NL│NL│NL│NL│NL
Wind Direction	WSW│WSW│SSW│SW│SSW│West│SW│SW
Namespace	wyDay.Controls│wyDay.Controls│wyDay.Controls│wyDay.Controls│wyDay.Controls│wyDay.Controls│wyDay.Controls│wyDay.Controls
name	Australian Capital Territory│New South Wales│Northern Territory│Queensland│South Australia│Tasmania│Victoria│Western Australia
country_code_filter	MT│MT│MT│MT│MT│MT│MT│MT
__index_level_1__	Road Race│Road Race│Road Race│Road Race│Road Race│Road Race│Road Race│Road Race
location_name_filter	Lower Silesian Voivodeship, Poland│Lower Silesian Voivodeship, Poland│Lower Silesian Voivodeship, Poland│Lower Silesian Voivodeship, Poland│Lower Silesian Voivodeship, Poland│Lower Silesian Voivodeship, Poland│Lower Silesian Voivodeship, Poland│Lower Silesian Voivodeship, Poland
ISO	US-AL│US-AK│US-AZ│US-AR│US-CA│US-CO│US-CT
realm	Arnor│Númenor
group3:signs_symptoms_final_illness:id3B115	moderate│severe
__index_level_49__	in│held│reports│6│and│The│not
TEAM_CITY	New Orleans│New Orleans│New Orleans│New Orleans│New Orleans│New Orleans│New Orleans│New Orleans
__index_level_2__	County│WASHINGTON│KENT│KENT│PROVIDENCE│KENT│PROVIDENCE│WASHINGTON
Cyclo	Cyclo-cross│Sheep│Junior│P,Scott,Boulder,CO,0:17:20.84,Boulder│Junior│Junior
Events	Fog-Rain-Snow│Fog│Fog│Fog│Fog│Fog
TEAM_CITY	LA│LA│LA│LA│LA│LA│LA│LA
topic_description	TRIAL_BY_JURY│TRIAL_BY_JURY│TRIAL_BY_JURY│TRIAL_BY_JURY│TRIAL_BY_JURY│TRIAL_BY_JURY│TRIAL_BY_JURY│TRIAL_BY_JURY
V26	orderPres│1│2│3│4│5
state_province	CA│CA│CA│CA│CA│CA│CA│CA
TEAM_CITY	LA│LA│LA│LA│LA│LA│LA│LA
LenderState	VA│VA│VA│VA│VA│VA│VA│VA
Wind Direction	SW│SW│SW│SW│SW│SW│SW│SW
country_name_filter	Cyprus│Cyprus│Cyprus│Cyprus│Cyprus│Cyprus│Cyprus│Cyprus
attribute	Statewide│Statewide│Statewide│Statewide│Statewide│Statewide│Note│Note
siteName	Little Rock Lake│West St Louis Creek│Pu'u Maka'ala Natural Area Reserve│Flint River│McDiffett Creek│Lewis Run│Blue River│Teakettle 2 Creek
value	Abchazisch│Adangme│Adygees│Afaan Oromo│Afar│Afrihili│Afrikaans│Aghem
value	Abkhazian│Achinese│Acoli│Adangme│Adyghe│Afar│Afrihili│Afrikaans
Provider State	DC│DC│DC│DC│DC│DC│DC│DC
TEAM_CITY	Houston│Houston│Houston│Houston│Houston│Houston│Houston│Houston
PLANT	EL_SEGUNDO_1-2│EL_SEGUNDO_3-4│LONG_BEACH│NORTH_ISLAND│ENCINA│KEARNY│SOUTH_BAY│COOLWATER
GEO.display-label	Geography│United States│North Carolina│Durham County, North Carolina│Forsyth County, North Carolina│Guilford County, North Carolina
TEAM_CITY	Milwaukee│Milwaukee│Milwaukee│Milwaukee│Milwaukee│Milwaukee│Milwaukee│Milwaukee
lgID	AL│NL│AL│NL│AL│NL│AL│NL
TEAM_CITY	San Antonio│San Antonio│San Antonio│San Antonio│San Antonio│San Antonio│San Antonio│San Antonio
TEAM_CITY	Cleveland│Cleveland│Cleveland│Cleveland│Cleveland│Cleveland│Cleveland│Cleveland
value	Abkhazian│Achinese│Acoli│Adangme│Adyghe│Afar│Afrihili│Afrikaans
symbol	HOC.DE│HOC.DE│HOC.DE│HOC.DE
Location	HARGILL│Location│3 WNW ZION│2 S GUINEA MILLS│CUMBERLAND│2 SE COBB ISLAND│8 E SMITH ISLAND│FRUITLAND
County	Flathead│Gallatin│Pondera│Custer│Fergus│Toole│Flathead│Fergus
TEAM_CITY	LA│LA│LA│LA│LA│LA│LA│Golden State
Home	Ashleyhaven│Port Yolandaberg│Johnsonbury│Colinborough│Lake Elizabeth│South James│Baileyview│Terriside
name	Piora│ericoides
Condition	RI-A│RI-A│RI-A│RI-A│RI-A│RI-A│RI-A│RI-A
TEAM_CITY	Golden State│Golden State│Golden State│Golden State│Golden State│Golden State│Golden State│Golden State
username	Saccharinande│Saccharinande│Saccharinande│Saccharinande│Saccharinande│Saccharinande│Saccharinande│Saccharinande
TEAM_CITY	Brooklyn│Brooklyn│Brooklyn│Brooklyn│Brooklyn│Brooklyn│Brooklyn│Brooklyn
payee_city	CARMICHAEL│RANCHO SANTA MARGARITA│FOLSOM│HENDERSON│SACRAMENTO│SACRAMENTO│SACRAMENTO│CAPITOLA
__index_level_1__	Criterium│Criterium│Criterium│Criterium│Criterium│Criterium│Criterium│Criterium
groupingname	Grouping-1│Grouping-2│Grouping-3│Grouping-3│Grouping-2
Wind Direction	ENE│NE│North│Calm│Calm│Calm│East│ESE
OrganisationLabel	Castle Point Borough Council│Castle Point Borough Council│Castle Point Borough Council│Castle Point Borough Council│Castle Point Borough Council│Castle Point Borough Council│Castle Point Borough Council│Castle Point Borough Council
Wind Direction	ENE│East│East│East│SSE│ESE│Calm│NNE
TEAM_CITY	LA│LA│LA│LA│LA│LA│LA│LA
ValueLabel	Alabama│Alaska│Arizona│Arkansas│California│Colorado│Connecticut│Delaware
ordenvalido	Caudata│Caudata│Caudata│Caudata│Caudata│Caudata│Caudata
School Location	AUSTRALIA│Alabama│California│Massachusetts│New York│New York│New York│New York
TEAM_CITY	Washington│Washington│Washington│Washington│Washington│Washington│Washington│Washington
Label	O│O│O│O│O│O│O│O
Conditions	Fog│Fog│Fog│Fog│Fog│Fog│Fog│Fog
DistPotencial	Si│Si│Si│Si│Si│Si│Si│Si
attribute_set	Bag│Bag│Bag│Bag│Bag│Bag│Bag│Bag
Type	PW_Lists│Blood│PW_Lists│PW_Lists│PW_Lists│PW_Lists│PW_Lists│PW_Lists
note	 │ Closteroaleurosporia audouinii│ audouini│ │ │ │ │ 
__index_level_4__	Introduction│,0,
uptake	Large│Unknown│Considerable
home	Pooleland│New Jamesmouth│East Jeffrey│Grayshire│Johnsonshire│Bartonton│South Caleb│South Allison
region_name_filter	Smolyan Province│Smolyan Province│Smolyan Province│Smolyan Province│Smolyan Province│Smolyan Province│Smolyan Province│Smolyan Province
topic_description	CRIME│CRIME│CRIME│CRIME│CRIME│CRIME│CRIME│CRIME
CX	Cyclo-cross│PCT/WPT:│M,Benesh,Steamboat│CLIF│A,Fossell,Colorado│Collins,CO,1:01:38.28,KCCX│Orthopedics
Denver	04/27/2013│Place,License│1,288007,Drew,Christopher,Denver,CO,20:15.5,Primal│2,74147,Russell,Stevenson,Seattle,WA,20:16.5,Cycling│3,178103,Ian│4,257674,Clayton,Feldman,Colorado│5,287772,Colt,Peterson,Boulder,CO,20:17.4,Team│6,252699,Kit,Recca,Golden,CO,20:17.6,Horizon
TEAM_CITY	LA│LA│LA│LA│LA│LA│LA│LA
Wind Direction	Variable│NNW│Variable│NNW│Variable│Variable│North│NNE
printings	VAN│VAN│VAN│VAN│VAN│VAN│VAN│VAN
Arrival	Saving│Panfilov's│Expelled│Pawn│Summer│Blade│The│Maze
Wind Direction	SSW│SSW│SSW│SSW│SW│SW│SW│WSW
-.1	from│Archers│BARBARIAN│BARBARIANS│ARCHERS│ARCHERS│BARBARIANS
DL State	FL│FL│FL│ME│FL│FL│FL│FL
Wind Direction	SSE│South│Calm│Calm│Calm│Calm│Calm│Calm
County	PALM BEACH│County│County
Center_Name_s	GEO│GEO│GEO│GEO│GEO│GEO
Events	Fog│Fog│Fog│Fog│Fog│Fog│Fog│Fog
Wind Direction	SE│SSE│SSE│South│South│SW│East│SE
TEAM_CITY	Philadelphia│Philadelphia│Philadelphia│Philadelphia│Philadelphia│Philadelphia│Philadelphia│Philadelphia
uniq_obs_id	label│background│Uniq ID of observation within its submission type│206│206
TEAM_CITY	Minnesota│Minnesota│Minnesota│Minnesota│Minnesota│Minnesota│Minnesota│Sacramento
TEAM_CITY	LA│LA│LA│LA│LA│LA│LA│LA
User ID	US-WEST-CA-San Francisco│US-WEST-CA-San Francisco│US-WEST-CA-San Francisco│US-WEST-CA-San Francisco│US-WEST-CA-San Francisco│US-WEST-CA-San Francisco│US-WEST-CA-San Francisco│US-WEST-CA-San Francisco
interaction_type	Pushed│RightGate│RightGate│RightGate│PickedUp│LeftGate│LeftGate│RightGate
Wind Direction	Calm│Calm│SW│Calm│Calm│Calm│Calm│NE
region	BC│BC│BC│BC│BC│BC│BC│BC
Condition	Cloudy│Cloudy│Cloudy│Mostly Cloudy│Fair│Fair│Fair│Fair
County	Sussex│New Castle│New Castle│Sussex│New Castle│Kent│New Castle│Sussex
Type	Form│Form
Wind Direction	West│West│West│West│West│West│WSW│WSW
V26	orderPres│1│2│3│4│5
V26	orderPres│1│2│3│4│5
TEAM_CITY	Golden State│Golden State│Golden State│Golden State│Golden State│Golden State│Golden State│Golden State
TEAM_CITY	Minnesota│Minnesota│Minnesota│Minnesota│Minnesota│Minnesota│Minnesota│Minnesota
topic_description	FAMILY_REUNIONS│FAMILY_REUNIONS│FAMILY_REUNIONS│FAMILY_REUNIONS│FAMILY_REUNIONS│FAMILY_REUNIONS│FAMILY_REUNIONS│FAMILY_REUNIONS
groupingname	Grouping-1│Grouping-2│Grouping-3│Grouping-3│Grouping-2
-.1	from│Archers│BARBARIAN│BARBARIANS│ARCHERS│ARCHERS│BARBARIANS
Genre	Action│Shooter│Shooter│Action-Adventure│Misc│Shooter│Shooter│Role-Playing
Events	Fog│Fog│Fog│Fog│Fog
Actor2Name	ATTORNEY GENERAL│ENGINEER│CHINESE│PAKISTAN│PRESIDENT
name	Australian Capital Territory│New South Wales│Northern Territory│Queensland│South Australia│Tasmania│Victoria│Western Australia
title	Rocket Man│Crossroads (Live)│Every Little Thing She Does│Basket Case│Dance Night Away│Crazy Train│Call Me The Breeze│Under My Thumb
__index_level_1__	Annual data from 1969 To 2012│Bureau of Economic Analysis│Data published January 30, 2013  │File created 1/29/2013 3:44:20 PM│Line
OrganisationLabel	South Staffordshire District Council│South Staffordshire District Council│South Staffordshire District Council│South Staffordshire District Council│South Staffordshire District Council│South Staffordshire District Council│South Staffordshire District Council│South Staffordshire District Council
__index_level_1__	Downhill│Downhill│Downhill│Downhill│Downhill│Downhill│Downhill│Downhill
name	Aberdeenshire│Angus│Argyll│Avon│Ayrshire│Banffshire│Bedfordshire│Berkshire
Annual	Criterium│of│Virginia│Lake,NY,,University│of│Varina,NC,,0│Hill,NC,,Duke
Abbreviation	Aneesh_2014│Arudpragasam_1964│Baeta_2016│Bell_2007│Booth_1982│Campbell_2008│Chomsky_2004│Cruz_1987
TEAM_CITY	Indiana│Indiana│Indiana│Indiana│Indiana│Indiana│Indiana│Indiana
Wind Direction	West│ESE│Calm│Calm│NE│East│East│East
c:\Windows\SysWOW64\rometadata.dll	c:\Windows\SysWOW64\rometadata.dll│c:\Windows\SysWOW64\rometadata.dll│c:\Windows\SysWOW64\rometadata.dll│c:\Windows\SysWOW64\rometadata.dll│c:\Windows\SysWOW64\rometadata.dll│c:\Windows\SysWOW64\rometadata.dll│c:\Windows\SysWOW64\rometadata.dll│c:\Windows\SysWOW64\rometadata.dll
County	County│CUSTER│LINCOLN│HOLT│HOLT│BOYD│BON HOMME│County
region	Middle East & North Africa│Sub-Saharan Africa│Sub-Saharan Africa│Middle East & North Africa│East Asia & Pacific│East Asia & Pacific│Sub-Saharan Africa│Latin America & Caribbean
Center_Name_s	GEO│GEO│GEO│GEO│GEO│GEO│GEO│GEO
Wind Direction	SW│SW│WSW│SSE│SW│WSW│WSW│WSW
location_code_filter	lower_silesian_voivodeship_PL│lower_silesian_voivodeship_PL│lower_silesian_voivodeship_PL│lower_silesian_voivodeship_PL│lower_silesian_voivodeship_PL│lower_silesian_voivodeship_PL│lower_silesian_voivodeship_PL│lower_silesian_voivodeship_PL
EffectType	VelChange│VelChange│VelChange│VelChange│VelChange│VelChange│VelChange│VelChange
PORTFOLIO	Big_Gas│Big_Gas│Big_Gas│Big_Gas│Big_Gas│Big_Gas│Big_Gas│Beachfront
Events	Thunderstorm│Rain-Thunderstorm│Rain-Thunderstorm│Rain-Thunderstorm│Fog
Action	Set│Draw│Draw│Draw│Draw│Draw│Add│Modify
TEAM_CITY	Cleveland│Cleveland│Cleveland│Cleveland│Cleveland│Cleveland│Cleveland│Cleveland
stance	Orthodox│Orthodox│Southpaw│Orthodox│Orthodox│Open Stance
TEAM_CITY	Milwaukee│Milwaukee│Milwaukee│Milwaukee│Milwaukee│Milwaukee│Milwaukee│Milwaukee
Namespace	Sociopath│Sociopath│Sociopath│Sociopath│Sociopath│Sociopath│Sociopath│Sociopath
Wind Direction	East│East│ENE│East│East│ENE│East│ENE
TYPE_1	Región│Región│Región│Región│Región│Región│Provincia│Región
Unnamed: 0	Alabama│Alaska│Arizona│Arkansas│California│Colorado│Connecticut│Delaware
County	Clark│Mineral│Lander│Churchill│Eureka│Washoe│Lyon│Esmeralda
Unnamed: 0	Alabama│Alaska│Arizona│Arkansas│California│Colorado│Connecticut│Delaware
Unnamed: 0	Alabama│Alaska│Arizona│Arkansas│California│Colorado│Connecticut│Delaware
TEAM_CITY	LA│LA│LA│LA│LA│LA│LA│LA
climate change.1	climate change│climate change│climate change│climate change
time_identifier	Calendar year│Calendar year│Calendar year│Calendar year│Calendar year│Calendar year│Calendar year│Calendar year
College	Maharaja Agrasen College│Maharaja Agrasen College│Maharaja Agrasen College│Maharaja Agrasen College│Maharaja Agrasen College│Maharaja Agrasen College│Maharaja Agrasen College│Maharaja Agrasen College
TEAM_CITY	Minnesota│Minnesota│Minnesota│Minnesota│Minnesota│Minnesota│Minnesota│Minnesota
id	wiki_wiki_all│wiki_groups_all│wiki_wiki│wiki_groups│wiki_wiki_history│access_wiki_wiki_sale_manager│wiki_wiki_user
code	CHEAONE│CHEATWO│CHOONE│CHOTWO
Unnamed: 0	Alabama│Alaska│Arizona│Arkansas│California│Colorado│Connecticut│Delaware
TEAM_CITY	LA│LA│LA│LA│LA│LA│LA│LA
Region	Northern Ireland│South West│Wales
REGION1	ALAMOSA│ALAMOSA
__index_level_2__	Line│1
TEAM_CITY	Minnesota│Minnesota│Minnesota│Minnesota│Minnesota│Minnesota│Minnesota│Minnesota
value	Abkhazian│Achinese│Acoli│Adangme│Adyghe│Afar│Afrihili│Afrikaans
Namespace	OpenIdWebRingSsoRelyingParty│OpenIdWebRingSsoRelyingParty
TEAM_CITY	Minnesota│Minnesota│Minnesota│Minnesota│Minnesota│Minnesota│Minnesota│Minnesota
Region	Latin America & Caribbean│South Asia│Sub-Saharan Africa│Europe & Central Asia│Europe & Central Asia│Middle East & North Africa│Latin America & Caribbean
Unnamed: 0	Alabama│Alaska│Arizona│Arkansas│California│Colorado│Connecticut│Delaware
__index_level_1__	Criterium│Criterium│Criterium│Criterium│Criterium│Criterium│Criterium│Criterium
lgID	AL│AL│AL│AL│AL│AL│AL│AL
party_type	IN│GR│CO│IN│GR│CO│IN│GR
-	Accommodation
name	Australian Capital Territory│New South Wales│Northern Territory│Queensland│South Australia│Tasmania│Victoria│Western Australia
interaction_type	PickedUp│LeftGate│LeftGate│RightGate│LeftGate│RightGate│LeftGate│LeftGate
OrganisationLabel	South Cambridgeshire District Council│South Cambridgeshire District Council│South Cambridgeshire District Council│South Cambridgeshire District Council│South Cambridgeshire District Council│South Cambridgeshire District Council│South Cambridgeshire District Council│South Cambridgeshire District Council
The	Love│some│were│parabas,│to│but│an│itself
2019	coverage:
TEAM_CITY	LA│LA│LA│LA│LA│LA│LA│LA
SubField	 مناجم-تعدين-جيولوجيا-عام│ مناجم-تعدين-جيولوجيا-عام│ مناجم-تعدين-جيولوجيا-عام
ontologyDbId	TO│TO│TO│TO│TO│TO│TO│TO
Composition:	10-11:│and│Castle
Wind Direction	SW│SSW│SSW│SSW│WSW│Calm│NE│NE
concept_relationship_id	Maps to│Maps to unit│Maps to│Maps to unit│Maps to│Maps to unit│Maps to│Maps to unit
Level 2	Streets│Streets│Streets│Streets│Population│Population│Population│Population
__index_level_22__	Mass,Base│Davis-Foster,Based│on│1700mz,Sample,Instrument│on│Cannabinoids│Cannabinoids│in
County	County│PLAQUEMINES│PLAQUEMINES│County│UNION│UNION
Mountain	Cross│Cross
Unnamed: 0	Alabama│Alaska│Arizona│Arkansas│California│Colorado│Connecticut│Delaware
V26	orderPres│1│2│3│4│5
Events	Snow│Snow│Snow│Snow│Snow│Snow│Snow
DAILY ID	Reservoir1
pooped	shit......│the│at│What is this (insert well known title here)'s│the│it│underground│have
Wind Direction	Calm│Calm│Calm│Calm│Calm│Calm│Calm│NNE
Wind Direction	Calm│North│North│NNW│NW│North│North│North
external_identifier_value	ocd-division/country:us/state:nm/county:bernalillo│ocd-division/country:us/state:nm/county:catron│ocd-division/country:us/state:nm/county:chaves│ocd-division/country:us/state:nm/county:cibola│ocd-division/country:us/state:nm/county:colfax│ocd-division/country:us/state:nm/county:curry│ocd-division/country:us/state:nm/county:de_baca│ocd-division/country:us/state:nm/county:dona_ana
TEAM_CITY	LA│LA│LA│LA│LA│LA│LA│LA
CARD	SURVEY
COUNTY	Wilbarger│Wheeler│Polk│Lavaca│Harris│Gillespie│Dimmit│Dewitt
product/transferType	InterRegion Outbound│InterRegion Outbound│InterRegion Inbound│InterRegion Inbound│InterRegion Inbound│InterRegion Inbound│InterRegion Outbound│InterRegion Inbound
__index_level_2__	County│BRISTOL│WASHINGTON│WASHINGTON│WASHINGTON│KENT│KENT│PROVIDENCE
Wind Direction	NNE│NNE│NNE│NNE│NNE│North│NE│NNE
Category	MISCELLANEOUS│MISCELLANEOUS│MISCELLANEOUS│MISCELLANEOUS│MISCELLANEOUS│MISCELLANEOUS│MISCELLANEOUS│MISCELLANEOUS
AssessmentQuestionGroup	Detail│Detail│Detail│Detail
geographic zone code	Ngorongoro1│Ngorongoro│Ngorongoro1│Ngorongoro│Ngorongoro1│Ngorongoro│Ngorongoro1│Ngorongoro
TEAM_CITY	Indiana│Indiana│Indiana│Indiana│Indiana│Indiana│Indiana│Indiana
a	Valley
topic_description	HOBBIES_AND_CRAFTS│HOBBIES_AND_CRAFTS│HOBBIES_AND_CRAFTS│HOBBIES_AND_CRAFTS│HOBBIES_AND_CRAFTS│HOBBIES_AND_CRAFTS│HOBBIES_AND_CRAFTS│HOBBIES_AND_CRAFTS
TEAM_CITY	New York│New York│New York│New York│New York│New York│New York│Golden State
TEAM_CITY	LA│LA│LA│LA│LA│LA│LA│LA
TEAM_CITY	Charlotte│Charlotte│Charlotte│Charlotte│Charlotte│Charlotte│Charlotte│Charlotte
:TYPE	IST_IN_BRANCHE│IST_IN_BRANCHE│IST_IN_BRANCHE│IST_IN_BRANCHE│IST_IN_BRANCHE│IST_IN_BRANCHE│IST_IN_BRANCHE│IST_IN_BRANCHE
TEAM_CITY	Minnesota│Minnesota│Minnesota│Minnesota│Minnesota│Minnesota│Minnesota│Minnesota
TEAM_CITY	Utah│Utah│Utah│Utah│Utah│Utah│Utah│Utah
V26	orderPres│1│2│3│4│5
Detector	contextOSE│contextOSE│contextOSE│contextOSE│contextOSE│contextOSE│contextOSE│contextOSE
interaction_type	PickedUp│RightGate│RightGate│RightGate│RightGate│LeftGate│LeftGate│RightGate
OrganisationLabel	North Norfolk District Council│North Norfolk District Council│North Norfolk District Council│North Norfolk District Council│North Norfolk District Council│North Norfolk District Council│North Norfolk District Council
Wind Direction	NE│ENE│NE│Calm│Calm│Calm│Calm│SE
top_samp	Hernyken│Hernyken│Kent│Baccalieu│Baccalieu│Kent│Kent│Kent
__index_level_1__	Cross Country│Cross Country│Cross Country│Cross Country│Cross Country│Cross Country│Cross Country│Cross Country
folder_owner_addrprovince	TX│TX│TX│TX│TX│TX│TX│TX
ORowSet	ORowSet│ORowSet│ORowSet│ORowSet│ORowSet│ORowSet│ORowSet│ORowSet
Wind Direction	West│ESE│Calm│Calm│NE│East│East│East
__index_level_4__	Introduction│,0,
especievalida	Opuntia elizondoana│Opuntia elizondoana│Opuntia elizondoana│Opuntia elizondoana│Opuntia elizondoana│Opuntia elizondoana│Opuntia elizondoana│Opuntia elizondoana
Wind Direction	East│Calm│SE│SSW│Calm│South│Calm│Calm
was_home	Sandersshire│Port Johnnyview│Amyfort│West Billy│Michellefurt│New Natalieton│Lake Philip│Simonfurt
interaction_type	Pushed│RightGate│RightGate│RightGate│PickedUp│RightGate│RightGate│RightGate
__index_level_1__	50k│50k│50k│50k│50k│50k│50k│50k
County	RIVERSIDE│County│SAN DIEGO│BELKNAP│BELKNAP│WISE│COOKE│WISE
TEAM_CITY	San Antonio│San Antonio│San Antonio│San Antonio│San Antonio│San Antonio│San Antonio│San Antonio
First	Time│in│Tollywood│in│Languages│Realeasing│Another│CDP
Voto	En Contra│En Contra│En Contra│En Contra│En Contra│En Contra│En Contra│Afirmativo
name	Ann Arbor│Back Lake│Contwoyto│Dawson City│Eskimo Point│Fort Chipewyan│Fort Churchill│Fort Simpson
Type	Grain│Grain│Grain│Grain│Grain│Grain│Grain│Grain
interaction_type	Pushed│PickedUp│LeftGate│LeftGate│RightGate│LeftGate│LeftGate│RightGate
OrganisationLabel	South Northamptonshire Council│South Northamptonshire Council│South Northamptonshire Council│South Northamptonshire Council│South Northamptonshire Council│South Northamptonshire Council│South Northamptonshire Council│South Northamptonshire Council
Cyclocross	Men│la│Racing│Hills,CA,,Santa
Arabic_Names	حسن صبحي جعفر│حسن محمد عقيل│جورج اميل عون│غاده حافظ المشطوب│علي حسان زيدان
concept_relationship_id	Maps to│Maps to unit│Maps to│Maps to unit│Maps to│Maps to unit│Maps to│Maps to unit
UserLanguage	"User Language│{""ImportId"":""userLanguage""}│EN│EN│EN│EN│EN│EN"
property_owner_addrprovince	TX│TX│TX│TX│TX│TX
interaction_type	Pushed│LeftGate│RightGate│RightGate│PickedUp│RightGate│RightGate│LeftGate
Wind Direction	South│East│ENE│NNE│NE│North│East│ESE
topic_description	CARE_OF_THE_ELDERLY│CARE_OF_THE_ELDERLY│CARE_OF_THE_ELDERLY│CARE_OF_THE_ELDERLY│CARE_OF_THE_ELDERLY│CARE_OF_THE_ELDERLY│CARE_OF_THE_ELDERLY│CARE_OF_THE_ELDERLY
groupingname	Grouping-1│Grouping-2│Grouping-3│Grouping-3│Grouping-2
topic_description	WEATHER_CLIMATE│WEATHER_CLIMATE│WEATHER_CLIMATE│WEATHER_CLIMATE│WEATHER_CLIMATE│WEATHER_CLIMATE│WEATHER_CLIMATE│WEATHER_CLIMATE
Events	Snow
Type	World│Label/Separator│Development Group│Development Group│Development Group│Development Group│Development Group│Special other
alternate_title3	Lorem│Lorem│Lorem│Lorem│Lorem│Lorem
Parent TV Show	Vikings│Vikings│Vikings│Vikings│Vikings│Vikings│Vikings
__index_level_159__	“We│in│was│state│to│outfit
Region	Latin America & Caribbean│South Asia│Sub-Saharan Africa│Europe & Central Asia│Europe & Central Asia│Middle East & North Africa│Latin America & Caribbean
Wind Direction	ENE│ENE│East│East│ENE│East│East│East
Roger	Downhill
WI	IN│WI│IN│WI│IN│WI│IN│WI
REGIONE	LOMBARDIA│LOMBARDIA│LOMBARDIA│LOMBARDIA│LOMBARDIA│LOMBARDIA│LOMBARDIA│LOMBARDIA
Wind Direction	NNW│NNE│NNE│NE│Calm│Calm│Calm│South
Animayah	Animayah│Animayah│Animayah│Animayah│Animayah│Animayah│Animayah│Animayah
Wind Direction	SW│WSW│SW│SSW│WSW│WSW│SW│SW
__index_level_17__	Irish│Asian│white│Asian│Mixed│Caucasian│white american│White
groupingname	Grouping-1│Grouping-2│Grouping-3│Grouping-3│Grouping-2
tr	Sağlayıcı silinemedi, bazı sağlayıcıların satışı var.│Şirket Adı│Şirket Adı zorunlu alandır│ │Seçili sağlayıcıları düzenlemek istiyor musunuz?│Sağlayıcı ekleme/düzenleme hatası│Yeni Sağlayıcı
COUNTY	Limestone│Denton│Wilbarger│Wheeler│Polk│Lavaca│Harris│Gillespie
REGIONE	LOMBARDIA│LOMBARDIA│LOMBARDIA│LOMBARDIA│LOMBARDIA│LOMBARDIA│LOMBARDIA│LOMBARDIA
correlation_id_type	II│II│II│II│II
aitaku|36873|Back	aitaku|36649|Banana│aitaku|34572|Black│aitaku|33354|Cardcaptor│aitaku|35821|Chio-chan│aitaku|37141|Hataraku│aitaku|36754|Kakuriyo│aitaku|37208|Mo│aitaku|37598|Phantom
StateCode	VA│VA│VA│VA│VA│VA│VA│VA
Events	Rain│Rain│Rain
Namespace	Oak.Controllers│Oak.Controllers│Oak.Controllers│Oak.Controllers│Oak.Controllers│Oak.Controllers│Oak.Controllers│Oak.Controllers
ADVERTISER	Udemy│Udemy│Udemy│Udemy│Udemy
Events	Fog
Wind Direction	SSW│SSW│South│South│SSW│Variable│SW│SSW
__index_level_16__	coal│The│has│18
Geolocation	USA: PA│USA: PA│USA: PA│USA: PA│USA: PA│USA: PA│USA: PA│USA: PA
[State Name]	Poison│Poison│Poison│Poison│Poison│Poison│Stone│Poison
Fatality Significant	Significant│Significant│Significant│Not Significant│Significant
team	ONEBILLION│ONEBILLION│ONEBILLION│ONEBILLION│ONEBILLION│ONEBILLION│ONEBILLION│ONEBILLION
TEAM_CITY	Philadelphia│Philadelphia│Philadelphia│Philadelphia│Philadelphia│Philadelphia│Philadelphia│Philadelphia
TEAM_CITY	Minnesota│Minnesota│Minnesota│Minnesota│Minnesota│Minnesota│Minnesota│Minnesota
Early	Men│Pistachios│Hills,CA,00:00.0,California│Velo│Berry│Velo│Sport
Category	Buildings│Buildings│Buildings│Buildings│Commercial│Commercial│Commercial│Commercial
Events	Rain-Thunderstorm│Rain-Thunderstorm│Rain│Rain│Fog│Fog
County	FAIRFIELD│NORFOLK│WORCESTER│County│JEFFERSON│CLEARFIELD│CLEARFIELD│JEFFERSON
Region	Latin America & Caribbean│South Asia│Sub-Saharan Africa│Europe & Central Asia│Europe & Central Asia│Middle East & North Africa│Latin America & Caribbean
__index_level_4__	Introduction│,4,
Language_ID	psi│pch│pmv│cr│hi│hi│pda│pdh
Wind	WNW│CALM│CALM│NNW│N│N│NNW│WSW
name	Cladoniicola│staurospora
property_owner_addrprovince	CA│CA│CA│CA
DL State	FL│FL│FL│FL│FL│FL│SC│SC
Wind Direction	East│ENE│ENE│East│ENE│ENE│East│Calm
countryCode	BY│BY│BY│BY│BY│BY│BY│BY
__index_level_1__	; Seasonally adjusted at annual rates                           │Quarterly data from 1969 To 2011│Bureau of Economic Analysis│Data published April 28, 2011    │File created 4/27/2011 9:00:55 AM│Line
TEAM_CITY	Indiana│Indiana│Indiana│Indiana│Indiana│Indiana│Indiana│Indiana
Wind	NE│NE│NNE│NE│NNE│ENE│NNE│N
|Town	50%│and│Fair
team_division_pre2002	NFC West│NFC East│NFC East│NFC West│AFC Central│AFC East│NFC West│NFC Central
TEAM_CITY	Utah│Utah│Utah│Utah│Utah│Utah│Utah│Utah
Wind Direction	WNW│WNW│WNW│WNW│NW│NW│NW│NW
folder_owner_addrprovince	TX│T│TX│TX│TX│TX│TX
Category	Economy│Economy│Economy│Economy│Social│Social│Social│Social
TEAM_CITY	Minnesota│Minnesota│Minnesota│Minnesota│Minnesota│Minnesota│Minnesota│Minnesota
Region	Highlands│Speyside│Speyside│Speyside│Speyside│Lowlands│Speyside│Speyside
home	Johnsontown│Benjaminmouth│South John│Alvarezbury│Campbellfort│Port Alexandra│East Kevinhaven│North Ericton
__index_level_1__	Downhill│Downhill│Downhill│Downhill│Downhill│Downhill│Downhill│Downhill
TEAM_CITY	Sacramento│Sacramento│Sacramento│Sacramento│Sacramento│Sacramento│Sacramento│Sacramento
username	Saccharinande│Saccharinande│Saccharinande│Saccharinande│Saccharinande│Saccharinande│Saccharinande│Saccharinande
__index_level_1__	Cross Country│Cross Country│Cross Country│Cross Country│Cross Country│Cross Country│Cross Country│Cross Country
AreaCode	CA│CA│CA│CA
Provider State	MT│MT│MT│MT│MT│MT│MT│MT
Wind Direction	SW│SW│SW│SW│SSW│SSW│SSE│South
Unnamed: 0	Alabama│Alaska│Arizona│Arkansas│California│Colorado│Connecticut│Delaware
Bear	1/2/3
tr	Sağlayıcı Bilgisi│Sağlayıcı silinemedi, bazı sağlayıcıların satışı var.│Şirket Adı│Şirket Adı zorunlu alandır│ │Seçili sağlayıcıları düzenlemek istiyor musunuz?│Sağlayıcı ekleme/düzenleme hatası
Wind Direction	ENE│East│East│ENE│ENE│ENE│NNE│ESE
Language_ID	pmv│pwc│pdh│la│la│la│la│la
Wind Direction	ENE│East│East│East│SSE│ESE│Calm│NNE
TEAM_CITY	Utah│Utah│Utah│Utah│Utah│Utah│Utah│Utah
TEAM_CITY	Minnesota│Minnesota│Minnesota│Minnesota│Minnesota│Minnesota│Minnesota│Minnesota
name	Australian Capital Territory│New South Wales│Northern Territory│Queensland│South Australia│Tasmania│Victoria│Western Australia
region_name_filter	Mura Statistical Region│Mura Statistical Region│Mura Statistical Region│Mura Statistical Region│Mura Statistical Region│Mura Statistical Region│Mura Statistical Region│Mura Statistical Region
Region	Latin America & Caribbean│South Asia│Sub-Saharan Africa│Europe & Central Asia│Europe & Central Asia│Middle East & North Africa│Latin America & Caribbean
AGG_LEVEL_DESC	STATE│STATE│STATE│STATE│STATE│STATE│STATE│STATE
Wind Direction	Calm│North│Calm│Calm│Calm│Calm│Calm│Calm
region_code_filter	taurage_county│taurage_county│taurage_county│taurage_county│taurage_county│taurage_county│taurage_county│taurage_county
TEAM_CITY	Indiana│Indiana│Indiana│Indiana│Indiana│Indiana│Indiana│Indiana
Seascale	South Ribble│West Lancashire│Scapegoat Hill│Clay Cross│Newark-on-Trent│Farnworth│Guisborough│Hambleton
name	Calyptrozyma│arxii
DL State	FL│FL│FL│FL│FL│FL│FL│FL
placeLocation	Myrtle Beach, South Carolina│East Falkland, Falkland Islands│East Falkland, Falkland Islands│East Falkland, Falkland Islands│East Falkland, Falkland Islands│East Falkland, Falkland Islands│East Falkland, Falkland Islands
name	Ann Arbor│Back Lake│Contwoyto│Dawson City│Eskimo Point│Fort Chipewyan│Fort Churchill│Fort Simpson
ordenvalido	Caryophyllales│Caryophyllales│Caryophyllales│Caryophyllales│Caryophyllales│Caryophyllales│Caryophyllales│Caryophyllales
Unnamed: 0	Alabama│Alaska│Arizona│Arkansas│California│Colorado│Connecticut│Delaware
FieldName	HarvestYear│ID2│Latitude│Longitude│SampleID│Crop│GrainYieldDryPerArea│GrainYield125PerArea
Region	Alabama│Alaska│Arizona│Arkansas│California│Colorado│Connecticut│Delaware
Conditions	Fog│Fog│Fog│Fog│Fog│Fog│Overcast│Overcast
Status	Operational│Operational│Operational│Operational│Operational│Operational│Operational│Operational
Wind Direction	NE│NE│ENE│ENE│ENE│ENE│East│East
description	State Data│State Data│State Data│State Data│State Data│State Data│State Data│State Data
site	oregonYP│oregonYP│oregonYP│oregonYP│oregonYP│oregonYP│oregonYP│oregonYP
Wind Direction	East│East│East│East│ESE│SE│East│Calm
SampleCollectionMethod/SampleCollectionEquipmentCommentText	actSamCollectEquipComments│actSamCollectEquipComments
code	CHEAONE│CHEATWO│CHOONE│CHOTWO
CA	CA│CA│CA│CA│CA│CA│CA│CA
Wind Direction	WSW│WSW│WSW│SW│WSW│WSW│SW│SW
V16	presTime│na│na│na│na│na
topic_description	FAMILY_LIFE│FAMILY_LIFE│FAMILY_LIFE│FAMILY_LIFE│FAMILY_LIFE│FAMILY_LIFE│FAMILY_LIFE│FAMILY_LIFE
groupingname	Grouping-1│Grouping-2│Grouping-3│Grouping-3│Grouping-2
attribute_set	Bag│Bag│Bag│Bag│Bag│Bag│Bag│Bag
TEAM_ABBREVIATION	NYK│NYK│NYK│NYK│NYK│NYK│NYK│NYK
ProjectIdentifier	CEAP│projectIdStewards│CEAP│SACR TDB│NAWQA│NAWQA│NAWQA│projectIdNwis
TEAM_CITY	Minnesota│Minnesota│Minnesota│Minnesota│Minnesota│Minnesota│Minnesota│Minnesota
Steward	geo│geo│geo
Field Note	Include Area Code
Post Unique Reference	1│2│4│5│6│12│14│15
County	San Bernardino│Los Angeles│Alameda│Alameda│Los Angeles│Orange│Modoc
abbr	 a tribe
H_Transmission_Door_1	heat transfer coefficient by transmission│element type door 1│W/K│Real│6│6
Type	state│state│state│state│state│state│state│state
COUNTY	Limestone│Denton│Wilbarger│Wheeler│Polk│Lavaca│Harris│Gillespie
Figure 2. Average Rate of Heat-Related Hospitalizations in 23 States, 2001-2010	Source: EPA's Climate Change Indicators in the United States: ww│Data source: CDC, 2016│Web update: August 2016│Units: average annual rate of hospitalizations per 100,000 peopl│State│California│Connecticut
interaction_type	Pushed│PickedUp│LeftGate│LeftGate│RightGate│LeftGate│LeftGate│LeftGate
name	Aberdeenshire│Angus│Argyll│Avon│Ayrshire│Banffshire│Bedfordshire│Berkshire
scaled_input_race	White│White│White│White│Asian-Pac-Islander
TEAM_CITY	San Antonio│San Antonio│San Antonio│San Antonio│San Antonio│San Antonio│San Antonio│San Antonio
OrganisationLabel	Christchurch Borough Council│Christchurch Borough Council│Christchurch Borough Council│Christchurch Borough Council│Christchurch Borough Council│Christchurch Borough Council│Christchurch Borough Council│Christchurch Borough Council
Beds Total	Bomi│Bomi│Bong│Bong│Grand Bassa│Grand Cape Mount│Grand Gedeh│Grand Gedeh
TYPE	Grant│Grant│Grant
County	District Of Columbia│District Of Columbia│District Of Columbia│District Of Columbia│District Of Columbia│District Of Columbia│District Of Columbia│District Of Columbia
Periodicity	Annual│Annual│Annual│Annual│Annual│Annual│Annual│Annual
Wind Direction	Calm│Calm│Calm│ENE│Calm│Variable│SSE│SE
Wind Direction	Calm│SE│SE│Calm│SE│SE│WSW│SW
__index_level_938__	regions│the
technology	Nuclear│Coal│Gas│Gas│Wind│Storage│Hydro│Gas
Events	Thunderstorm│Rain-Thunderstorm│Rain-Thunderstorm│Fog-Rain-Thunderstorm│Fog│Rain-Thunderstorm│Rain
Events	Fog-Rain│Fog-Rain│Fog-Rain-Thunderstorm│Fog-Rain-Thunderstorm│Fog-Rain-Thunderstorm│Fog-Rain-Thunderstorm│Fog-Rain-Thunderstorm│Fog-Rain
Provider State	VT│VT│VT│VT│VT│VT│VT│VT
Value	*(a)só•tE│*có•ta│*šót-│*sótE│čoosa│có•ta ~ cóʔota│šótoʔš│*sóta
Data	Distance│Heart Rate│Pace│Distance│Heart Rate│Pace│Distance│Heart Rate
ocd_id	country:br/senate-ed:ac│country:br/senate-ed:ac│country:br/senate-ed:ac│country:br/senate-ed:ac│country:br/senate-ed:ac
Wind Direction	South│South│South│South│South│SSE│South│South
__index_level_6__	and│of│the│village│prefecture,│of│formerly│Yamato-no-kuni
TEAM_CITY	Minnesota│Minnesota│Minnesota│Minnesota│Minnesota│Minnesota│Minnesota│Minnesota
TEAM_CITY	Indiana│Indiana│Indiana│Indiana│Indiana│Indiana│Indiana│Indiana
__index_level_0__	Anchored│[It]│A│This│This│a│What│Eastwood's
location	Panama-Kuna_Yala-Mulatupu│Panama-Kuna_Yala-Ustupu│Panama-Kuna_Yala-Ogobsucum│Panama-Kuna_Yala-Achutupu│Panama-Kuna_Yala-Pto_Obaldia│Panama-Kuna_Yala-Playon_Chico│Panama-Kuna_Yala-Nargana│Panama-Kuna_Yala-Corazon_de_Jesus
Wind Direction	Calm│Calm│Calm│Calm│Calm│Calm│Calm│Calm
TEAM_CITY	LA│LA│LA│LA│LA│LA│LA│LA
__index_level_1__	Criterium│Criterium│Criterium│Criterium│Criterium│Criterium│Criterium│Criterium
Wind Direction	ESE│SE│NNW│East│East│ENE│East│SE
Source State	AZ│AZ│AZ
Events	Fog│Fog│Fog│Fog│Fog│Fog│Fog
Wind Direction	SSE│SSE│SSE│WSW│Calm│South│SSW│SSW
학과	사학과│경영학과│경제학과│상경대학
aggregate	county│county│county│county│county│county│county│county
tags	sf_oclc|fantasy_oclc│sf_oclc│sf_oclc│sf_oclc│sf_bailey|sf_oclc│sf_oclc│sf_loc│sf_oclc
Wind	NW│NW│NW│NNW│NNW│NNW│NNW│NNW
Wind Direction	ENE│NE│Calm│NNE│NNE│Calm│North│NNE
TEAM_CITY	LA│LA│LA│LA│LA│LA│LA│LA
probablelocnodecampo	SI│SI
DL State	NJ│FL│FL│FL│FL│FL│FL│FL
Wind Direction	SE│SE│Calm│Calm│Calm│Calm│Calm│NW
Product	Californium│Californium│Californium│Californium│Californium│Californium│Californium│Californium
value	Afganistaan│Afrik bŋ Worgo│Ajerbayjaan│Åland Islands│Alaseri│Albanii│Almaañ│Anndoora
TEAM_CITY	Sydney│Sydney│Sydney│Sydney│Sydney│Sydney│Sydney│Sydney
Events	Fog│Fog│Fog│Fog
DL State	FL│FL│FL│FL│FL│FL│FL
Wind Direction	SSW│Calm│East│North│Variable│NE│Calm│East
TEAM_CITY	LA│LA│LA│LA│LA│LA│LA│LA
GEO.display-label	Geography│United States│North Carolina│Durham County, North Carolina│Forsyth County, North Carolina│Guilford County, North Carolina
Events	Rain│Rain
Events	Snow│Snow│Snow│Snow│Snow
County	Cumberland│Somerset│Aroostook│Androscoggin│Kennebec│York│Cumberland│Kennebec
Wind Direction	Calm│Calm│Calm│Calm│Calm│Calm│NE│Variable
name	Alabama│Alaska│Arizona│Arkansas│California│Colorado│Connecticut│Delaware
TEAM_CITY	Houston│Houston│Houston│Houston│Houston│Houston│Houston│Houston
